reference_probe_id,variant_probe_id,control,far_variant_id,scene_id,scene_role,context_structure,target_order
between_feet__name_0__obj_ball__physical_placement__person_first,between_feet__name_0__obj_ball__physical_placement__person_first__far_direct_far,far_evidence_only,direct_far,between_feet,main,object_subject,person_first
between_feet__name_0__obj_ball__physical_placement__person_first,between_feet__name_0__obj_ball__physical_placement__person_first__far_synonym_distant,far_evidence_only,synonym_distant,between_feet,main,object_subject,person_first
between_feet__name_0__obj_ball__physical_placement__person_first,between_feet__name_0__obj_ball__physical_placement__person_first__far_large_distance,far_evidence_only,large_distance,between_feet,main,object_subject,person_first
between_feet__name_0__obj_ball__physical_placement__object_first,between_feet__name_0__obj_ball__physical_placement__object_first__far_direct_far,far_evidence_only,direct_far,between_feet,main,object_subject,object_first
between_feet__name_0__obj_ball__physical_placement__object_first,between_feet__name_0__obj_ball__physical_placement__object_first__far_synonym_distant,far_evidence_only,synonym_distant,between_feet,main,object_subject,object_first
between_feet__name_0__obj_ball__physical_placement__object_first,between_feet__name_0__obj_ball__physical_placement__object_first__far_large_distance,far_evidence_only,large_distance,between_feet,main,object_subject,object_first
between_feet__name_0__obj_ball__physical_placement_fronted__person_first,between_feet__name_0__obj_ball__physical_placement_fronted__person_first__far_direct_far,far_evidence_only,direct_far,between_feet,main,fronted_location,person_first
between_feet__name_0__obj_ball__physical_placement_fronted__person_first,between_feet__name_0__obj_ball__physical_placement_fronted__person_first__far_synonym_distant,far_evidence_only,synonym_distant,between_feet,main,fronted_location,person_first
between_feet__name_0__obj_ball__physical_placement_fronted__person_first,between_feet__name_0__obj_ball__physical_placement_fronted__person_first__far_large_distance,far_evidence_only,large_distance,between_feet,main,fronted_location,person_first
between_feet__name_0__obj_ball__physical_placement_fronted__object_first,between_feet__name_0__obj_ball__physical_placement_fronted__object_first__far_direct_far,far_evidence_only,direct_far,between_feet,main,fronted_location,object_first
between_feet__name_0__obj_ball__physical_placement_fronted__object_first,between_feet__name_0__obj_ball__physical_placement_fronted__object_first__far_synonym_distant,far_evidence_only,synonym_distant,between_feet,main,fronted_location,object_first
between_feet__name_0__obj_ball__physical_placement_fronted__object_first,between_feet__name_0__obj_ball__physical_placement_fronted__object_first__far_large_distance,far_evidence_only,large_distance,between_feet,main,fronted_location,object_first
between_feet__name_0__obj_ball__physical_placement_person_subject__person_first,between_feet__name_0__obj_ball__physical_placement_person_subject__person_first__far_direct_far,far_evidence_only,direct_far,between_feet,main,person_subject,person_first
between_feet__name_0__obj_ball__physical_placement_person_subject__person_first,between_feet__name_0__obj_ball__physical_placement_person_subject__person_first__far_synonym_distant,far_evidence_only,synonym_distant,between_feet,main,person_subject,person_first
between_feet__name_0__obj_ball__physical_placement_person_subject__person_first,between_feet__name_0__obj_ball__physical_placement_person_subject__person_first__far_large_distance,far_evidence_only,large_distance,between_feet,main,person_subject,person_first
between_feet__name_0__obj_ball__physical_placement_person_subject__object_first,between_feet__name_0__obj_ball__physical_placement_person_subject__object_first__far_direct_far,far_evidence_only,direct_far,between_feet,main,person_subject,object_first
between_feet__name_0__obj_ball__physical_placement_person_subject__object_first,between_feet__name_0__obj_ball__physical_placement_person_subject__object_first__far_synonym_distant,far_evidence_only,synonym_distant,between_feet,main,person_subject,object_first
between_feet__name_0__obj_ball__physical_placement_person_subject__object_first,between_feet__name_0__obj_ball__physical_placement_person_subject__object_first__far_large_distance,far_evidence_only,large_distance,between_feet,main,person_subject,object_first
between_feet__name_0__obj_bag__physical_placement__person_first,between_feet__name_0__obj_bag__physical_placement__person_first__far_direct_far,far_evidence_only,direct_far,between_feet,main,object_subject,person_first
between_feet__name_0__obj_bag__physical_placement__person_first,between_feet__name_0__obj_bag__physical_placement__person_first__far_synonym_distant,far_evidence_only,synonym_distant,between_feet,main,object_subject,person_first
between_feet__name_0__obj_bag__physical_placement__person_first,between_feet__name_0__obj_bag__physical_placement__person_first__far_large_distance,far_evidence_only,large_distance,between_feet,main,object_subject,person_first
between_feet__name_0__obj_bag__physical_placement__object_first,between_feet__name_0__obj_bag__physical_placement__object_first__far_direct_far,far_evidence_only,direct_far,between_feet,main,object_subject,object_first
between_feet__name_0__obj_bag__physical_placement__object_first,between_feet__name_0__obj_bag__physical_placement__object_first__far_synonym_distant,far_evidence_only,synonym_distant,between_feet,main,object_subject,object_first
between_feet__name_0__obj_bag__physical_placement__object_first,between_feet__name_0__obj_bag__physical_placement__object_first__far_large_distance,far_evidence_only,large_distance,between_feet,main,object_subject,object_first
between_feet__name_0__obj_bag__physical_placement_fronted__person_first,between_feet__name_0__obj_bag__physical_placement_fronted__person_first__far_direct_far,far_evidence_only,direct_far,between_feet,main,fronted_location,person_first
between_feet__name_0__obj_bag__physical_placement_fronted__person_first,between_feet__name_0__obj_bag__physical_placement_fronted__person_first__far_synonym_distant,far_evidence_only,synonym_distant,between_feet,main,fronted_location,person_first
between_feet__name_0__obj_bag__physical_placement_fronted__person_first,between_feet__name_0__obj_bag__physical_placement_fronted__person_first__far_large_distance,far_evidence_only,large_distance,between_feet,main,fronted_location,person_first
between_feet__name_0__obj_bag__physical_placement_fronted__object_first,between_feet__name_0__obj_bag__physical_placement_fronted__object_first__far_direct_far,far_evidence_only,direct_far,between_feet,main,fronted_location,object_first
between_feet__name_0__obj_bag__physical_placement_fronted__object_first,between_feet__name_0__obj_bag__physical_placement_fronted__object_first__far_synonym_distant,far_evidence_only,synonym_distant,between_feet,main,fronted_location,object_first
between_feet__name_0__obj_bag__physical_placement_fronted__object_first,between_feet__name_0__obj_bag__physical_placement_fronted__object_first__far_large_distance,far_evidence_only,large_distance,between_feet,main,fronted_location,object_first
between_feet__name_0__obj_bag__physical_placement_person_subject__person_first,between_feet__name_0__obj_bag__physical_placement_person_subject__person_first__far_direct_far,far_evidence_only,direct_far,between_feet,main,person_subject,person_first
between_feet__name_0__obj_bag__physical_placement_person_subject__person_first,between_feet__name_0__obj_bag__physical_placement_person_subject__person_first__far_synonym_distant,far_evidence_only,synonym_distant,between_feet,main,person_subject,person_first
between_feet__name_0__obj_bag__physical_placement_person_subject__person_first,between_feet__name_0__obj_bag__physical_placement_person_subject__person_first__far_large_distance,far_evidence_only,large_distance,between_feet,main,person_subject,person_first
between_feet__name_0__obj_bag__physical_placement_person_subject__object_first,between_feet__name_0__obj_bag__physical_placement_person_subject__object_first__far_direct_far,far_evidence_only,direct_far,between_feet,main,person_subject,object_first
between_feet__name_0__obj_bag__physical_placement_person_subject__object_first,between_feet__name_0__obj_bag__physical_placement_person_subject__object_first__far_synonym_distant,far_evidence_only,synonym_distant,between_feet,main,person_subject,object_first
between_feet__name_0__obj_bag__physical_placement_person_subject__object_first,between_feet__name_0__obj_bag__physical_placement_person_subject__object_first__far_large_distance,far_evidence_only,large_distance,between_feet,main,person_subject,object_first
between_feet__name_0__obj_book__physical_placement__person_first,between_feet__name_0__obj_book__physical_placement__person_first__far_direct_far,far_evidence_only,direct_far,between_feet,main,object_subject,person_first
between_feet__name_0__obj_book__physical_placement__person_first,between_feet__name_0__obj_book__physical_placement__person_first__far_synonym_distant,far_evidence_only,synonym_distant,between_feet,main,object_subject,person_first
between_feet__name_0__obj_book__physical_placement__person_first,between_feet__name_0__obj_book__physical_placement__person_first__far_large_distance,far_evidence_only,large_distance,between_feet,main,object_subject,person_first
between_feet__name_0__obj_book__physical_placement__object_first,between_feet__name_0__obj_book__physical_placement__object_first__far_direct_far,far_evidence_only,direct_far,between_feet,main,object_subject,object_first
between_feet__name_0__obj_book__physical_placement__object_first,between_feet__name_0__obj_book__physical_placement__object_first__far_synonym_distant,far_evidence_only,synonym_distant,between_feet,main,object_subject,object_first
between_feet__name_0__obj_book__physical_placement__object_first,between_feet__name_0__obj_book__physical_placement__object_first__far_large_distance,far_evidence_only,large_distance,between_feet,main,object_subject,object_first
between_feet__name_0__obj_book__physical_placement_fronted__person_first,between_feet__name_0__obj_book__physical_placement_fronted__person_first__far_direct_far,far_evidence_only,direct_far,between_feet,main,fronted_location,person_first
between_feet__name_0__obj_book__physical_placement_fronted__person_first,between_feet__name_0__obj_book__physical_placement_fronted__person_first__far_synonym_distant,far_evidence_only,synonym_distant,between_feet,main,fronted_location,person_first
between_feet__name_0__obj_book__physical_placement_fronted__person_first,between_feet__name_0__obj_book__physical_placement_fronted__person_first__far_large_distance,far_evidence_only,large_distance,between_feet,main,fronted_location,person_first
between_feet__name_0__obj_book__physical_placement_fronted__object_first,between_feet__name_0__obj_book__physical_placement_fronted__object_first__far_direct_far,far_evidence_only,direct_far,between_feet,main,fronted_location,object_first
between_feet__name_0__obj_book__physical_placement_fronted__object_first,between_feet__name_0__obj_book__physical_placement_fronted__object_first__far_synonym_distant,far_evidence_only,synonym_distant,between_feet,main,fronted_location,object_first
between_feet__name_0__obj_book__physical_placement_fronted__object_first,between_feet__name_0__obj_book__physical_placement_fronted__object_first__far_large_distance,far_evidence_only,large_distance,between_feet,main,fronted_location,object_first
between_feet__name_0__obj_book__physical_placement_person_subject__person_first,between_feet__name_0__obj_book__physical_placement_person_subject__person_first__far_direct_far,far_evidence_only,direct_far,between_feet,main,person_subject,person_first
between_feet__name_0__obj_book__physical_placement_person_subject__person_first,between_feet__name_0__obj_book__physical_placement_person_subject__person_first__far_synonym_distant,far_evidence_only,synonym_distant,between_feet,main,person_subject,person_first
between_feet__name_0__obj_book__physical_placement_person_subject__person_first,between_feet__name_0__obj_book__physical_placement_person_subject__person_first__far_large_distance,far_evidence_only,large_distance,between_feet,main,person_subject,person_first
between_feet__name_0__obj_book__physical_placement_person_subject__object_first,between_feet__name_0__obj_book__physical_placement_person_subject__object_first__far_direct_far,far_evidence_only,direct_far,between_feet,main,person_subject,object_first
between_feet__name_0__obj_book__physical_placement_person_subject__object_first,between_feet__name_0__obj_book__physical_placement_person_subject__object_first__far_synonym_distant,far_evidence_only,synonym_distant,between_feet,main,person_subject,object_first
between_feet__name_0__obj_book__physical_placement_person_subject__object_first,between_feet__name_0__obj_book__physical_placement_person_subject__object_first__far_large_distance,far_evidence_only,large_distance,between_feet,main,person_subject,object_first
between_feet__name_0__obj_cone__physical_placement__person_first,between_feet__name_0__obj_cone__physical_placement__person_first__far_direct_far,far_evidence_only,direct_far,between_feet,main,object_subject,person_first
between_feet__name_0__obj_cone__physical_placement__person_first,between_feet__name_0__obj_cone__physical_placement__person_first__far_synonym_distant,far_evidence_only,synonym_distant,between_feet,main,object_subject,person_first
between_feet__name_0__obj_cone__physical_placement__person_first,between_feet__name_0__obj_cone__physical_placement__person_first__far_large_distance,far_evidence_only,large_distance,between_feet,main,object_subject,person_first
between_feet__name_0__obj_cone__physical_placement__object_first,between_feet__name_0__obj_cone__physical_placement__object_first__far_direct_far,far_evidence_only,direct_far,between_feet,main,object_subject,object_first
between_feet__name_0__obj_cone__physical_placement__object_first,between_feet__name_0__obj_cone__physical_placement__object_first__far_synonym_distant,far_evidence_only,synonym_distant,between_feet,main,object_subject,object_first
between_feet__name_0__obj_cone__physical_placement__object_first,between_feet__name_0__obj_cone__physical_placement__object_first__far_large_distance,far_evidence_only,large_distance,between_feet,main,object_subject,object_first
between_feet__name_0__obj_cone__physical_placement_fronted__person_first,between_feet__name_0__obj_cone__physical_placement_fronted__person_first__far_direct_far,far_evidence_only,direct_far,between_feet,main,fronted_location,person_first
between_feet__name_0__obj_cone__physical_placement_fronted__person_first,between_feet__name_0__obj_cone__physical_placement_fronted__person_first__far_synonym_distant,far_evidence_only,synonym_distant,between_feet,main,fronted_location,person_first
between_feet__name_0__obj_cone__physical_placement_fronted__person_first,between_feet__name_0__obj_cone__physical_placement_fronted__person_first__far_large_distance,far_evidence_only,large_distance,between_feet,main,fronted_location,person_first
between_feet__name_0__obj_cone__physical_placement_fronted__object_first,between_feet__name_0__obj_cone__physical_placement_fronted__object_first__far_direct_far,far_evidence_only,direct_far,between_feet,main,fronted_location,object_first
between_feet__name_0__obj_cone__physical_placement_fronted__object_first,between_feet__name_0__obj_cone__physical_placement_fronted__object_first__far_synonym_distant,far_evidence_only,synonym_distant,between_feet,main,fronted_location,object_first
between_feet__name_0__obj_cone__physical_placement_fronted__object_first,between_feet__name_0__obj_cone__physical_placement_fronted__object_first__far_large_distance,far_evidence_only,large_distance,between_feet,main,fronted_location,object_first
between_feet__name_0__obj_cone__physical_placement_person_subject__person_first,between_feet__name_0__obj_cone__physical_placement_person_subject__person_first__far_direct_far,far_evidence_only,direct_far,between_feet,main,person_subject,person_first
between_feet__name_0__obj_cone__physical_placement_person_subject__person_first,between_feet__name_0__obj_cone__physical_placement_person_subject__person_first__far_synonym_distant,far_evidence_only,synonym_distant,between_feet,main,person_subject,person_first
between_feet__name_0__obj_cone__physical_placement_person_subject__person_first,between_feet__name_0__obj_cone__physical_placement_person_subject__person_first__far_large_distance,far_evidence_only,large_distance,between_feet,main,person_subject,person_first
between_feet__name_0__obj_cone__physical_placement_person_subject__object_first,between_feet__name_0__obj_cone__physical_placement_person_subject__object_first__far_direct_far,far_evidence_only,direct_far,between_feet,main,person_subject,object_first
between_feet__name_0__obj_cone__physical_placement_person_subject__object_first,between_feet__name_0__obj_cone__physical_placement_person_subject__object_first__far_synonym_distant,far_evidence_only,synonym_distant,between_feet,main,person_subject,object_first
between_feet__name_0__obj_cone__physical_placement_person_subject__object_first,between_feet__name_0__obj_cone__physical_placement_person_subject__object_first__far_large_distance,far_evidence_only,large_distance,between_feet,main,person_subject,object_first
between_feet__name_1__obj_ball__physical_placement__person_first,between_feet__name_1__obj_ball__physical_placement__person_first__far_direct_far,far_evidence_only,direct_far,between_feet,main,object_subject,person_first
between_feet__name_1__obj_ball__physical_placement__person_first,between_feet__name_1__obj_ball__physical_placement__person_first__far_synonym_distant,far_evidence_only,synonym_distant,between_feet,main,object_subject,person_first
between_feet__name_1__obj_ball__physical_placement__person_first,between_feet__name_1__obj_ball__physical_placement__person_first__far_large_distance,far_evidence_only,large_distance,between_feet,main,object_subject,person_first
between_feet__name_1__obj_ball__physical_placement__object_first,between_feet__name_1__obj_ball__physical_placement__object_first__far_direct_far,far_evidence_only,direct_far,between_feet,main,object_subject,object_first
between_feet__name_1__obj_ball__physical_placement__object_first,between_feet__name_1__obj_ball__physical_placement__object_first__far_synonym_distant,far_evidence_only,synonym_distant,between_feet,main,object_subject,object_first
between_feet__name_1__obj_ball__physical_placement__object_first,between_feet__name_1__obj_ball__physical_placement__object_first__far_large_distance,far_evidence_only,large_distance,between_feet,main,object_subject,object_first
between_feet__name_1__obj_ball__physical_placement_fronted__person_first,between_feet__name_1__obj_ball__physical_placement_fronted__person_first__far_direct_far,far_evidence_only,direct_far,between_feet,main,fronted_location,person_first
between_feet__name_1__obj_ball__physical_placement_fronted__person_first,between_feet__name_1__obj_ball__physical_placement_fronted__person_first__far_synonym_distant,far_evidence_only,synonym_distant,between_feet,main,fronted_location,person_first
between_feet__name_1__obj_ball__physical_placement_fronted__person_first,between_feet__name_1__obj_ball__physical_placement_fronted__person_first__far_large_distance,far_evidence_only,large_distance,between_feet,main,fronted_location,person_first
between_feet__name_1__obj_ball__physical_placement_fronted__object_first,between_feet__name_1__obj_ball__physical_placement_fronted__object_first__far_direct_far,far_evidence_only,direct_far,between_feet,main,fronted_location,object_first
between_feet__name_1__obj_ball__physical_placement_fronted__object_first,between_feet__name_1__obj_ball__physical_placement_fronted__object_first__far_synonym_distant,far_evidence_only,synonym_distant,between_feet,main,fronted_location,object_first
between_feet__name_1__obj_ball__physical_placement_fronted__object_first,between_feet__name_1__obj_ball__physical_placement_fronted__object_first__far_large_distance,far_evidence_only,large_distance,between_feet,main,fronted_location,object_first
between_feet__name_1__obj_ball__physical_placement_person_subject__person_first,between_feet__name_1__obj_ball__physical_placement_person_subject__person_first__far_direct_far,far_evidence_only,direct_far,between_feet,main,person_subject,person_first
between_feet__name_1__obj_ball__physical_placement_person_subject__person_first,between_feet__name_1__obj_ball__physical_placement_person_subject__person_first__far_synonym_distant,far_evidence_only,synonym_distant,between_feet,main,person_subject,person_first
between_feet__name_1__obj_ball__physical_placement_person_subject__person_first,between_feet__name_1__obj_ball__physical_placement_person_subject__person_first__far_large_distance,far_evidence_only,large_distance,between_feet,main,person_subject,person_first
between_feet__name_1__obj_ball__physical_placement_person_subject__object_first,between_feet__name_1__obj_ball__physical_placement_person_subject__object_first__far_direct_far,far_evidence_only,direct_far,between_feet,main,person_subject,object_first
between_feet__name_1__obj_ball__physical_placement_person_subject__object_first,between_feet__name_1__obj_ball__physical_placement_person_subject__object_first__far_synonym_distant,far_evidence_only,synonym_distant,between_feet,main,person_subject,object_first
between_feet__name_1__obj_ball__physical_placement_person_subject__object_first,between_feet__name_1__obj_ball__physical_placement_person_subject__object_first__far_large_distance,far_evidence_only,large_distance,between_feet,main,person_subject,object_first
between_feet__name_1__obj_bag__physical_placement__person_first,between_feet__name_1__obj_bag__physical_placement__person_first__far_direct_far,far_evidence_only,direct_far,between_feet,main,object_subject,person_first
between_feet__name_1__obj_bag__physical_placement__person_first,between_feet__name_1__obj_bag__physical_placement__person_first__far_synonym_distant,far_evidence_only,synonym_distant,between_feet,main,object_subject,person_first
between_feet__name_1__obj_bag__physical_placement__person_first,between_feet__name_1__obj_bag__physical_placement__person_first__far_large_distance,far_evidence_only,large_distance,between_feet,main,object_subject,person_first
between_feet__name_1__obj_bag__physical_placement__object_first,between_feet__name_1__obj_bag__physical_placement__object_first__far_direct_far,far_evidence_only,direct_far,between_feet,main,object_subject,object_first
between_feet__name_1__obj_bag__physical_placement__object_first,between_feet__name_1__obj_bag__physical_placement__object_first__far_synonym_distant,far_evidence_only,synonym_distant,between_feet,main,object_subject,object_first
between_feet__name_1__obj_bag__physical_placement__object_first,between_feet__name_1__obj_bag__physical_placement__object_first__far_large_distance,far_evidence_only,large_distance,between_feet,main,object_subject,object_first
between_feet__name_1__obj_bag__physical_placement_fronted__person_first,between_feet__name_1__obj_bag__physical_placement_fronted__person_first__far_direct_far,far_evidence_only,direct_far,between_feet,main,fronted_location,person_first
between_feet__name_1__obj_bag__physical_placement_fronted__person_first,between_feet__name_1__obj_bag__physical_placement_fronted__person_first__far_synonym_distant,far_evidence_only,synonym_distant,between_feet,main,fronted_location,person_first
between_feet__name_1__obj_bag__physical_placement_fronted__person_first,between_feet__name_1__obj_bag__physical_placement_fronted__person_first__far_large_distance,far_evidence_only,large_distance,between_feet,main,fronted_location,person_first
between_feet__name_1__obj_bag__physical_placement_fronted__object_first,between_feet__name_1__obj_bag__physical_placement_fronted__object_first__far_direct_far,far_evidence_only,direct_far,between_feet,main,fronted_location,object_first
between_feet__name_1__obj_bag__physical_placement_fronted__object_first,between_feet__name_1__obj_bag__physical_placement_fronted__object_first__far_synonym_distant,far_evidence_only,synonym_distant,between_feet,main,fronted_location,object_first
between_feet__name_1__obj_bag__physical_placement_fronted__object_first,between_feet__name_1__obj_bag__physical_placement_fronted__object_first__far_large_distance,far_evidence_only,large_distance,between_feet,main,fronted_location,object_first
between_feet__name_1__obj_bag__physical_placement_person_subject__person_first,between_feet__name_1__obj_bag__physical_placement_person_subject__person_first__far_direct_far,far_evidence_only,direct_far,between_feet,main,person_subject,person_first
between_feet__name_1__obj_bag__physical_placement_person_subject__person_first,between_feet__name_1__obj_bag__physical_placement_person_subject__person_first__far_synonym_distant,far_evidence_only,synonym_distant,between_feet,main,person_subject,person_first
between_feet__name_1__obj_bag__physical_placement_person_subject__person_first,between_feet__name_1__obj_bag__physical_placement_person_subject__person_first__far_large_distance,far_evidence_only,large_distance,between_feet,main,person_subject,person_first
between_feet__name_1__obj_bag__physical_placement_person_subject__object_first,between_feet__name_1__obj_bag__physical_placement_person_subject__object_first__far_direct_far,far_evidence_only,direct_far,between_feet,main,person_subject,object_first
between_feet__name_1__obj_bag__physical_placement_person_subject__object_first,between_feet__name_1__obj_bag__physical_placement_person_subject__object_first__far_synonym_distant,far_evidence_only,synonym_distant,between_feet,main,person_subject,object_first
between_feet__name_1__obj_bag__physical_placement_person_subject__object_first,between_feet__name_1__obj_bag__physical_placement_person_subject__object_first__far_large_distance,far_evidence_only,large_distance,between_feet,main,person_subject,object_first
between_feet__name_1__obj_book__physical_placement__person_first,between_feet__name_1__obj_book__physical_placement__person_first__far_direct_far,far_evidence_only,direct_far,between_feet,main,object_subject,person_first
between_feet__name_1__obj_book__physical_placement__person_first,between_feet__name_1__obj_book__physical_placement__person_first__far_synonym_distant,far_evidence_only,synonym_distant,between_feet,main,object_subject,person_first
between_feet__name_1__obj_book__physical_placement__person_first,between_feet__name_1__obj_book__physical_placement__person_first__far_large_distance,far_evidence_only,large_distance,between_feet,main,object_subject,person_first
between_feet__name_1__obj_book__physical_placement__object_first,between_feet__name_1__obj_book__physical_placement__object_first__far_direct_far,far_evidence_only,direct_far,between_feet,main,object_subject,object_first
between_feet__name_1__obj_book__physical_placement__object_first,between_feet__name_1__obj_book__physical_placement__object_first__far_synonym_distant,far_evidence_only,synonym_distant,between_feet,main,object_subject,object_first
between_feet__name_1__obj_book__physical_placement__object_first,between_feet__name_1__obj_book__physical_placement__object_first__far_large_distance,far_evidence_only,large_distance,between_feet,main,object_subject,object_first
between_feet__name_1__obj_book__physical_placement_fronted__person_first,between_feet__name_1__obj_book__physical_placement_fronted__person_first__far_direct_far,far_evidence_only,direct_far,between_feet,main,fronted_location,person_first
between_feet__name_1__obj_book__physical_placement_fronted__person_first,between_feet__name_1__obj_book__physical_placement_fronted__person_first__far_synonym_distant,far_evidence_only,synonym_distant,between_feet,main,fronted_location,person_first
between_feet__name_1__obj_book__physical_placement_fronted__person_first,between_feet__name_1__obj_book__physical_placement_fronted__person_first__far_large_distance,far_evidence_only,large_distance,between_feet,main,fronted_location,person_first
between_feet__name_1__obj_book__physical_placement_fronted__object_first,between_feet__name_1__obj_book__physical_placement_fronted__object_first__far_direct_far,far_evidence_only,direct_far,between_feet,main,fronted_location,object_first
between_feet__name_1__obj_book__physical_placement_fronted__object_first,between_feet__name_1__obj_book__physical_placement_fronted__object_first__far_synonym_distant,far_evidence_only,synonym_distant,between_feet,main,fronted_location,object_first
between_feet__name_1__obj_book__physical_placement_fronted__object_first,between_feet__name_1__obj_book__physical_placement_fronted__object_first__far_large_distance,far_evidence_only,large_distance,between_feet,main,fronted_location,object_first
between_feet__name_1__obj_book__physical_placement_person_subject__person_first,between_feet__name_1__obj_book__physical_placement_person_subject__person_first__far_direct_far,far_evidence_only,direct_far,between_feet,main,person_subject,person_first
between_feet__name_1__obj_book__physical_placement_person_subject__person_first,between_feet__name_1__obj_book__physical_placement_person_subject__person_first__far_synonym_distant,far_evidence_only,synonym_distant,between_feet,main,person_subject,person_first
between_feet__name_1__obj_book__physical_placement_person_subject__person_first,between_feet__name_1__obj_book__physical_placement_person_subject__person_first__far_large_distance,far_evidence_only,large_distance,between_feet,main,person_subject,person_first
between_feet__name_1__obj_book__physical_placement_person_subject__object_first,between_feet__name_1__obj_book__physical_placement_person_subject__object_first__far_direct_far,far_evidence_only,direct_far,between_feet,main,person_subject,object_first
between_feet__name_1__obj_book__physical_placement_person_subject__object_first,between_feet__name_1__obj_book__physical_placement_person_subject__object_first__far_synonym_distant,far_evidence_only,synonym_distant,between_feet,main,person_subject,object_first
between_feet__name_1__obj_book__physical_placement_person_subject__object_first,between_feet__name_1__obj_book__physical_placement_person_subject__object_first__far_large_distance,far_evidence_only,large_distance,between_feet,main,person_subject,object_first
between_feet__name_1__obj_cone__physical_placement__person_first,between_feet__name_1__obj_cone__physical_placement__person_first__far_direct_far,far_evidence_only,direct_far,between_feet,main,object_subject,person_first
between_feet__name_1__obj_cone__physical_placement__person_first,between_feet__name_1__obj_cone__physical_placement__person_first__far_synonym_distant,far_evidence_only,synonym_distant,between_feet,main,object_subject,person_first
between_feet__name_1__obj_cone__physical_placement__person_first,between_feet__name_1__obj_cone__physical_placement__person_first__far_large_distance,far_evidence_only,large_distance,between_feet,main,object_subject,person_first
between_feet__name_1__obj_cone__physical_placement__object_first,between_feet__name_1__obj_cone__physical_placement__object_first__far_direct_far,far_evidence_only,direct_far,between_feet,main,object_subject,object_first
between_feet__name_1__obj_cone__physical_placement__object_first,between_feet__name_1__obj_cone__physical_placement__object_first__far_synonym_distant,far_evidence_only,synonym_distant,between_feet,main,object_subject,object_first
between_feet__name_1__obj_cone__physical_placement__object_first,between_feet__name_1__obj_cone__physical_placement__object_first__far_large_distance,far_evidence_only,large_distance,between_feet,main,object_subject,object_first
between_feet__name_1__obj_cone__physical_placement_fronted__person_first,between_feet__name_1__obj_cone__physical_placement_fronted__person_first__far_direct_far,far_evidence_only,direct_far,between_feet,main,fronted_location,person_first
between_feet__name_1__obj_cone__physical_placement_fronted__person_first,between_feet__name_1__obj_cone__physical_placement_fronted__person_first__far_synonym_distant,far_evidence_only,synonym_distant,between_feet,main,fronted_location,person_first
between_feet__name_1__obj_cone__physical_placement_fronted__person_first,between_feet__name_1__obj_cone__physical_placement_fronted__person_first__far_large_distance,far_evidence_only,large_distance,between_feet,main,fronted_location,person_first
between_feet__name_1__obj_cone__physical_placement_fronted__object_first,between_feet__name_1__obj_cone__physical_placement_fronted__object_first__far_direct_far,far_evidence_only,direct_far,between_feet,main,fronted_location,object_first
between_feet__name_1__obj_cone__physical_placement_fronted__object_first,between_feet__name_1__obj_cone__physical_placement_fronted__object_first__far_synonym_distant,far_evidence_only,synonym_distant,between_feet,main,fronted_location,object_first
between_feet__name_1__obj_cone__physical_placement_fronted__object_first,between_feet__name_1__obj_cone__physical_placement_fronted__object_first__far_large_distance,far_evidence_only,large_distance,between_feet,main,fronted_location,object_first
between_feet__name_1__obj_cone__physical_placement_person_subject__person_first,between_feet__name_1__obj_cone__physical_placement_person_subject__person_first__far_direct_far,far_evidence_only,direct_far,between_feet,main,person_subject,person_first
between_feet__name_1__obj_cone__physical_placement_person_subject__person_first,between_feet__name_1__obj_cone__physical_placement_person_subject__person_first__far_synonym_distant,far_evidence_only,synonym_distant,between_feet,main,person_subject,person_first
between_feet__name_1__obj_cone__physical_placement_person_subject__person_first,between_feet__name_1__obj_cone__physical_placement_person_subject__person_first__far_large_distance,far_evidence_only,large_distance,between_feet,main,person_subject,person_first
between_feet__name_1__obj_cone__physical_placement_person_subject__object_first,between_feet__name_1__obj_cone__physical_placement_person_subject__object_first__far_direct_far,far_evidence_only,direct_far,between_feet,main,person_subject,object_first
between_feet__name_1__obj_cone__physical_placement_person_subject__object_first,between_feet__name_1__obj_cone__physical_placement_person_subject__object_first__far_synonym_distant,far_evidence_only,synonym_distant,between_feet,main,person_subject,object_first
between_feet__name_1__obj_cone__physical_placement_person_subject__object_first,between_feet__name_1__obj_cone__physical_placement_person_subject__object_first__far_large_distance,far_evidence_only,large_distance,between_feet,main,person_subject,object_first
between_feet__name_2__obj_ball__physical_placement__person_first,between_feet__name_2__obj_ball__physical_placement__person_first__far_direct_far,far_evidence_only,direct_far,between_feet,main,object_subject,person_first
between_feet__name_2__obj_ball__physical_placement__person_first,between_feet__name_2__obj_ball__physical_placement__person_first__far_synonym_distant,far_evidence_only,synonym_distant,between_feet,main,object_subject,person_first
between_feet__name_2__obj_ball__physical_placement__person_first,between_feet__name_2__obj_ball__physical_placement__person_first__far_large_distance,far_evidence_only,large_distance,between_feet,main,object_subject,person_first
between_feet__name_2__obj_ball__physical_placement__object_first,between_feet__name_2__obj_ball__physical_placement__object_first__far_direct_far,far_evidence_only,direct_far,between_feet,main,object_subject,object_first
between_feet__name_2__obj_ball__physical_placement__object_first,between_feet__name_2__obj_ball__physical_placement__object_first__far_synonym_distant,far_evidence_only,synonym_distant,between_feet,main,object_subject,object_first
between_feet__name_2__obj_ball__physical_placement__object_first,between_feet__name_2__obj_ball__physical_placement__object_first__far_large_distance,far_evidence_only,large_distance,between_feet,main,object_subject,object_first
between_feet__name_2__obj_ball__physical_placement_fronted__person_first,between_feet__name_2__obj_ball__physical_placement_fronted__person_first__far_direct_far,far_evidence_only,direct_far,between_feet,main,fronted_location,person_first
between_feet__name_2__obj_ball__physical_placement_fronted__person_first,between_feet__name_2__obj_ball__physical_placement_fronted__person_first__far_synonym_distant,far_evidence_only,synonym_distant,between_feet,main,fronted_location,person_first
between_feet__name_2__obj_ball__physical_placement_fronted__person_first,between_feet__name_2__obj_ball__physical_placement_fronted__person_first__far_large_distance,far_evidence_only,large_distance,between_feet,main,fronted_location,person_first
between_feet__name_2__obj_ball__physical_placement_fronted__object_first,between_feet__name_2__obj_ball__physical_placement_fronted__object_first__far_direct_far,far_evidence_only,direct_far,between_feet,main,fronted_location,object_first
between_feet__name_2__obj_ball__physical_placement_fronted__object_first,between_feet__name_2__obj_ball__physical_placement_fronted__object_first__far_synonym_distant,far_evidence_only,synonym_distant,between_feet,main,fronted_location,object_first
between_feet__name_2__obj_ball__physical_placement_fronted__object_first,between_feet__name_2__obj_ball__physical_placement_fronted__object_first__far_large_distance,far_evidence_only,large_distance,between_feet,main,fronted_location,object_first
between_feet__name_2__obj_ball__physical_placement_person_subject__person_first,between_feet__name_2__obj_ball__physical_placement_person_subject__person_first__far_direct_far,far_evidence_only,direct_far,between_feet,main,person_subject,person_first
between_feet__name_2__obj_ball__physical_placement_person_subject__person_first,between_feet__name_2__obj_ball__physical_placement_person_subject__person_first__far_synonym_distant,far_evidence_only,synonym_distant,between_feet,main,person_subject,person_first
between_feet__name_2__obj_ball__physical_placement_person_subject__person_first,between_feet__name_2__obj_ball__physical_placement_person_subject__person_first__far_large_distance,far_evidence_only,large_distance,between_feet,main,person_subject,person_first
between_feet__name_2__obj_ball__physical_placement_person_subject__object_first,between_feet__name_2__obj_ball__physical_placement_person_subject__object_first__far_direct_far,far_evidence_only,direct_far,between_feet,main,person_subject,object_first
between_feet__name_2__obj_ball__physical_placement_person_subject__object_first,between_feet__name_2__obj_ball__physical_placement_person_subject__object_first__far_synonym_distant,far_evidence_only,synonym_distant,between_feet,main,person_subject,object_first
between_feet__name_2__obj_ball__physical_placement_person_subject__object_first,between_feet__name_2__obj_ball__physical_placement_person_subject__object_first__far_large_distance,far_evidence_only,large_distance,between_feet,main,person_subject,object_first
between_feet__name_2__obj_bag__physical_placement__person_first,between_feet__name_2__obj_bag__physical_placement__person_first__far_direct_far,far_evidence_only,direct_far,between_feet,main,object_subject,person_first
between_feet__name_2__obj_bag__physical_placement__person_first,between_feet__name_2__obj_bag__physical_placement__person_first__far_synonym_distant,far_evidence_only,synonym_distant,between_feet,main,object_subject,person_first
between_feet__name_2__obj_bag__physical_placement__person_first,between_feet__name_2__obj_bag__physical_placement__person_first__far_large_distance,far_evidence_only,large_distance,between_feet,main,object_subject,person_first
between_feet__name_2__obj_bag__physical_placement__object_first,between_feet__name_2__obj_bag__physical_placement__object_first__far_direct_far,far_evidence_only,direct_far,between_feet,main,object_subject,object_first
between_feet__name_2__obj_bag__physical_placement__object_first,between_feet__name_2__obj_bag__physical_placement__object_first__far_synonym_distant,far_evidence_only,synonym_distant,between_feet,main,object_subject,object_first
between_feet__name_2__obj_bag__physical_placement__object_first,between_feet__name_2__obj_bag__physical_placement__object_first__far_large_distance,far_evidence_only,large_distance,between_feet,main,object_subject,object_first
between_feet__name_2__obj_bag__physical_placement_fronted__person_first,between_feet__name_2__obj_bag__physical_placement_fronted__person_first__far_direct_far,far_evidence_only,direct_far,between_feet,main,fronted_location,person_first
between_feet__name_2__obj_bag__physical_placement_fronted__person_first,between_feet__name_2__obj_bag__physical_placement_fronted__person_first__far_synonym_distant,far_evidence_only,synonym_distant,between_feet,main,fronted_location,person_first
between_feet__name_2__obj_bag__physical_placement_fronted__person_first,between_feet__name_2__obj_bag__physical_placement_fronted__person_first__far_large_distance,far_evidence_only,large_distance,between_feet,main,fronted_location,person_first
between_feet__name_2__obj_bag__physical_placement_fronted__object_first,between_feet__name_2__obj_bag__physical_placement_fronted__object_first__far_direct_far,far_evidence_only,direct_far,between_feet,main,fronted_location,object_first
between_feet__name_2__obj_bag__physical_placement_fronted__object_first,between_feet__name_2__obj_bag__physical_placement_fronted__object_first__far_synonym_distant,far_evidence_only,synonym_distant,between_feet,main,fronted_location,object_first
between_feet__name_2__obj_bag__physical_placement_fronted__object_first,between_feet__name_2__obj_bag__physical_placement_fronted__object_first__far_large_distance,far_evidence_only,large_distance,between_feet,main,fronted_location,object_first
between_feet__name_2__obj_bag__physical_placement_person_subject__person_first,between_feet__name_2__obj_bag__physical_placement_person_subject__person_first__far_direct_far,far_evidence_only,direct_far,between_feet,main,person_subject,person_first
between_feet__name_2__obj_bag__physical_placement_person_subject__person_first,between_feet__name_2__obj_bag__physical_placement_person_subject__person_first__far_synonym_distant,far_evidence_only,synonym_distant,between_feet,main,person_subject,person_first
between_feet__name_2__obj_bag__physical_placement_person_subject__person_first,between_feet__name_2__obj_bag__physical_placement_person_subject__person_first__far_large_distance,far_evidence_only,large_distance,between_feet,main,person_subject,person_first
between_feet__name_2__obj_bag__physical_placement_person_subject__object_first,between_feet__name_2__obj_bag__physical_placement_person_subject__object_first__far_direct_far,far_evidence_only,direct_far,between_feet,main,person_subject,object_first
between_feet__name_2__obj_bag__physical_placement_person_subject__object_first,between_feet__name_2__obj_bag__physical_placement_person_subject__object_first__far_synonym_distant,far_evidence_only,synonym_distant,between_feet,main,person_subject,object_first
between_feet__name_2__obj_bag__physical_placement_person_subject__object_first,between_feet__name_2__obj_bag__physical_placement_person_subject__object_first__far_large_distance,far_evidence_only,large_distance,between_feet,main,person_subject,object_first
between_feet__name_2__obj_book__physical_placement__person_first,between_feet__name_2__obj_book__physical_placement__person_first__far_direct_far,far_evidence_only,direct_far,between_feet,main,object_subject,person_first
between_feet__name_2__obj_book__physical_placement__person_first,between_feet__name_2__obj_book__physical_placement__person_first__far_synonym_distant,far_evidence_only,synonym_distant,between_feet,main,object_subject,person_first
between_feet__name_2__obj_book__physical_placement__person_first,between_feet__name_2__obj_book__physical_placement__person_first__far_large_distance,far_evidence_only,large_distance,between_feet,main,object_subject,person_first
between_feet__name_2__obj_book__physical_placement__object_first,between_feet__name_2__obj_book__physical_placement__object_first__far_direct_far,far_evidence_only,direct_far,between_feet,main,object_subject,object_first
between_feet__name_2__obj_book__physical_placement__object_first,between_feet__name_2__obj_book__physical_placement__object_first__far_synonym_distant,far_evidence_only,synonym_distant,between_feet,main,object_subject,object_first
between_feet__name_2__obj_book__physical_placement__object_first,between_feet__name_2__obj_book__physical_placement__object_first__far_large_distance,far_evidence_only,large_distance,between_feet,main,object_subject,object_first
between_feet__name_2__obj_book__physical_placement_fronted__person_first,between_feet__name_2__obj_book__physical_placement_fronted__person_first__far_direct_far,far_evidence_only,direct_far,between_feet,main,fronted_location,person_first
between_feet__name_2__obj_book__physical_placement_fronted__person_first,between_feet__name_2__obj_book__physical_placement_fronted__person_first__far_synonym_distant,far_evidence_only,synonym_distant,between_feet,main,fronted_location,person_first
between_feet__name_2__obj_book__physical_placement_fronted__person_first,between_feet__name_2__obj_book__physical_placement_fronted__person_first__far_large_distance,far_evidence_only,large_distance,between_feet,main,fronted_location,person_first
between_feet__name_2__obj_book__physical_placement_fronted__object_first,between_feet__name_2__obj_book__physical_placement_fronted__object_first__far_direct_far,far_evidence_only,direct_far,between_feet,main,fronted_location,object_first
between_feet__name_2__obj_book__physical_placement_fronted__object_first,between_feet__name_2__obj_book__physical_placement_fronted__object_first__far_synonym_distant,far_evidence_only,synonym_distant,between_feet,main,fronted_location,object_first
between_feet__name_2__obj_book__physical_placement_fronted__object_first,between_feet__name_2__obj_book__physical_placement_fronted__object_first__far_large_distance,far_evidence_only,large_distance,between_feet,main,fronted_location,object_first
between_feet__name_2__obj_book__physical_placement_person_subject__person_first,between_feet__name_2__obj_book__physical_placement_person_subject__person_first__far_direct_far,far_evidence_only,direct_far,between_feet,main,person_subject,person_first
between_feet__name_2__obj_book__physical_placement_person_subject__person_first,between_feet__name_2__obj_book__physical_placement_person_subject__person_first__far_synonym_distant,far_evidence_only,synonym_distant,between_feet,main,person_subject,person_first
between_feet__name_2__obj_book__physical_placement_person_subject__person_first,between_feet__name_2__obj_book__physical_placement_person_subject__person_first__far_large_distance,far_evidence_only,large_distance,between_feet,main,person_subject,person_first
between_feet__name_2__obj_book__physical_placement_person_subject__object_first,between_feet__name_2__obj_book__physical_placement_person_subject__object_first__far_direct_far,far_evidence_only,direct_far,between_feet,main,person_subject,object_first
between_feet__name_2__obj_book__physical_placement_person_subject__object_first,between_feet__name_2__obj_book__physical_placement_person_subject__object_first__far_synonym_distant,far_evidence_only,synonym_distant,between_feet,main,person_subject,object_first
between_feet__name_2__obj_book__physical_placement_person_subject__object_first,between_feet__name_2__obj_book__physical_placement_person_subject__object_first__far_large_distance,far_evidence_only,large_distance,between_feet,main,person_subject,object_first
between_feet__name_2__obj_cone__physical_placement__person_first,between_feet__name_2__obj_cone__physical_placement__person_first__far_direct_far,far_evidence_only,direct_far,between_feet,main,object_subject,person_first
between_feet__name_2__obj_cone__physical_placement__person_first,between_feet__name_2__obj_cone__physical_placement__person_first__far_synonym_distant,far_evidence_only,synonym_distant,between_feet,main,object_subject,person_first
between_feet__name_2__obj_cone__physical_placement__person_first,between_feet__name_2__obj_cone__physical_placement__person_first__far_large_distance,far_evidence_only,large_distance,between_feet,main,object_subject,person_first
between_feet__name_2__obj_cone__physical_placement__object_first,between_feet__name_2__obj_cone__physical_placement__object_first__far_direct_far,far_evidence_only,direct_far,between_feet,main,object_subject,object_first
between_feet__name_2__obj_cone__physical_placement__object_first,between_feet__name_2__obj_cone__physical_placement__object_first__far_synonym_distant,far_evidence_only,synonym_distant,between_feet,main,object_subject,object_first
between_feet__name_2__obj_cone__physical_placement__object_first,between_feet__name_2__obj_cone__physical_placement__object_first__far_large_distance,far_evidence_only,large_distance,between_feet,main,object_subject,object_first
between_feet__name_2__obj_cone__physical_placement_fronted__person_first,between_feet__name_2__obj_cone__physical_placement_fronted__person_first__far_direct_far,far_evidence_only,direct_far,between_feet,main,fronted_location,person_first
between_feet__name_2__obj_cone__physical_placement_fronted__person_first,between_feet__name_2__obj_cone__physical_placement_fronted__person_first__far_synonym_distant,far_evidence_only,synonym_distant,between_feet,main,fronted_location,person_first
between_feet__name_2__obj_cone__physical_placement_fronted__person_first,between_feet__name_2__obj_cone__physical_placement_fronted__person_first__far_large_distance,far_evidence_only,large_distance,between_feet,main,fronted_location,person_first
between_feet__name_2__obj_cone__physical_placement_fronted__object_first,between_feet__name_2__obj_cone__physical_placement_fronted__object_first__far_direct_far,far_evidence_only,direct_far,between_feet,main,fronted_location,object_first
between_feet__name_2__obj_cone__physical_placement_fronted__object_first,between_feet__name_2__obj_cone__physical_placement_fronted__object_first__far_synonym_distant,far_evidence_only,synonym_distant,between_feet,main,fronted_location,object_first
between_feet__name_2__obj_cone__physical_placement_fronted__object_first,between_feet__name_2__obj_cone__physical_placement_fronted__object_first__far_large_distance,far_evidence_only,large_distance,between_feet,main,fronted_location,object_first
between_feet__name_2__obj_cone__physical_placement_person_subject__person_first,between_feet__name_2__obj_cone__physical_placement_person_subject__person_first__far_direct_far,far_evidence_only,direct_far,between_feet,main,person_subject,person_first
between_feet__name_2__obj_cone__physical_placement_person_subject__person_first,between_feet__name_2__obj_cone__physical_placement_person_subject__person_first__far_synonym_distant,far_evidence_only,synonym_distant,between_feet,main,person_subject,person_first
between_feet__name_2__obj_cone__physical_placement_person_subject__person_first,between_feet__name_2__obj_cone__physical_placement_person_subject__person_first__far_large_distance,far_evidence_only,large_distance,between_feet,main,person_subject,person_first
between_feet__name_2__obj_cone__physical_placement_person_subject__object_first,between_feet__name_2__obj_cone__physical_placement_person_subject__object_first__far_direct_far,far_evidence_only,direct_far,between_feet,main,person_subject,object_first
between_feet__name_2__obj_cone__physical_placement_person_subject__object_first,between_feet__name_2__obj_cone__physical_placement_person_subject__object_first__far_synonym_distant,far_evidence_only,synonym_distant,between_feet,main,person_subject,object_first
between_feet__name_2__obj_cone__physical_placement_person_subject__object_first,between_feet__name_2__obj_cone__physical_placement_person_subject__object_first__far_large_distance,far_evidence_only,large_distance,between_feet,main,person_subject,object_first
between_feet__name_3__obj_ball__physical_placement__person_first,between_feet__name_3__obj_ball__physical_placement__person_first__far_direct_far,far_evidence_only,direct_far,between_feet,main,object_subject,person_first
between_feet__name_3__obj_ball__physical_placement__person_first,between_feet__name_3__obj_ball__physical_placement__person_first__far_synonym_distant,far_evidence_only,synonym_distant,between_feet,main,object_subject,person_first
between_feet__name_3__obj_ball__physical_placement__person_first,between_feet__name_3__obj_ball__physical_placement__person_first__far_large_distance,far_evidence_only,large_distance,between_feet,main,object_subject,person_first
between_feet__name_3__obj_ball__physical_placement__object_first,between_feet__name_3__obj_ball__physical_placement__object_first__far_direct_far,far_evidence_only,direct_far,between_feet,main,object_subject,object_first
between_feet__name_3__obj_ball__physical_placement__object_first,between_feet__name_3__obj_ball__physical_placement__object_first__far_synonym_distant,far_evidence_only,synonym_distant,between_feet,main,object_subject,object_first
between_feet__name_3__obj_ball__physical_placement__object_first,between_feet__name_3__obj_ball__physical_placement__object_first__far_large_distance,far_evidence_only,large_distance,between_feet,main,object_subject,object_first
between_feet__name_3__obj_ball__physical_placement_fronted__person_first,between_feet__name_3__obj_ball__physical_placement_fronted__person_first__far_direct_far,far_evidence_only,direct_far,between_feet,main,fronted_location,person_first
between_feet__name_3__obj_ball__physical_placement_fronted__person_first,between_feet__name_3__obj_ball__physical_placement_fronted__person_first__far_synonym_distant,far_evidence_only,synonym_distant,between_feet,main,fronted_location,person_first
between_feet__name_3__obj_ball__physical_placement_fronted__person_first,between_feet__name_3__obj_ball__physical_placement_fronted__person_first__far_large_distance,far_evidence_only,large_distance,between_feet,main,fronted_location,person_first
between_feet__name_3__obj_ball__physical_placement_fronted__object_first,between_feet__name_3__obj_ball__physical_placement_fronted__object_first__far_direct_far,far_evidence_only,direct_far,between_feet,main,fronted_location,object_first
between_feet__name_3__obj_ball__physical_placement_fronted__object_first,between_feet__name_3__obj_ball__physical_placement_fronted__object_first__far_synonym_distant,far_evidence_only,synonym_distant,between_feet,main,fronted_location,object_first
between_feet__name_3__obj_ball__physical_placement_fronted__object_first,between_feet__name_3__obj_ball__physical_placement_fronted__object_first__far_large_distance,far_evidence_only,large_distance,between_feet,main,fronted_location,object_first
between_feet__name_3__obj_ball__physical_placement_person_subject__person_first,between_feet__name_3__obj_ball__physical_placement_person_subject__person_first__far_direct_far,far_evidence_only,direct_far,between_feet,main,person_subject,person_first
between_feet__name_3__obj_ball__physical_placement_person_subject__person_first,between_feet__name_3__obj_ball__physical_placement_person_subject__person_first__far_synonym_distant,far_evidence_only,synonym_distant,between_feet,main,person_subject,person_first
between_feet__name_3__obj_ball__physical_placement_person_subject__person_first,between_feet__name_3__obj_ball__physical_placement_person_subject__person_first__far_large_distance,far_evidence_only,large_distance,between_feet,main,person_subject,person_first
between_feet__name_3__obj_ball__physical_placement_person_subject__object_first,between_feet__name_3__obj_ball__physical_placement_person_subject__object_first__far_direct_far,far_evidence_only,direct_far,between_feet,main,person_subject,object_first
between_feet__name_3__obj_ball__physical_placement_person_subject__object_first,between_feet__name_3__obj_ball__physical_placement_person_subject__object_first__far_synonym_distant,far_evidence_only,synonym_distant,between_feet,main,person_subject,object_first
between_feet__name_3__obj_ball__physical_placement_person_subject__object_first,between_feet__name_3__obj_ball__physical_placement_person_subject__object_first__far_large_distance,far_evidence_only,large_distance,between_feet,main,person_subject,object_first
between_feet__name_3__obj_bag__physical_placement__person_first,between_feet__name_3__obj_bag__physical_placement__person_first__far_direct_far,far_evidence_only,direct_far,between_feet,main,object_subject,person_first
between_feet__name_3__obj_bag__physical_placement__person_first,between_feet__name_3__obj_bag__physical_placement__person_first__far_synonym_distant,far_evidence_only,synonym_distant,between_feet,main,object_subject,person_first
between_feet__name_3__obj_bag__physical_placement__person_first,between_feet__name_3__obj_bag__physical_placement__person_first__far_large_distance,far_evidence_only,large_distance,between_feet,main,object_subject,person_first
between_feet__name_3__obj_bag__physical_placement__object_first,between_feet__name_3__obj_bag__physical_placement__object_first__far_direct_far,far_evidence_only,direct_far,between_feet,main,object_subject,object_first
between_feet__name_3__obj_bag__physical_placement__object_first,between_feet__name_3__obj_bag__physical_placement__object_first__far_synonym_distant,far_evidence_only,synonym_distant,between_feet,main,object_subject,object_first
between_feet__name_3__obj_bag__physical_placement__object_first,between_feet__name_3__obj_bag__physical_placement__object_first__far_large_distance,far_evidence_only,large_distance,between_feet,main,object_subject,object_first
between_feet__name_3__obj_bag__physical_placement_fronted__person_first,between_feet__name_3__obj_bag__physical_placement_fronted__person_first__far_direct_far,far_evidence_only,direct_far,between_feet,main,fronted_location,person_first
between_feet__name_3__obj_bag__physical_placement_fronted__person_first,between_feet__name_3__obj_bag__physical_placement_fronted__person_first__far_synonym_distant,far_evidence_only,synonym_distant,between_feet,main,fronted_location,person_first
between_feet__name_3__obj_bag__physical_placement_fronted__person_first,between_feet__name_3__obj_bag__physical_placement_fronted__person_first__far_large_distance,far_evidence_only,large_distance,between_feet,main,fronted_location,person_first
between_feet__name_3__obj_bag__physical_placement_fronted__object_first,between_feet__name_3__obj_bag__physical_placement_fronted__object_first__far_direct_far,far_evidence_only,direct_far,between_feet,main,fronted_location,object_first
between_feet__name_3__obj_bag__physical_placement_fronted__object_first,between_feet__name_3__obj_bag__physical_placement_fronted__object_first__far_synonym_distant,far_evidence_only,synonym_distant,between_feet,main,fronted_location,object_first
between_feet__name_3__obj_bag__physical_placement_fronted__object_first,between_feet__name_3__obj_bag__physical_placement_fronted__object_first__far_large_distance,far_evidence_only,large_distance,between_feet,main,fronted_location,object_first
between_feet__name_3__obj_bag__physical_placement_person_subject__person_first,between_feet__name_3__obj_bag__physical_placement_person_subject__person_first__far_direct_far,far_evidence_only,direct_far,between_feet,main,person_subject,person_first
between_feet__name_3__obj_bag__physical_placement_person_subject__person_first,between_feet__name_3__obj_bag__physical_placement_person_subject__person_first__far_synonym_distant,far_evidence_only,synonym_distant,between_feet,main,person_subject,person_first
between_feet__name_3__obj_bag__physical_placement_person_subject__person_first,between_feet__name_3__obj_bag__physical_placement_person_subject__person_first__far_large_distance,far_evidence_only,large_distance,between_feet,main,person_subject,person_first
between_feet__name_3__obj_bag__physical_placement_person_subject__object_first,between_feet__name_3__obj_bag__physical_placement_person_subject__object_first__far_direct_far,far_evidence_only,direct_far,between_feet,main,person_subject,object_first
between_feet__name_3__obj_bag__physical_placement_person_subject__object_first,between_feet__name_3__obj_bag__physical_placement_person_subject__object_first__far_synonym_distant,far_evidence_only,synonym_distant,between_feet,main,person_subject,object_first
between_feet__name_3__obj_bag__physical_placement_person_subject__object_first,between_feet__name_3__obj_bag__physical_placement_person_subject__object_first__far_large_distance,far_evidence_only,large_distance,between_feet,main,person_subject,object_first
between_feet__name_3__obj_book__physical_placement__person_first,between_feet__name_3__obj_book__physical_placement__person_first__far_direct_far,far_evidence_only,direct_far,between_feet,main,object_subject,person_first
between_feet__name_3__obj_book__physical_placement__person_first,between_feet__name_3__obj_book__physical_placement__person_first__far_synonym_distant,far_evidence_only,synonym_distant,between_feet,main,object_subject,person_first
between_feet__name_3__obj_book__physical_placement__person_first,between_feet__name_3__obj_book__physical_placement__person_first__far_large_distance,far_evidence_only,large_distance,between_feet,main,object_subject,person_first
between_feet__name_3__obj_book__physical_placement__object_first,between_feet__name_3__obj_book__physical_placement__object_first__far_direct_far,far_evidence_only,direct_far,between_feet,main,object_subject,object_first
between_feet__name_3__obj_book__physical_placement__object_first,between_feet__name_3__obj_book__physical_placement__object_first__far_synonym_distant,far_evidence_only,synonym_distant,between_feet,main,object_subject,object_first
between_feet__name_3__obj_book__physical_placement__object_first,between_feet__name_3__obj_book__physical_placement__object_first__far_large_distance,far_evidence_only,large_distance,between_feet,main,object_subject,object_first
between_feet__name_3__obj_book__physical_placement_fronted__person_first,between_feet__name_3__obj_book__physical_placement_fronted__person_first__far_direct_far,far_evidence_only,direct_far,between_feet,main,fronted_location,person_first
between_feet__name_3__obj_book__physical_placement_fronted__person_first,between_feet__name_3__obj_book__physical_placement_fronted__person_first__far_synonym_distant,far_evidence_only,synonym_distant,between_feet,main,fronted_location,person_first
between_feet__name_3__obj_book__physical_placement_fronted__person_first,between_feet__name_3__obj_book__physical_placement_fronted__person_first__far_large_distance,far_evidence_only,large_distance,between_feet,main,fronted_location,person_first
between_feet__name_3__obj_book__physical_placement_fronted__object_first,between_feet__name_3__obj_book__physical_placement_fronted__object_first__far_direct_far,far_evidence_only,direct_far,between_feet,main,fronted_location,object_first
between_feet__name_3__obj_book__physical_placement_fronted__object_first,between_feet__name_3__obj_book__physical_placement_fronted__object_first__far_synonym_distant,far_evidence_only,synonym_distant,between_feet,main,fronted_location,object_first
between_feet__name_3__obj_book__physical_placement_fronted__object_first,between_feet__name_3__obj_book__physical_placement_fronted__object_first__far_large_distance,far_evidence_only,large_distance,between_feet,main,fronted_location,object_first
between_feet__name_3__obj_book__physical_placement_person_subject__person_first,between_feet__name_3__obj_book__physical_placement_person_subject__person_first__far_direct_far,far_evidence_only,direct_far,between_feet,main,person_subject,person_first
between_feet__name_3__obj_book__physical_placement_person_subject__person_first,between_feet__name_3__obj_book__physical_placement_person_subject__person_first__far_synonym_distant,far_evidence_only,synonym_distant,between_feet,main,person_subject,person_first
between_feet__name_3__obj_book__physical_placement_person_subject__person_first,between_feet__name_3__obj_book__physical_placement_person_subject__person_first__far_large_distance,far_evidence_only,large_distance,between_feet,main,person_subject,person_first
between_feet__name_3__obj_book__physical_placement_person_subject__object_first,between_feet__name_3__obj_book__physical_placement_person_subject__object_first__far_direct_far,far_evidence_only,direct_far,between_feet,main,person_subject,object_first
between_feet__name_3__obj_book__physical_placement_person_subject__object_first,between_feet__name_3__obj_book__physical_placement_person_subject__object_first__far_synonym_distant,far_evidence_only,synonym_distant,between_feet,main,person_subject,object_first
between_feet__name_3__obj_book__physical_placement_person_subject__object_first,between_feet__name_3__obj_book__physical_placement_person_subject__object_first__far_large_distance,far_evidence_only,large_distance,between_feet,main,person_subject,object_first
between_feet__name_3__obj_cone__physical_placement__person_first,between_feet__name_3__obj_cone__physical_placement__person_first__far_direct_far,far_evidence_only,direct_far,between_feet,main,object_subject,person_first
between_feet__name_3__obj_cone__physical_placement__person_first,between_feet__name_3__obj_cone__physical_placement__person_first__far_synonym_distant,far_evidence_only,synonym_distant,between_feet,main,object_subject,person_first
between_feet__name_3__obj_cone__physical_placement__person_first,between_feet__name_3__obj_cone__physical_placement__person_first__far_large_distance,far_evidence_only,large_distance,between_feet,main,object_subject,person_first
between_feet__name_3__obj_cone__physical_placement__object_first,between_feet__name_3__obj_cone__physical_placement__object_first__far_direct_far,far_evidence_only,direct_far,between_feet,main,object_subject,object_first
between_feet__name_3__obj_cone__physical_placement__object_first,between_feet__name_3__obj_cone__physical_placement__object_first__far_synonym_distant,far_evidence_only,synonym_distant,between_feet,main,object_subject,object_first
between_feet__name_3__obj_cone__physical_placement__object_first,between_feet__name_3__obj_cone__physical_placement__object_first__far_large_distance,far_evidence_only,large_distance,between_feet,main,object_subject,object_first
between_feet__name_3__obj_cone__physical_placement_fronted__person_first,between_feet__name_3__obj_cone__physical_placement_fronted__person_first__far_direct_far,far_evidence_only,direct_far,between_feet,main,fronted_location,person_first
between_feet__name_3__obj_cone__physical_placement_fronted__person_first,between_feet__name_3__obj_cone__physical_placement_fronted__person_first__far_synonym_distant,far_evidence_only,synonym_distant,between_feet,main,fronted_location,person_first
between_feet__name_3__obj_cone__physical_placement_fronted__person_first,between_feet__name_3__obj_cone__physical_placement_fronted__person_first__far_large_distance,far_evidence_only,large_distance,between_feet,main,fronted_location,person_first
between_feet__name_3__obj_cone__physical_placement_fronted__object_first,between_feet__name_3__obj_cone__physical_placement_fronted__object_first__far_direct_far,far_evidence_only,direct_far,between_feet,main,fronted_location,object_first
between_feet__name_3__obj_cone__physical_placement_fronted__object_first,between_feet__name_3__obj_cone__physical_placement_fronted__object_first__far_synonym_distant,far_evidence_only,synonym_distant,between_feet,main,fronted_location,object_first
between_feet__name_3__obj_cone__physical_placement_fronted__object_first,between_feet__name_3__obj_cone__physical_placement_fronted__object_first__far_large_distance,far_evidence_only,large_distance,between_feet,main,fronted_location,object_first
between_feet__name_3__obj_cone__physical_placement_person_subject__person_first,between_feet__name_3__obj_cone__physical_placement_person_subject__person_first__far_direct_far,far_evidence_only,direct_far,between_feet,main,person_subject,person_first
between_feet__name_3__obj_cone__physical_placement_person_subject__person_first,between_feet__name_3__obj_cone__physical_placement_person_subject__person_first__far_synonym_distant,far_evidence_only,synonym_distant,between_feet,main,person_subject,person_first
between_feet__name_3__obj_cone__physical_placement_person_subject__person_first,between_feet__name_3__obj_cone__physical_placement_person_subject__person_first__far_large_distance,far_evidence_only,large_distance,between_feet,main,person_subject,person_first
between_feet__name_3__obj_cone__physical_placement_person_subject__object_first,between_feet__name_3__obj_cone__physical_placement_person_subject__object_first__far_direct_far,far_evidence_only,direct_far,between_feet,main,person_subject,object_first
between_feet__name_3__obj_cone__physical_placement_person_subject__object_first,between_feet__name_3__obj_cone__physical_placement_person_subject__object_first__far_synonym_distant,far_evidence_only,synonym_distant,between_feet,main,person_subject,object_first
between_feet__name_3__obj_cone__physical_placement_person_subject__object_first,between_feet__name_3__obj_cone__physical_placement_person_subject__object_first__far_large_distance,far_evidence_only,large_distance,between_feet,main,person_subject,object_first
in_hand__name_0__obj_ball__physical_placement__person_first,in_hand__name_0__obj_ball__physical_placement__person_first__far_direct_far,far_evidence_only,direct_far,in_hand,main,object_subject,person_first
in_hand__name_0__obj_ball__physical_placement__person_first,in_hand__name_0__obj_ball__physical_placement__person_first__far_synonym_distant,far_evidence_only,synonym_distant,in_hand,main,object_subject,person_first
in_hand__name_0__obj_ball__physical_placement__person_first,in_hand__name_0__obj_ball__physical_placement__person_first__far_large_distance,far_evidence_only,large_distance,in_hand,main,object_subject,person_first
in_hand__name_0__obj_ball__physical_placement__object_first,in_hand__name_0__obj_ball__physical_placement__object_first__far_direct_far,far_evidence_only,direct_far,in_hand,main,object_subject,object_first
in_hand__name_0__obj_ball__physical_placement__object_first,in_hand__name_0__obj_ball__physical_placement__object_first__far_synonym_distant,far_evidence_only,synonym_distant,in_hand,main,object_subject,object_first
in_hand__name_0__obj_ball__physical_placement__object_first,in_hand__name_0__obj_ball__physical_placement__object_first__far_large_distance,far_evidence_only,large_distance,in_hand,main,object_subject,object_first
in_hand__name_0__obj_ball__physical_placement_fronted__person_first,in_hand__name_0__obj_ball__physical_placement_fronted__person_first__far_direct_far,far_evidence_only,direct_far,in_hand,main,fronted_location,person_first
in_hand__name_0__obj_ball__physical_placement_fronted__person_first,in_hand__name_0__obj_ball__physical_placement_fronted__person_first__far_synonym_distant,far_evidence_only,synonym_distant,in_hand,main,fronted_location,person_first
in_hand__name_0__obj_ball__physical_placement_fronted__person_first,in_hand__name_0__obj_ball__physical_placement_fronted__person_first__far_large_distance,far_evidence_only,large_distance,in_hand,main,fronted_location,person_first
in_hand__name_0__obj_ball__physical_placement_fronted__object_first,in_hand__name_0__obj_ball__physical_placement_fronted__object_first__far_direct_far,far_evidence_only,direct_far,in_hand,main,fronted_location,object_first
in_hand__name_0__obj_ball__physical_placement_fronted__object_first,in_hand__name_0__obj_ball__physical_placement_fronted__object_first__far_synonym_distant,far_evidence_only,synonym_distant,in_hand,main,fronted_location,object_first
in_hand__name_0__obj_ball__physical_placement_fronted__object_first,in_hand__name_0__obj_ball__physical_placement_fronted__object_first__far_large_distance,far_evidence_only,large_distance,in_hand,main,fronted_location,object_first
in_hand__name_0__obj_ball__physical_placement_person_subject__person_first,in_hand__name_0__obj_ball__physical_placement_person_subject__person_first__far_direct_far,far_evidence_only,direct_far,in_hand,main,person_subject,person_first
in_hand__name_0__obj_ball__physical_placement_person_subject__person_first,in_hand__name_0__obj_ball__physical_placement_person_subject__person_first__far_synonym_distant,far_evidence_only,synonym_distant,in_hand,main,person_subject,person_first
in_hand__name_0__obj_ball__physical_placement_person_subject__person_first,in_hand__name_0__obj_ball__physical_placement_person_subject__person_first__far_large_distance,far_evidence_only,large_distance,in_hand,main,person_subject,person_first
in_hand__name_0__obj_ball__physical_placement_person_subject__object_first,in_hand__name_0__obj_ball__physical_placement_person_subject__object_first__far_direct_far,far_evidence_only,direct_far,in_hand,main,person_subject,object_first
in_hand__name_0__obj_ball__physical_placement_person_subject__object_first,in_hand__name_0__obj_ball__physical_placement_person_subject__object_first__far_synonym_distant,far_evidence_only,synonym_distant,in_hand,main,person_subject,object_first
in_hand__name_0__obj_ball__physical_placement_person_subject__object_first,in_hand__name_0__obj_ball__physical_placement_person_subject__object_first__far_large_distance,far_evidence_only,large_distance,in_hand,main,person_subject,object_first
in_hand__name_0__obj_cup__physical_placement__person_first,in_hand__name_0__obj_cup__physical_placement__person_first__far_direct_far,far_evidence_only,direct_far,in_hand,main,object_subject,person_first
in_hand__name_0__obj_cup__physical_placement__person_first,in_hand__name_0__obj_cup__physical_placement__person_first__far_synonym_distant,far_evidence_only,synonym_distant,in_hand,main,object_subject,person_first
in_hand__name_0__obj_cup__physical_placement__person_first,in_hand__name_0__obj_cup__physical_placement__person_first__far_large_distance,far_evidence_only,large_distance,in_hand,main,object_subject,person_first
in_hand__name_0__obj_cup__physical_placement__object_first,in_hand__name_0__obj_cup__physical_placement__object_first__far_direct_far,far_evidence_only,direct_far,in_hand,main,object_subject,object_first
in_hand__name_0__obj_cup__physical_placement__object_first,in_hand__name_0__obj_cup__physical_placement__object_first__far_synonym_distant,far_evidence_only,synonym_distant,in_hand,main,object_subject,object_first
in_hand__name_0__obj_cup__physical_placement__object_first,in_hand__name_0__obj_cup__physical_placement__object_first__far_large_distance,far_evidence_only,large_distance,in_hand,main,object_subject,object_first
in_hand__name_0__obj_cup__physical_placement_fronted__person_first,in_hand__name_0__obj_cup__physical_placement_fronted__person_first__far_direct_far,far_evidence_only,direct_far,in_hand,main,fronted_location,person_first
in_hand__name_0__obj_cup__physical_placement_fronted__person_first,in_hand__name_0__obj_cup__physical_placement_fronted__person_first__far_synonym_distant,far_evidence_only,synonym_distant,in_hand,main,fronted_location,person_first
in_hand__name_0__obj_cup__physical_placement_fronted__person_first,in_hand__name_0__obj_cup__physical_placement_fronted__person_first__far_large_distance,far_evidence_only,large_distance,in_hand,main,fronted_location,person_first
in_hand__name_0__obj_cup__physical_placement_fronted__object_first,in_hand__name_0__obj_cup__physical_placement_fronted__object_first__far_direct_far,far_evidence_only,direct_far,in_hand,main,fronted_location,object_first
in_hand__name_0__obj_cup__physical_placement_fronted__object_first,in_hand__name_0__obj_cup__physical_placement_fronted__object_first__far_synonym_distant,far_evidence_only,synonym_distant,in_hand,main,fronted_location,object_first
in_hand__name_0__obj_cup__physical_placement_fronted__object_first,in_hand__name_0__obj_cup__physical_placement_fronted__object_first__far_large_distance,far_evidence_only,large_distance,in_hand,main,fronted_location,object_first
in_hand__name_0__obj_cup__physical_placement_person_subject__person_first,in_hand__name_0__obj_cup__physical_placement_person_subject__person_first__far_direct_far,far_evidence_only,direct_far,in_hand,main,person_subject,person_first
in_hand__name_0__obj_cup__physical_placement_person_subject__person_first,in_hand__name_0__obj_cup__physical_placement_person_subject__person_first__far_synonym_distant,far_evidence_only,synonym_distant,in_hand,main,person_subject,person_first
in_hand__name_0__obj_cup__physical_placement_person_subject__person_first,in_hand__name_0__obj_cup__physical_placement_person_subject__person_first__far_large_distance,far_evidence_only,large_distance,in_hand,main,person_subject,person_first
in_hand__name_0__obj_cup__physical_placement_person_subject__object_first,in_hand__name_0__obj_cup__physical_placement_person_subject__object_first__far_direct_far,far_evidence_only,direct_far,in_hand,main,person_subject,object_first
in_hand__name_0__obj_cup__physical_placement_person_subject__object_first,in_hand__name_0__obj_cup__physical_placement_person_subject__object_first__far_synonym_distant,far_evidence_only,synonym_distant,in_hand,main,person_subject,object_first
in_hand__name_0__obj_cup__physical_placement_person_subject__object_first,in_hand__name_0__obj_cup__physical_placement_person_subject__object_first__far_large_distance,far_evidence_only,large_distance,in_hand,main,person_subject,object_first
in_hand__name_0__obj_key__physical_placement__person_first,in_hand__name_0__obj_key__physical_placement__person_first__far_direct_far,far_evidence_only,direct_far,in_hand,main,object_subject,person_first
in_hand__name_0__obj_key__physical_placement__person_first,in_hand__name_0__obj_key__physical_placement__person_first__far_synonym_distant,far_evidence_only,synonym_distant,in_hand,main,object_subject,person_first
in_hand__name_0__obj_key__physical_placement__person_first,in_hand__name_0__obj_key__physical_placement__person_first__far_large_distance,far_evidence_only,large_distance,in_hand,main,object_subject,person_first
in_hand__name_0__obj_key__physical_placement__object_first,in_hand__name_0__obj_key__physical_placement__object_first__far_direct_far,far_evidence_only,direct_far,in_hand,main,object_subject,object_first
in_hand__name_0__obj_key__physical_placement__object_first,in_hand__name_0__obj_key__physical_placement__object_first__far_synonym_distant,far_evidence_only,synonym_distant,in_hand,main,object_subject,object_first
in_hand__name_0__obj_key__physical_placement__object_first,in_hand__name_0__obj_key__physical_placement__object_first__far_large_distance,far_evidence_only,large_distance,in_hand,main,object_subject,object_first
in_hand__name_0__obj_key__physical_placement_fronted__person_first,in_hand__name_0__obj_key__physical_placement_fronted__person_first__far_direct_far,far_evidence_only,direct_far,in_hand,main,fronted_location,person_first
in_hand__name_0__obj_key__physical_placement_fronted__person_first,in_hand__name_0__obj_key__physical_placement_fronted__person_first__far_synonym_distant,far_evidence_only,synonym_distant,in_hand,main,fronted_location,person_first
in_hand__name_0__obj_key__physical_placement_fronted__person_first,in_hand__name_0__obj_key__physical_placement_fronted__person_first__far_large_distance,far_evidence_only,large_distance,in_hand,main,fronted_location,person_first
in_hand__name_0__obj_key__physical_placement_fronted__object_first,in_hand__name_0__obj_key__physical_placement_fronted__object_first__far_direct_far,far_evidence_only,direct_far,in_hand,main,fronted_location,object_first
in_hand__name_0__obj_key__physical_placement_fronted__object_first,in_hand__name_0__obj_key__physical_placement_fronted__object_first__far_synonym_distant,far_evidence_only,synonym_distant,in_hand,main,fronted_location,object_first
in_hand__name_0__obj_key__physical_placement_fronted__object_first,in_hand__name_0__obj_key__physical_placement_fronted__object_first__far_large_distance,far_evidence_only,large_distance,in_hand,main,fronted_location,object_first
in_hand__name_0__obj_key__physical_placement_person_subject__person_first,in_hand__name_0__obj_key__physical_placement_person_subject__person_first__far_direct_far,far_evidence_only,direct_far,in_hand,main,person_subject,person_first
in_hand__name_0__obj_key__physical_placement_person_subject__person_first,in_hand__name_0__obj_key__physical_placement_person_subject__person_first__far_synonym_distant,far_evidence_only,synonym_distant,in_hand,main,person_subject,person_first
in_hand__name_0__obj_key__physical_placement_person_subject__person_first,in_hand__name_0__obj_key__physical_placement_person_subject__person_first__far_large_distance,far_evidence_only,large_distance,in_hand,main,person_subject,person_first
in_hand__name_0__obj_key__physical_placement_person_subject__object_first,in_hand__name_0__obj_key__physical_placement_person_subject__object_first__far_direct_far,far_evidence_only,direct_far,in_hand,main,person_subject,object_first
in_hand__name_0__obj_key__physical_placement_person_subject__object_first,in_hand__name_0__obj_key__physical_placement_person_subject__object_first__far_synonym_distant,far_evidence_only,synonym_distant,in_hand,main,person_subject,object_first
in_hand__name_0__obj_key__physical_placement_person_subject__object_first,in_hand__name_0__obj_key__physical_placement_person_subject__object_first__far_large_distance,far_evidence_only,large_distance,in_hand,main,person_subject,object_first
in_hand__name_0__obj_book__physical_placement__person_first,in_hand__name_0__obj_book__physical_placement__person_first__far_direct_far,far_evidence_only,direct_far,in_hand,main,object_subject,person_first
in_hand__name_0__obj_book__physical_placement__person_first,in_hand__name_0__obj_book__physical_placement__person_first__far_synonym_distant,far_evidence_only,synonym_distant,in_hand,main,object_subject,person_first
in_hand__name_0__obj_book__physical_placement__person_first,in_hand__name_0__obj_book__physical_placement__person_first__far_large_distance,far_evidence_only,large_distance,in_hand,main,object_subject,person_first
in_hand__name_0__obj_book__physical_placement__object_first,in_hand__name_0__obj_book__physical_placement__object_first__far_direct_far,far_evidence_only,direct_far,in_hand,main,object_subject,object_first
in_hand__name_0__obj_book__physical_placement__object_first,in_hand__name_0__obj_book__physical_placement__object_first__far_synonym_distant,far_evidence_only,synonym_distant,in_hand,main,object_subject,object_first
in_hand__name_0__obj_book__physical_placement__object_first,in_hand__name_0__obj_book__physical_placement__object_first__far_large_distance,far_evidence_only,large_distance,in_hand,main,object_subject,object_first
in_hand__name_0__obj_book__physical_placement_fronted__person_first,in_hand__name_0__obj_book__physical_placement_fronted__person_first__far_direct_far,far_evidence_only,direct_far,in_hand,main,fronted_location,person_first
in_hand__name_0__obj_book__physical_placement_fronted__person_first,in_hand__name_0__obj_book__physical_placement_fronted__person_first__far_synonym_distant,far_evidence_only,synonym_distant,in_hand,main,fronted_location,person_first
in_hand__name_0__obj_book__physical_placement_fronted__person_first,in_hand__name_0__obj_book__physical_placement_fronted__person_first__far_large_distance,far_evidence_only,large_distance,in_hand,main,fronted_location,person_first
in_hand__name_0__obj_book__physical_placement_fronted__object_first,in_hand__name_0__obj_book__physical_placement_fronted__object_first__far_direct_far,far_evidence_only,direct_far,in_hand,main,fronted_location,object_first
in_hand__name_0__obj_book__physical_placement_fronted__object_first,in_hand__name_0__obj_book__physical_placement_fronted__object_first__far_synonym_distant,far_evidence_only,synonym_distant,in_hand,main,fronted_location,object_first
in_hand__name_0__obj_book__physical_placement_fronted__object_first,in_hand__name_0__obj_book__physical_placement_fronted__object_first__far_large_distance,far_evidence_only,large_distance,in_hand,main,fronted_location,object_first
in_hand__name_0__obj_book__physical_placement_person_subject__person_first,in_hand__name_0__obj_book__physical_placement_person_subject__person_first__far_direct_far,far_evidence_only,direct_far,in_hand,main,person_subject,person_first
in_hand__name_0__obj_book__physical_placement_person_subject__person_first,in_hand__name_0__obj_book__physical_placement_person_subject__person_first__far_synonym_distant,far_evidence_only,synonym_distant,in_hand,main,person_subject,person_first
in_hand__name_0__obj_book__physical_placement_person_subject__person_first,in_hand__name_0__obj_book__physical_placement_person_subject__person_first__far_large_distance,far_evidence_only,large_distance,in_hand,main,person_subject,person_first
in_hand__name_0__obj_book__physical_placement_person_subject__object_first,in_hand__name_0__obj_book__physical_placement_person_subject__object_first__far_direct_far,far_evidence_only,direct_far,in_hand,main,person_subject,object_first
in_hand__name_0__obj_book__physical_placement_person_subject__object_first,in_hand__name_0__obj_book__physical_placement_person_subject__object_first__far_synonym_distant,far_evidence_only,synonym_distant,in_hand,main,person_subject,object_first
in_hand__name_0__obj_book__physical_placement_person_subject__object_first,in_hand__name_0__obj_book__physical_placement_person_subject__object_first__far_large_distance,far_evidence_only,large_distance,in_hand,main,person_subject,object_first
in_hand__name_1__obj_ball__physical_placement__person_first,in_hand__name_1__obj_ball__physical_placement__person_first__far_direct_far,far_evidence_only,direct_far,in_hand,main,object_subject,person_first
in_hand__name_1__obj_ball__physical_placement__person_first,in_hand__name_1__obj_ball__physical_placement__person_first__far_synonym_distant,far_evidence_only,synonym_distant,in_hand,main,object_subject,person_first
in_hand__name_1__obj_ball__physical_placement__person_first,in_hand__name_1__obj_ball__physical_placement__person_first__far_large_distance,far_evidence_only,large_distance,in_hand,main,object_subject,person_first
in_hand__name_1__obj_ball__physical_placement__object_first,in_hand__name_1__obj_ball__physical_placement__object_first__far_direct_far,far_evidence_only,direct_far,in_hand,main,object_subject,object_first
in_hand__name_1__obj_ball__physical_placement__object_first,in_hand__name_1__obj_ball__physical_placement__object_first__far_synonym_distant,far_evidence_only,synonym_distant,in_hand,main,object_subject,object_first
in_hand__name_1__obj_ball__physical_placement__object_first,in_hand__name_1__obj_ball__physical_placement__object_first__far_large_distance,far_evidence_only,large_distance,in_hand,main,object_subject,object_first
in_hand__name_1__obj_ball__physical_placement_fronted__person_first,in_hand__name_1__obj_ball__physical_placement_fronted__person_first__far_direct_far,far_evidence_only,direct_far,in_hand,main,fronted_location,person_first
in_hand__name_1__obj_ball__physical_placement_fronted__person_first,in_hand__name_1__obj_ball__physical_placement_fronted__person_first__far_synonym_distant,far_evidence_only,synonym_distant,in_hand,main,fronted_location,person_first
in_hand__name_1__obj_ball__physical_placement_fronted__person_first,in_hand__name_1__obj_ball__physical_placement_fronted__person_first__far_large_distance,far_evidence_only,large_distance,in_hand,main,fronted_location,person_first
in_hand__name_1__obj_ball__physical_placement_fronted__object_first,in_hand__name_1__obj_ball__physical_placement_fronted__object_first__far_direct_far,far_evidence_only,direct_far,in_hand,main,fronted_location,object_first
in_hand__name_1__obj_ball__physical_placement_fronted__object_first,in_hand__name_1__obj_ball__physical_placement_fronted__object_first__far_synonym_distant,far_evidence_only,synonym_distant,in_hand,main,fronted_location,object_first
in_hand__name_1__obj_ball__physical_placement_fronted__object_first,in_hand__name_1__obj_ball__physical_placement_fronted__object_first__far_large_distance,far_evidence_only,large_distance,in_hand,main,fronted_location,object_first
in_hand__name_1__obj_ball__physical_placement_person_subject__person_first,in_hand__name_1__obj_ball__physical_placement_person_subject__person_first__far_direct_far,far_evidence_only,direct_far,in_hand,main,person_subject,person_first
in_hand__name_1__obj_ball__physical_placement_person_subject__person_first,in_hand__name_1__obj_ball__physical_placement_person_subject__person_first__far_synonym_distant,far_evidence_only,synonym_distant,in_hand,main,person_subject,person_first
in_hand__name_1__obj_ball__physical_placement_person_subject__person_first,in_hand__name_1__obj_ball__physical_placement_person_subject__person_first__far_large_distance,far_evidence_only,large_distance,in_hand,main,person_subject,person_first
in_hand__name_1__obj_ball__physical_placement_person_subject__object_first,in_hand__name_1__obj_ball__physical_placement_person_subject__object_first__far_direct_far,far_evidence_only,direct_far,in_hand,main,person_subject,object_first
in_hand__name_1__obj_ball__physical_placement_person_subject__object_first,in_hand__name_1__obj_ball__physical_placement_person_subject__object_first__far_synonym_distant,far_evidence_only,synonym_distant,in_hand,main,person_subject,object_first
in_hand__name_1__obj_ball__physical_placement_person_subject__object_first,in_hand__name_1__obj_ball__physical_placement_person_subject__object_first__far_large_distance,far_evidence_only,large_distance,in_hand,main,person_subject,object_first
in_hand__name_1__obj_cup__physical_placement__person_first,in_hand__name_1__obj_cup__physical_placement__person_first__far_direct_far,far_evidence_only,direct_far,in_hand,main,object_subject,person_first
in_hand__name_1__obj_cup__physical_placement__person_first,in_hand__name_1__obj_cup__physical_placement__person_first__far_synonym_distant,far_evidence_only,synonym_distant,in_hand,main,object_subject,person_first
in_hand__name_1__obj_cup__physical_placement__person_first,in_hand__name_1__obj_cup__physical_placement__person_first__far_large_distance,far_evidence_only,large_distance,in_hand,main,object_subject,person_first
in_hand__name_1__obj_cup__physical_placement__object_first,in_hand__name_1__obj_cup__physical_placement__object_first__far_direct_far,far_evidence_only,direct_far,in_hand,main,object_subject,object_first
in_hand__name_1__obj_cup__physical_placement__object_first,in_hand__name_1__obj_cup__physical_placement__object_first__far_synonym_distant,far_evidence_only,synonym_distant,in_hand,main,object_subject,object_first
in_hand__name_1__obj_cup__physical_placement__object_first,in_hand__name_1__obj_cup__physical_placement__object_first__far_large_distance,far_evidence_only,large_distance,in_hand,main,object_subject,object_first
in_hand__name_1__obj_cup__physical_placement_fronted__person_first,in_hand__name_1__obj_cup__physical_placement_fronted__person_first__far_direct_far,far_evidence_only,direct_far,in_hand,main,fronted_location,person_first
in_hand__name_1__obj_cup__physical_placement_fronted__person_first,in_hand__name_1__obj_cup__physical_placement_fronted__person_first__far_synonym_distant,far_evidence_only,synonym_distant,in_hand,main,fronted_location,person_first
in_hand__name_1__obj_cup__physical_placement_fronted__person_first,in_hand__name_1__obj_cup__physical_placement_fronted__person_first__far_large_distance,far_evidence_only,large_distance,in_hand,main,fronted_location,person_first
in_hand__name_1__obj_cup__physical_placement_fronted__object_first,in_hand__name_1__obj_cup__physical_placement_fronted__object_first__far_direct_far,far_evidence_only,direct_far,in_hand,main,fronted_location,object_first
in_hand__name_1__obj_cup__physical_placement_fronted__object_first,in_hand__name_1__obj_cup__physical_placement_fronted__object_first__far_synonym_distant,far_evidence_only,synonym_distant,in_hand,main,fronted_location,object_first
in_hand__name_1__obj_cup__physical_placement_fronted__object_first,in_hand__name_1__obj_cup__physical_placement_fronted__object_first__far_large_distance,far_evidence_only,large_distance,in_hand,main,fronted_location,object_first
in_hand__name_1__obj_cup__physical_placement_person_subject__person_first,in_hand__name_1__obj_cup__physical_placement_person_subject__person_first__far_direct_far,far_evidence_only,direct_far,in_hand,main,person_subject,person_first
in_hand__name_1__obj_cup__physical_placement_person_subject__person_first,in_hand__name_1__obj_cup__physical_placement_person_subject__person_first__far_synonym_distant,far_evidence_only,synonym_distant,in_hand,main,person_subject,person_first
in_hand__name_1__obj_cup__physical_placement_person_subject__person_first,in_hand__name_1__obj_cup__physical_placement_person_subject__person_first__far_large_distance,far_evidence_only,large_distance,in_hand,main,person_subject,person_first
in_hand__name_1__obj_cup__physical_placement_person_subject__object_first,in_hand__name_1__obj_cup__physical_placement_person_subject__object_first__far_direct_far,far_evidence_only,direct_far,in_hand,main,person_subject,object_first
in_hand__name_1__obj_cup__physical_placement_person_subject__object_first,in_hand__name_1__obj_cup__physical_placement_person_subject__object_first__far_synonym_distant,far_evidence_only,synonym_distant,in_hand,main,person_subject,object_first
in_hand__name_1__obj_cup__physical_placement_person_subject__object_first,in_hand__name_1__obj_cup__physical_placement_person_subject__object_first__far_large_distance,far_evidence_only,large_distance,in_hand,main,person_subject,object_first
in_hand__name_1__obj_key__physical_placement__person_first,in_hand__name_1__obj_key__physical_placement__person_first__far_direct_far,far_evidence_only,direct_far,in_hand,main,object_subject,person_first
in_hand__name_1__obj_key__physical_placement__person_first,in_hand__name_1__obj_key__physical_placement__person_first__far_synonym_distant,far_evidence_only,synonym_distant,in_hand,main,object_subject,person_first
in_hand__name_1__obj_key__physical_placement__person_first,in_hand__name_1__obj_key__physical_placement__person_first__far_large_distance,far_evidence_only,large_distance,in_hand,main,object_subject,person_first
in_hand__name_1__obj_key__physical_placement__object_first,in_hand__name_1__obj_key__physical_placement__object_first__far_direct_far,far_evidence_only,direct_far,in_hand,main,object_subject,object_first
in_hand__name_1__obj_key__physical_placement__object_first,in_hand__name_1__obj_key__physical_placement__object_first__far_synonym_distant,far_evidence_only,synonym_distant,in_hand,main,object_subject,object_first
in_hand__name_1__obj_key__physical_placement__object_first,in_hand__name_1__obj_key__physical_placement__object_first__far_large_distance,far_evidence_only,large_distance,in_hand,main,object_subject,object_first
in_hand__name_1__obj_key__physical_placement_fronted__person_first,in_hand__name_1__obj_key__physical_placement_fronted__person_first__far_direct_far,far_evidence_only,direct_far,in_hand,main,fronted_location,person_first
in_hand__name_1__obj_key__physical_placement_fronted__person_first,in_hand__name_1__obj_key__physical_placement_fronted__person_first__far_synonym_distant,far_evidence_only,synonym_distant,in_hand,main,fronted_location,person_first
in_hand__name_1__obj_key__physical_placement_fronted__person_first,in_hand__name_1__obj_key__physical_placement_fronted__person_first__far_large_distance,far_evidence_only,large_distance,in_hand,main,fronted_location,person_first
in_hand__name_1__obj_key__physical_placement_fronted__object_first,in_hand__name_1__obj_key__physical_placement_fronted__object_first__far_direct_far,far_evidence_only,direct_far,in_hand,main,fronted_location,object_first
in_hand__name_1__obj_key__physical_placement_fronted__object_first,in_hand__name_1__obj_key__physical_placement_fronted__object_first__far_synonym_distant,far_evidence_only,synonym_distant,in_hand,main,fronted_location,object_first
in_hand__name_1__obj_key__physical_placement_fronted__object_first,in_hand__name_1__obj_key__physical_placement_fronted__object_first__far_large_distance,far_evidence_only,large_distance,in_hand,main,fronted_location,object_first
in_hand__name_1__obj_key__physical_placement_person_subject__person_first,in_hand__name_1__obj_key__physical_placement_person_subject__person_first__far_direct_far,far_evidence_only,direct_far,in_hand,main,person_subject,person_first
in_hand__name_1__obj_key__physical_placement_person_subject__person_first,in_hand__name_1__obj_key__physical_placement_person_subject__person_first__far_synonym_distant,far_evidence_only,synonym_distant,in_hand,main,person_subject,person_first
in_hand__name_1__obj_key__physical_placement_person_subject__person_first,in_hand__name_1__obj_key__physical_placement_person_subject__person_first__far_large_distance,far_evidence_only,large_distance,in_hand,main,person_subject,person_first
in_hand__name_1__obj_key__physical_placement_person_subject__object_first,in_hand__name_1__obj_key__physical_placement_person_subject__object_first__far_direct_far,far_evidence_only,direct_far,in_hand,main,person_subject,object_first
in_hand__name_1__obj_key__physical_placement_person_subject__object_first,in_hand__name_1__obj_key__physical_placement_person_subject__object_first__far_synonym_distant,far_evidence_only,synonym_distant,in_hand,main,person_subject,object_first
in_hand__name_1__obj_key__physical_placement_person_subject__object_first,in_hand__name_1__obj_key__physical_placement_person_subject__object_first__far_large_distance,far_evidence_only,large_distance,in_hand,main,person_subject,object_first
in_hand__name_1__obj_book__physical_placement__person_first,in_hand__name_1__obj_book__physical_placement__person_first__far_direct_far,far_evidence_only,direct_far,in_hand,main,object_subject,person_first
in_hand__name_1__obj_book__physical_placement__person_first,in_hand__name_1__obj_book__physical_placement__person_first__far_synonym_distant,far_evidence_only,synonym_distant,in_hand,main,object_subject,person_first
in_hand__name_1__obj_book__physical_placement__person_first,in_hand__name_1__obj_book__physical_placement__person_first__far_large_distance,far_evidence_only,large_distance,in_hand,main,object_subject,person_first
in_hand__name_1__obj_book__physical_placement__object_first,in_hand__name_1__obj_book__physical_placement__object_first__far_direct_far,far_evidence_only,direct_far,in_hand,main,object_subject,object_first
in_hand__name_1__obj_book__physical_placement__object_first,in_hand__name_1__obj_book__physical_placement__object_first__far_synonym_distant,far_evidence_only,synonym_distant,in_hand,main,object_subject,object_first
in_hand__name_1__obj_book__physical_placement__object_first,in_hand__name_1__obj_book__physical_placement__object_first__far_large_distance,far_evidence_only,large_distance,in_hand,main,object_subject,object_first
in_hand__name_1__obj_book__physical_placement_fronted__person_first,in_hand__name_1__obj_book__physical_placement_fronted__person_first__far_direct_far,far_evidence_only,direct_far,in_hand,main,fronted_location,person_first
in_hand__name_1__obj_book__physical_placement_fronted__person_first,in_hand__name_1__obj_book__physical_placement_fronted__person_first__far_synonym_distant,far_evidence_only,synonym_distant,in_hand,main,fronted_location,person_first
in_hand__name_1__obj_book__physical_placement_fronted__person_first,in_hand__name_1__obj_book__physical_placement_fronted__person_first__far_large_distance,far_evidence_only,large_distance,in_hand,main,fronted_location,person_first
in_hand__name_1__obj_book__physical_placement_fronted__object_first,in_hand__name_1__obj_book__physical_placement_fronted__object_first__far_direct_far,far_evidence_only,direct_far,in_hand,main,fronted_location,object_first
in_hand__name_1__obj_book__physical_placement_fronted__object_first,in_hand__name_1__obj_book__physical_placement_fronted__object_first__far_synonym_distant,far_evidence_only,synonym_distant,in_hand,main,fronted_location,object_first
in_hand__name_1__obj_book__physical_placement_fronted__object_first,in_hand__name_1__obj_book__physical_placement_fronted__object_first__far_large_distance,far_evidence_only,large_distance,in_hand,main,fronted_location,object_first
in_hand__name_1__obj_book__physical_placement_person_subject__person_first,in_hand__name_1__obj_book__physical_placement_person_subject__person_first__far_direct_far,far_evidence_only,direct_far,in_hand,main,person_subject,person_first
in_hand__name_1__obj_book__physical_placement_person_subject__person_first,in_hand__name_1__obj_book__physical_placement_person_subject__person_first__far_synonym_distant,far_evidence_only,synonym_distant,in_hand,main,person_subject,person_first
in_hand__name_1__obj_book__physical_placement_person_subject__person_first,in_hand__name_1__obj_book__physical_placement_person_subject__person_first__far_large_distance,far_evidence_only,large_distance,in_hand,main,person_subject,person_first
in_hand__name_1__obj_book__physical_placement_person_subject__object_first,in_hand__name_1__obj_book__physical_placement_person_subject__object_first__far_direct_far,far_evidence_only,direct_far,in_hand,main,person_subject,object_first
in_hand__name_1__obj_book__physical_placement_person_subject__object_first,in_hand__name_1__obj_book__physical_placement_person_subject__object_first__far_synonym_distant,far_evidence_only,synonym_distant,in_hand,main,person_subject,object_first
in_hand__name_1__obj_book__physical_placement_person_subject__object_first,in_hand__name_1__obj_book__physical_placement_person_subject__object_first__far_large_distance,far_evidence_only,large_distance,in_hand,main,person_subject,object_first
in_hand__name_2__obj_ball__physical_placement__person_first,in_hand__name_2__obj_ball__physical_placement__person_first__far_direct_far,far_evidence_only,direct_far,in_hand,main,object_subject,person_first
in_hand__name_2__obj_ball__physical_placement__person_first,in_hand__name_2__obj_ball__physical_placement__person_first__far_synonym_distant,far_evidence_only,synonym_distant,in_hand,main,object_subject,person_first
in_hand__name_2__obj_ball__physical_placement__person_first,in_hand__name_2__obj_ball__physical_placement__person_first__far_large_distance,far_evidence_only,large_distance,in_hand,main,object_subject,person_first
in_hand__name_2__obj_ball__physical_placement__object_first,in_hand__name_2__obj_ball__physical_placement__object_first__far_direct_far,far_evidence_only,direct_far,in_hand,main,object_subject,object_first
in_hand__name_2__obj_ball__physical_placement__object_first,in_hand__name_2__obj_ball__physical_placement__object_first__far_synonym_distant,far_evidence_only,synonym_distant,in_hand,main,object_subject,object_first
in_hand__name_2__obj_ball__physical_placement__object_first,in_hand__name_2__obj_ball__physical_placement__object_first__far_large_distance,far_evidence_only,large_distance,in_hand,main,object_subject,object_first
in_hand__name_2__obj_ball__physical_placement_fronted__person_first,in_hand__name_2__obj_ball__physical_placement_fronted__person_first__far_direct_far,far_evidence_only,direct_far,in_hand,main,fronted_location,person_first
in_hand__name_2__obj_ball__physical_placement_fronted__person_first,in_hand__name_2__obj_ball__physical_placement_fronted__person_first__far_synonym_distant,far_evidence_only,synonym_distant,in_hand,main,fronted_location,person_first
in_hand__name_2__obj_ball__physical_placement_fronted__person_first,in_hand__name_2__obj_ball__physical_placement_fronted__person_first__far_large_distance,far_evidence_only,large_distance,in_hand,main,fronted_location,person_first
in_hand__name_2__obj_ball__physical_placement_fronted__object_first,in_hand__name_2__obj_ball__physical_placement_fronted__object_first__far_direct_far,far_evidence_only,direct_far,in_hand,main,fronted_location,object_first
in_hand__name_2__obj_ball__physical_placement_fronted__object_first,in_hand__name_2__obj_ball__physical_placement_fronted__object_first__far_synonym_distant,far_evidence_only,synonym_distant,in_hand,main,fronted_location,object_first
in_hand__name_2__obj_ball__physical_placement_fronted__object_first,in_hand__name_2__obj_ball__physical_placement_fronted__object_first__far_large_distance,far_evidence_only,large_distance,in_hand,main,fronted_location,object_first
in_hand__name_2__obj_ball__physical_placement_person_subject__person_first,in_hand__name_2__obj_ball__physical_placement_person_subject__person_first__far_direct_far,far_evidence_only,direct_far,in_hand,main,person_subject,person_first
in_hand__name_2__obj_ball__physical_placement_person_subject__person_first,in_hand__name_2__obj_ball__physical_placement_person_subject__person_first__far_synonym_distant,far_evidence_only,synonym_distant,in_hand,main,person_subject,person_first
in_hand__name_2__obj_ball__physical_placement_person_subject__person_first,in_hand__name_2__obj_ball__physical_placement_person_subject__person_first__far_large_distance,far_evidence_only,large_distance,in_hand,main,person_subject,person_first
in_hand__name_2__obj_ball__physical_placement_person_subject__object_first,in_hand__name_2__obj_ball__physical_placement_person_subject__object_first__far_direct_far,far_evidence_only,direct_far,in_hand,main,person_subject,object_first
in_hand__name_2__obj_ball__physical_placement_person_subject__object_first,in_hand__name_2__obj_ball__physical_placement_person_subject__object_first__far_synonym_distant,far_evidence_only,synonym_distant,in_hand,main,person_subject,object_first
in_hand__name_2__obj_ball__physical_placement_person_subject__object_first,in_hand__name_2__obj_ball__physical_placement_person_subject__object_first__far_large_distance,far_evidence_only,large_distance,in_hand,main,person_subject,object_first
in_hand__name_2__obj_cup__physical_placement__person_first,in_hand__name_2__obj_cup__physical_placement__person_first__far_direct_far,far_evidence_only,direct_far,in_hand,main,object_subject,person_first
in_hand__name_2__obj_cup__physical_placement__person_first,in_hand__name_2__obj_cup__physical_placement__person_first__far_synonym_distant,far_evidence_only,synonym_distant,in_hand,main,object_subject,person_first
in_hand__name_2__obj_cup__physical_placement__person_first,in_hand__name_2__obj_cup__physical_placement__person_first__far_large_distance,far_evidence_only,large_distance,in_hand,main,object_subject,person_first
in_hand__name_2__obj_cup__physical_placement__object_first,in_hand__name_2__obj_cup__physical_placement__object_first__far_direct_far,far_evidence_only,direct_far,in_hand,main,object_subject,object_first
in_hand__name_2__obj_cup__physical_placement__object_first,in_hand__name_2__obj_cup__physical_placement__object_first__far_synonym_distant,far_evidence_only,synonym_distant,in_hand,main,object_subject,object_first
in_hand__name_2__obj_cup__physical_placement__object_first,in_hand__name_2__obj_cup__physical_placement__object_first__far_large_distance,far_evidence_only,large_distance,in_hand,main,object_subject,object_first
in_hand__name_2__obj_cup__physical_placement_fronted__person_first,in_hand__name_2__obj_cup__physical_placement_fronted__person_first__far_direct_far,far_evidence_only,direct_far,in_hand,main,fronted_location,person_first
in_hand__name_2__obj_cup__physical_placement_fronted__person_first,in_hand__name_2__obj_cup__physical_placement_fronted__person_first__far_synonym_distant,far_evidence_only,synonym_distant,in_hand,main,fronted_location,person_first
in_hand__name_2__obj_cup__physical_placement_fronted__person_first,in_hand__name_2__obj_cup__physical_placement_fronted__person_first__far_large_distance,far_evidence_only,large_distance,in_hand,main,fronted_location,person_first
in_hand__name_2__obj_cup__physical_placement_fronted__object_first,in_hand__name_2__obj_cup__physical_placement_fronted__object_first__far_direct_far,far_evidence_only,direct_far,in_hand,main,fronted_location,object_first
in_hand__name_2__obj_cup__physical_placement_fronted__object_first,in_hand__name_2__obj_cup__physical_placement_fronted__object_first__far_synonym_distant,far_evidence_only,synonym_distant,in_hand,main,fronted_location,object_first
in_hand__name_2__obj_cup__physical_placement_fronted__object_first,in_hand__name_2__obj_cup__physical_placement_fronted__object_first__far_large_distance,far_evidence_only,large_distance,in_hand,main,fronted_location,object_first
in_hand__name_2__obj_cup__physical_placement_person_subject__person_first,in_hand__name_2__obj_cup__physical_placement_person_subject__person_first__far_direct_far,far_evidence_only,direct_far,in_hand,main,person_subject,person_first
in_hand__name_2__obj_cup__physical_placement_person_subject__person_first,in_hand__name_2__obj_cup__physical_placement_person_subject__person_first__far_synonym_distant,far_evidence_only,synonym_distant,in_hand,main,person_subject,person_first
in_hand__name_2__obj_cup__physical_placement_person_subject__person_first,in_hand__name_2__obj_cup__physical_placement_person_subject__person_first__far_large_distance,far_evidence_only,large_distance,in_hand,main,person_subject,person_first
in_hand__name_2__obj_cup__physical_placement_person_subject__object_first,in_hand__name_2__obj_cup__physical_placement_person_subject__object_first__far_direct_far,far_evidence_only,direct_far,in_hand,main,person_subject,object_first
in_hand__name_2__obj_cup__physical_placement_person_subject__object_first,in_hand__name_2__obj_cup__physical_placement_person_subject__object_first__far_synonym_distant,far_evidence_only,synonym_distant,in_hand,main,person_subject,object_first
in_hand__name_2__obj_cup__physical_placement_person_subject__object_first,in_hand__name_2__obj_cup__physical_placement_person_subject__object_first__far_large_distance,far_evidence_only,large_distance,in_hand,main,person_subject,object_first
in_hand__name_2__obj_key__physical_placement__person_first,in_hand__name_2__obj_key__physical_placement__person_first__far_direct_far,far_evidence_only,direct_far,in_hand,main,object_subject,person_first
in_hand__name_2__obj_key__physical_placement__person_first,in_hand__name_2__obj_key__physical_placement__person_first__far_synonym_distant,far_evidence_only,synonym_distant,in_hand,main,object_subject,person_first
in_hand__name_2__obj_key__physical_placement__person_first,in_hand__name_2__obj_key__physical_placement__person_first__far_large_distance,far_evidence_only,large_distance,in_hand,main,object_subject,person_first
in_hand__name_2__obj_key__physical_placement__object_first,in_hand__name_2__obj_key__physical_placement__object_first__far_direct_far,far_evidence_only,direct_far,in_hand,main,object_subject,object_first
in_hand__name_2__obj_key__physical_placement__object_first,in_hand__name_2__obj_key__physical_placement__object_first__far_synonym_distant,far_evidence_only,synonym_distant,in_hand,main,object_subject,object_first
in_hand__name_2__obj_key__physical_placement__object_first,in_hand__name_2__obj_key__physical_placement__object_first__far_large_distance,far_evidence_only,large_distance,in_hand,main,object_subject,object_first
in_hand__name_2__obj_key__physical_placement_fronted__person_first,in_hand__name_2__obj_key__physical_placement_fronted__person_first__far_direct_far,far_evidence_only,direct_far,in_hand,main,fronted_location,person_first
in_hand__name_2__obj_key__physical_placement_fronted__person_first,in_hand__name_2__obj_key__physical_placement_fronted__person_first__far_synonym_distant,far_evidence_only,synonym_distant,in_hand,main,fronted_location,person_first
in_hand__name_2__obj_key__physical_placement_fronted__person_first,in_hand__name_2__obj_key__physical_placement_fronted__person_first__far_large_distance,far_evidence_only,large_distance,in_hand,main,fronted_location,person_first
in_hand__name_2__obj_key__physical_placement_fronted__object_first,in_hand__name_2__obj_key__physical_placement_fronted__object_first__far_direct_far,far_evidence_only,direct_far,in_hand,main,fronted_location,object_first
in_hand__name_2__obj_key__physical_placement_fronted__object_first,in_hand__name_2__obj_key__physical_placement_fronted__object_first__far_synonym_distant,far_evidence_only,synonym_distant,in_hand,main,fronted_location,object_first
in_hand__name_2__obj_key__physical_placement_fronted__object_first,in_hand__name_2__obj_key__physical_placement_fronted__object_first__far_large_distance,far_evidence_only,large_distance,in_hand,main,fronted_location,object_first
in_hand__name_2__obj_key__physical_placement_person_subject__person_first,in_hand__name_2__obj_key__physical_placement_person_subject__person_first__far_direct_far,far_evidence_only,direct_far,in_hand,main,person_subject,person_first
in_hand__name_2__obj_key__physical_placement_person_subject__person_first,in_hand__name_2__obj_key__physical_placement_person_subject__person_first__far_synonym_distant,far_evidence_only,synonym_distant,in_hand,main,person_subject,person_first
in_hand__name_2__obj_key__physical_placement_person_subject__person_first,in_hand__name_2__obj_key__physical_placement_person_subject__person_first__far_large_distance,far_evidence_only,large_distance,in_hand,main,person_subject,person_first
in_hand__name_2__obj_key__physical_placement_person_subject__object_first,in_hand__name_2__obj_key__physical_placement_person_subject__object_first__far_direct_far,far_evidence_only,direct_far,in_hand,main,person_subject,object_first
in_hand__name_2__obj_key__physical_placement_person_subject__object_first,in_hand__name_2__obj_key__physical_placement_person_subject__object_first__far_synonym_distant,far_evidence_only,synonym_distant,in_hand,main,person_subject,object_first
in_hand__name_2__obj_key__physical_placement_person_subject__object_first,in_hand__name_2__obj_key__physical_placement_person_subject__object_first__far_large_distance,far_evidence_only,large_distance,in_hand,main,person_subject,object_first
in_hand__name_2__obj_book__physical_placement__person_first,in_hand__name_2__obj_book__physical_placement__person_first__far_direct_far,far_evidence_only,direct_far,in_hand,main,object_subject,person_first
in_hand__name_2__obj_book__physical_placement__person_first,in_hand__name_2__obj_book__physical_placement__person_first__far_synonym_distant,far_evidence_only,synonym_distant,in_hand,main,object_subject,person_first
in_hand__name_2__obj_book__physical_placement__person_first,in_hand__name_2__obj_book__physical_placement__person_first__far_large_distance,far_evidence_only,large_distance,in_hand,main,object_subject,person_first
in_hand__name_2__obj_book__physical_placement__object_first,in_hand__name_2__obj_book__physical_placement__object_first__far_direct_far,far_evidence_only,direct_far,in_hand,main,object_subject,object_first
in_hand__name_2__obj_book__physical_placement__object_first,in_hand__name_2__obj_book__physical_placement__object_first__far_synonym_distant,far_evidence_only,synonym_distant,in_hand,main,object_subject,object_first
in_hand__name_2__obj_book__physical_placement__object_first,in_hand__name_2__obj_book__physical_placement__object_first__far_large_distance,far_evidence_only,large_distance,in_hand,main,object_subject,object_first
in_hand__name_2__obj_book__physical_placement_fronted__person_first,in_hand__name_2__obj_book__physical_placement_fronted__person_first__far_direct_far,far_evidence_only,direct_far,in_hand,main,fronted_location,person_first
in_hand__name_2__obj_book__physical_placement_fronted__person_first,in_hand__name_2__obj_book__physical_placement_fronted__person_first__far_synonym_distant,far_evidence_only,synonym_distant,in_hand,main,fronted_location,person_first
in_hand__name_2__obj_book__physical_placement_fronted__person_first,in_hand__name_2__obj_book__physical_placement_fronted__person_first__far_large_distance,far_evidence_only,large_distance,in_hand,main,fronted_location,person_first
in_hand__name_2__obj_book__physical_placement_fronted__object_first,in_hand__name_2__obj_book__physical_placement_fronted__object_first__far_direct_far,far_evidence_only,direct_far,in_hand,main,fronted_location,object_first
in_hand__name_2__obj_book__physical_placement_fronted__object_first,in_hand__name_2__obj_book__physical_placement_fronted__object_first__far_synonym_distant,far_evidence_only,synonym_distant,in_hand,main,fronted_location,object_first
in_hand__name_2__obj_book__physical_placement_fronted__object_first,in_hand__name_2__obj_book__physical_placement_fronted__object_first__far_large_distance,far_evidence_only,large_distance,in_hand,main,fronted_location,object_first
in_hand__name_2__obj_book__physical_placement_person_subject__person_first,in_hand__name_2__obj_book__physical_placement_person_subject__person_first__far_direct_far,far_evidence_only,direct_far,in_hand,main,person_subject,person_first
in_hand__name_2__obj_book__physical_placement_person_subject__person_first,in_hand__name_2__obj_book__physical_placement_person_subject__person_first__far_synonym_distant,far_evidence_only,synonym_distant,in_hand,main,person_subject,person_first
in_hand__name_2__obj_book__physical_placement_person_subject__person_first,in_hand__name_2__obj_book__physical_placement_person_subject__person_first__far_large_distance,far_evidence_only,large_distance,in_hand,main,person_subject,person_first
in_hand__name_2__obj_book__physical_placement_person_subject__object_first,in_hand__name_2__obj_book__physical_placement_person_subject__object_first__far_direct_far,far_evidence_only,direct_far,in_hand,main,person_subject,object_first
in_hand__name_2__obj_book__physical_placement_person_subject__object_first,in_hand__name_2__obj_book__physical_placement_person_subject__object_first__far_synonym_distant,far_evidence_only,synonym_distant,in_hand,main,person_subject,object_first
in_hand__name_2__obj_book__physical_placement_person_subject__object_first,in_hand__name_2__obj_book__physical_placement_person_subject__object_first__far_large_distance,far_evidence_only,large_distance,in_hand,main,person_subject,object_first
in_hand__name_3__obj_ball__physical_placement__person_first,in_hand__name_3__obj_ball__physical_placement__person_first__far_direct_far,far_evidence_only,direct_far,in_hand,main,object_subject,person_first
in_hand__name_3__obj_ball__physical_placement__person_first,in_hand__name_3__obj_ball__physical_placement__person_first__far_synonym_distant,far_evidence_only,synonym_distant,in_hand,main,object_subject,person_first
in_hand__name_3__obj_ball__physical_placement__person_first,in_hand__name_3__obj_ball__physical_placement__person_first__far_large_distance,far_evidence_only,large_distance,in_hand,main,object_subject,person_first
in_hand__name_3__obj_ball__physical_placement__object_first,in_hand__name_3__obj_ball__physical_placement__object_first__far_direct_far,far_evidence_only,direct_far,in_hand,main,object_subject,object_first
in_hand__name_3__obj_ball__physical_placement__object_first,in_hand__name_3__obj_ball__physical_placement__object_first__far_synonym_distant,far_evidence_only,synonym_distant,in_hand,main,object_subject,object_first
in_hand__name_3__obj_ball__physical_placement__object_first,in_hand__name_3__obj_ball__physical_placement__object_first__far_large_distance,far_evidence_only,large_distance,in_hand,main,object_subject,object_first
in_hand__name_3__obj_ball__physical_placement_fronted__person_first,in_hand__name_3__obj_ball__physical_placement_fronted__person_first__far_direct_far,far_evidence_only,direct_far,in_hand,main,fronted_location,person_first
in_hand__name_3__obj_ball__physical_placement_fronted__person_first,in_hand__name_3__obj_ball__physical_placement_fronted__person_first__far_synonym_distant,far_evidence_only,synonym_distant,in_hand,main,fronted_location,person_first
in_hand__name_3__obj_ball__physical_placement_fronted__person_first,in_hand__name_3__obj_ball__physical_placement_fronted__person_first__far_large_distance,far_evidence_only,large_distance,in_hand,main,fronted_location,person_first
in_hand__name_3__obj_ball__physical_placement_fronted__object_first,in_hand__name_3__obj_ball__physical_placement_fronted__object_first__far_direct_far,far_evidence_only,direct_far,in_hand,main,fronted_location,object_first
in_hand__name_3__obj_ball__physical_placement_fronted__object_first,in_hand__name_3__obj_ball__physical_placement_fronted__object_first__far_synonym_distant,far_evidence_only,synonym_distant,in_hand,main,fronted_location,object_first
in_hand__name_3__obj_ball__physical_placement_fronted__object_first,in_hand__name_3__obj_ball__physical_placement_fronted__object_first__far_large_distance,far_evidence_only,large_distance,in_hand,main,fronted_location,object_first
in_hand__name_3__obj_ball__physical_placement_person_subject__person_first,in_hand__name_3__obj_ball__physical_placement_person_subject__person_first__far_direct_far,far_evidence_only,direct_far,in_hand,main,person_subject,person_first
in_hand__name_3__obj_ball__physical_placement_person_subject__person_first,in_hand__name_3__obj_ball__physical_placement_person_subject__person_first__far_synonym_distant,far_evidence_only,synonym_distant,in_hand,main,person_subject,person_first
in_hand__name_3__obj_ball__physical_placement_person_subject__person_first,in_hand__name_3__obj_ball__physical_placement_person_subject__person_first__far_large_distance,far_evidence_only,large_distance,in_hand,main,person_subject,person_first
in_hand__name_3__obj_ball__physical_placement_person_subject__object_first,in_hand__name_3__obj_ball__physical_placement_person_subject__object_first__far_direct_far,far_evidence_only,direct_far,in_hand,main,person_subject,object_first
in_hand__name_3__obj_ball__physical_placement_person_subject__object_first,in_hand__name_3__obj_ball__physical_placement_person_subject__object_first__far_synonym_distant,far_evidence_only,synonym_distant,in_hand,main,person_subject,object_first
in_hand__name_3__obj_ball__physical_placement_person_subject__object_first,in_hand__name_3__obj_ball__physical_placement_person_subject__object_first__far_large_distance,far_evidence_only,large_distance,in_hand,main,person_subject,object_first
in_hand__name_3__obj_cup__physical_placement__person_first,in_hand__name_3__obj_cup__physical_placement__person_first__far_direct_far,far_evidence_only,direct_far,in_hand,main,object_subject,person_first
in_hand__name_3__obj_cup__physical_placement__person_first,in_hand__name_3__obj_cup__physical_placement__person_first__far_synonym_distant,far_evidence_only,synonym_distant,in_hand,main,object_subject,person_first
in_hand__name_3__obj_cup__physical_placement__person_first,in_hand__name_3__obj_cup__physical_placement__person_first__far_large_distance,far_evidence_only,large_distance,in_hand,main,object_subject,person_first
in_hand__name_3__obj_cup__physical_placement__object_first,in_hand__name_3__obj_cup__physical_placement__object_first__far_direct_far,far_evidence_only,direct_far,in_hand,main,object_subject,object_first
in_hand__name_3__obj_cup__physical_placement__object_first,in_hand__name_3__obj_cup__physical_placement__object_first__far_synonym_distant,far_evidence_only,synonym_distant,in_hand,main,object_subject,object_first
in_hand__name_3__obj_cup__physical_placement__object_first,in_hand__name_3__obj_cup__physical_placement__object_first__far_large_distance,far_evidence_only,large_distance,in_hand,main,object_subject,object_first
in_hand__name_3__obj_cup__physical_placement_fronted__person_first,in_hand__name_3__obj_cup__physical_placement_fronted__person_first__far_direct_far,far_evidence_only,direct_far,in_hand,main,fronted_location,person_first
in_hand__name_3__obj_cup__physical_placement_fronted__person_first,in_hand__name_3__obj_cup__physical_placement_fronted__person_first__far_synonym_distant,far_evidence_only,synonym_distant,in_hand,main,fronted_location,person_first
in_hand__name_3__obj_cup__physical_placement_fronted__person_first,in_hand__name_3__obj_cup__physical_placement_fronted__person_first__far_large_distance,far_evidence_only,large_distance,in_hand,main,fronted_location,person_first
in_hand__name_3__obj_cup__physical_placement_fronted__object_first,in_hand__name_3__obj_cup__physical_placement_fronted__object_first__far_direct_far,far_evidence_only,direct_far,in_hand,main,fronted_location,object_first
in_hand__name_3__obj_cup__physical_placement_fronted__object_first,in_hand__name_3__obj_cup__physical_placement_fronted__object_first__far_synonym_distant,far_evidence_only,synonym_distant,in_hand,main,fronted_location,object_first
in_hand__name_3__obj_cup__physical_placement_fronted__object_first,in_hand__name_3__obj_cup__physical_placement_fronted__object_first__far_large_distance,far_evidence_only,large_distance,in_hand,main,fronted_location,object_first
in_hand__name_3__obj_cup__physical_placement_person_subject__person_first,in_hand__name_3__obj_cup__physical_placement_person_subject__person_first__far_direct_far,far_evidence_only,direct_far,in_hand,main,person_subject,person_first
in_hand__name_3__obj_cup__physical_placement_person_subject__person_first,in_hand__name_3__obj_cup__physical_placement_person_subject__person_first__far_synonym_distant,far_evidence_only,synonym_distant,in_hand,main,person_subject,person_first
in_hand__name_3__obj_cup__physical_placement_person_subject__person_first,in_hand__name_3__obj_cup__physical_placement_person_subject__person_first__far_large_distance,far_evidence_only,large_distance,in_hand,main,person_subject,person_first
in_hand__name_3__obj_cup__physical_placement_person_subject__object_first,in_hand__name_3__obj_cup__physical_placement_person_subject__object_first__far_direct_far,far_evidence_only,direct_far,in_hand,main,person_subject,object_first
in_hand__name_3__obj_cup__physical_placement_person_subject__object_first,in_hand__name_3__obj_cup__physical_placement_person_subject__object_first__far_synonym_distant,far_evidence_only,synonym_distant,in_hand,main,person_subject,object_first
in_hand__name_3__obj_cup__physical_placement_person_subject__object_first,in_hand__name_3__obj_cup__physical_placement_person_subject__object_first__far_large_distance,far_evidence_only,large_distance,in_hand,main,person_subject,object_first
in_hand__name_3__obj_key__physical_placement__person_first,in_hand__name_3__obj_key__physical_placement__person_first__far_direct_far,far_evidence_only,direct_far,in_hand,main,object_subject,person_first
in_hand__name_3__obj_key__physical_placement__person_first,in_hand__name_3__obj_key__physical_placement__person_first__far_synonym_distant,far_evidence_only,synonym_distant,in_hand,main,object_subject,person_first
in_hand__name_3__obj_key__physical_placement__person_first,in_hand__name_3__obj_key__physical_placement__person_first__far_large_distance,far_evidence_only,large_distance,in_hand,main,object_subject,person_first
in_hand__name_3__obj_key__physical_placement__object_first,in_hand__name_3__obj_key__physical_placement__object_first__far_direct_far,far_evidence_only,direct_far,in_hand,main,object_subject,object_first
in_hand__name_3__obj_key__physical_placement__object_first,in_hand__name_3__obj_key__physical_placement__object_first__far_synonym_distant,far_evidence_only,synonym_distant,in_hand,main,object_subject,object_first
in_hand__name_3__obj_key__physical_placement__object_first,in_hand__name_3__obj_key__physical_placement__object_first__far_large_distance,far_evidence_only,large_distance,in_hand,main,object_subject,object_first
in_hand__name_3__obj_key__physical_placement_fronted__person_first,in_hand__name_3__obj_key__physical_placement_fronted__person_first__far_direct_far,far_evidence_only,direct_far,in_hand,main,fronted_location,person_first
in_hand__name_3__obj_key__physical_placement_fronted__person_first,in_hand__name_3__obj_key__physical_placement_fronted__person_first__far_synonym_distant,far_evidence_only,synonym_distant,in_hand,main,fronted_location,person_first
in_hand__name_3__obj_key__physical_placement_fronted__person_first,in_hand__name_3__obj_key__physical_placement_fronted__person_first__far_large_distance,far_evidence_only,large_distance,in_hand,main,fronted_location,person_first
in_hand__name_3__obj_key__physical_placement_fronted__object_first,in_hand__name_3__obj_key__physical_placement_fronted__object_first__far_direct_far,far_evidence_only,direct_far,in_hand,main,fronted_location,object_first
in_hand__name_3__obj_key__physical_placement_fronted__object_first,in_hand__name_3__obj_key__physical_placement_fronted__object_first__far_synonym_distant,far_evidence_only,synonym_distant,in_hand,main,fronted_location,object_first
in_hand__name_3__obj_key__physical_placement_fronted__object_first,in_hand__name_3__obj_key__physical_placement_fronted__object_first__far_large_distance,far_evidence_only,large_distance,in_hand,main,fronted_location,object_first
in_hand__name_3__obj_key__physical_placement_person_subject__person_first,in_hand__name_3__obj_key__physical_placement_person_subject__person_first__far_direct_far,far_evidence_only,direct_far,in_hand,main,person_subject,person_first
in_hand__name_3__obj_key__physical_placement_person_subject__person_first,in_hand__name_3__obj_key__physical_placement_person_subject__person_first__far_synonym_distant,far_evidence_only,synonym_distant,in_hand,main,person_subject,person_first
in_hand__name_3__obj_key__physical_placement_person_subject__person_first,in_hand__name_3__obj_key__physical_placement_person_subject__person_first__far_large_distance,far_evidence_only,large_distance,in_hand,main,person_subject,person_first
in_hand__name_3__obj_key__physical_placement_person_subject__object_first,in_hand__name_3__obj_key__physical_placement_person_subject__object_first__far_direct_far,far_evidence_only,direct_far,in_hand,main,person_subject,object_first
in_hand__name_3__obj_key__physical_placement_person_subject__object_first,in_hand__name_3__obj_key__physical_placement_person_subject__object_first__far_synonym_distant,far_evidence_only,synonym_distant,in_hand,main,person_subject,object_first
in_hand__name_3__obj_key__physical_placement_person_subject__object_first,in_hand__name_3__obj_key__physical_placement_person_subject__object_first__far_large_distance,far_evidence_only,large_distance,in_hand,main,person_subject,object_first
in_hand__name_3__obj_book__physical_placement__person_first,in_hand__name_3__obj_book__physical_placement__person_first__far_direct_far,far_evidence_only,direct_far,in_hand,main,object_subject,person_first
in_hand__name_3__obj_book__physical_placement__person_first,in_hand__name_3__obj_book__physical_placement__person_first__far_synonym_distant,far_evidence_only,synonym_distant,in_hand,main,object_subject,person_first
in_hand__name_3__obj_book__physical_placement__person_first,in_hand__name_3__obj_book__physical_placement__person_first__far_large_distance,far_evidence_only,large_distance,in_hand,main,object_subject,person_first
in_hand__name_3__obj_book__physical_placement__object_first,in_hand__name_3__obj_book__physical_placement__object_first__far_direct_far,far_evidence_only,direct_far,in_hand,main,object_subject,object_first
in_hand__name_3__obj_book__physical_placement__object_first,in_hand__name_3__obj_book__physical_placement__object_first__far_synonym_distant,far_evidence_only,synonym_distant,in_hand,main,object_subject,object_first
in_hand__name_3__obj_book__physical_placement__object_first,in_hand__name_3__obj_book__physical_placement__object_first__far_large_distance,far_evidence_only,large_distance,in_hand,main,object_subject,object_first
in_hand__name_3__obj_book__physical_placement_fronted__person_first,in_hand__name_3__obj_book__physical_placement_fronted__person_first__far_direct_far,far_evidence_only,direct_far,in_hand,main,fronted_location,person_first
in_hand__name_3__obj_book__physical_placement_fronted__person_first,in_hand__name_3__obj_book__physical_placement_fronted__person_first__far_synonym_distant,far_evidence_only,synonym_distant,in_hand,main,fronted_location,person_first
in_hand__name_3__obj_book__physical_placement_fronted__person_first,in_hand__name_3__obj_book__physical_placement_fronted__person_first__far_large_distance,far_evidence_only,large_distance,in_hand,main,fronted_location,person_first
in_hand__name_3__obj_book__physical_placement_fronted__object_first,in_hand__name_3__obj_book__physical_placement_fronted__object_first__far_direct_far,far_evidence_only,direct_far,in_hand,main,fronted_location,object_first
in_hand__name_3__obj_book__physical_placement_fronted__object_first,in_hand__name_3__obj_book__physical_placement_fronted__object_first__far_synonym_distant,far_evidence_only,synonym_distant,in_hand,main,fronted_location,object_first
in_hand__name_3__obj_book__physical_placement_fronted__object_first,in_hand__name_3__obj_book__physical_placement_fronted__object_first__far_large_distance,far_evidence_only,large_distance,in_hand,main,fronted_location,object_first
in_hand__name_3__obj_book__physical_placement_person_subject__person_first,in_hand__name_3__obj_book__physical_placement_person_subject__person_first__far_direct_far,far_evidence_only,direct_far,in_hand,main,person_subject,person_first
in_hand__name_3__obj_book__physical_placement_person_subject__person_first,in_hand__name_3__obj_book__physical_placement_person_subject__person_first__far_synonym_distant,far_evidence_only,synonym_distant,in_hand,main,person_subject,person_first
in_hand__name_3__obj_book__physical_placement_person_subject__person_first,in_hand__name_3__obj_book__physical_placement_person_subject__person_first__far_large_distance,far_evidence_only,large_distance,in_hand,main,person_subject,person_first
in_hand__name_3__obj_book__physical_placement_person_subject__object_first,in_hand__name_3__obj_book__physical_placement_person_subject__object_first__far_direct_far,far_evidence_only,direct_far,in_hand,main,person_subject,object_first
in_hand__name_3__obj_book__physical_placement_person_subject__object_first,in_hand__name_3__obj_book__physical_placement_person_subject__object_first__far_synonym_distant,far_evidence_only,synonym_distant,in_hand,main,person_subject,object_first
in_hand__name_3__obj_book__physical_placement_person_subject__object_first,in_hand__name_3__obj_book__physical_placement_person_subject__object_first__far_large_distance,far_evidence_only,large_distance,in_hand,main,person_subject,object_first
on_lap__name_0__obj_book__physical_placement__person_first,on_lap__name_0__obj_book__physical_placement__person_first__far_direct_far,far_evidence_only,direct_far,on_lap,main,object_subject,person_first
on_lap__name_0__obj_book__physical_placement__person_first,on_lap__name_0__obj_book__physical_placement__person_first__far_synonym_distant,far_evidence_only,synonym_distant,on_lap,main,object_subject,person_first
on_lap__name_0__obj_book__physical_placement__person_first,on_lap__name_0__obj_book__physical_placement__person_first__far_large_distance,far_evidence_only,large_distance,on_lap,main,object_subject,person_first
on_lap__name_0__obj_book__physical_placement__object_first,on_lap__name_0__obj_book__physical_placement__object_first__far_direct_far,far_evidence_only,direct_far,on_lap,main,object_subject,object_first
on_lap__name_0__obj_book__physical_placement__object_first,on_lap__name_0__obj_book__physical_placement__object_first__far_synonym_distant,far_evidence_only,synonym_distant,on_lap,main,object_subject,object_first
on_lap__name_0__obj_book__physical_placement__object_first,on_lap__name_0__obj_book__physical_placement__object_first__far_large_distance,far_evidence_only,large_distance,on_lap,main,object_subject,object_first
on_lap__name_0__obj_book__physical_placement_fronted__person_first,on_lap__name_0__obj_book__physical_placement_fronted__person_first__far_direct_far,far_evidence_only,direct_far,on_lap,main,fronted_location,person_first
on_lap__name_0__obj_book__physical_placement_fronted__person_first,on_lap__name_0__obj_book__physical_placement_fronted__person_first__far_synonym_distant,far_evidence_only,synonym_distant,on_lap,main,fronted_location,person_first
on_lap__name_0__obj_book__physical_placement_fronted__person_first,on_lap__name_0__obj_book__physical_placement_fronted__person_first__far_large_distance,far_evidence_only,large_distance,on_lap,main,fronted_location,person_first
on_lap__name_0__obj_book__physical_placement_fronted__object_first,on_lap__name_0__obj_book__physical_placement_fronted__object_first__far_direct_far,far_evidence_only,direct_far,on_lap,main,fronted_location,object_first
on_lap__name_0__obj_book__physical_placement_fronted__object_first,on_lap__name_0__obj_book__physical_placement_fronted__object_first__far_synonym_distant,far_evidence_only,synonym_distant,on_lap,main,fronted_location,object_first
on_lap__name_0__obj_book__physical_placement_fronted__object_first,on_lap__name_0__obj_book__physical_placement_fronted__object_first__far_large_distance,far_evidence_only,large_distance,on_lap,main,fronted_location,object_first
on_lap__name_0__obj_book__physical_placement_person_subject__person_first,on_lap__name_0__obj_book__physical_placement_person_subject__person_first__far_direct_far,far_evidence_only,direct_far,on_lap,main,person_subject,person_first
on_lap__name_0__obj_book__physical_placement_person_subject__person_first,on_lap__name_0__obj_book__physical_placement_person_subject__person_first__far_synonym_distant,far_evidence_only,synonym_distant,on_lap,main,person_subject,person_first
on_lap__name_0__obj_book__physical_placement_person_subject__person_first,on_lap__name_0__obj_book__physical_placement_person_subject__person_first__far_large_distance,far_evidence_only,large_distance,on_lap,main,person_subject,person_first
on_lap__name_0__obj_book__physical_placement_person_subject__object_first,on_lap__name_0__obj_book__physical_placement_person_subject__object_first__far_direct_far,far_evidence_only,direct_far,on_lap,main,person_subject,object_first
on_lap__name_0__obj_book__physical_placement_person_subject__object_first,on_lap__name_0__obj_book__physical_placement_person_subject__object_first__far_synonym_distant,far_evidence_only,synonym_distant,on_lap,main,person_subject,object_first
on_lap__name_0__obj_book__physical_placement_person_subject__object_first,on_lap__name_0__obj_book__physical_placement_person_subject__object_first__far_large_distance,far_evidence_only,large_distance,on_lap,main,person_subject,object_first
on_lap__name_0__obj_bag__physical_placement__person_first,on_lap__name_0__obj_bag__physical_placement__person_first__far_direct_far,far_evidence_only,direct_far,on_lap,main,object_subject,person_first
on_lap__name_0__obj_bag__physical_placement__person_first,on_lap__name_0__obj_bag__physical_placement__person_first__far_synonym_distant,far_evidence_only,synonym_distant,on_lap,main,object_subject,person_first
on_lap__name_0__obj_bag__physical_placement__person_first,on_lap__name_0__obj_bag__physical_placement__person_first__far_large_distance,far_evidence_only,large_distance,on_lap,main,object_subject,person_first
on_lap__name_0__obj_bag__physical_placement__object_first,on_lap__name_0__obj_bag__physical_placement__object_first__far_direct_far,far_evidence_only,direct_far,on_lap,main,object_subject,object_first
on_lap__name_0__obj_bag__physical_placement__object_first,on_lap__name_0__obj_bag__physical_placement__object_first__far_synonym_distant,far_evidence_only,synonym_distant,on_lap,main,object_subject,object_first
on_lap__name_0__obj_bag__physical_placement__object_first,on_lap__name_0__obj_bag__physical_placement__object_first__far_large_distance,far_evidence_only,large_distance,on_lap,main,object_subject,object_first
on_lap__name_0__obj_bag__physical_placement_fronted__person_first,on_lap__name_0__obj_bag__physical_placement_fronted__person_first__far_direct_far,far_evidence_only,direct_far,on_lap,main,fronted_location,person_first
on_lap__name_0__obj_bag__physical_placement_fronted__person_first,on_lap__name_0__obj_bag__physical_placement_fronted__person_first__far_synonym_distant,far_evidence_only,synonym_distant,on_lap,main,fronted_location,person_first
on_lap__name_0__obj_bag__physical_placement_fronted__person_first,on_lap__name_0__obj_bag__physical_placement_fronted__person_first__far_large_distance,far_evidence_only,large_distance,on_lap,main,fronted_location,person_first
on_lap__name_0__obj_bag__physical_placement_fronted__object_first,on_lap__name_0__obj_bag__physical_placement_fronted__object_first__far_direct_far,far_evidence_only,direct_far,on_lap,main,fronted_location,object_first
on_lap__name_0__obj_bag__physical_placement_fronted__object_first,on_lap__name_0__obj_bag__physical_placement_fronted__object_first__far_synonym_distant,far_evidence_only,synonym_distant,on_lap,main,fronted_location,object_first
on_lap__name_0__obj_bag__physical_placement_fronted__object_first,on_lap__name_0__obj_bag__physical_placement_fronted__object_first__far_large_distance,far_evidence_only,large_distance,on_lap,main,fronted_location,object_first
on_lap__name_0__obj_bag__physical_placement_person_subject__person_first,on_lap__name_0__obj_bag__physical_placement_person_subject__person_first__far_direct_far,far_evidence_only,direct_far,on_lap,main,person_subject,person_first
on_lap__name_0__obj_bag__physical_placement_person_subject__person_first,on_lap__name_0__obj_bag__physical_placement_person_subject__person_first__far_synonym_distant,far_evidence_only,synonym_distant,on_lap,main,person_subject,person_first
on_lap__name_0__obj_bag__physical_placement_person_subject__person_first,on_lap__name_0__obj_bag__physical_placement_person_subject__person_first__far_large_distance,far_evidence_only,large_distance,on_lap,main,person_subject,person_first
on_lap__name_0__obj_bag__physical_placement_person_subject__object_first,on_lap__name_0__obj_bag__physical_placement_person_subject__object_first__far_direct_far,far_evidence_only,direct_far,on_lap,main,person_subject,object_first
on_lap__name_0__obj_bag__physical_placement_person_subject__object_first,on_lap__name_0__obj_bag__physical_placement_person_subject__object_first__far_synonym_distant,far_evidence_only,synonym_distant,on_lap,main,person_subject,object_first
on_lap__name_0__obj_bag__physical_placement_person_subject__object_first,on_lap__name_0__obj_bag__physical_placement_person_subject__object_first__far_large_distance,far_evidence_only,large_distance,on_lap,main,person_subject,object_first
on_lap__name_0__obj_ball__physical_placement__person_first,on_lap__name_0__obj_ball__physical_placement__person_first__far_direct_far,far_evidence_only,direct_far,on_lap,main,object_subject,person_first
on_lap__name_0__obj_ball__physical_placement__person_first,on_lap__name_0__obj_ball__physical_placement__person_first__far_synonym_distant,far_evidence_only,synonym_distant,on_lap,main,object_subject,person_first
on_lap__name_0__obj_ball__physical_placement__person_first,on_lap__name_0__obj_ball__physical_placement__person_first__far_large_distance,far_evidence_only,large_distance,on_lap,main,object_subject,person_first
on_lap__name_0__obj_ball__physical_placement__object_first,on_lap__name_0__obj_ball__physical_placement__object_first__far_direct_far,far_evidence_only,direct_far,on_lap,main,object_subject,object_first
on_lap__name_0__obj_ball__physical_placement__object_first,on_lap__name_0__obj_ball__physical_placement__object_first__far_synonym_distant,far_evidence_only,synonym_distant,on_lap,main,object_subject,object_first
on_lap__name_0__obj_ball__physical_placement__object_first,on_lap__name_0__obj_ball__physical_placement__object_first__far_large_distance,far_evidence_only,large_distance,on_lap,main,object_subject,object_first
on_lap__name_0__obj_ball__physical_placement_fronted__person_first,on_lap__name_0__obj_ball__physical_placement_fronted__person_first__far_direct_far,far_evidence_only,direct_far,on_lap,main,fronted_location,person_first
on_lap__name_0__obj_ball__physical_placement_fronted__person_first,on_lap__name_0__obj_ball__physical_placement_fronted__person_first__far_synonym_distant,far_evidence_only,synonym_distant,on_lap,main,fronted_location,person_first
on_lap__name_0__obj_ball__physical_placement_fronted__person_first,on_lap__name_0__obj_ball__physical_placement_fronted__person_first__far_large_distance,far_evidence_only,large_distance,on_lap,main,fronted_location,person_first
on_lap__name_0__obj_ball__physical_placement_fronted__object_first,on_lap__name_0__obj_ball__physical_placement_fronted__object_first__far_direct_far,far_evidence_only,direct_far,on_lap,main,fronted_location,object_first
on_lap__name_0__obj_ball__physical_placement_fronted__object_first,on_lap__name_0__obj_ball__physical_placement_fronted__object_first__far_synonym_distant,far_evidence_only,synonym_distant,on_lap,main,fronted_location,object_first
on_lap__name_0__obj_ball__physical_placement_fronted__object_first,on_lap__name_0__obj_ball__physical_placement_fronted__object_first__far_large_distance,far_evidence_only,large_distance,on_lap,main,fronted_location,object_first
on_lap__name_0__obj_ball__physical_placement_person_subject__person_first,on_lap__name_0__obj_ball__physical_placement_person_subject__person_first__far_direct_far,far_evidence_only,direct_far,on_lap,main,person_subject,person_first
on_lap__name_0__obj_ball__physical_placement_person_subject__person_first,on_lap__name_0__obj_ball__physical_placement_person_subject__person_first__far_synonym_distant,far_evidence_only,synonym_distant,on_lap,main,person_subject,person_first
on_lap__name_0__obj_ball__physical_placement_person_subject__person_first,on_lap__name_0__obj_ball__physical_placement_person_subject__person_first__far_large_distance,far_evidence_only,large_distance,on_lap,main,person_subject,person_first
on_lap__name_0__obj_ball__physical_placement_person_subject__object_first,on_lap__name_0__obj_ball__physical_placement_person_subject__object_first__far_direct_far,far_evidence_only,direct_far,on_lap,main,person_subject,object_first
on_lap__name_0__obj_ball__physical_placement_person_subject__object_first,on_lap__name_0__obj_ball__physical_placement_person_subject__object_first__far_synonym_distant,far_evidence_only,synonym_distant,on_lap,main,person_subject,object_first
on_lap__name_0__obj_ball__physical_placement_person_subject__object_first,on_lap__name_0__obj_ball__physical_placement_person_subject__object_first__far_large_distance,far_evidence_only,large_distance,on_lap,main,person_subject,object_first
on_lap__name_0__obj_helmet__physical_placement__person_first,on_lap__name_0__obj_helmet__physical_placement__person_first__far_direct_far,far_evidence_only,direct_far,on_lap,main,object_subject,person_first
on_lap__name_0__obj_helmet__physical_placement__person_first,on_lap__name_0__obj_helmet__physical_placement__person_first__far_synonym_distant,far_evidence_only,synonym_distant,on_lap,main,object_subject,person_first
on_lap__name_0__obj_helmet__physical_placement__person_first,on_lap__name_0__obj_helmet__physical_placement__person_first__far_large_distance,far_evidence_only,large_distance,on_lap,main,object_subject,person_first
on_lap__name_0__obj_helmet__physical_placement__object_first,on_lap__name_0__obj_helmet__physical_placement__object_first__far_direct_far,far_evidence_only,direct_far,on_lap,main,object_subject,object_first
on_lap__name_0__obj_helmet__physical_placement__object_first,on_lap__name_0__obj_helmet__physical_placement__object_first__far_synonym_distant,far_evidence_only,synonym_distant,on_lap,main,object_subject,object_first
on_lap__name_0__obj_helmet__physical_placement__object_first,on_lap__name_0__obj_helmet__physical_placement__object_first__far_large_distance,far_evidence_only,large_distance,on_lap,main,object_subject,object_first
on_lap__name_0__obj_helmet__physical_placement_fronted__person_first,on_lap__name_0__obj_helmet__physical_placement_fronted__person_first__far_direct_far,far_evidence_only,direct_far,on_lap,main,fronted_location,person_first
on_lap__name_0__obj_helmet__physical_placement_fronted__person_first,on_lap__name_0__obj_helmet__physical_placement_fronted__person_first__far_synonym_distant,far_evidence_only,synonym_distant,on_lap,main,fronted_location,person_first
on_lap__name_0__obj_helmet__physical_placement_fronted__person_first,on_lap__name_0__obj_helmet__physical_placement_fronted__person_first__far_large_distance,far_evidence_only,large_distance,on_lap,main,fronted_location,person_first
on_lap__name_0__obj_helmet__physical_placement_fronted__object_first,on_lap__name_0__obj_helmet__physical_placement_fronted__object_first__far_direct_far,far_evidence_only,direct_far,on_lap,main,fronted_location,object_first
on_lap__name_0__obj_helmet__physical_placement_fronted__object_first,on_lap__name_0__obj_helmet__physical_placement_fronted__object_first__far_synonym_distant,far_evidence_only,synonym_distant,on_lap,main,fronted_location,object_first
on_lap__name_0__obj_helmet__physical_placement_fronted__object_first,on_lap__name_0__obj_helmet__physical_placement_fronted__object_first__far_large_distance,far_evidence_only,large_distance,on_lap,main,fronted_location,object_first
on_lap__name_0__obj_helmet__physical_placement_person_subject__person_first,on_lap__name_0__obj_helmet__physical_placement_person_subject__person_first__far_direct_far,far_evidence_only,direct_far,on_lap,main,person_subject,person_first
on_lap__name_0__obj_helmet__physical_placement_person_subject__person_first,on_lap__name_0__obj_helmet__physical_placement_person_subject__person_first__far_synonym_distant,far_evidence_only,synonym_distant,on_lap,main,person_subject,person_first
on_lap__name_0__obj_helmet__physical_placement_person_subject__person_first,on_lap__name_0__obj_helmet__physical_placement_person_subject__person_first__far_large_distance,far_evidence_only,large_distance,on_lap,main,person_subject,person_first
on_lap__name_0__obj_helmet__physical_placement_person_subject__object_first,on_lap__name_0__obj_helmet__physical_placement_person_subject__object_first__far_direct_far,far_evidence_only,direct_far,on_lap,main,person_subject,object_first
on_lap__name_0__obj_helmet__physical_placement_person_subject__object_first,on_lap__name_0__obj_helmet__physical_placement_person_subject__object_first__far_synonym_distant,far_evidence_only,synonym_distant,on_lap,main,person_subject,object_first
on_lap__name_0__obj_helmet__physical_placement_person_subject__object_first,on_lap__name_0__obj_helmet__physical_placement_person_subject__object_first__far_large_distance,far_evidence_only,large_distance,on_lap,main,person_subject,object_first
on_lap__name_1__obj_book__physical_placement__person_first,on_lap__name_1__obj_book__physical_placement__person_first__far_direct_far,far_evidence_only,direct_far,on_lap,main,object_subject,person_first
on_lap__name_1__obj_book__physical_placement__person_first,on_lap__name_1__obj_book__physical_placement__person_first__far_synonym_distant,far_evidence_only,synonym_distant,on_lap,main,object_subject,person_first
on_lap__name_1__obj_book__physical_placement__person_first,on_lap__name_1__obj_book__physical_placement__person_first__far_large_distance,far_evidence_only,large_distance,on_lap,main,object_subject,person_first
on_lap__name_1__obj_book__physical_placement__object_first,on_lap__name_1__obj_book__physical_placement__object_first__far_direct_far,far_evidence_only,direct_far,on_lap,main,object_subject,object_first
on_lap__name_1__obj_book__physical_placement__object_first,on_lap__name_1__obj_book__physical_placement__object_first__far_synonym_distant,far_evidence_only,synonym_distant,on_lap,main,object_subject,object_first
on_lap__name_1__obj_book__physical_placement__object_first,on_lap__name_1__obj_book__physical_placement__object_first__far_large_distance,far_evidence_only,large_distance,on_lap,main,object_subject,object_first
on_lap__name_1__obj_book__physical_placement_fronted__person_first,on_lap__name_1__obj_book__physical_placement_fronted__person_first__far_direct_far,far_evidence_only,direct_far,on_lap,main,fronted_location,person_first
on_lap__name_1__obj_book__physical_placement_fronted__person_first,on_lap__name_1__obj_book__physical_placement_fronted__person_first__far_synonym_distant,far_evidence_only,synonym_distant,on_lap,main,fronted_location,person_first
on_lap__name_1__obj_book__physical_placement_fronted__person_first,on_lap__name_1__obj_book__physical_placement_fronted__person_first__far_large_distance,far_evidence_only,large_distance,on_lap,main,fronted_location,person_first
on_lap__name_1__obj_book__physical_placement_fronted__object_first,on_lap__name_1__obj_book__physical_placement_fronted__object_first__far_direct_far,far_evidence_only,direct_far,on_lap,main,fronted_location,object_first
on_lap__name_1__obj_book__physical_placement_fronted__object_first,on_lap__name_1__obj_book__physical_placement_fronted__object_first__far_synonym_distant,far_evidence_only,synonym_distant,on_lap,main,fronted_location,object_first
on_lap__name_1__obj_book__physical_placement_fronted__object_first,on_lap__name_1__obj_book__physical_placement_fronted__object_first__far_large_distance,far_evidence_only,large_distance,on_lap,main,fronted_location,object_first
on_lap__name_1__obj_book__physical_placement_person_subject__person_first,on_lap__name_1__obj_book__physical_placement_person_subject__person_first__far_direct_far,far_evidence_only,direct_far,on_lap,main,person_subject,person_first
on_lap__name_1__obj_book__physical_placement_person_subject__person_first,on_lap__name_1__obj_book__physical_placement_person_subject__person_first__far_synonym_distant,far_evidence_only,synonym_distant,on_lap,main,person_subject,person_first
on_lap__name_1__obj_book__physical_placement_person_subject__person_first,on_lap__name_1__obj_book__physical_placement_person_subject__person_first__far_large_distance,far_evidence_only,large_distance,on_lap,main,person_subject,person_first
on_lap__name_1__obj_book__physical_placement_person_subject__object_first,on_lap__name_1__obj_book__physical_placement_person_subject__object_first__far_direct_far,far_evidence_only,direct_far,on_lap,main,person_subject,object_first
on_lap__name_1__obj_book__physical_placement_person_subject__object_first,on_lap__name_1__obj_book__physical_placement_person_subject__object_first__far_synonym_distant,far_evidence_only,synonym_distant,on_lap,main,person_subject,object_first
on_lap__name_1__obj_book__physical_placement_person_subject__object_first,on_lap__name_1__obj_book__physical_placement_person_subject__object_first__far_large_distance,far_evidence_only,large_distance,on_lap,main,person_subject,object_first
on_lap__name_1__obj_bag__physical_placement__person_first,on_lap__name_1__obj_bag__physical_placement__person_first__far_direct_far,far_evidence_only,direct_far,on_lap,main,object_subject,person_first
on_lap__name_1__obj_bag__physical_placement__person_first,on_lap__name_1__obj_bag__physical_placement__person_first__far_synonym_distant,far_evidence_only,synonym_distant,on_lap,main,object_subject,person_first
on_lap__name_1__obj_bag__physical_placement__person_first,on_lap__name_1__obj_bag__physical_placement__person_first__far_large_distance,far_evidence_only,large_distance,on_lap,main,object_subject,person_first
on_lap__name_1__obj_bag__physical_placement__object_first,on_lap__name_1__obj_bag__physical_placement__object_first__far_direct_far,far_evidence_only,direct_far,on_lap,main,object_subject,object_first
on_lap__name_1__obj_bag__physical_placement__object_first,on_lap__name_1__obj_bag__physical_placement__object_first__far_synonym_distant,far_evidence_only,synonym_distant,on_lap,main,object_subject,object_first
on_lap__name_1__obj_bag__physical_placement__object_first,on_lap__name_1__obj_bag__physical_placement__object_first__far_large_distance,far_evidence_only,large_distance,on_lap,main,object_subject,object_first
on_lap__name_1__obj_bag__physical_placement_fronted__person_first,on_lap__name_1__obj_bag__physical_placement_fronted__person_first__far_direct_far,far_evidence_only,direct_far,on_lap,main,fronted_location,person_first
on_lap__name_1__obj_bag__physical_placement_fronted__person_first,on_lap__name_1__obj_bag__physical_placement_fronted__person_first__far_synonym_distant,far_evidence_only,synonym_distant,on_lap,main,fronted_location,person_first
on_lap__name_1__obj_bag__physical_placement_fronted__person_first,on_lap__name_1__obj_bag__physical_placement_fronted__person_first__far_large_distance,far_evidence_only,large_distance,on_lap,main,fronted_location,person_first
on_lap__name_1__obj_bag__physical_placement_fronted__object_first,on_lap__name_1__obj_bag__physical_placement_fronted__object_first__far_direct_far,far_evidence_only,direct_far,on_lap,main,fronted_location,object_first
on_lap__name_1__obj_bag__physical_placement_fronted__object_first,on_lap__name_1__obj_bag__physical_placement_fronted__object_first__far_synonym_distant,far_evidence_only,synonym_distant,on_lap,main,fronted_location,object_first
on_lap__name_1__obj_bag__physical_placement_fronted__object_first,on_lap__name_1__obj_bag__physical_placement_fronted__object_first__far_large_distance,far_evidence_only,large_distance,on_lap,main,fronted_location,object_first
on_lap__name_1__obj_bag__physical_placement_person_subject__person_first,on_lap__name_1__obj_bag__physical_placement_person_subject__person_first__far_direct_far,far_evidence_only,direct_far,on_lap,main,person_subject,person_first
on_lap__name_1__obj_bag__physical_placement_person_subject__person_first,on_lap__name_1__obj_bag__physical_placement_person_subject__person_first__far_synonym_distant,far_evidence_only,synonym_distant,on_lap,main,person_subject,person_first
on_lap__name_1__obj_bag__physical_placement_person_subject__person_first,on_lap__name_1__obj_bag__physical_placement_person_subject__person_first__far_large_distance,far_evidence_only,large_distance,on_lap,main,person_subject,person_first
on_lap__name_1__obj_bag__physical_placement_person_subject__object_first,on_lap__name_1__obj_bag__physical_placement_person_subject__object_first__far_direct_far,far_evidence_only,direct_far,on_lap,main,person_subject,object_first
on_lap__name_1__obj_bag__physical_placement_person_subject__object_first,on_lap__name_1__obj_bag__physical_placement_person_subject__object_first__far_synonym_distant,far_evidence_only,synonym_distant,on_lap,main,person_subject,object_first
on_lap__name_1__obj_bag__physical_placement_person_subject__object_first,on_lap__name_1__obj_bag__physical_placement_person_subject__object_first__far_large_distance,far_evidence_only,large_distance,on_lap,main,person_subject,object_first
on_lap__name_1__obj_ball__physical_placement__person_first,on_lap__name_1__obj_ball__physical_placement__person_first__far_direct_far,far_evidence_only,direct_far,on_lap,main,object_subject,person_first
on_lap__name_1__obj_ball__physical_placement__person_first,on_lap__name_1__obj_ball__physical_placement__person_first__far_synonym_distant,far_evidence_only,synonym_distant,on_lap,main,object_subject,person_first
on_lap__name_1__obj_ball__physical_placement__person_first,on_lap__name_1__obj_ball__physical_placement__person_first__far_large_distance,far_evidence_only,large_distance,on_lap,main,object_subject,person_first
on_lap__name_1__obj_ball__physical_placement__object_first,on_lap__name_1__obj_ball__physical_placement__object_first__far_direct_far,far_evidence_only,direct_far,on_lap,main,object_subject,object_first
on_lap__name_1__obj_ball__physical_placement__object_first,on_lap__name_1__obj_ball__physical_placement__object_first__far_synonym_distant,far_evidence_only,synonym_distant,on_lap,main,object_subject,object_first
on_lap__name_1__obj_ball__physical_placement__object_first,on_lap__name_1__obj_ball__physical_placement__object_first__far_large_distance,far_evidence_only,large_distance,on_lap,main,object_subject,object_first
on_lap__name_1__obj_ball__physical_placement_fronted__person_first,on_lap__name_1__obj_ball__physical_placement_fronted__person_first__far_direct_far,far_evidence_only,direct_far,on_lap,main,fronted_location,person_first
on_lap__name_1__obj_ball__physical_placement_fronted__person_first,on_lap__name_1__obj_ball__physical_placement_fronted__person_first__far_synonym_distant,far_evidence_only,synonym_distant,on_lap,main,fronted_location,person_first
on_lap__name_1__obj_ball__physical_placement_fronted__person_first,on_lap__name_1__obj_ball__physical_placement_fronted__person_first__far_large_distance,far_evidence_only,large_distance,on_lap,main,fronted_location,person_first
on_lap__name_1__obj_ball__physical_placement_fronted__object_first,on_lap__name_1__obj_ball__physical_placement_fronted__object_first__far_direct_far,far_evidence_only,direct_far,on_lap,main,fronted_location,object_first
on_lap__name_1__obj_ball__physical_placement_fronted__object_first,on_lap__name_1__obj_ball__physical_placement_fronted__object_first__far_synonym_distant,far_evidence_only,synonym_distant,on_lap,main,fronted_location,object_first
on_lap__name_1__obj_ball__physical_placement_fronted__object_first,on_lap__name_1__obj_ball__physical_placement_fronted__object_first__far_large_distance,far_evidence_only,large_distance,on_lap,main,fronted_location,object_first
on_lap__name_1__obj_ball__physical_placement_person_subject__person_first,on_lap__name_1__obj_ball__physical_placement_person_subject__person_first__far_direct_far,far_evidence_only,direct_far,on_lap,main,person_subject,person_first
on_lap__name_1__obj_ball__physical_placement_person_subject__person_first,on_lap__name_1__obj_ball__physical_placement_person_subject__person_first__far_synonym_distant,far_evidence_only,synonym_distant,on_lap,main,person_subject,person_first
on_lap__name_1__obj_ball__physical_placement_person_subject__person_first,on_lap__name_1__obj_ball__physical_placement_person_subject__person_first__far_large_distance,far_evidence_only,large_distance,on_lap,main,person_subject,person_first
on_lap__name_1__obj_ball__physical_placement_person_subject__object_first,on_lap__name_1__obj_ball__physical_placement_person_subject__object_first__far_direct_far,far_evidence_only,direct_far,on_lap,main,person_subject,object_first
on_lap__name_1__obj_ball__physical_placement_person_subject__object_first,on_lap__name_1__obj_ball__physical_placement_person_subject__object_first__far_synonym_distant,far_evidence_only,synonym_distant,on_lap,main,person_subject,object_first
on_lap__name_1__obj_ball__physical_placement_person_subject__object_first,on_lap__name_1__obj_ball__physical_placement_person_subject__object_first__far_large_distance,far_evidence_only,large_distance,on_lap,main,person_subject,object_first
on_lap__name_1__obj_helmet__physical_placement__person_first,on_lap__name_1__obj_helmet__physical_placement__person_first__far_direct_far,far_evidence_only,direct_far,on_lap,main,object_subject,person_first
on_lap__name_1__obj_helmet__physical_placement__person_first,on_lap__name_1__obj_helmet__physical_placement__person_first__far_synonym_distant,far_evidence_only,synonym_distant,on_lap,main,object_subject,person_first
on_lap__name_1__obj_helmet__physical_placement__person_first,on_lap__name_1__obj_helmet__physical_placement__person_first__far_large_distance,far_evidence_only,large_distance,on_lap,main,object_subject,person_first
on_lap__name_1__obj_helmet__physical_placement__object_first,on_lap__name_1__obj_helmet__physical_placement__object_first__far_direct_far,far_evidence_only,direct_far,on_lap,main,object_subject,object_first
on_lap__name_1__obj_helmet__physical_placement__object_first,on_lap__name_1__obj_helmet__physical_placement__object_first__far_synonym_distant,far_evidence_only,synonym_distant,on_lap,main,object_subject,object_first
on_lap__name_1__obj_helmet__physical_placement__object_first,on_lap__name_1__obj_helmet__physical_placement__object_first__far_large_distance,far_evidence_only,large_distance,on_lap,main,object_subject,object_first
on_lap__name_1__obj_helmet__physical_placement_fronted__person_first,on_lap__name_1__obj_helmet__physical_placement_fronted__person_first__far_direct_far,far_evidence_only,direct_far,on_lap,main,fronted_location,person_first
on_lap__name_1__obj_helmet__physical_placement_fronted__person_first,on_lap__name_1__obj_helmet__physical_placement_fronted__person_first__far_synonym_distant,far_evidence_only,synonym_distant,on_lap,main,fronted_location,person_first
on_lap__name_1__obj_helmet__physical_placement_fronted__person_first,on_lap__name_1__obj_helmet__physical_placement_fronted__person_first__far_large_distance,far_evidence_only,large_distance,on_lap,main,fronted_location,person_first
on_lap__name_1__obj_helmet__physical_placement_fronted__object_first,on_lap__name_1__obj_helmet__physical_placement_fronted__object_first__far_direct_far,far_evidence_only,direct_far,on_lap,main,fronted_location,object_first
on_lap__name_1__obj_helmet__physical_placement_fronted__object_first,on_lap__name_1__obj_helmet__physical_placement_fronted__object_first__far_synonym_distant,far_evidence_only,synonym_distant,on_lap,main,fronted_location,object_first
on_lap__name_1__obj_helmet__physical_placement_fronted__object_first,on_lap__name_1__obj_helmet__physical_placement_fronted__object_first__far_large_distance,far_evidence_only,large_distance,on_lap,main,fronted_location,object_first
on_lap__name_1__obj_helmet__physical_placement_person_subject__person_first,on_lap__name_1__obj_helmet__physical_placement_person_subject__person_first__far_direct_far,far_evidence_only,direct_far,on_lap,main,person_subject,person_first
on_lap__name_1__obj_helmet__physical_placement_person_subject__person_first,on_lap__name_1__obj_helmet__physical_placement_person_subject__person_first__far_synonym_distant,far_evidence_only,synonym_distant,on_lap,main,person_subject,person_first
on_lap__name_1__obj_helmet__physical_placement_person_subject__person_first,on_lap__name_1__obj_helmet__physical_placement_person_subject__person_first__far_large_distance,far_evidence_only,large_distance,on_lap,main,person_subject,person_first
on_lap__name_1__obj_helmet__physical_placement_person_subject__object_first,on_lap__name_1__obj_helmet__physical_placement_person_subject__object_first__far_direct_far,far_evidence_only,direct_far,on_lap,main,person_subject,object_first
on_lap__name_1__obj_helmet__physical_placement_person_subject__object_first,on_lap__name_1__obj_helmet__physical_placement_person_subject__object_first__far_synonym_distant,far_evidence_only,synonym_distant,on_lap,main,person_subject,object_first
on_lap__name_1__obj_helmet__physical_placement_person_subject__object_first,on_lap__name_1__obj_helmet__physical_placement_person_subject__object_first__far_large_distance,far_evidence_only,large_distance,on_lap,main,person_subject,object_first
on_lap__name_2__obj_book__physical_placement__person_first,on_lap__name_2__obj_book__physical_placement__person_first__far_direct_far,far_evidence_only,direct_far,on_lap,main,object_subject,person_first
on_lap__name_2__obj_book__physical_placement__person_first,on_lap__name_2__obj_book__physical_placement__person_first__far_synonym_distant,far_evidence_only,synonym_distant,on_lap,main,object_subject,person_first
on_lap__name_2__obj_book__physical_placement__person_first,on_lap__name_2__obj_book__physical_placement__person_first__far_large_distance,far_evidence_only,large_distance,on_lap,main,object_subject,person_first
on_lap__name_2__obj_book__physical_placement__object_first,on_lap__name_2__obj_book__physical_placement__object_first__far_direct_far,far_evidence_only,direct_far,on_lap,main,object_subject,object_first
on_lap__name_2__obj_book__physical_placement__object_first,on_lap__name_2__obj_book__physical_placement__object_first__far_synonym_distant,far_evidence_only,synonym_distant,on_lap,main,object_subject,object_first
on_lap__name_2__obj_book__physical_placement__object_first,on_lap__name_2__obj_book__physical_placement__object_first__far_large_distance,far_evidence_only,large_distance,on_lap,main,object_subject,object_first
on_lap__name_2__obj_book__physical_placement_fronted__person_first,on_lap__name_2__obj_book__physical_placement_fronted__person_first__far_direct_far,far_evidence_only,direct_far,on_lap,main,fronted_location,person_first
on_lap__name_2__obj_book__physical_placement_fronted__person_first,on_lap__name_2__obj_book__physical_placement_fronted__person_first__far_synonym_distant,far_evidence_only,synonym_distant,on_lap,main,fronted_location,person_first
on_lap__name_2__obj_book__physical_placement_fronted__person_first,on_lap__name_2__obj_book__physical_placement_fronted__person_first__far_large_distance,far_evidence_only,large_distance,on_lap,main,fronted_location,person_first
on_lap__name_2__obj_book__physical_placement_fronted__object_first,on_lap__name_2__obj_book__physical_placement_fronted__object_first__far_direct_far,far_evidence_only,direct_far,on_lap,main,fronted_location,object_first
on_lap__name_2__obj_book__physical_placement_fronted__object_first,on_lap__name_2__obj_book__physical_placement_fronted__object_first__far_synonym_distant,far_evidence_only,synonym_distant,on_lap,main,fronted_location,object_first
on_lap__name_2__obj_book__physical_placement_fronted__object_first,on_lap__name_2__obj_book__physical_placement_fronted__object_first__far_large_distance,far_evidence_only,large_distance,on_lap,main,fronted_location,object_first
on_lap__name_2__obj_book__physical_placement_person_subject__person_first,on_lap__name_2__obj_book__physical_placement_person_subject__person_first__far_direct_far,far_evidence_only,direct_far,on_lap,main,person_subject,person_first
on_lap__name_2__obj_book__physical_placement_person_subject__person_first,on_lap__name_2__obj_book__physical_placement_person_subject__person_first__far_synonym_distant,far_evidence_only,synonym_distant,on_lap,main,person_subject,person_first
on_lap__name_2__obj_book__physical_placement_person_subject__person_first,on_lap__name_2__obj_book__physical_placement_person_subject__person_first__far_large_distance,far_evidence_only,large_distance,on_lap,main,person_subject,person_first
on_lap__name_2__obj_book__physical_placement_person_subject__object_first,on_lap__name_2__obj_book__physical_placement_person_subject__object_first__far_direct_far,far_evidence_only,direct_far,on_lap,main,person_subject,object_first
on_lap__name_2__obj_book__physical_placement_person_subject__object_first,on_lap__name_2__obj_book__physical_placement_person_subject__object_first__far_synonym_distant,far_evidence_only,synonym_distant,on_lap,main,person_subject,object_first
on_lap__name_2__obj_book__physical_placement_person_subject__object_first,on_lap__name_2__obj_book__physical_placement_person_subject__object_first__far_large_distance,far_evidence_only,large_distance,on_lap,main,person_subject,object_first
on_lap__name_2__obj_bag__physical_placement__person_first,on_lap__name_2__obj_bag__physical_placement__person_first__far_direct_far,far_evidence_only,direct_far,on_lap,main,object_subject,person_first
on_lap__name_2__obj_bag__physical_placement__person_first,on_lap__name_2__obj_bag__physical_placement__person_first__far_synonym_distant,far_evidence_only,synonym_distant,on_lap,main,object_subject,person_first
on_lap__name_2__obj_bag__physical_placement__person_first,on_lap__name_2__obj_bag__physical_placement__person_first__far_large_distance,far_evidence_only,large_distance,on_lap,main,object_subject,person_first
on_lap__name_2__obj_bag__physical_placement__object_first,on_lap__name_2__obj_bag__physical_placement__object_first__far_direct_far,far_evidence_only,direct_far,on_lap,main,object_subject,object_first
on_lap__name_2__obj_bag__physical_placement__object_first,on_lap__name_2__obj_bag__physical_placement__object_first__far_synonym_distant,far_evidence_only,synonym_distant,on_lap,main,object_subject,object_first
on_lap__name_2__obj_bag__physical_placement__object_first,on_lap__name_2__obj_bag__physical_placement__object_first__far_large_distance,far_evidence_only,large_distance,on_lap,main,object_subject,object_first
on_lap__name_2__obj_bag__physical_placement_fronted__person_first,on_lap__name_2__obj_bag__physical_placement_fronted__person_first__far_direct_far,far_evidence_only,direct_far,on_lap,main,fronted_location,person_first
on_lap__name_2__obj_bag__physical_placement_fronted__person_first,on_lap__name_2__obj_bag__physical_placement_fronted__person_first__far_synonym_distant,far_evidence_only,synonym_distant,on_lap,main,fronted_location,person_first
on_lap__name_2__obj_bag__physical_placement_fronted__person_first,on_lap__name_2__obj_bag__physical_placement_fronted__person_first__far_large_distance,far_evidence_only,large_distance,on_lap,main,fronted_location,person_first
on_lap__name_2__obj_bag__physical_placement_fronted__object_first,on_lap__name_2__obj_bag__physical_placement_fronted__object_first__far_direct_far,far_evidence_only,direct_far,on_lap,main,fronted_location,object_first
on_lap__name_2__obj_bag__physical_placement_fronted__object_first,on_lap__name_2__obj_bag__physical_placement_fronted__object_first__far_synonym_distant,far_evidence_only,synonym_distant,on_lap,main,fronted_location,object_first
on_lap__name_2__obj_bag__physical_placement_fronted__object_first,on_lap__name_2__obj_bag__physical_placement_fronted__object_first__far_large_distance,far_evidence_only,large_distance,on_lap,main,fronted_location,object_first
on_lap__name_2__obj_bag__physical_placement_person_subject__person_first,on_lap__name_2__obj_bag__physical_placement_person_subject__person_first__far_direct_far,far_evidence_only,direct_far,on_lap,main,person_subject,person_first
on_lap__name_2__obj_bag__physical_placement_person_subject__person_first,on_lap__name_2__obj_bag__physical_placement_person_subject__person_first__far_synonym_distant,far_evidence_only,synonym_distant,on_lap,main,person_subject,person_first
on_lap__name_2__obj_bag__physical_placement_person_subject__person_first,on_lap__name_2__obj_bag__physical_placement_person_subject__person_first__far_large_distance,far_evidence_only,large_distance,on_lap,main,person_subject,person_first
on_lap__name_2__obj_bag__physical_placement_person_subject__object_first,on_lap__name_2__obj_bag__physical_placement_person_subject__object_first__far_direct_far,far_evidence_only,direct_far,on_lap,main,person_subject,object_first
on_lap__name_2__obj_bag__physical_placement_person_subject__object_first,on_lap__name_2__obj_bag__physical_placement_person_subject__object_first__far_synonym_distant,far_evidence_only,synonym_distant,on_lap,main,person_subject,object_first
on_lap__name_2__obj_bag__physical_placement_person_subject__object_first,on_lap__name_2__obj_bag__physical_placement_person_subject__object_first__far_large_distance,far_evidence_only,large_distance,on_lap,main,person_subject,object_first
on_lap__name_2__obj_ball__physical_placement__person_first,on_lap__name_2__obj_ball__physical_placement__person_first__far_direct_far,far_evidence_only,direct_far,on_lap,main,object_subject,person_first
on_lap__name_2__obj_ball__physical_placement__person_first,on_lap__name_2__obj_ball__physical_placement__person_first__far_synonym_distant,far_evidence_only,synonym_distant,on_lap,main,object_subject,person_first
on_lap__name_2__obj_ball__physical_placement__person_first,on_lap__name_2__obj_ball__physical_placement__person_first__far_large_distance,far_evidence_only,large_distance,on_lap,main,object_subject,person_first
on_lap__name_2__obj_ball__physical_placement__object_first,on_lap__name_2__obj_ball__physical_placement__object_first__far_direct_far,far_evidence_only,direct_far,on_lap,main,object_subject,object_first
on_lap__name_2__obj_ball__physical_placement__object_first,on_lap__name_2__obj_ball__physical_placement__object_first__far_synonym_distant,far_evidence_only,synonym_distant,on_lap,main,object_subject,object_first
on_lap__name_2__obj_ball__physical_placement__object_first,on_lap__name_2__obj_ball__physical_placement__object_first__far_large_distance,far_evidence_only,large_distance,on_lap,main,object_subject,object_first
on_lap__name_2__obj_ball__physical_placement_fronted__person_first,on_lap__name_2__obj_ball__physical_placement_fronted__person_first__far_direct_far,far_evidence_only,direct_far,on_lap,main,fronted_location,person_first
on_lap__name_2__obj_ball__physical_placement_fronted__person_first,on_lap__name_2__obj_ball__physical_placement_fronted__person_first__far_synonym_distant,far_evidence_only,synonym_distant,on_lap,main,fronted_location,person_first
on_lap__name_2__obj_ball__physical_placement_fronted__person_first,on_lap__name_2__obj_ball__physical_placement_fronted__person_first__far_large_distance,far_evidence_only,large_distance,on_lap,main,fronted_location,person_first
on_lap__name_2__obj_ball__physical_placement_fronted__object_first,on_lap__name_2__obj_ball__physical_placement_fronted__object_first__far_direct_far,far_evidence_only,direct_far,on_lap,main,fronted_location,object_first
on_lap__name_2__obj_ball__physical_placement_fronted__object_first,on_lap__name_2__obj_ball__physical_placement_fronted__object_first__far_synonym_distant,far_evidence_only,synonym_distant,on_lap,main,fronted_location,object_first
on_lap__name_2__obj_ball__physical_placement_fronted__object_first,on_lap__name_2__obj_ball__physical_placement_fronted__object_first__far_large_distance,far_evidence_only,large_distance,on_lap,main,fronted_location,object_first
on_lap__name_2__obj_ball__physical_placement_person_subject__person_first,on_lap__name_2__obj_ball__physical_placement_person_subject__person_first__far_direct_far,far_evidence_only,direct_far,on_lap,main,person_subject,person_first
on_lap__name_2__obj_ball__physical_placement_person_subject__person_first,on_lap__name_2__obj_ball__physical_placement_person_subject__person_first__far_synonym_distant,far_evidence_only,synonym_distant,on_lap,main,person_subject,person_first
on_lap__name_2__obj_ball__physical_placement_person_subject__person_first,on_lap__name_2__obj_ball__physical_placement_person_subject__person_first__far_large_distance,far_evidence_only,large_distance,on_lap,main,person_subject,person_first
on_lap__name_2__obj_ball__physical_placement_person_subject__object_first,on_lap__name_2__obj_ball__physical_placement_person_subject__object_first__far_direct_far,far_evidence_only,direct_far,on_lap,main,person_subject,object_first
on_lap__name_2__obj_ball__physical_placement_person_subject__object_first,on_lap__name_2__obj_ball__physical_placement_person_subject__object_first__far_synonym_distant,far_evidence_only,synonym_distant,on_lap,main,person_subject,object_first
on_lap__name_2__obj_ball__physical_placement_person_subject__object_first,on_lap__name_2__obj_ball__physical_placement_person_subject__object_first__far_large_distance,far_evidence_only,large_distance,on_lap,main,person_subject,object_first
on_lap__name_2__obj_helmet__physical_placement__person_first,on_lap__name_2__obj_helmet__physical_placement__person_first__far_direct_far,far_evidence_only,direct_far,on_lap,main,object_subject,person_first
on_lap__name_2__obj_helmet__physical_placement__person_first,on_lap__name_2__obj_helmet__physical_placement__person_first__far_synonym_distant,far_evidence_only,synonym_distant,on_lap,main,object_subject,person_first
on_lap__name_2__obj_helmet__physical_placement__person_first,on_lap__name_2__obj_helmet__physical_placement__person_first__far_large_distance,far_evidence_only,large_distance,on_lap,main,object_subject,person_first
on_lap__name_2__obj_helmet__physical_placement__object_first,on_lap__name_2__obj_helmet__physical_placement__object_first__far_direct_far,far_evidence_only,direct_far,on_lap,main,object_subject,object_first
on_lap__name_2__obj_helmet__physical_placement__object_first,on_lap__name_2__obj_helmet__physical_placement__object_first__far_synonym_distant,far_evidence_only,synonym_distant,on_lap,main,object_subject,object_first
on_lap__name_2__obj_helmet__physical_placement__object_first,on_lap__name_2__obj_helmet__physical_placement__object_first__far_large_distance,far_evidence_only,large_distance,on_lap,main,object_subject,object_first
on_lap__name_2__obj_helmet__physical_placement_fronted__person_first,on_lap__name_2__obj_helmet__physical_placement_fronted__person_first__far_direct_far,far_evidence_only,direct_far,on_lap,main,fronted_location,person_first
on_lap__name_2__obj_helmet__physical_placement_fronted__person_first,on_lap__name_2__obj_helmet__physical_placement_fronted__person_first__far_synonym_distant,far_evidence_only,synonym_distant,on_lap,main,fronted_location,person_first
on_lap__name_2__obj_helmet__physical_placement_fronted__person_first,on_lap__name_2__obj_helmet__physical_placement_fronted__person_first__far_large_distance,far_evidence_only,large_distance,on_lap,main,fronted_location,person_first
on_lap__name_2__obj_helmet__physical_placement_fronted__object_first,on_lap__name_2__obj_helmet__physical_placement_fronted__object_first__far_direct_far,far_evidence_only,direct_far,on_lap,main,fronted_location,object_first
on_lap__name_2__obj_helmet__physical_placement_fronted__object_first,on_lap__name_2__obj_helmet__physical_placement_fronted__object_first__far_synonym_distant,far_evidence_only,synonym_distant,on_lap,main,fronted_location,object_first
on_lap__name_2__obj_helmet__physical_placement_fronted__object_first,on_lap__name_2__obj_helmet__physical_placement_fronted__object_first__far_large_distance,far_evidence_only,large_distance,on_lap,main,fronted_location,object_first
on_lap__name_2__obj_helmet__physical_placement_person_subject__person_first,on_lap__name_2__obj_helmet__physical_placement_person_subject__person_first__far_direct_far,far_evidence_only,direct_far,on_lap,main,person_subject,person_first
on_lap__name_2__obj_helmet__physical_placement_person_subject__person_first,on_lap__name_2__obj_helmet__physical_placement_person_subject__person_first__far_synonym_distant,far_evidence_only,synonym_distant,on_lap,main,person_subject,person_first
on_lap__name_2__obj_helmet__physical_placement_person_subject__person_first,on_lap__name_2__obj_helmet__physical_placement_person_subject__person_first__far_large_distance,far_evidence_only,large_distance,on_lap,main,person_subject,person_first
on_lap__name_2__obj_helmet__physical_placement_person_subject__object_first,on_lap__name_2__obj_helmet__physical_placement_person_subject__object_first__far_direct_far,far_evidence_only,direct_far,on_lap,main,person_subject,object_first
on_lap__name_2__obj_helmet__physical_placement_person_subject__object_first,on_lap__name_2__obj_helmet__physical_placement_person_subject__object_first__far_synonym_distant,far_evidence_only,synonym_distant,on_lap,main,person_subject,object_first
on_lap__name_2__obj_helmet__physical_placement_person_subject__object_first,on_lap__name_2__obj_helmet__physical_placement_person_subject__object_first__far_large_distance,far_evidence_only,large_distance,on_lap,main,person_subject,object_first
on_lap__name_3__obj_book__physical_placement__person_first,on_lap__name_3__obj_book__physical_placement__person_first__far_direct_far,far_evidence_only,direct_far,on_lap,main,object_subject,person_first
on_lap__name_3__obj_book__physical_placement__person_first,on_lap__name_3__obj_book__physical_placement__person_first__far_synonym_distant,far_evidence_only,synonym_distant,on_lap,main,object_subject,person_first
on_lap__name_3__obj_book__physical_placement__person_first,on_lap__name_3__obj_book__physical_placement__person_first__far_large_distance,far_evidence_only,large_distance,on_lap,main,object_subject,person_first
on_lap__name_3__obj_book__physical_placement__object_first,on_lap__name_3__obj_book__physical_placement__object_first__far_direct_far,far_evidence_only,direct_far,on_lap,main,object_subject,object_first
on_lap__name_3__obj_book__physical_placement__object_first,on_lap__name_3__obj_book__physical_placement__object_first__far_synonym_distant,far_evidence_only,synonym_distant,on_lap,main,object_subject,object_first
on_lap__name_3__obj_book__physical_placement__object_first,on_lap__name_3__obj_book__physical_placement__object_first__far_large_distance,far_evidence_only,large_distance,on_lap,main,object_subject,object_first
on_lap__name_3__obj_book__physical_placement_fronted__person_first,on_lap__name_3__obj_book__physical_placement_fronted__person_first__far_direct_far,far_evidence_only,direct_far,on_lap,main,fronted_location,person_first
on_lap__name_3__obj_book__physical_placement_fronted__person_first,on_lap__name_3__obj_book__physical_placement_fronted__person_first__far_synonym_distant,far_evidence_only,synonym_distant,on_lap,main,fronted_location,person_first
on_lap__name_3__obj_book__physical_placement_fronted__person_first,on_lap__name_3__obj_book__physical_placement_fronted__person_first__far_large_distance,far_evidence_only,large_distance,on_lap,main,fronted_location,person_first
on_lap__name_3__obj_book__physical_placement_fronted__object_first,on_lap__name_3__obj_book__physical_placement_fronted__object_first__far_direct_far,far_evidence_only,direct_far,on_lap,main,fronted_location,object_first
on_lap__name_3__obj_book__physical_placement_fronted__object_first,on_lap__name_3__obj_book__physical_placement_fronted__object_first__far_synonym_distant,far_evidence_only,synonym_distant,on_lap,main,fronted_location,object_first
on_lap__name_3__obj_book__physical_placement_fronted__object_first,on_lap__name_3__obj_book__physical_placement_fronted__object_first__far_large_distance,far_evidence_only,large_distance,on_lap,main,fronted_location,object_first
on_lap__name_3__obj_book__physical_placement_person_subject__person_first,on_lap__name_3__obj_book__physical_placement_person_subject__person_first__far_direct_far,far_evidence_only,direct_far,on_lap,main,person_subject,person_first
on_lap__name_3__obj_book__physical_placement_person_subject__person_first,on_lap__name_3__obj_book__physical_placement_person_subject__person_first__far_synonym_distant,far_evidence_only,synonym_distant,on_lap,main,person_subject,person_first
on_lap__name_3__obj_book__physical_placement_person_subject__person_first,on_lap__name_3__obj_book__physical_placement_person_subject__person_first__far_large_distance,far_evidence_only,large_distance,on_lap,main,person_subject,person_first
on_lap__name_3__obj_book__physical_placement_person_subject__object_first,on_lap__name_3__obj_book__physical_placement_person_subject__object_first__far_direct_far,far_evidence_only,direct_far,on_lap,main,person_subject,object_first
on_lap__name_3__obj_book__physical_placement_person_subject__object_first,on_lap__name_3__obj_book__physical_placement_person_subject__object_first__far_synonym_distant,far_evidence_only,synonym_distant,on_lap,main,person_subject,object_first
on_lap__name_3__obj_book__physical_placement_person_subject__object_first,on_lap__name_3__obj_book__physical_placement_person_subject__object_first__far_large_distance,far_evidence_only,large_distance,on_lap,main,person_subject,object_first
on_lap__name_3__obj_bag__physical_placement__person_first,on_lap__name_3__obj_bag__physical_placement__person_first__far_direct_far,far_evidence_only,direct_far,on_lap,main,object_subject,person_first
on_lap__name_3__obj_bag__physical_placement__person_first,on_lap__name_3__obj_bag__physical_placement__person_first__far_synonym_distant,far_evidence_only,synonym_distant,on_lap,main,object_subject,person_first
on_lap__name_3__obj_bag__physical_placement__person_first,on_lap__name_3__obj_bag__physical_placement__person_first__far_large_distance,far_evidence_only,large_distance,on_lap,main,object_subject,person_first
on_lap__name_3__obj_bag__physical_placement__object_first,on_lap__name_3__obj_bag__physical_placement__object_first__far_direct_far,far_evidence_only,direct_far,on_lap,main,object_subject,object_first
on_lap__name_3__obj_bag__physical_placement__object_first,on_lap__name_3__obj_bag__physical_placement__object_first__far_synonym_distant,far_evidence_only,synonym_distant,on_lap,main,object_subject,object_first
on_lap__name_3__obj_bag__physical_placement__object_first,on_lap__name_3__obj_bag__physical_placement__object_first__far_large_distance,far_evidence_only,large_distance,on_lap,main,object_subject,object_first
on_lap__name_3__obj_bag__physical_placement_fronted__person_first,on_lap__name_3__obj_bag__physical_placement_fronted__person_first__far_direct_far,far_evidence_only,direct_far,on_lap,main,fronted_location,person_first
on_lap__name_3__obj_bag__physical_placement_fronted__person_first,on_lap__name_3__obj_bag__physical_placement_fronted__person_first__far_synonym_distant,far_evidence_only,synonym_distant,on_lap,main,fronted_location,person_first
on_lap__name_3__obj_bag__physical_placement_fronted__person_first,on_lap__name_3__obj_bag__physical_placement_fronted__person_first__far_large_distance,far_evidence_only,large_distance,on_lap,main,fronted_location,person_first
on_lap__name_3__obj_bag__physical_placement_fronted__object_first,on_lap__name_3__obj_bag__physical_placement_fronted__object_first__far_direct_far,far_evidence_only,direct_far,on_lap,main,fronted_location,object_first
on_lap__name_3__obj_bag__physical_placement_fronted__object_first,on_lap__name_3__obj_bag__physical_placement_fronted__object_first__far_synonym_distant,far_evidence_only,synonym_distant,on_lap,main,fronted_location,object_first
on_lap__name_3__obj_bag__physical_placement_fronted__object_first,on_lap__name_3__obj_bag__physical_placement_fronted__object_first__far_large_distance,far_evidence_only,large_distance,on_lap,main,fronted_location,object_first
on_lap__name_3__obj_bag__physical_placement_person_subject__person_first,on_lap__name_3__obj_bag__physical_placement_person_subject__person_first__far_direct_far,far_evidence_only,direct_far,on_lap,main,person_subject,person_first
on_lap__name_3__obj_bag__physical_placement_person_subject__person_first,on_lap__name_3__obj_bag__physical_placement_person_subject__person_first__far_synonym_distant,far_evidence_only,synonym_distant,on_lap,main,person_subject,person_first
on_lap__name_3__obj_bag__physical_placement_person_subject__person_first,on_lap__name_3__obj_bag__physical_placement_person_subject__person_first__far_large_distance,far_evidence_only,large_distance,on_lap,main,person_subject,person_first
on_lap__name_3__obj_bag__physical_placement_person_subject__object_first,on_lap__name_3__obj_bag__physical_placement_person_subject__object_first__far_direct_far,far_evidence_only,direct_far,on_lap,main,person_subject,object_first
on_lap__name_3__obj_bag__physical_placement_person_subject__object_first,on_lap__name_3__obj_bag__physical_placement_person_subject__object_first__far_synonym_distant,far_evidence_only,synonym_distant,on_lap,main,person_subject,object_first
on_lap__name_3__obj_bag__physical_placement_person_subject__object_first,on_lap__name_3__obj_bag__physical_placement_person_subject__object_first__far_large_distance,far_evidence_only,large_distance,on_lap,main,person_subject,object_first
on_lap__name_3__obj_ball__physical_placement__person_first,on_lap__name_3__obj_ball__physical_placement__person_first__far_direct_far,far_evidence_only,direct_far,on_lap,main,object_subject,person_first
on_lap__name_3__obj_ball__physical_placement__person_first,on_lap__name_3__obj_ball__physical_placement__person_first__far_synonym_distant,far_evidence_only,synonym_distant,on_lap,main,object_subject,person_first
on_lap__name_3__obj_ball__physical_placement__person_first,on_lap__name_3__obj_ball__physical_placement__person_first__far_large_distance,far_evidence_only,large_distance,on_lap,main,object_subject,person_first
on_lap__name_3__obj_ball__physical_placement__object_first,on_lap__name_3__obj_ball__physical_placement__object_first__far_direct_far,far_evidence_only,direct_far,on_lap,main,object_subject,object_first
on_lap__name_3__obj_ball__physical_placement__object_first,on_lap__name_3__obj_ball__physical_placement__object_first__far_synonym_distant,far_evidence_only,synonym_distant,on_lap,main,object_subject,object_first
on_lap__name_3__obj_ball__physical_placement__object_first,on_lap__name_3__obj_ball__physical_placement__object_first__far_large_distance,far_evidence_only,large_distance,on_lap,main,object_subject,object_first
on_lap__name_3__obj_ball__physical_placement_fronted__person_first,on_lap__name_3__obj_ball__physical_placement_fronted__person_first__far_direct_far,far_evidence_only,direct_far,on_lap,main,fronted_location,person_first
on_lap__name_3__obj_ball__physical_placement_fronted__person_first,on_lap__name_3__obj_ball__physical_placement_fronted__person_first__far_synonym_distant,far_evidence_only,synonym_distant,on_lap,main,fronted_location,person_first
on_lap__name_3__obj_ball__physical_placement_fronted__person_first,on_lap__name_3__obj_ball__physical_placement_fronted__person_first__far_large_distance,far_evidence_only,large_distance,on_lap,main,fronted_location,person_first
on_lap__name_3__obj_ball__physical_placement_fronted__object_first,on_lap__name_3__obj_ball__physical_placement_fronted__object_first__far_direct_far,far_evidence_only,direct_far,on_lap,main,fronted_location,object_first
on_lap__name_3__obj_ball__physical_placement_fronted__object_first,on_lap__name_3__obj_ball__physical_placement_fronted__object_first__far_synonym_distant,far_evidence_only,synonym_distant,on_lap,main,fronted_location,object_first
on_lap__name_3__obj_ball__physical_placement_fronted__object_first,on_lap__name_3__obj_ball__physical_placement_fronted__object_first__far_large_distance,far_evidence_only,large_distance,on_lap,main,fronted_location,object_first
on_lap__name_3__obj_ball__physical_placement_person_subject__person_first,on_lap__name_3__obj_ball__physical_placement_person_subject__person_first__far_direct_far,far_evidence_only,direct_far,on_lap,main,person_subject,person_first
on_lap__name_3__obj_ball__physical_placement_person_subject__person_first,on_lap__name_3__obj_ball__physical_placement_person_subject__person_first__far_synonym_distant,far_evidence_only,synonym_distant,on_lap,main,person_subject,person_first
on_lap__name_3__obj_ball__physical_placement_person_subject__person_first,on_lap__name_3__obj_ball__physical_placement_person_subject__person_first__far_large_distance,far_evidence_only,large_distance,on_lap,main,person_subject,person_first
on_lap__name_3__obj_ball__physical_placement_person_subject__object_first,on_lap__name_3__obj_ball__physical_placement_person_subject__object_first__far_direct_far,far_evidence_only,direct_far,on_lap,main,person_subject,object_first
on_lap__name_3__obj_ball__physical_placement_person_subject__object_first,on_lap__name_3__obj_ball__physical_placement_person_subject__object_first__far_synonym_distant,far_evidence_only,synonym_distant,on_lap,main,person_subject,object_first
on_lap__name_3__obj_ball__physical_placement_person_subject__object_first,on_lap__name_3__obj_ball__physical_placement_person_subject__object_first__far_large_distance,far_evidence_only,large_distance,on_lap,main,person_subject,object_first
on_lap__name_3__obj_helmet__physical_placement__person_first,on_lap__name_3__obj_helmet__physical_placement__person_first__far_direct_far,far_evidence_only,direct_far,on_lap,main,object_subject,person_first
on_lap__name_3__obj_helmet__physical_placement__person_first,on_lap__name_3__obj_helmet__physical_placement__person_first__far_synonym_distant,far_evidence_only,synonym_distant,on_lap,main,object_subject,person_first
on_lap__name_3__obj_helmet__physical_placement__person_first,on_lap__name_3__obj_helmet__physical_placement__person_first__far_large_distance,far_evidence_only,large_distance,on_lap,main,object_subject,person_first
on_lap__name_3__obj_helmet__physical_placement__object_first,on_lap__name_3__obj_helmet__physical_placement__object_first__far_direct_far,far_evidence_only,direct_far,on_lap,main,object_subject,object_first
on_lap__name_3__obj_helmet__physical_placement__object_first,on_lap__name_3__obj_helmet__physical_placement__object_first__far_synonym_distant,far_evidence_only,synonym_distant,on_lap,main,object_subject,object_first
on_lap__name_3__obj_helmet__physical_placement__object_first,on_lap__name_3__obj_helmet__physical_placement__object_first__far_large_distance,far_evidence_only,large_distance,on_lap,main,object_subject,object_first
on_lap__name_3__obj_helmet__physical_placement_fronted__person_first,on_lap__name_3__obj_helmet__physical_placement_fronted__person_first__far_direct_far,far_evidence_only,direct_far,on_lap,main,fronted_location,person_first
on_lap__name_3__obj_helmet__physical_placement_fronted__person_first,on_lap__name_3__obj_helmet__physical_placement_fronted__person_first__far_synonym_distant,far_evidence_only,synonym_distant,on_lap,main,fronted_location,person_first
on_lap__name_3__obj_helmet__physical_placement_fronted__person_first,on_lap__name_3__obj_helmet__physical_placement_fronted__person_first__far_large_distance,far_evidence_only,large_distance,on_lap,main,fronted_location,person_first
on_lap__name_3__obj_helmet__physical_placement_fronted__object_first,on_lap__name_3__obj_helmet__physical_placement_fronted__object_first__far_direct_far,far_evidence_only,direct_far,on_lap,main,fronted_location,object_first
on_lap__name_3__obj_helmet__physical_placement_fronted__object_first,on_lap__name_3__obj_helmet__physical_placement_fronted__object_first__far_synonym_distant,far_evidence_only,synonym_distant,on_lap,main,fronted_location,object_first
on_lap__name_3__obj_helmet__physical_placement_fronted__object_first,on_lap__name_3__obj_helmet__physical_placement_fronted__object_first__far_large_distance,far_evidence_only,large_distance,on_lap,main,fronted_location,object_first
on_lap__name_3__obj_helmet__physical_placement_person_subject__person_first,on_lap__name_3__obj_helmet__physical_placement_person_subject__person_first__far_direct_far,far_evidence_only,direct_far,on_lap,main,person_subject,person_first
on_lap__name_3__obj_helmet__physical_placement_person_subject__person_first,on_lap__name_3__obj_helmet__physical_placement_person_subject__person_first__far_synonym_distant,far_evidence_only,synonym_distant,on_lap,main,person_subject,person_first
on_lap__name_3__obj_helmet__physical_placement_person_subject__person_first,on_lap__name_3__obj_helmet__physical_placement_person_subject__person_first__far_large_distance,far_evidence_only,large_distance,on_lap,main,person_subject,person_first
on_lap__name_3__obj_helmet__physical_placement_person_subject__object_first,on_lap__name_3__obj_helmet__physical_placement_person_subject__object_first__far_direct_far,far_evidence_only,direct_far,on_lap,main,person_subject,object_first
on_lap__name_3__obj_helmet__physical_placement_person_subject__object_first,on_lap__name_3__obj_helmet__physical_placement_person_subject__object_first__far_synonym_distant,far_evidence_only,synonym_distant,on_lap,main,person_subject,object_first
on_lap__name_3__obj_helmet__physical_placement_person_subject__object_first,on_lap__name_3__obj_helmet__physical_placement_person_subject__object_first__far_large_distance,far_evidence_only,large_distance,on_lap,main,person_subject,object_first
against_elbow__name_0__obj_ball__physical_placement__person_first,against_elbow__name_0__obj_ball__physical_placement__person_first__far_direct_far,far_evidence_only,direct_far,against_elbow,main,object_subject,person_first
against_elbow__name_0__obj_ball__physical_placement__person_first,against_elbow__name_0__obj_ball__physical_placement__person_first__far_synonym_distant,far_evidence_only,synonym_distant,against_elbow,main,object_subject,person_first
against_elbow__name_0__obj_ball__physical_placement__person_first,against_elbow__name_0__obj_ball__physical_placement__person_first__far_large_distance,far_evidence_only,large_distance,against_elbow,main,object_subject,person_first
against_elbow__name_0__obj_ball__physical_placement__object_first,against_elbow__name_0__obj_ball__physical_placement__object_first__far_direct_far,far_evidence_only,direct_far,against_elbow,main,object_subject,object_first
against_elbow__name_0__obj_ball__physical_placement__object_first,against_elbow__name_0__obj_ball__physical_placement__object_first__far_synonym_distant,far_evidence_only,synonym_distant,against_elbow,main,object_subject,object_first
against_elbow__name_0__obj_ball__physical_placement__object_first,against_elbow__name_0__obj_ball__physical_placement__object_first__far_large_distance,far_evidence_only,large_distance,against_elbow,main,object_subject,object_first
against_elbow__name_0__obj_ball__physical_placement_fronted__person_first,against_elbow__name_0__obj_ball__physical_placement_fronted__person_first__far_direct_far,far_evidence_only,direct_far,against_elbow,main,fronted_location,person_first
against_elbow__name_0__obj_ball__physical_placement_fronted__person_first,against_elbow__name_0__obj_ball__physical_placement_fronted__person_first__far_synonym_distant,far_evidence_only,synonym_distant,against_elbow,main,fronted_location,person_first
against_elbow__name_0__obj_ball__physical_placement_fronted__person_first,against_elbow__name_0__obj_ball__physical_placement_fronted__person_first__far_large_distance,far_evidence_only,large_distance,against_elbow,main,fronted_location,person_first
against_elbow__name_0__obj_ball__physical_placement_fronted__object_first,against_elbow__name_0__obj_ball__physical_placement_fronted__object_first__far_direct_far,far_evidence_only,direct_far,against_elbow,main,fronted_location,object_first
against_elbow__name_0__obj_ball__physical_placement_fronted__object_first,against_elbow__name_0__obj_ball__physical_placement_fronted__object_first__far_synonym_distant,far_evidence_only,synonym_distant,against_elbow,main,fronted_location,object_first
against_elbow__name_0__obj_ball__physical_placement_fronted__object_first,against_elbow__name_0__obj_ball__physical_placement_fronted__object_first__far_large_distance,far_evidence_only,large_distance,against_elbow,main,fronted_location,object_first
against_elbow__name_0__obj_ball__physical_placement_person_subject__person_first,against_elbow__name_0__obj_ball__physical_placement_person_subject__person_first__far_direct_far,far_evidence_only,direct_far,against_elbow,main,person_subject,person_first
against_elbow__name_0__obj_ball__physical_placement_person_subject__person_first,against_elbow__name_0__obj_ball__physical_placement_person_subject__person_first__far_synonym_distant,far_evidence_only,synonym_distant,against_elbow,main,person_subject,person_first
against_elbow__name_0__obj_ball__physical_placement_person_subject__person_first,against_elbow__name_0__obj_ball__physical_placement_person_subject__person_first__far_large_distance,far_evidence_only,large_distance,against_elbow,main,person_subject,person_first
against_elbow__name_0__obj_ball__physical_placement_person_subject__object_first,against_elbow__name_0__obj_ball__physical_placement_person_subject__object_first__far_direct_far,far_evidence_only,direct_far,against_elbow,main,person_subject,object_first
against_elbow__name_0__obj_ball__physical_placement_person_subject__object_first,against_elbow__name_0__obj_ball__physical_placement_person_subject__object_first__far_synonym_distant,far_evidence_only,synonym_distant,against_elbow,main,person_subject,object_first
against_elbow__name_0__obj_ball__physical_placement_person_subject__object_first,against_elbow__name_0__obj_ball__physical_placement_person_subject__object_first__far_large_distance,far_evidence_only,large_distance,against_elbow,main,person_subject,object_first
against_elbow__name_0__obj_book__physical_placement__person_first,against_elbow__name_0__obj_book__physical_placement__person_first__far_direct_far,far_evidence_only,direct_far,against_elbow,main,object_subject,person_first
against_elbow__name_0__obj_book__physical_placement__person_first,against_elbow__name_0__obj_book__physical_placement__person_first__far_synonym_distant,far_evidence_only,synonym_distant,against_elbow,main,object_subject,person_first
against_elbow__name_0__obj_book__physical_placement__person_first,against_elbow__name_0__obj_book__physical_placement__person_first__far_large_distance,far_evidence_only,large_distance,against_elbow,main,object_subject,person_first
against_elbow__name_0__obj_book__physical_placement__object_first,against_elbow__name_0__obj_book__physical_placement__object_first__far_direct_far,far_evidence_only,direct_far,against_elbow,main,object_subject,object_first
against_elbow__name_0__obj_book__physical_placement__object_first,against_elbow__name_0__obj_book__physical_placement__object_first__far_synonym_distant,far_evidence_only,synonym_distant,against_elbow,main,object_subject,object_first
against_elbow__name_0__obj_book__physical_placement__object_first,against_elbow__name_0__obj_book__physical_placement__object_first__far_large_distance,far_evidence_only,large_distance,against_elbow,main,object_subject,object_first
against_elbow__name_0__obj_book__physical_placement_fronted__person_first,against_elbow__name_0__obj_book__physical_placement_fronted__person_first__far_direct_far,far_evidence_only,direct_far,against_elbow,main,fronted_location,person_first
against_elbow__name_0__obj_book__physical_placement_fronted__person_first,against_elbow__name_0__obj_book__physical_placement_fronted__person_first__far_synonym_distant,far_evidence_only,synonym_distant,against_elbow,main,fronted_location,person_first
against_elbow__name_0__obj_book__physical_placement_fronted__person_first,against_elbow__name_0__obj_book__physical_placement_fronted__person_first__far_large_distance,far_evidence_only,large_distance,against_elbow,main,fronted_location,person_first
against_elbow__name_0__obj_book__physical_placement_fronted__object_first,against_elbow__name_0__obj_book__physical_placement_fronted__object_first__far_direct_far,far_evidence_only,direct_far,against_elbow,main,fronted_location,object_first
against_elbow__name_0__obj_book__physical_placement_fronted__object_first,against_elbow__name_0__obj_book__physical_placement_fronted__object_first__far_synonym_distant,far_evidence_only,synonym_distant,against_elbow,main,fronted_location,object_first
against_elbow__name_0__obj_book__physical_placement_fronted__object_first,against_elbow__name_0__obj_book__physical_placement_fronted__object_first__far_large_distance,far_evidence_only,large_distance,against_elbow,main,fronted_location,object_first
against_elbow__name_0__obj_book__physical_placement_person_subject__person_first,against_elbow__name_0__obj_book__physical_placement_person_subject__person_first__far_direct_far,far_evidence_only,direct_far,against_elbow,main,person_subject,person_first
against_elbow__name_0__obj_book__physical_placement_person_subject__person_first,against_elbow__name_0__obj_book__physical_placement_person_subject__person_first__far_synonym_distant,far_evidence_only,synonym_distant,against_elbow,main,person_subject,person_first
against_elbow__name_0__obj_book__physical_placement_person_subject__person_first,against_elbow__name_0__obj_book__physical_placement_person_subject__person_first__far_large_distance,far_evidence_only,large_distance,against_elbow,main,person_subject,person_first
against_elbow__name_0__obj_book__physical_placement_person_subject__object_first,against_elbow__name_0__obj_book__physical_placement_person_subject__object_first__far_direct_far,far_evidence_only,direct_far,against_elbow,main,person_subject,object_first
against_elbow__name_0__obj_book__physical_placement_person_subject__object_first,against_elbow__name_0__obj_book__physical_placement_person_subject__object_first__far_synonym_distant,far_evidence_only,synonym_distant,against_elbow,main,person_subject,object_first
against_elbow__name_0__obj_book__physical_placement_person_subject__object_first,against_elbow__name_0__obj_book__physical_placement_person_subject__object_first__far_large_distance,far_evidence_only,large_distance,against_elbow,main,person_subject,object_first
against_elbow__name_0__obj_cup__physical_placement__person_first,against_elbow__name_0__obj_cup__physical_placement__person_first__far_direct_far,far_evidence_only,direct_far,against_elbow,main,object_subject,person_first
against_elbow__name_0__obj_cup__physical_placement__person_first,against_elbow__name_0__obj_cup__physical_placement__person_first__far_synonym_distant,far_evidence_only,synonym_distant,against_elbow,main,object_subject,person_first
against_elbow__name_0__obj_cup__physical_placement__person_first,against_elbow__name_0__obj_cup__physical_placement__person_first__far_large_distance,far_evidence_only,large_distance,against_elbow,main,object_subject,person_first
against_elbow__name_0__obj_cup__physical_placement__object_first,against_elbow__name_0__obj_cup__physical_placement__object_first__far_direct_far,far_evidence_only,direct_far,against_elbow,main,object_subject,object_first
against_elbow__name_0__obj_cup__physical_placement__object_first,against_elbow__name_0__obj_cup__physical_placement__object_first__far_synonym_distant,far_evidence_only,synonym_distant,against_elbow,main,object_subject,object_first
against_elbow__name_0__obj_cup__physical_placement__object_first,against_elbow__name_0__obj_cup__physical_placement__object_first__far_large_distance,far_evidence_only,large_distance,against_elbow,main,object_subject,object_first
against_elbow__name_0__obj_cup__physical_placement_fronted__person_first,against_elbow__name_0__obj_cup__physical_placement_fronted__person_first__far_direct_far,far_evidence_only,direct_far,against_elbow,main,fronted_location,person_first
against_elbow__name_0__obj_cup__physical_placement_fronted__person_first,against_elbow__name_0__obj_cup__physical_placement_fronted__person_first__far_synonym_distant,far_evidence_only,synonym_distant,against_elbow,main,fronted_location,person_first
against_elbow__name_0__obj_cup__physical_placement_fronted__person_first,against_elbow__name_0__obj_cup__physical_placement_fronted__person_first__far_large_distance,far_evidence_only,large_distance,against_elbow,main,fronted_location,person_first
against_elbow__name_0__obj_cup__physical_placement_fronted__object_first,against_elbow__name_0__obj_cup__physical_placement_fronted__object_first__far_direct_far,far_evidence_only,direct_far,against_elbow,main,fronted_location,object_first
against_elbow__name_0__obj_cup__physical_placement_fronted__object_first,against_elbow__name_0__obj_cup__physical_placement_fronted__object_first__far_synonym_distant,far_evidence_only,synonym_distant,against_elbow,main,fronted_location,object_first
against_elbow__name_0__obj_cup__physical_placement_fronted__object_first,against_elbow__name_0__obj_cup__physical_placement_fronted__object_first__far_large_distance,far_evidence_only,large_distance,against_elbow,main,fronted_location,object_first
against_elbow__name_0__obj_cup__physical_placement_person_subject__person_first,against_elbow__name_0__obj_cup__physical_placement_person_subject__person_first__far_direct_far,far_evidence_only,direct_far,against_elbow,main,person_subject,person_first
against_elbow__name_0__obj_cup__physical_placement_person_subject__person_first,against_elbow__name_0__obj_cup__physical_placement_person_subject__person_first__far_synonym_distant,far_evidence_only,synonym_distant,against_elbow,main,person_subject,person_first
against_elbow__name_0__obj_cup__physical_placement_person_subject__person_first,against_elbow__name_0__obj_cup__physical_placement_person_subject__person_first__far_large_distance,far_evidence_only,large_distance,against_elbow,main,person_subject,person_first
against_elbow__name_0__obj_cup__physical_placement_person_subject__object_first,against_elbow__name_0__obj_cup__physical_placement_person_subject__object_first__far_direct_far,far_evidence_only,direct_far,against_elbow,main,person_subject,object_first
against_elbow__name_0__obj_cup__physical_placement_person_subject__object_first,against_elbow__name_0__obj_cup__physical_placement_person_subject__object_first__far_synonym_distant,far_evidence_only,synonym_distant,against_elbow,main,person_subject,object_first
against_elbow__name_0__obj_cup__physical_placement_person_subject__object_first,against_elbow__name_0__obj_cup__physical_placement_person_subject__object_first__far_large_distance,far_evidence_only,large_distance,against_elbow,main,person_subject,object_first
against_elbow__name_0__obj_bag__physical_placement__person_first,against_elbow__name_0__obj_bag__physical_placement__person_first__far_direct_far,far_evidence_only,direct_far,against_elbow,main,object_subject,person_first
against_elbow__name_0__obj_bag__physical_placement__person_first,against_elbow__name_0__obj_bag__physical_placement__person_first__far_synonym_distant,far_evidence_only,synonym_distant,against_elbow,main,object_subject,person_first
against_elbow__name_0__obj_bag__physical_placement__person_first,against_elbow__name_0__obj_bag__physical_placement__person_first__far_large_distance,far_evidence_only,large_distance,against_elbow,main,object_subject,person_first
against_elbow__name_0__obj_bag__physical_placement__object_first,against_elbow__name_0__obj_bag__physical_placement__object_first__far_direct_far,far_evidence_only,direct_far,against_elbow,main,object_subject,object_first
against_elbow__name_0__obj_bag__physical_placement__object_first,against_elbow__name_0__obj_bag__physical_placement__object_first__far_synonym_distant,far_evidence_only,synonym_distant,against_elbow,main,object_subject,object_first
against_elbow__name_0__obj_bag__physical_placement__object_first,against_elbow__name_0__obj_bag__physical_placement__object_first__far_large_distance,far_evidence_only,large_distance,against_elbow,main,object_subject,object_first
against_elbow__name_0__obj_bag__physical_placement_fronted__person_first,against_elbow__name_0__obj_bag__physical_placement_fronted__person_first__far_direct_far,far_evidence_only,direct_far,against_elbow,main,fronted_location,person_first
against_elbow__name_0__obj_bag__physical_placement_fronted__person_first,against_elbow__name_0__obj_bag__physical_placement_fronted__person_first__far_synonym_distant,far_evidence_only,synonym_distant,against_elbow,main,fronted_location,person_first
against_elbow__name_0__obj_bag__physical_placement_fronted__person_first,against_elbow__name_0__obj_bag__physical_placement_fronted__person_first__far_large_distance,far_evidence_only,large_distance,against_elbow,main,fronted_location,person_first
against_elbow__name_0__obj_bag__physical_placement_fronted__object_first,against_elbow__name_0__obj_bag__physical_placement_fronted__object_first__far_direct_far,far_evidence_only,direct_far,against_elbow,main,fronted_location,object_first
against_elbow__name_0__obj_bag__physical_placement_fronted__object_first,against_elbow__name_0__obj_bag__physical_placement_fronted__object_first__far_synonym_distant,far_evidence_only,synonym_distant,against_elbow,main,fronted_location,object_first
against_elbow__name_0__obj_bag__physical_placement_fronted__object_first,against_elbow__name_0__obj_bag__physical_placement_fronted__object_first__far_large_distance,far_evidence_only,large_distance,against_elbow,main,fronted_location,object_first
against_elbow__name_0__obj_bag__physical_placement_person_subject__person_first,against_elbow__name_0__obj_bag__physical_placement_person_subject__person_first__far_direct_far,far_evidence_only,direct_far,against_elbow,main,person_subject,person_first
against_elbow__name_0__obj_bag__physical_placement_person_subject__person_first,against_elbow__name_0__obj_bag__physical_placement_person_subject__person_first__far_synonym_distant,far_evidence_only,synonym_distant,against_elbow,main,person_subject,person_first
against_elbow__name_0__obj_bag__physical_placement_person_subject__person_first,against_elbow__name_0__obj_bag__physical_placement_person_subject__person_first__far_large_distance,far_evidence_only,large_distance,against_elbow,main,person_subject,person_first
against_elbow__name_0__obj_bag__physical_placement_person_subject__object_first,against_elbow__name_0__obj_bag__physical_placement_person_subject__object_first__far_direct_far,far_evidence_only,direct_far,against_elbow,main,person_subject,object_first
against_elbow__name_0__obj_bag__physical_placement_person_subject__object_first,against_elbow__name_0__obj_bag__physical_placement_person_subject__object_first__far_synonym_distant,far_evidence_only,synonym_distant,against_elbow,main,person_subject,object_first
against_elbow__name_0__obj_bag__physical_placement_person_subject__object_first,against_elbow__name_0__obj_bag__physical_placement_person_subject__object_first__far_large_distance,far_evidence_only,large_distance,against_elbow,main,person_subject,object_first
against_elbow__name_1__obj_ball__physical_placement__person_first,against_elbow__name_1__obj_ball__physical_placement__person_first__far_direct_far,far_evidence_only,direct_far,against_elbow,main,object_subject,person_first
against_elbow__name_1__obj_ball__physical_placement__person_first,against_elbow__name_1__obj_ball__physical_placement__person_first__far_synonym_distant,far_evidence_only,synonym_distant,against_elbow,main,object_subject,person_first
against_elbow__name_1__obj_ball__physical_placement__person_first,against_elbow__name_1__obj_ball__physical_placement__person_first__far_large_distance,far_evidence_only,large_distance,against_elbow,main,object_subject,person_first
against_elbow__name_1__obj_ball__physical_placement__object_first,against_elbow__name_1__obj_ball__physical_placement__object_first__far_direct_far,far_evidence_only,direct_far,against_elbow,main,object_subject,object_first
against_elbow__name_1__obj_ball__physical_placement__object_first,against_elbow__name_1__obj_ball__physical_placement__object_first__far_synonym_distant,far_evidence_only,synonym_distant,against_elbow,main,object_subject,object_first
against_elbow__name_1__obj_ball__physical_placement__object_first,against_elbow__name_1__obj_ball__physical_placement__object_first__far_large_distance,far_evidence_only,large_distance,against_elbow,main,object_subject,object_first
against_elbow__name_1__obj_ball__physical_placement_fronted__person_first,against_elbow__name_1__obj_ball__physical_placement_fronted__person_first__far_direct_far,far_evidence_only,direct_far,against_elbow,main,fronted_location,person_first
against_elbow__name_1__obj_ball__physical_placement_fronted__person_first,against_elbow__name_1__obj_ball__physical_placement_fronted__person_first__far_synonym_distant,far_evidence_only,synonym_distant,against_elbow,main,fronted_location,person_first
against_elbow__name_1__obj_ball__physical_placement_fronted__person_first,against_elbow__name_1__obj_ball__physical_placement_fronted__person_first__far_large_distance,far_evidence_only,large_distance,against_elbow,main,fronted_location,person_first
against_elbow__name_1__obj_ball__physical_placement_fronted__object_first,against_elbow__name_1__obj_ball__physical_placement_fronted__object_first__far_direct_far,far_evidence_only,direct_far,against_elbow,main,fronted_location,object_first
against_elbow__name_1__obj_ball__physical_placement_fronted__object_first,against_elbow__name_1__obj_ball__physical_placement_fronted__object_first__far_synonym_distant,far_evidence_only,synonym_distant,against_elbow,main,fronted_location,object_first
against_elbow__name_1__obj_ball__physical_placement_fronted__object_first,against_elbow__name_1__obj_ball__physical_placement_fronted__object_first__far_large_distance,far_evidence_only,large_distance,against_elbow,main,fronted_location,object_first
against_elbow__name_1__obj_ball__physical_placement_person_subject__person_first,against_elbow__name_1__obj_ball__physical_placement_person_subject__person_first__far_direct_far,far_evidence_only,direct_far,against_elbow,main,person_subject,person_first
against_elbow__name_1__obj_ball__physical_placement_person_subject__person_first,against_elbow__name_1__obj_ball__physical_placement_person_subject__person_first__far_synonym_distant,far_evidence_only,synonym_distant,against_elbow,main,person_subject,person_first
against_elbow__name_1__obj_ball__physical_placement_person_subject__person_first,against_elbow__name_1__obj_ball__physical_placement_person_subject__person_first__far_large_distance,far_evidence_only,large_distance,against_elbow,main,person_subject,person_first
against_elbow__name_1__obj_ball__physical_placement_person_subject__object_first,against_elbow__name_1__obj_ball__physical_placement_person_subject__object_first__far_direct_far,far_evidence_only,direct_far,against_elbow,main,person_subject,object_first
against_elbow__name_1__obj_ball__physical_placement_person_subject__object_first,against_elbow__name_1__obj_ball__physical_placement_person_subject__object_first__far_synonym_distant,far_evidence_only,synonym_distant,against_elbow,main,person_subject,object_first
against_elbow__name_1__obj_ball__physical_placement_person_subject__object_first,against_elbow__name_1__obj_ball__physical_placement_person_subject__object_first__far_large_distance,far_evidence_only,large_distance,against_elbow,main,person_subject,object_first
against_elbow__name_1__obj_book__physical_placement__person_first,against_elbow__name_1__obj_book__physical_placement__person_first__far_direct_far,far_evidence_only,direct_far,against_elbow,main,object_subject,person_first
against_elbow__name_1__obj_book__physical_placement__person_first,against_elbow__name_1__obj_book__physical_placement__person_first__far_synonym_distant,far_evidence_only,synonym_distant,against_elbow,main,object_subject,person_first
against_elbow__name_1__obj_book__physical_placement__person_first,against_elbow__name_1__obj_book__physical_placement__person_first__far_large_distance,far_evidence_only,large_distance,against_elbow,main,object_subject,person_first
against_elbow__name_1__obj_book__physical_placement__object_first,against_elbow__name_1__obj_book__physical_placement__object_first__far_direct_far,far_evidence_only,direct_far,against_elbow,main,object_subject,object_first
against_elbow__name_1__obj_book__physical_placement__object_first,against_elbow__name_1__obj_book__physical_placement__object_first__far_synonym_distant,far_evidence_only,synonym_distant,against_elbow,main,object_subject,object_first
against_elbow__name_1__obj_book__physical_placement__object_first,against_elbow__name_1__obj_book__physical_placement__object_first__far_large_distance,far_evidence_only,large_distance,against_elbow,main,object_subject,object_first
against_elbow__name_1__obj_book__physical_placement_fronted__person_first,against_elbow__name_1__obj_book__physical_placement_fronted__person_first__far_direct_far,far_evidence_only,direct_far,against_elbow,main,fronted_location,person_first
against_elbow__name_1__obj_book__physical_placement_fronted__person_first,against_elbow__name_1__obj_book__physical_placement_fronted__person_first__far_synonym_distant,far_evidence_only,synonym_distant,against_elbow,main,fronted_location,person_first
against_elbow__name_1__obj_book__physical_placement_fronted__person_first,against_elbow__name_1__obj_book__physical_placement_fronted__person_first__far_large_distance,far_evidence_only,large_distance,against_elbow,main,fronted_location,person_first
against_elbow__name_1__obj_book__physical_placement_fronted__object_first,against_elbow__name_1__obj_book__physical_placement_fronted__object_first__far_direct_far,far_evidence_only,direct_far,against_elbow,main,fronted_location,object_first
against_elbow__name_1__obj_book__physical_placement_fronted__object_first,against_elbow__name_1__obj_book__physical_placement_fronted__object_first__far_synonym_distant,far_evidence_only,synonym_distant,against_elbow,main,fronted_location,object_first
against_elbow__name_1__obj_book__physical_placement_fronted__object_first,against_elbow__name_1__obj_book__physical_placement_fronted__object_first__far_large_distance,far_evidence_only,large_distance,against_elbow,main,fronted_location,object_first
against_elbow__name_1__obj_book__physical_placement_person_subject__person_first,against_elbow__name_1__obj_book__physical_placement_person_subject__person_first__far_direct_far,far_evidence_only,direct_far,against_elbow,main,person_subject,person_first
against_elbow__name_1__obj_book__physical_placement_person_subject__person_first,against_elbow__name_1__obj_book__physical_placement_person_subject__person_first__far_synonym_distant,far_evidence_only,synonym_distant,against_elbow,main,person_subject,person_first
against_elbow__name_1__obj_book__physical_placement_person_subject__person_first,against_elbow__name_1__obj_book__physical_placement_person_subject__person_first__far_large_distance,far_evidence_only,large_distance,against_elbow,main,person_subject,person_first
against_elbow__name_1__obj_book__physical_placement_person_subject__object_first,against_elbow__name_1__obj_book__physical_placement_person_subject__object_first__far_direct_far,far_evidence_only,direct_far,against_elbow,main,person_subject,object_first
against_elbow__name_1__obj_book__physical_placement_person_subject__object_first,against_elbow__name_1__obj_book__physical_placement_person_subject__object_first__far_synonym_distant,far_evidence_only,synonym_distant,against_elbow,main,person_subject,object_first
against_elbow__name_1__obj_book__physical_placement_person_subject__object_first,against_elbow__name_1__obj_book__physical_placement_person_subject__object_first__far_large_distance,far_evidence_only,large_distance,against_elbow,main,person_subject,object_first
against_elbow__name_1__obj_cup__physical_placement__person_first,against_elbow__name_1__obj_cup__physical_placement__person_first__far_direct_far,far_evidence_only,direct_far,against_elbow,main,object_subject,person_first
against_elbow__name_1__obj_cup__physical_placement__person_first,against_elbow__name_1__obj_cup__physical_placement__person_first__far_synonym_distant,far_evidence_only,synonym_distant,against_elbow,main,object_subject,person_first
against_elbow__name_1__obj_cup__physical_placement__person_first,against_elbow__name_1__obj_cup__physical_placement__person_first__far_large_distance,far_evidence_only,large_distance,against_elbow,main,object_subject,person_first
against_elbow__name_1__obj_cup__physical_placement__object_first,against_elbow__name_1__obj_cup__physical_placement__object_first__far_direct_far,far_evidence_only,direct_far,against_elbow,main,object_subject,object_first
against_elbow__name_1__obj_cup__physical_placement__object_first,against_elbow__name_1__obj_cup__physical_placement__object_first__far_synonym_distant,far_evidence_only,synonym_distant,against_elbow,main,object_subject,object_first
against_elbow__name_1__obj_cup__physical_placement__object_first,against_elbow__name_1__obj_cup__physical_placement__object_first__far_large_distance,far_evidence_only,large_distance,against_elbow,main,object_subject,object_first
against_elbow__name_1__obj_cup__physical_placement_fronted__person_first,against_elbow__name_1__obj_cup__physical_placement_fronted__person_first__far_direct_far,far_evidence_only,direct_far,against_elbow,main,fronted_location,person_first
against_elbow__name_1__obj_cup__physical_placement_fronted__person_first,against_elbow__name_1__obj_cup__physical_placement_fronted__person_first__far_synonym_distant,far_evidence_only,synonym_distant,against_elbow,main,fronted_location,person_first
against_elbow__name_1__obj_cup__physical_placement_fronted__person_first,against_elbow__name_1__obj_cup__physical_placement_fronted__person_first__far_large_distance,far_evidence_only,large_distance,against_elbow,main,fronted_location,person_first
against_elbow__name_1__obj_cup__physical_placement_fronted__object_first,against_elbow__name_1__obj_cup__physical_placement_fronted__object_first__far_direct_far,far_evidence_only,direct_far,against_elbow,main,fronted_location,object_first
against_elbow__name_1__obj_cup__physical_placement_fronted__object_first,against_elbow__name_1__obj_cup__physical_placement_fronted__object_first__far_synonym_distant,far_evidence_only,synonym_distant,against_elbow,main,fronted_location,object_first
against_elbow__name_1__obj_cup__physical_placement_fronted__object_first,against_elbow__name_1__obj_cup__physical_placement_fronted__object_first__far_large_distance,far_evidence_only,large_distance,against_elbow,main,fronted_location,object_first
against_elbow__name_1__obj_cup__physical_placement_person_subject__person_first,against_elbow__name_1__obj_cup__physical_placement_person_subject__person_first__far_direct_far,far_evidence_only,direct_far,against_elbow,main,person_subject,person_first
against_elbow__name_1__obj_cup__physical_placement_person_subject__person_first,against_elbow__name_1__obj_cup__physical_placement_person_subject__person_first__far_synonym_distant,far_evidence_only,synonym_distant,against_elbow,main,person_subject,person_first
against_elbow__name_1__obj_cup__physical_placement_person_subject__person_first,against_elbow__name_1__obj_cup__physical_placement_person_subject__person_first__far_large_distance,far_evidence_only,large_distance,against_elbow,main,person_subject,person_first
against_elbow__name_1__obj_cup__physical_placement_person_subject__object_first,against_elbow__name_1__obj_cup__physical_placement_person_subject__object_first__far_direct_far,far_evidence_only,direct_far,against_elbow,main,person_subject,object_first
against_elbow__name_1__obj_cup__physical_placement_person_subject__object_first,against_elbow__name_1__obj_cup__physical_placement_person_subject__object_first__far_synonym_distant,far_evidence_only,synonym_distant,against_elbow,main,person_subject,object_first
against_elbow__name_1__obj_cup__physical_placement_person_subject__object_first,against_elbow__name_1__obj_cup__physical_placement_person_subject__object_first__far_large_distance,far_evidence_only,large_distance,against_elbow,main,person_subject,object_first
against_elbow__name_1__obj_bag__physical_placement__person_first,against_elbow__name_1__obj_bag__physical_placement__person_first__far_direct_far,far_evidence_only,direct_far,against_elbow,main,object_subject,person_first
against_elbow__name_1__obj_bag__physical_placement__person_first,against_elbow__name_1__obj_bag__physical_placement__person_first__far_synonym_distant,far_evidence_only,synonym_distant,against_elbow,main,object_subject,person_first
against_elbow__name_1__obj_bag__physical_placement__person_first,against_elbow__name_1__obj_bag__physical_placement__person_first__far_large_distance,far_evidence_only,large_distance,against_elbow,main,object_subject,person_first
against_elbow__name_1__obj_bag__physical_placement__object_first,against_elbow__name_1__obj_bag__physical_placement__object_first__far_direct_far,far_evidence_only,direct_far,against_elbow,main,object_subject,object_first
against_elbow__name_1__obj_bag__physical_placement__object_first,against_elbow__name_1__obj_bag__physical_placement__object_first__far_synonym_distant,far_evidence_only,synonym_distant,against_elbow,main,object_subject,object_first
against_elbow__name_1__obj_bag__physical_placement__object_first,against_elbow__name_1__obj_bag__physical_placement__object_first__far_large_distance,far_evidence_only,large_distance,against_elbow,main,object_subject,object_first
against_elbow__name_1__obj_bag__physical_placement_fronted__person_first,against_elbow__name_1__obj_bag__physical_placement_fronted__person_first__far_direct_far,far_evidence_only,direct_far,against_elbow,main,fronted_location,person_first
against_elbow__name_1__obj_bag__physical_placement_fronted__person_first,against_elbow__name_1__obj_bag__physical_placement_fronted__person_first__far_synonym_distant,far_evidence_only,synonym_distant,against_elbow,main,fronted_location,person_first
against_elbow__name_1__obj_bag__physical_placement_fronted__person_first,against_elbow__name_1__obj_bag__physical_placement_fronted__person_first__far_large_distance,far_evidence_only,large_distance,against_elbow,main,fronted_location,person_first
against_elbow__name_1__obj_bag__physical_placement_fronted__object_first,against_elbow__name_1__obj_bag__physical_placement_fronted__object_first__far_direct_far,far_evidence_only,direct_far,against_elbow,main,fronted_location,object_first
against_elbow__name_1__obj_bag__physical_placement_fronted__object_first,against_elbow__name_1__obj_bag__physical_placement_fronted__object_first__far_synonym_distant,far_evidence_only,synonym_distant,against_elbow,main,fronted_location,object_first
against_elbow__name_1__obj_bag__physical_placement_fronted__object_first,against_elbow__name_1__obj_bag__physical_placement_fronted__object_first__far_large_distance,far_evidence_only,large_distance,against_elbow,main,fronted_location,object_first
against_elbow__name_1__obj_bag__physical_placement_person_subject__person_first,against_elbow__name_1__obj_bag__physical_placement_person_subject__person_first__far_direct_far,far_evidence_only,direct_far,against_elbow,main,person_subject,person_first
against_elbow__name_1__obj_bag__physical_placement_person_subject__person_first,against_elbow__name_1__obj_bag__physical_placement_person_subject__person_first__far_synonym_distant,far_evidence_only,synonym_distant,against_elbow,main,person_subject,person_first
against_elbow__name_1__obj_bag__physical_placement_person_subject__person_first,against_elbow__name_1__obj_bag__physical_placement_person_subject__person_first__far_large_distance,far_evidence_only,large_distance,against_elbow,main,person_subject,person_first
against_elbow__name_1__obj_bag__physical_placement_person_subject__object_first,against_elbow__name_1__obj_bag__physical_placement_person_subject__object_first__far_direct_far,far_evidence_only,direct_far,against_elbow,main,person_subject,object_first
against_elbow__name_1__obj_bag__physical_placement_person_subject__object_first,against_elbow__name_1__obj_bag__physical_placement_person_subject__object_first__far_synonym_distant,far_evidence_only,synonym_distant,against_elbow,main,person_subject,object_first
against_elbow__name_1__obj_bag__physical_placement_person_subject__object_first,against_elbow__name_1__obj_bag__physical_placement_person_subject__object_first__far_large_distance,far_evidence_only,large_distance,against_elbow,main,person_subject,object_first
against_elbow__name_2__obj_ball__physical_placement__person_first,against_elbow__name_2__obj_ball__physical_placement__person_first__far_direct_far,far_evidence_only,direct_far,against_elbow,main,object_subject,person_first
against_elbow__name_2__obj_ball__physical_placement__person_first,against_elbow__name_2__obj_ball__physical_placement__person_first__far_synonym_distant,far_evidence_only,synonym_distant,against_elbow,main,object_subject,person_first
against_elbow__name_2__obj_ball__physical_placement__person_first,against_elbow__name_2__obj_ball__physical_placement__person_first__far_large_distance,far_evidence_only,large_distance,against_elbow,main,object_subject,person_first
against_elbow__name_2__obj_ball__physical_placement__object_first,against_elbow__name_2__obj_ball__physical_placement__object_first__far_direct_far,far_evidence_only,direct_far,against_elbow,main,object_subject,object_first
against_elbow__name_2__obj_ball__physical_placement__object_first,against_elbow__name_2__obj_ball__physical_placement__object_first__far_synonym_distant,far_evidence_only,synonym_distant,against_elbow,main,object_subject,object_first
against_elbow__name_2__obj_ball__physical_placement__object_first,against_elbow__name_2__obj_ball__physical_placement__object_first__far_large_distance,far_evidence_only,large_distance,against_elbow,main,object_subject,object_first
against_elbow__name_2__obj_ball__physical_placement_fronted__person_first,against_elbow__name_2__obj_ball__physical_placement_fronted__person_first__far_direct_far,far_evidence_only,direct_far,against_elbow,main,fronted_location,person_first
against_elbow__name_2__obj_ball__physical_placement_fronted__person_first,against_elbow__name_2__obj_ball__physical_placement_fronted__person_first__far_synonym_distant,far_evidence_only,synonym_distant,against_elbow,main,fronted_location,person_first
against_elbow__name_2__obj_ball__physical_placement_fronted__person_first,against_elbow__name_2__obj_ball__physical_placement_fronted__person_first__far_large_distance,far_evidence_only,large_distance,against_elbow,main,fronted_location,person_first
against_elbow__name_2__obj_ball__physical_placement_fronted__object_first,against_elbow__name_2__obj_ball__physical_placement_fronted__object_first__far_direct_far,far_evidence_only,direct_far,against_elbow,main,fronted_location,object_first
against_elbow__name_2__obj_ball__physical_placement_fronted__object_first,against_elbow__name_2__obj_ball__physical_placement_fronted__object_first__far_synonym_distant,far_evidence_only,synonym_distant,against_elbow,main,fronted_location,object_first
against_elbow__name_2__obj_ball__physical_placement_fronted__object_first,against_elbow__name_2__obj_ball__physical_placement_fronted__object_first__far_large_distance,far_evidence_only,large_distance,against_elbow,main,fronted_location,object_first
against_elbow__name_2__obj_ball__physical_placement_person_subject__person_first,against_elbow__name_2__obj_ball__physical_placement_person_subject__person_first__far_direct_far,far_evidence_only,direct_far,against_elbow,main,person_subject,person_first
against_elbow__name_2__obj_ball__physical_placement_person_subject__person_first,against_elbow__name_2__obj_ball__physical_placement_person_subject__person_first__far_synonym_distant,far_evidence_only,synonym_distant,against_elbow,main,person_subject,person_first
against_elbow__name_2__obj_ball__physical_placement_person_subject__person_first,against_elbow__name_2__obj_ball__physical_placement_person_subject__person_first__far_large_distance,far_evidence_only,large_distance,against_elbow,main,person_subject,person_first
against_elbow__name_2__obj_ball__physical_placement_person_subject__object_first,against_elbow__name_2__obj_ball__physical_placement_person_subject__object_first__far_direct_far,far_evidence_only,direct_far,against_elbow,main,person_subject,object_first
against_elbow__name_2__obj_ball__physical_placement_person_subject__object_first,against_elbow__name_2__obj_ball__physical_placement_person_subject__object_first__far_synonym_distant,far_evidence_only,synonym_distant,against_elbow,main,person_subject,object_first
against_elbow__name_2__obj_ball__physical_placement_person_subject__object_first,against_elbow__name_2__obj_ball__physical_placement_person_subject__object_first__far_large_distance,far_evidence_only,large_distance,against_elbow,main,person_subject,object_first
against_elbow__name_2__obj_book__physical_placement__person_first,against_elbow__name_2__obj_book__physical_placement__person_first__far_direct_far,far_evidence_only,direct_far,against_elbow,main,object_subject,person_first
against_elbow__name_2__obj_book__physical_placement__person_first,against_elbow__name_2__obj_book__physical_placement__person_first__far_synonym_distant,far_evidence_only,synonym_distant,against_elbow,main,object_subject,person_first
against_elbow__name_2__obj_book__physical_placement__person_first,against_elbow__name_2__obj_book__physical_placement__person_first__far_large_distance,far_evidence_only,large_distance,against_elbow,main,object_subject,person_first
against_elbow__name_2__obj_book__physical_placement__object_first,against_elbow__name_2__obj_book__physical_placement__object_first__far_direct_far,far_evidence_only,direct_far,against_elbow,main,object_subject,object_first
against_elbow__name_2__obj_book__physical_placement__object_first,against_elbow__name_2__obj_book__physical_placement__object_first__far_synonym_distant,far_evidence_only,synonym_distant,against_elbow,main,object_subject,object_first
against_elbow__name_2__obj_book__physical_placement__object_first,against_elbow__name_2__obj_book__physical_placement__object_first__far_large_distance,far_evidence_only,large_distance,against_elbow,main,object_subject,object_first
against_elbow__name_2__obj_book__physical_placement_fronted__person_first,against_elbow__name_2__obj_book__physical_placement_fronted__person_first__far_direct_far,far_evidence_only,direct_far,against_elbow,main,fronted_location,person_first
against_elbow__name_2__obj_book__physical_placement_fronted__person_first,against_elbow__name_2__obj_book__physical_placement_fronted__person_first__far_synonym_distant,far_evidence_only,synonym_distant,against_elbow,main,fronted_location,person_first
against_elbow__name_2__obj_book__physical_placement_fronted__person_first,against_elbow__name_2__obj_book__physical_placement_fronted__person_first__far_large_distance,far_evidence_only,large_distance,against_elbow,main,fronted_location,person_first
against_elbow__name_2__obj_book__physical_placement_fronted__object_first,against_elbow__name_2__obj_book__physical_placement_fronted__object_first__far_direct_far,far_evidence_only,direct_far,against_elbow,main,fronted_location,object_first
against_elbow__name_2__obj_book__physical_placement_fronted__object_first,against_elbow__name_2__obj_book__physical_placement_fronted__object_first__far_synonym_distant,far_evidence_only,synonym_distant,against_elbow,main,fronted_location,object_first
against_elbow__name_2__obj_book__physical_placement_fronted__object_first,against_elbow__name_2__obj_book__physical_placement_fronted__object_first__far_large_distance,far_evidence_only,large_distance,against_elbow,main,fronted_location,object_first
against_elbow__name_2__obj_book__physical_placement_person_subject__person_first,against_elbow__name_2__obj_book__physical_placement_person_subject__person_first__far_direct_far,far_evidence_only,direct_far,against_elbow,main,person_subject,person_first
against_elbow__name_2__obj_book__physical_placement_person_subject__person_first,against_elbow__name_2__obj_book__physical_placement_person_subject__person_first__far_synonym_distant,far_evidence_only,synonym_distant,against_elbow,main,person_subject,person_first
against_elbow__name_2__obj_book__physical_placement_person_subject__person_first,against_elbow__name_2__obj_book__physical_placement_person_subject__person_first__far_large_distance,far_evidence_only,large_distance,against_elbow,main,person_subject,person_first
against_elbow__name_2__obj_book__physical_placement_person_subject__object_first,against_elbow__name_2__obj_book__physical_placement_person_subject__object_first__far_direct_far,far_evidence_only,direct_far,against_elbow,main,person_subject,object_first
against_elbow__name_2__obj_book__physical_placement_person_subject__object_first,against_elbow__name_2__obj_book__physical_placement_person_subject__object_first__far_synonym_distant,far_evidence_only,synonym_distant,against_elbow,main,person_subject,object_first
against_elbow__name_2__obj_book__physical_placement_person_subject__object_first,against_elbow__name_2__obj_book__physical_placement_person_subject__object_first__far_large_distance,far_evidence_only,large_distance,against_elbow,main,person_subject,object_first
against_elbow__name_2__obj_cup__physical_placement__person_first,against_elbow__name_2__obj_cup__physical_placement__person_first__far_direct_far,far_evidence_only,direct_far,against_elbow,main,object_subject,person_first
against_elbow__name_2__obj_cup__physical_placement__person_first,against_elbow__name_2__obj_cup__physical_placement__person_first__far_synonym_distant,far_evidence_only,synonym_distant,against_elbow,main,object_subject,person_first
against_elbow__name_2__obj_cup__physical_placement__person_first,against_elbow__name_2__obj_cup__physical_placement__person_first__far_large_distance,far_evidence_only,large_distance,against_elbow,main,object_subject,person_first
against_elbow__name_2__obj_cup__physical_placement__object_first,against_elbow__name_2__obj_cup__physical_placement__object_first__far_direct_far,far_evidence_only,direct_far,against_elbow,main,object_subject,object_first
against_elbow__name_2__obj_cup__physical_placement__object_first,against_elbow__name_2__obj_cup__physical_placement__object_first__far_synonym_distant,far_evidence_only,synonym_distant,against_elbow,main,object_subject,object_first
against_elbow__name_2__obj_cup__physical_placement__object_first,against_elbow__name_2__obj_cup__physical_placement__object_first__far_large_distance,far_evidence_only,large_distance,against_elbow,main,object_subject,object_first
against_elbow__name_2__obj_cup__physical_placement_fronted__person_first,against_elbow__name_2__obj_cup__physical_placement_fronted__person_first__far_direct_far,far_evidence_only,direct_far,against_elbow,main,fronted_location,person_first
against_elbow__name_2__obj_cup__physical_placement_fronted__person_first,against_elbow__name_2__obj_cup__physical_placement_fronted__person_first__far_synonym_distant,far_evidence_only,synonym_distant,against_elbow,main,fronted_location,person_first
against_elbow__name_2__obj_cup__physical_placement_fronted__person_first,against_elbow__name_2__obj_cup__physical_placement_fronted__person_first__far_large_distance,far_evidence_only,large_distance,against_elbow,main,fronted_location,person_first
against_elbow__name_2__obj_cup__physical_placement_fronted__object_first,against_elbow__name_2__obj_cup__physical_placement_fronted__object_first__far_direct_far,far_evidence_only,direct_far,against_elbow,main,fronted_location,object_first
against_elbow__name_2__obj_cup__physical_placement_fronted__object_first,against_elbow__name_2__obj_cup__physical_placement_fronted__object_first__far_synonym_distant,far_evidence_only,synonym_distant,against_elbow,main,fronted_location,object_first
against_elbow__name_2__obj_cup__physical_placement_fronted__object_first,against_elbow__name_2__obj_cup__physical_placement_fronted__object_first__far_large_distance,far_evidence_only,large_distance,against_elbow,main,fronted_location,object_first
against_elbow__name_2__obj_cup__physical_placement_person_subject__person_first,against_elbow__name_2__obj_cup__physical_placement_person_subject__person_first__far_direct_far,far_evidence_only,direct_far,against_elbow,main,person_subject,person_first
against_elbow__name_2__obj_cup__physical_placement_person_subject__person_first,against_elbow__name_2__obj_cup__physical_placement_person_subject__person_first__far_synonym_distant,far_evidence_only,synonym_distant,against_elbow,main,person_subject,person_first
against_elbow__name_2__obj_cup__physical_placement_person_subject__person_first,against_elbow__name_2__obj_cup__physical_placement_person_subject__person_first__far_large_distance,far_evidence_only,large_distance,against_elbow,main,person_subject,person_first
against_elbow__name_2__obj_cup__physical_placement_person_subject__object_first,against_elbow__name_2__obj_cup__physical_placement_person_subject__object_first__far_direct_far,far_evidence_only,direct_far,against_elbow,main,person_subject,object_first
against_elbow__name_2__obj_cup__physical_placement_person_subject__object_first,against_elbow__name_2__obj_cup__physical_placement_person_subject__object_first__far_synonym_distant,far_evidence_only,synonym_distant,against_elbow,main,person_subject,object_first
against_elbow__name_2__obj_cup__physical_placement_person_subject__object_first,against_elbow__name_2__obj_cup__physical_placement_person_subject__object_first__far_large_distance,far_evidence_only,large_distance,against_elbow,main,person_subject,object_first
against_elbow__name_2__obj_bag__physical_placement__person_first,against_elbow__name_2__obj_bag__physical_placement__person_first__far_direct_far,far_evidence_only,direct_far,against_elbow,main,object_subject,person_first
against_elbow__name_2__obj_bag__physical_placement__person_first,against_elbow__name_2__obj_bag__physical_placement__person_first__far_synonym_distant,far_evidence_only,synonym_distant,against_elbow,main,object_subject,person_first
against_elbow__name_2__obj_bag__physical_placement__person_first,against_elbow__name_2__obj_bag__physical_placement__person_first__far_large_distance,far_evidence_only,large_distance,against_elbow,main,object_subject,person_first
against_elbow__name_2__obj_bag__physical_placement__object_first,against_elbow__name_2__obj_bag__physical_placement__object_first__far_direct_far,far_evidence_only,direct_far,against_elbow,main,object_subject,object_first
against_elbow__name_2__obj_bag__physical_placement__object_first,against_elbow__name_2__obj_bag__physical_placement__object_first__far_synonym_distant,far_evidence_only,synonym_distant,against_elbow,main,object_subject,object_first
against_elbow__name_2__obj_bag__physical_placement__object_first,against_elbow__name_2__obj_bag__physical_placement__object_first__far_large_distance,far_evidence_only,large_distance,against_elbow,main,object_subject,object_first
against_elbow__name_2__obj_bag__physical_placement_fronted__person_first,against_elbow__name_2__obj_bag__physical_placement_fronted__person_first__far_direct_far,far_evidence_only,direct_far,against_elbow,main,fronted_location,person_first
against_elbow__name_2__obj_bag__physical_placement_fronted__person_first,against_elbow__name_2__obj_bag__physical_placement_fronted__person_first__far_synonym_distant,far_evidence_only,synonym_distant,against_elbow,main,fronted_location,person_first
against_elbow__name_2__obj_bag__physical_placement_fronted__person_first,against_elbow__name_2__obj_bag__physical_placement_fronted__person_first__far_large_distance,far_evidence_only,large_distance,against_elbow,main,fronted_location,person_first
against_elbow__name_2__obj_bag__physical_placement_fronted__object_first,against_elbow__name_2__obj_bag__physical_placement_fronted__object_first__far_direct_far,far_evidence_only,direct_far,against_elbow,main,fronted_location,object_first
against_elbow__name_2__obj_bag__physical_placement_fronted__object_first,against_elbow__name_2__obj_bag__physical_placement_fronted__object_first__far_synonym_distant,far_evidence_only,synonym_distant,against_elbow,main,fronted_location,object_first
against_elbow__name_2__obj_bag__physical_placement_fronted__object_first,against_elbow__name_2__obj_bag__physical_placement_fronted__object_first__far_large_distance,far_evidence_only,large_distance,against_elbow,main,fronted_location,object_first
against_elbow__name_2__obj_bag__physical_placement_person_subject__person_first,against_elbow__name_2__obj_bag__physical_placement_person_subject__person_first__far_direct_far,far_evidence_only,direct_far,against_elbow,main,person_subject,person_first
against_elbow__name_2__obj_bag__physical_placement_person_subject__person_first,against_elbow__name_2__obj_bag__physical_placement_person_subject__person_first__far_synonym_distant,far_evidence_only,synonym_distant,against_elbow,main,person_subject,person_first
against_elbow__name_2__obj_bag__physical_placement_person_subject__person_first,against_elbow__name_2__obj_bag__physical_placement_person_subject__person_first__far_large_distance,far_evidence_only,large_distance,against_elbow,main,person_subject,person_first
against_elbow__name_2__obj_bag__physical_placement_person_subject__object_first,against_elbow__name_2__obj_bag__physical_placement_person_subject__object_first__far_direct_far,far_evidence_only,direct_far,against_elbow,main,person_subject,object_first
against_elbow__name_2__obj_bag__physical_placement_person_subject__object_first,against_elbow__name_2__obj_bag__physical_placement_person_subject__object_first__far_synonym_distant,far_evidence_only,synonym_distant,against_elbow,main,person_subject,object_first
against_elbow__name_2__obj_bag__physical_placement_person_subject__object_first,against_elbow__name_2__obj_bag__physical_placement_person_subject__object_first__far_large_distance,far_evidence_only,large_distance,against_elbow,main,person_subject,object_first
against_elbow__name_3__obj_ball__physical_placement__person_first,against_elbow__name_3__obj_ball__physical_placement__person_first__far_direct_far,far_evidence_only,direct_far,against_elbow,main,object_subject,person_first
against_elbow__name_3__obj_ball__physical_placement__person_first,against_elbow__name_3__obj_ball__physical_placement__person_first__far_synonym_distant,far_evidence_only,synonym_distant,against_elbow,main,object_subject,person_first
against_elbow__name_3__obj_ball__physical_placement__person_first,against_elbow__name_3__obj_ball__physical_placement__person_first__far_large_distance,far_evidence_only,large_distance,against_elbow,main,object_subject,person_first
against_elbow__name_3__obj_ball__physical_placement__object_first,against_elbow__name_3__obj_ball__physical_placement__object_first__far_direct_far,far_evidence_only,direct_far,against_elbow,main,object_subject,object_first
against_elbow__name_3__obj_ball__physical_placement__object_first,against_elbow__name_3__obj_ball__physical_placement__object_first__far_synonym_distant,far_evidence_only,synonym_distant,against_elbow,main,object_subject,object_first
against_elbow__name_3__obj_ball__physical_placement__object_first,against_elbow__name_3__obj_ball__physical_placement__object_first__far_large_distance,far_evidence_only,large_distance,against_elbow,main,object_subject,object_first
against_elbow__name_3__obj_ball__physical_placement_fronted__person_first,against_elbow__name_3__obj_ball__physical_placement_fronted__person_first__far_direct_far,far_evidence_only,direct_far,against_elbow,main,fronted_location,person_first
against_elbow__name_3__obj_ball__physical_placement_fronted__person_first,against_elbow__name_3__obj_ball__physical_placement_fronted__person_first__far_synonym_distant,far_evidence_only,synonym_distant,against_elbow,main,fronted_location,person_first
against_elbow__name_3__obj_ball__physical_placement_fronted__person_first,against_elbow__name_3__obj_ball__physical_placement_fronted__person_first__far_large_distance,far_evidence_only,large_distance,against_elbow,main,fronted_location,person_first
against_elbow__name_3__obj_ball__physical_placement_fronted__object_first,against_elbow__name_3__obj_ball__physical_placement_fronted__object_first__far_direct_far,far_evidence_only,direct_far,against_elbow,main,fronted_location,object_first
against_elbow__name_3__obj_ball__physical_placement_fronted__object_first,against_elbow__name_3__obj_ball__physical_placement_fronted__object_first__far_synonym_distant,far_evidence_only,synonym_distant,against_elbow,main,fronted_location,object_first
against_elbow__name_3__obj_ball__physical_placement_fronted__object_first,against_elbow__name_3__obj_ball__physical_placement_fronted__object_first__far_large_distance,far_evidence_only,large_distance,against_elbow,main,fronted_location,object_first
against_elbow__name_3__obj_ball__physical_placement_person_subject__person_first,against_elbow__name_3__obj_ball__physical_placement_person_subject__person_first__far_direct_far,far_evidence_only,direct_far,against_elbow,main,person_subject,person_first
against_elbow__name_3__obj_ball__physical_placement_person_subject__person_first,against_elbow__name_3__obj_ball__physical_placement_person_subject__person_first__far_synonym_distant,far_evidence_only,synonym_distant,against_elbow,main,person_subject,person_first
against_elbow__name_3__obj_ball__physical_placement_person_subject__person_first,against_elbow__name_3__obj_ball__physical_placement_person_subject__person_first__far_large_distance,far_evidence_only,large_distance,against_elbow,main,person_subject,person_first
against_elbow__name_3__obj_ball__physical_placement_person_subject__object_first,against_elbow__name_3__obj_ball__physical_placement_person_subject__object_first__far_direct_far,far_evidence_only,direct_far,against_elbow,main,person_subject,object_first
against_elbow__name_3__obj_ball__physical_placement_person_subject__object_first,against_elbow__name_3__obj_ball__physical_placement_person_subject__object_first__far_synonym_distant,far_evidence_only,synonym_distant,against_elbow,main,person_subject,object_first
against_elbow__name_3__obj_ball__physical_placement_person_subject__object_first,against_elbow__name_3__obj_ball__physical_placement_person_subject__object_first__far_large_distance,far_evidence_only,large_distance,against_elbow,main,person_subject,object_first
against_elbow__name_3__obj_book__physical_placement__person_first,against_elbow__name_3__obj_book__physical_placement__person_first__far_direct_far,far_evidence_only,direct_far,against_elbow,main,object_subject,person_first
against_elbow__name_3__obj_book__physical_placement__person_first,against_elbow__name_3__obj_book__physical_placement__person_first__far_synonym_distant,far_evidence_only,synonym_distant,against_elbow,main,object_subject,person_first
against_elbow__name_3__obj_book__physical_placement__person_first,against_elbow__name_3__obj_book__physical_placement__person_first__far_large_distance,far_evidence_only,large_distance,against_elbow,main,object_subject,person_first
against_elbow__name_3__obj_book__physical_placement__object_first,against_elbow__name_3__obj_book__physical_placement__object_first__far_direct_far,far_evidence_only,direct_far,against_elbow,main,object_subject,object_first
against_elbow__name_3__obj_book__physical_placement__object_first,against_elbow__name_3__obj_book__physical_placement__object_first__far_synonym_distant,far_evidence_only,synonym_distant,against_elbow,main,object_subject,object_first
against_elbow__name_3__obj_book__physical_placement__object_first,against_elbow__name_3__obj_book__physical_placement__object_first__far_large_distance,far_evidence_only,large_distance,against_elbow,main,object_subject,object_first
against_elbow__name_3__obj_book__physical_placement_fronted__person_first,against_elbow__name_3__obj_book__physical_placement_fronted__person_first__far_direct_far,far_evidence_only,direct_far,against_elbow,main,fronted_location,person_first
against_elbow__name_3__obj_book__physical_placement_fronted__person_first,against_elbow__name_3__obj_book__physical_placement_fronted__person_first__far_synonym_distant,far_evidence_only,synonym_distant,against_elbow,main,fronted_location,person_first
against_elbow__name_3__obj_book__physical_placement_fronted__person_first,against_elbow__name_3__obj_book__physical_placement_fronted__person_first__far_large_distance,far_evidence_only,large_distance,against_elbow,main,fronted_location,person_first
against_elbow__name_3__obj_book__physical_placement_fronted__object_first,against_elbow__name_3__obj_book__physical_placement_fronted__object_first__far_direct_far,far_evidence_only,direct_far,against_elbow,main,fronted_location,object_first
against_elbow__name_3__obj_book__physical_placement_fronted__object_first,against_elbow__name_3__obj_book__physical_placement_fronted__object_first__far_synonym_distant,far_evidence_only,synonym_distant,against_elbow,main,fronted_location,object_first
against_elbow__name_3__obj_book__physical_placement_fronted__object_first,against_elbow__name_3__obj_book__physical_placement_fronted__object_first__far_large_distance,far_evidence_only,large_distance,against_elbow,main,fronted_location,object_first
against_elbow__name_3__obj_book__physical_placement_person_subject__person_first,against_elbow__name_3__obj_book__physical_placement_person_subject__person_first__far_direct_far,far_evidence_only,direct_far,against_elbow,main,person_subject,person_first
against_elbow__name_3__obj_book__physical_placement_person_subject__person_first,against_elbow__name_3__obj_book__physical_placement_person_subject__person_first__far_synonym_distant,far_evidence_only,synonym_distant,against_elbow,main,person_subject,person_first
against_elbow__name_3__obj_book__physical_placement_person_subject__person_first,against_elbow__name_3__obj_book__physical_placement_person_subject__person_first__far_large_distance,far_evidence_only,large_distance,against_elbow,main,person_subject,person_first
against_elbow__name_3__obj_book__physical_placement_person_subject__object_first,against_elbow__name_3__obj_book__physical_placement_person_subject__object_first__far_direct_far,far_evidence_only,direct_far,against_elbow,main,person_subject,object_first
against_elbow__name_3__obj_book__physical_placement_person_subject__object_first,against_elbow__name_3__obj_book__physical_placement_person_subject__object_first__far_synonym_distant,far_evidence_only,synonym_distant,against_elbow,main,person_subject,object_first
against_elbow__name_3__obj_book__physical_placement_person_subject__object_first,against_elbow__name_3__obj_book__physical_placement_person_subject__object_first__far_large_distance,far_evidence_only,large_distance,against_elbow,main,person_subject,object_first
against_elbow__name_3__obj_cup__physical_placement__person_first,against_elbow__name_3__obj_cup__physical_placement__person_first__far_direct_far,far_evidence_only,direct_far,against_elbow,main,object_subject,person_first
against_elbow__name_3__obj_cup__physical_placement__person_first,against_elbow__name_3__obj_cup__physical_placement__person_first__far_synonym_distant,far_evidence_only,synonym_distant,against_elbow,main,object_subject,person_first
against_elbow__name_3__obj_cup__physical_placement__person_first,against_elbow__name_3__obj_cup__physical_placement__person_first__far_large_distance,far_evidence_only,large_distance,against_elbow,main,object_subject,person_first
against_elbow__name_3__obj_cup__physical_placement__object_first,against_elbow__name_3__obj_cup__physical_placement__object_first__far_direct_far,far_evidence_only,direct_far,against_elbow,main,object_subject,object_first
against_elbow__name_3__obj_cup__physical_placement__object_first,against_elbow__name_3__obj_cup__physical_placement__object_first__far_synonym_distant,far_evidence_only,synonym_distant,against_elbow,main,object_subject,object_first
against_elbow__name_3__obj_cup__physical_placement__object_first,against_elbow__name_3__obj_cup__physical_placement__object_first__far_large_distance,far_evidence_only,large_distance,against_elbow,main,object_subject,object_first
against_elbow__name_3__obj_cup__physical_placement_fronted__person_first,against_elbow__name_3__obj_cup__physical_placement_fronted__person_first__far_direct_far,far_evidence_only,direct_far,against_elbow,main,fronted_location,person_first
against_elbow__name_3__obj_cup__physical_placement_fronted__person_first,against_elbow__name_3__obj_cup__physical_placement_fronted__person_first__far_synonym_distant,far_evidence_only,synonym_distant,against_elbow,main,fronted_location,person_first
against_elbow__name_3__obj_cup__physical_placement_fronted__person_first,against_elbow__name_3__obj_cup__physical_placement_fronted__person_first__far_large_distance,far_evidence_only,large_distance,against_elbow,main,fronted_location,person_first
against_elbow__name_3__obj_cup__physical_placement_fronted__object_first,against_elbow__name_3__obj_cup__physical_placement_fronted__object_first__far_direct_far,far_evidence_only,direct_far,against_elbow,main,fronted_location,object_first
against_elbow__name_3__obj_cup__physical_placement_fronted__object_first,against_elbow__name_3__obj_cup__physical_placement_fronted__object_first__far_synonym_distant,far_evidence_only,synonym_distant,against_elbow,main,fronted_location,object_first
against_elbow__name_3__obj_cup__physical_placement_fronted__object_first,against_elbow__name_3__obj_cup__physical_placement_fronted__object_first__far_large_distance,far_evidence_only,large_distance,against_elbow,main,fronted_location,object_first
against_elbow__name_3__obj_cup__physical_placement_person_subject__person_first,against_elbow__name_3__obj_cup__physical_placement_person_subject__person_first__far_direct_far,far_evidence_only,direct_far,against_elbow,main,person_subject,person_first
against_elbow__name_3__obj_cup__physical_placement_person_subject__person_first,against_elbow__name_3__obj_cup__physical_placement_person_subject__person_first__far_synonym_distant,far_evidence_only,synonym_distant,against_elbow,main,person_subject,person_first
against_elbow__name_3__obj_cup__physical_placement_person_subject__person_first,against_elbow__name_3__obj_cup__physical_placement_person_subject__person_first__far_large_distance,far_evidence_only,large_distance,against_elbow,main,person_subject,person_first
against_elbow__name_3__obj_cup__physical_placement_person_subject__object_first,against_elbow__name_3__obj_cup__physical_placement_person_subject__object_first__far_direct_far,far_evidence_only,direct_far,against_elbow,main,person_subject,object_first
against_elbow__name_3__obj_cup__physical_placement_person_subject__object_first,against_elbow__name_3__obj_cup__physical_placement_person_subject__object_first__far_synonym_distant,far_evidence_only,synonym_distant,against_elbow,main,person_subject,object_first
against_elbow__name_3__obj_cup__physical_placement_person_subject__object_first,against_elbow__name_3__obj_cup__physical_placement_person_subject__object_first__far_large_distance,far_evidence_only,large_distance,against_elbow,main,person_subject,object_first
against_elbow__name_3__obj_bag__physical_placement__person_first,against_elbow__name_3__obj_bag__physical_placement__person_first__far_direct_far,far_evidence_only,direct_far,against_elbow,main,object_subject,person_first
against_elbow__name_3__obj_bag__physical_placement__person_first,against_elbow__name_3__obj_bag__physical_placement__person_first__far_synonym_distant,far_evidence_only,synonym_distant,against_elbow,main,object_subject,person_first
against_elbow__name_3__obj_bag__physical_placement__person_first,against_elbow__name_3__obj_bag__physical_placement__person_first__far_large_distance,far_evidence_only,large_distance,against_elbow,main,object_subject,person_first
against_elbow__name_3__obj_bag__physical_placement__object_first,against_elbow__name_3__obj_bag__physical_placement__object_first__far_direct_far,far_evidence_only,direct_far,against_elbow,main,object_subject,object_first
against_elbow__name_3__obj_bag__physical_placement__object_first,against_elbow__name_3__obj_bag__physical_placement__object_first__far_synonym_distant,far_evidence_only,synonym_distant,against_elbow,main,object_subject,object_first
against_elbow__name_3__obj_bag__physical_placement__object_first,against_elbow__name_3__obj_bag__physical_placement__object_first__far_large_distance,far_evidence_only,large_distance,against_elbow,main,object_subject,object_first
against_elbow__name_3__obj_bag__physical_placement_fronted__person_first,against_elbow__name_3__obj_bag__physical_placement_fronted__person_first__far_direct_far,far_evidence_only,direct_far,against_elbow,main,fronted_location,person_first
against_elbow__name_3__obj_bag__physical_placement_fronted__person_first,against_elbow__name_3__obj_bag__physical_placement_fronted__person_first__far_synonym_distant,far_evidence_only,synonym_distant,against_elbow,main,fronted_location,person_first
against_elbow__name_3__obj_bag__physical_placement_fronted__person_first,against_elbow__name_3__obj_bag__physical_placement_fronted__person_first__far_large_distance,far_evidence_only,large_distance,against_elbow,main,fronted_location,person_first
against_elbow__name_3__obj_bag__physical_placement_fronted__object_first,against_elbow__name_3__obj_bag__physical_placement_fronted__object_first__far_direct_far,far_evidence_only,direct_far,against_elbow,main,fronted_location,object_first
against_elbow__name_3__obj_bag__physical_placement_fronted__object_first,against_elbow__name_3__obj_bag__physical_placement_fronted__object_first__far_synonym_distant,far_evidence_only,synonym_distant,against_elbow,main,fronted_location,object_first
against_elbow__name_3__obj_bag__physical_placement_fronted__object_first,against_elbow__name_3__obj_bag__physical_placement_fronted__object_first__far_large_distance,far_evidence_only,large_distance,against_elbow,main,fronted_location,object_first
against_elbow__name_3__obj_bag__physical_placement_person_subject__person_first,against_elbow__name_3__obj_bag__physical_placement_person_subject__person_first__far_direct_far,far_evidence_only,direct_far,against_elbow,main,person_subject,person_first
against_elbow__name_3__obj_bag__physical_placement_person_subject__person_first,against_elbow__name_3__obj_bag__physical_placement_person_subject__person_first__far_synonym_distant,far_evidence_only,synonym_distant,against_elbow,main,person_subject,person_first
against_elbow__name_3__obj_bag__physical_placement_person_subject__person_first,against_elbow__name_3__obj_bag__physical_placement_person_subject__person_first__far_large_distance,far_evidence_only,large_distance,against_elbow,main,person_subject,person_first
against_elbow__name_3__obj_bag__physical_placement_person_subject__object_first,against_elbow__name_3__obj_bag__physical_placement_person_subject__object_first__far_direct_far,far_evidence_only,direct_far,against_elbow,main,person_subject,object_first
against_elbow__name_3__obj_bag__physical_placement_person_subject__object_first,against_elbow__name_3__obj_bag__physical_placement_person_subject__object_first__far_synonym_distant,far_evidence_only,synonym_distant,against_elbow,main,person_subject,object_first
against_elbow__name_3__obj_bag__physical_placement_person_subject__object_first,against_elbow__name_3__obj_bag__physical_placement_person_subject__object_first__far_large_distance,far_evidence_only,large_distance,against_elbow,main,person_subject,object_first
neighboring_seat__name_0__obj_bag__physical_placement__person_first,neighboring_seat__name_0__obj_bag__physical_placement__person_first__far_direct_far,far_evidence_only,direct_far,neighboring_seat,main,object_subject,person_first
neighboring_seat__name_0__obj_bag__physical_placement__person_first,neighboring_seat__name_0__obj_bag__physical_placement__person_first__far_synonym_distant,far_evidence_only,synonym_distant,neighboring_seat,main,object_subject,person_first
neighboring_seat__name_0__obj_bag__physical_placement__person_first,neighboring_seat__name_0__obj_bag__physical_placement__person_first__far_large_distance,far_evidence_only,large_distance,neighboring_seat,main,object_subject,person_first
neighboring_seat__name_0__obj_bag__physical_placement__object_first,neighboring_seat__name_0__obj_bag__physical_placement__object_first__far_direct_far,far_evidence_only,direct_far,neighboring_seat,main,object_subject,object_first
neighboring_seat__name_0__obj_bag__physical_placement__object_first,neighboring_seat__name_0__obj_bag__physical_placement__object_first__far_synonym_distant,far_evidence_only,synonym_distant,neighboring_seat,main,object_subject,object_first
neighboring_seat__name_0__obj_bag__physical_placement__object_first,neighboring_seat__name_0__obj_bag__physical_placement__object_first__far_large_distance,far_evidence_only,large_distance,neighboring_seat,main,object_subject,object_first
neighboring_seat__name_0__obj_bag__physical_placement_fronted__person_first,neighboring_seat__name_0__obj_bag__physical_placement_fronted__person_first__far_direct_far,far_evidence_only,direct_far,neighboring_seat,main,fronted_location,person_first
neighboring_seat__name_0__obj_bag__physical_placement_fronted__person_first,neighboring_seat__name_0__obj_bag__physical_placement_fronted__person_first__far_synonym_distant,far_evidence_only,synonym_distant,neighboring_seat,main,fronted_location,person_first
neighboring_seat__name_0__obj_bag__physical_placement_fronted__person_first,neighboring_seat__name_0__obj_bag__physical_placement_fronted__person_first__far_large_distance,far_evidence_only,large_distance,neighboring_seat,main,fronted_location,person_first
neighboring_seat__name_0__obj_bag__physical_placement_fronted__object_first,neighboring_seat__name_0__obj_bag__physical_placement_fronted__object_first__far_direct_far,far_evidence_only,direct_far,neighboring_seat,main,fronted_location,object_first
neighboring_seat__name_0__obj_bag__physical_placement_fronted__object_first,neighboring_seat__name_0__obj_bag__physical_placement_fronted__object_first__far_synonym_distant,far_evidence_only,synonym_distant,neighboring_seat,main,fronted_location,object_first
neighboring_seat__name_0__obj_bag__physical_placement_fronted__object_first,neighboring_seat__name_0__obj_bag__physical_placement_fronted__object_first__far_large_distance,far_evidence_only,large_distance,neighboring_seat,main,fronted_location,object_first
neighboring_seat__name_0__obj_bag__physical_placement_person_subject__person_first,neighboring_seat__name_0__obj_bag__physical_placement_person_subject__person_first__far_direct_far,far_evidence_only,direct_far,neighboring_seat,main,person_subject,person_first
neighboring_seat__name_0__obj_bag__physical_placement_person_subject__person_first,neighboring_seat__name_0__obj_bag__physical_placement_person_subject__person_first__far_synonym_distant,far_evidence_only,synonym_distant,neighboring_seat,main,person_subject,person_first
neighboring_seat__name_0__obj_bag__physical_placement_person_subject__person_first,neighboring_seat__name_0__obj_bag__physical_placement_person_subject__person_first__far_large_distance,far_evidence_only,large_distance,neighboring_seat,main,person_subject,person_first
neighboring_seat__name_0__obj_bag__physical_placement_person_subject__object_first,neighboring_seat__name_0__obj_bag__physical_placement_person_subject__object_first__far_direct_far,far_evidence_only,direct_far,neighboring_seat,main,person_subject,object_first
neighboring_seat__name_0__obj_bag__physical_placement_person_subject__object_first,neighboring_seat__name_0__obj_bag__physical_placement_person_subject__object_first__far_synonym_distant,far_evidence_only,synonym_distant,neighboring_seat,main,person_subject,object_first
neighboring_seat__name_0__obj_bag__physical_placement_person_subject__object_first,neighboring_seat__name_0__obj_bag__physical_placement_person_subject__object_first__far_large_distance,far_evidence_only,large_distance,neighboring_seat,main,person_subject,object_first
neighboring_seat__name_0__obj_book__physical_placement__person_first,neighboring_seat__name_0__obj_book__physical_placement__person_first__far_direct_far,far_evidence_only,direct_far,neighboring_seat,main,object_subject,person_first
neighboring_seat__name_0__obj_book__physical_placement__person_first,neighboring_seat__name_0__obj_book__physical_placement__person_first__far_synonym_distant,far_evidence_only,synonym_distant,neighboring_seat,main,object_subject,person_first
neighboring_seat__name_0__obj_book__physical_placement__person_first,neighboring_seat__name_0__obj_book__physical_placement__person_first__far_large_distance,far_evidence_only,large_distance,neighboring_seat,main,object_subject,person_first
neighboring_seat__name_0__obj_book__physical_placement__object_first,neighboring_seat__name_0__obj_book__physical_placement__object_first__far_direct_far,far_evidence_only,direct_far,neighboring_seat,main,object_subject,object_first
neighboring_seat__name_0__obj_book__physical_placement__object_first,neighboring_seat__name_0__obj_book__physical_placement__object_first__far_synonym_distant,far_evidence_only,synonym_distant,neighboring_seat,main,object_subject,object_first
neighboring_seat__name_0__obj_book__physical_placement__object_first,neighboring_seat__name_0__obj_book__physical_placement__object_first__far_large_distance,far_evidence_only,large_distance,neighboring_seat,main,object_subject,object_first
neighboring_seat__name_0__obj_book__physical_placement_fronted__person_first,neighboring_seat__name_0__obj_book__physical_placement_fronted__person_first__far_direct_far,far_evidence_only,direct_far,neighboring_seat,main,fronted_location,person_first
neighboring_seat__name_0__obj_book__physical_placement_fronted__person_first,neighboring_seat__name_0__obj_book__physical_placement_fronted__person_first__far_synonym_distant,far_evidence_only,synonym_distant,neighboring_seat,main,fronted_location,person_first
neighboring_seat__name_0__obj_book__physical_placement_fronted__person_first,neighboring_seat__name_0__obj_book__physical_placement_fronted__person_first__far_large_distance,far_evidence_only,large_distance,neighboring_seat,main,fronted_location,person_first
neighboring_seat__name_0__obj_book__physical_placement_fronted__object_first,neighboring_seat__name_0__obj_book__physical_placement_fronted__object_first__far_direct_far,far_evidence_only,direct_far,neighboring_seat,main,fronted_location,object_first
neighboring_seat__name_0__obj_book__physical_placement_fronted__object_first,neighboring_seat__name_0__obj_book__physical_placement_fronted__object_first__far_synonym_distant,far_evidence_only,synonym_distant,neighboring_seat,main,fronted_location,object_first
neighboring_seat__name_0__obj_book__physical_placement_fronted__object_first,neighboring_seat__name_0__obj_book__physical_placement_fronted__object_first__far_large_distance,far_evidence_only,large_distance,neighboring_seat,main,fronted_location,object_first
neighboring_seat__name_0__obj_book__physical_placement_person_subject__person_first,neighboring_seat__name_0__obj_book__physical_placement_person_subject__person_first__far_direct_far,far_evidence_only,direct_far,neighboring_seat,main,person_subject,person_first
neighboring_seat__name_0__obj_book__physical_placement_person_subject__person_first,neighboring_seat__name_0__obj_book__physical_placement_person_subject__person_first__far_synonym_distant,far_evidence_only,synonym_distant,neighboring_seat,main,person_subject,person_first
neighboring_seat__name_0__obj_book__physical_placement_person_subject__person_first,neighboring_seat__name_0__obj_book__physical_placement_person_subject__person_first__far_large_distance,far_evidence_only,large_distance,neighboring_seat,main,person_subject,person_first
neighboring_seat__name_0__obj_book__physical_placement_person_subject__object_first,neighboring_seat__name_0__obj_book__physical_placement_person_subject__object_first__far_direct_far,far_evidence_only,direct_far,neighboring_seat,main,person_subject,object_first
neighboring_seat__name_0__obj_book__physical_placement_person_subject__object_first,neighboring_seat__name_0__obj_book__physical_placement_person_subject__object_first__far_synonym_distant,far_evidence_only,synonym_distant,neighboring_seat,main,person_subject,object_first
neighboring_seat__name_0__obj_book__physical_placement_person_subject__object_first,neighboring_seat__name_0__obj_book__physical_placement_person_subject__object_first__far_large_distance,far_evidence_only,large_distance,neighboring_seat,main,person_subject,object_first
neighboring_seat__name_0__obj_helmet__physical_placement__person_first,neighboring_seat__name_0__obj_helmet__physical_placement__person_first__far_direct_far,far_evidence_only,direct_far,neighboring_seat,main,object_subject,person_first
neighboring_seat__name_0__obj_helmet__physical_placement__person_first,neighboring_seat__name_0__obj_helmet__physical_placement__person_first__far_synonym_distant,far_evidence_only,synonym_distant,neighboring_seat,main,object_subject,person_first
neighboring_seat__name_0__obj_helmet__physical_placement__person_first,neighboring_seat__name_0__obj_helmet__physical_placement__person_first__far_large_distance,far_evidence_only,large_distance,neighboring_seat,main,object_subject,person_first
neighboring_seat__name_0__obj_helmet__physical_placement__object_first,neighboring_seat__name_0__obj_helmet__physical_placement__object_first__far_direct_far,far_evidence_only,direct_far,neighboring_seat,main,object_subject,object_first
neighboring_seat__name_0__obj_helmet__physical_placement__object_first,neighboring_seat__name_0__obj_helmet__physical_placement__object_first__far_synonym_distant,far_evidence_only,synonym_distant,neighboring_seat,main,object_subject,object_first
neighboring_seat__name_0__obj_helmet__physical_placement__object_first,neighboring_seat__name_0__obj_helmet__physical_placement__object_first__far_large_distance,far_evidence_only,large_distance,neighboring_seat,main,object_subject,object_first
neighboring_seat__name_0__obj_helmet__physical_placement_fronted__person_first,neighboring_seat__name_0__obj_helmet__physical_placement_fronted__person_first__far_direct_far,far_evidence_only,direct_far,neighboring_seat,main,fronted_location,person_first
neighboring_seat__name_0__obj_helmet__physical_placement_fronted__person_first,neighboring_seat__name_0__obj_helmet__physical_placement_fronted__person_first__far_synonym_distant,far_evidence_only,synonym_distant,neighboring_seat,main,fronted_location,person_first
neighboring_seat__name_0__obj_helmet__physical_placement_fronted__person_first,neighboring_seat__name_0__obj_helmet__physical_placement_fronted__person_first__far_large_distance,far_evidence_only,large_distance,neighboring_seat,main,fronted_location,person_first
neighboring_seat__name_0__obj_helmet__physical_placement_fronted__object_first,neighboring_seat__name_0__obj_helmet__physical_placement_fronted__object_first__far_direct_far,far_evidence_only,direct_far,neighboring_seat,main,fronted_location,object_first
neighboring_seat__name_0__obj_helmet__physical_placement_fronted__object_first,neighboring_seat__name_0__obj_helmet__physical_placement_fronted__object_first__far_synonym_distant,far_evidence_only,synonym_distant,neighboring_seat,main,fronted_location,object_first
neighboring_seat__name_0__obj_helmet__physical_placement_fronted__object_first,neighboring_seat__name_0__obj_helmet__physical_placement_fronted__object_first__far_large_distance,far_evidence_only,large_distance,neighboring_seat,main,fronted_location,object_first
neighboring_seat__name_0__obj_helmet__physical_placement_person_subject__person_first,neighboring_seat__name_0__obj_helmet__physical_placement_person_subject__person_first__far_direct_far,far_evidence_only,direct_far,neighboring_seat,main,person_subject,person_first
neighboring_seat__name_0__obj_helmet__physical_placement_person_subject__person_first,neighboring_seat__name_0__obj_helmet__physical_placement_person_subject__person_first__far_synonym_distant,far_evidence_only,synonym_distant,neighboring_seat,main,person_subject,person_first
neighboring_seat__name_0__obj_helmet__physical_placement_person_subject__person_first,neighboring_seat__name_0__obj_helmet__physical_placement_person_subject__person_first__far_large_distance,far_evidence_only,large_distance,neighboring_seat,main,person_subject,person_first
neighboring_seat__name_0__obj_helmet__physical_placement_person_subject__object_first,neighboring_seat__name_0__obj_helmet__physical_placement_person_subject__object_first__far_direct_far,far_evidence_only,direct_far,neighboring_seat,main,person_subject,object_first
neighboring_seat__name_0__obj_helmet__physical_placement_person_subject__object_first,neighboring_seat__name_0__obj_helmet__physical_placement_person_subject__object_first__far_synonym_distant,far_evidence_only,synonym_distant,neighboring_seat,main,person_subject,object_first
neighboring_seat__name_0__obj_helmet__physical_placement_person_subject__object_first,neighboring_seat__name_0__obj_helmet__physical_placement_person_subject__object_first__far_large_distance,far_evidence_only,large_distance,neighboring_seat,main,person_subject,object_first
neighboring_seat__name_0__obj_ball__physical_placement__person_first,neighboring_seat__name_0__obj_ball__physical_placement__person_first__far_direct_far,far_evidence_only,direct_far,neighboring_seat,main,object_subject,person_first
neighboring_seat__name_0__obj_ball__physical_placement__person_first,neighboring_seat__name_0__obj_ball__physical_placement__person_first__far_synonym_distant,far_evidence_only,synonym_distant,neighboring_seat,main,object_subject,person_first
neighboring_seat__name_0__obj_ball__physical_placement__person_first,neighboring_seat__name_0__obj_ball__physical_placement__person_first__far_large_distance,far_evidence_only,large_distance,neighboring_seat,main,object_subject,person_first
neighboring_seat__name_0__obj_ball__physical_placement__object_first,neighboring_seat__name_0__obj_ball__physical_placement__object_first__far_direct_far,far_evidence_only,direct_far,neighboring_seat,main,object_subject,object_first
neighboring_seat__name_0__obj_ball__physical_placement__object_first,neighboring_seat__name_0__obj_ball__physical_placement__object_first__far_synonym_distant,far_evidence_only,synonym_distant,neighboring_seat,main,object_subject,object_first
neighboring_seat__name_0__obj_ball__physical_placement__object_first,neighboring_seat__name_0__obj_ball__physical_placement__object_first__far_large_distance,far_evidence_only,large_distance,neighboring_seat,main,object_subject,object_first
neighboring_seat__name_0__obj_ball__physical_placement_fronted__person_first,neighboring_seat__name_0__obj_ball__physical_placement_fronted__person_first__far_direct_far,far_evidence_only,direct_far,neighboring_seat,main,fronted_location,person_first
neighboring_seat__name_0__obj_ball__physical_placement_fronted__person_first,neighboring_seat__name_0__obj_ball__physical_placement_fronted__person_first__far_synonym_distant,far_evidence_only,synonym_distant,neighboring_seat,main,fronted_location,person_first
neighboring_seat__name_0__obj_ball__physical_placement_fronted__person_first,neighboring_seat__name_0__obj_ball__physical_placement_fronted__person_first__far_large_distance,far_evidence_only,large_distance,neighboring_seat,main,fronted_location,person_first
neighboring_seat__name_0__obj_ball__physical_placement_fronted__object_first,neighboring_seat__name_0__obj_ball__physical_placement_fronted__object_first__far_direct_far,far_evidence_only,direct_far,neighboring_seat,main,fronted_location,object_first
neighboring_seat__name_0__obj_ball__physical_placement_fronted__object_first,neighboring_seat__name_0__obj_ball__physical_placement_fronted__object_first__far_synonym_distant,far_evidence_only,synonym_distant,neighboring_seat,main,fronted_location,object_first
neighboring_seat__name_0__obj_ball__physical_placement_fronted__object_first,neighboring_seat__name_0__obj_ball__physical_placement_fronted__object_first__far_large_distance,far_evidence_only,large_distance,neighboring_seat,main,fronted_location,object_first
neighboring_seat__name_0__obj_ball__physical_placement_person_subject__person_first,neighboring_seat__name_0__obj_ball__physical_placement_person_subject__person_first__far_direct_far,far_evidence_only,direct_far,neighboring_seat,main,person_subject,person_first
neighboring_seat__name_0__obj_ball__physical_placement_person_subject__person_first,neighboring_seat__name_0__obj_ball__physical_placement_person_subject__person_first__far_synonym_distant,far_evidence_only,synonym_distant,neighboring_seat,main,person_subject,person_first
neighboring_seat__name_0__obj_ball__physical_placement_person_subject__person_first,neighboring_seat__name_0__obj_ball__physical_placement_person_subject__person_first__far_large_distance,far_evidence_only,large_distance,neighboring_seat,main,person_subject,person_first
neighboring_seat__name_0__obj_ball__physical_placement_person_subject__object_first,neighboring_seat__name_0__obj_ball__physical_placement_person_subject__object_first__far_direct_far,far_evidence_only,direct_far,neighboring_seat,main,person_subject,object_first
neighboring_seat__name_0__obj_ball__physical_placement_person_subject__object_first,neighboring_seat__name_0__obj_ball__physical_placement_person_subject__object_first__far_synonym_distant,far_evidence_only,synonym_distant,neighboring_seat,main,person_subject,object_first
neighboring_seat__name_0__obj_ball__physical_placement_person_subject__object_first,neighboring_seat__name_0__obj_ball__physical_placement_person_subject__object_first__far_large_distance,far_evidence_only,large_distance,neighboring_seat,main,person_subject,object_first
neighboring_seat__name_1__obj_bag__physical_placement__person_first,neighboring_seat__name_1__obj_bag__physical_placement__person_first__far_direct_far,far_evidence_only,direct_far,neighboring_seat,main,object_subject,person_first
neighboring_seat__name_1__obj_bag__physical_placement__person_first,neighboring_seat__name_1__obj_bag__physical_placement__person_first__far_synonym_distant,far_evidence_only,synonym_distant,neighboring_seat,main,object_subject,person_first
neighboring_seat__name_1__obj_bag__physical_placement__person_first,neighboring_seat__name_1__obj_bag__physical_placement__person_first__far_large_distance,far_evidence_only,large_distance,neighboring_seat,main,object_subject,person_first
neighboring_seat__name_1__obj_bag__physical_placement__object_first,neighboring_seat__name_1__obj_bag__physical_placement__object_first__far_direct_far,far_evidence_only,direct_far,neighboring_seat,main,object_subject,object_first
neighboring_seat__name_1__obj_bag__physical_placement__object_first,neighboring_seat__name_1__obj_bag__physical_placement__object_first__far_synonym_distant,far_evidence_only,synonym_distant,neighboring_seat,main,object_subject,object_first
neighboring_seat__name_1__obj_bag__physical_placement__object_first,neighboring_seat__name_1__obj_bag__physical_placement__object_first__far_large_distance,far_evidence_only,large_distance,neighboring_seat,main,object_subject,object_first
neighboring_seat__name_1__obj_bag__physical_placement_fronted__person_first,neighboring_seat__name_1__obj_bag__physical_placement_fronted__person_first__far_direct_far,far_evidence_only,direct_far,neighboring_seat,main,fronted_location,person_first
neighboring_seat__name_1__obj_bag__physical_placement_fronted__person_first,neighboring_seat__name_1__obj_bag__physical_placement_fronted__person_first__far_synonym_distant,far_evidence_only,synonym_distant,neighboring_seat,main,fronted_location,person_first
neighboring_seat__name_1__obj_bag__physical_placement_fronted__person_first,neighboring_seat__name_1__obj_bag__physical_placement_fronted__person_first__far_large_distance,far_evidence_only,large_distance,neighboring_seat,main,fronted_location,person_first
neighboring_seat__name_1__obj_bag__physical_placement_fronted__object_first,neighboring_seat__name_1__obj_bag__physical_placement_fronted__object_first__far_direct_far,far_evidence_only,direct_far,neighboring_seat,main,fronted_location,object_first
neighboring_seat__name_1__obj_bag__physical_placement_fronted__object_first,neighboring_seat__name_1__obj_bag__physical_placement_fronted__object_first__far_synonym_distant,far_evidence_only,synonym_distant,neighboring_seat,main,fronted_location,object_first
neighboring_seat__name_1__obj_bag__physical_placement_fronted__object_first,neighboring_seat__name_1__obj_bag__physical_placement_fronted__object_first__far_large_distance,far_evidence_only,large_distance,neighboring_seat,main,fronted_location,object_first
neighboring_seat__name_1__obj_bag__physical_placement_person_subject__person_first,neighboring_seat__name_1__obj_bag__physical_placement_person_subject__person_first__far_direct_far,far_evidence_only,direct_far,neighboring_seat,main,person_subject,person_first
neighboring_seat__name_1__obj_bag__physical_placement_person_subject__person_first,neighboring_seat__name_1__obj_bag__physical_placement_person_subject__person_first__far_synonym_distant,far_evidence_only,synonym_distant,neighboring_seat,main,person_subject,person_first
neighboring_seat__name_1__obj_bag__physical_placement_person_subject__person_first,neighboring_seat__name_1__obj_bag__physical_placement_person_subject__person_first__far_large_distance,far_evidence_only,large_distance,neighboring_seat,main,person_subject,person_first
neighboring_seat__name_1__obj_bag__physical_placement_person_subject__object_first,neighboring_seat__name_1__obj_bag__physical_placement_person_subject__object_first__far_direct_far,far_evidence_only,direct_far,neighboring_seat,main,person_subject,object_first
neighboring_seat__name_1__obj_bag__physical_placement_person_subject__object_first,neighboring_seat__name_1__obj_bag__physical_placement_person_subject__object_first__far_synonym_distant,far_evidence_only,synonym_distant,neighboring_seat,main,person_subject,object_first
neighboring_seat__name_1__obj_bag__physical_placement_person_subject__object_first,neighboring_seat__name_1__obj_bag__physical_placement_person_subject__object_first__far_large_distance,far_evidence_only,large_distance,neighboring_seat,main,person_subject,object_first
neighboring_seat__name_1__obj_book__physical_placement__person_first,neighboring_seat__name_1__obj_book__physical_placement__person_first__far_direct_far,far_evidence_only,direct_far,neighboring_seat,main,object_subject,person_first
neighboring_seat__name_1__obj_book__physical_placement__person_first,neighboring_seat__name_1__obj_book__physical_placement__person_first__far_synonym_distant,far_evidence_only,synonym_distant,neighboring_seat,main,object_subject,person_first
neighboring_seat__name_1__obj_book__physical_placement__person_first,neighboring_seat__name_1__obj_book__physical_placement__person_first__far_large_distance,far_evidence_only,large_distance,neighboring_seat,main,object_subject,person_first
neighboring_seat__name_1__obj_book__physical_placement__object_first,neighboring_seat__name_1__obj_book__physical_placement__object_first__far_direct_far,far_evidence_only,direct_far,neighboring_seat,main,object_subject,object_first
neighboring_seat__name_1__obj_book__physical_placement__object_first,neighboring_seat__name_1__obj_book__physical_placement__object_first__far_synonym_distant,far_evidence_only,synonym_distant,neighboring_seat,main,object_subject,object_first
neighboring_seat__name_1__obj_book__physical_placement__object_first,neighboring_seat__name_1__obj_book__physical_placement__object_first__far_large_distance,far_evidence_only,large_distance,neighboring_seat,main,object_subject,object_first
neighboring_seat__name_1__obj_book__physical_placement_fronted__person_first,neighboring_seat__name_1__obj_book__physical_placement_fronted__person_first__far_direct_far,far_evidence_only,direct_far,neighboring_seat,main,fronted_location,person_first
neighboring_seat__name_1__obj_book__physical_placement_fronted__person_first,neighboring_seat__name_1__obj_book__physical_placement_fronted__person_first__far_synonym_distant,far_evidence_only,synonym_distant,neighboring_seat,main,fronted_location,person_first
neighboring_seat__name_1__obj_book__physical_placement_fronted__person_first,neighboring_seat__name_1__obj_book__physical_placement_fronted__person_first__far_large_distance,far_evidence_only,large_distance,neighboring_seat,main,fronted_location,person_first
neighboring_seat__name_1__obj_book__physical_placement_fronted__object_first,neighboring_seat__name_1__obj_book__physical_placement_fronted__object_first__far_direct_far,far_evidence_only,direct_far,neighboring_seat,main,fronted_location,object_first
neighboring_seat__name_1__obj_book__physical_placement_fronted__object_first,neighboring_seat__name_1__obj_book__physical_placement_fronted__object_first__far_synonym_distant,far_evidence_only,synonym_distant,neighboring_seat,main,fronted_location,object_first
neighboring_seat__name_1__obj_book__physical_placement_fronted__object_first,neighboring_seat__name_1__obj_book__physical_placement_fronted__object_first__far_large_distance,far_evidence_only,large_distance,neighboring_seat,main,fronted_location,object_first
neighboring_seat__name_1__obj_book__physical_placement_person_subject__person_first,neighboring_seat__name_1__obj_book__physical_placement_person_subject__person_first__far_direct_far,far_evidence_only,direct_far,neighboring_seat,main,person_subject,person_first
neighboring_seat__name_1__obj_book__physical_placement_person_subject__person_first,neighboring_seat__name_1__obj_book__physical_placement_person_subject__person_first__far_synonym_distant,far_evidence_only,synonym_distant,neighboring_seat,main,person_subject,person_first
neighboring_seat__name_1__obj_book__physical_placement_person_subject__person_first,neighboring_seat__name_1__obj_book__physical_placement_person_subject__person_first__far_large_distance,far_evidence_only,large_distance,neighboring_seat,main,person_subject,person_first
neighboring_seat__name_1__obj_book__physical_placement_person_subject__object_first,neighboring_seat__name_1__obj_book__physical_placement_person_subject__object_first__far_direct_far,far_evidence_only,direct_far,neighboring_seat,main,person_subject,object_first
neighboring_seat__name_1__obj_book__physical_placement_person_subject__object_first,neighboring_seat__name_1__obj_book__physical_placement_person_subject__object_first__far_synonym_distant,far_evidence_only,synonym_distant,neighboring_seat,main,person_subject,object_first
neighboring_seat__name_1__obj_book__physical_placement_person_subject__object_first,neighboring_seat__name_1__obj_book__physical_placement_person_subject__object_first__far_large_distance,far_evidence_only,large_distance,neighboring_seat,main,person_subject,object_first
neighboring_seat__name_1__obj_helmet__physical_placement__person_first,neighboring_seat__name_1__obj_helmet__physical_placement__person_first__far_direct_far,far_evidence_only,direct_far,neighboring_seat,main,object_subject,person_first
neighboring_seat__name_1__obj_helmet__physical_placement__person_first,neighboring_seat__name_1__obj_helmet__physical_placement__person_first__far_synonym_distant,far_evidence_only,synonym_distant,neighboring_seat,main,object_subject,person_first
neighboring_seat__name_1__obj_helmet__physical_placement__person_first,neighboring_seat__name_1__obj_helmet__physical_placement__person_first__far_large_distance,far_evidence_only,large_distance,neighboring_seat,main,object_subject,person_first
neighboring_seat__name_1__obj_helmet__physical_placement__object_first,neighboring_seat__name_1__obj_helmet__physical_placement__object_first__far_direct_far,far_evidence_only,direct_far,neighboring_seat,main,object_subject,object_first
neighboring_seat__name_1__obj_helmet__physical_placement__object_first,neighboring_seat__name_1__obj_helmet__physical_placement__object_first__far_synonym_distant,far_evidence_only,synonym_distant,neighboring_seat,main,object_subject,object_first
neighboring_seat__name_1__obj_helmet__physical_placement__object_first,neighboring_seat__name_1__obj_helmet__physical_placement__object_first__far_large_distance,far_evidence_only,large_distance,neighboring_seat,main,object_subject,object_first
neighboring_seat__name_1__obj_helmet__physical_placement_fronted__person_first,neighboring_seat__name_1__obj_helmet__physical_placement_fronted__person_first__far_direct_far,far_evidence_only,direct_far,neighboring_seat,main,fronted_location,person_first
neighboring_seat__name_1__obj_helmet__physical_placement_fronted__person_first,neighboring_seat__name_1__obj_helmet__physical_placement_fronted__person_first__far_synonym_distant,far_evidence_only,synonym_distant,neighboring_seat,main,fronted_location,person_first
neighboring_seat__name_1__obj_helmet__physical_placement_fronted__person_first,neighboring_seat__name_1__obj_helmet__physical_placement_fronted__person_first__far_large_distance,far_evidence_only,large_distance,neighboring_seat,main,fronted_location,person_first
neighboring_seat__name_1__obj_helmet__physical_placement_fronted__object_first,neighboring_seat__name_1__obj_helmet__physical_placement_fronted__object_first__far_direct_far,far_evidence_only,direct_far,neighboring_seat,main,fronted_location,object_first
neighboring_seat__name_1__obj_helmet__physical_placement_fronted__object_first,neighboring_seat__name_1__obj_helmet__physical_placement_fronted__object_first__far_synonym_distant,far_evidence_only,synonym_distant,neighboring_seat,main,fronted_location,object_first
neighboring_seat__name_1__obj_helmet__physical_placement_fronted__object_first,neighboring_seat__name_1__obj_helmet__physical_placement_fronted__object_first__far_large_distance,far_evidence_only,large_distance,neighboring_seat,main,fronted_location,object_first
neighboring_seat__name_1__obj_helmet__physical_placement_person_subject__person_first,neighboring_seat__name_1__obj_helmet__physical_placement_person_subject__person_first__far_direct_far,far_evidence_only,direct_far,neighboring_seat,main,person_subject,person_first
neighboring_seat__name_1__obj_helmet__physical_placement_person_subject__person_first,neighboring_seat__name_1__obj_helmet__physical_placement_person_subject__person_first__far_synonym_distant,far_evidence_only,synonym_distant,neighboring_seat,main,person_subject,person_first
neighboring_seat__name_1__obj_helmet__physical_placement_person_subject__person_first,neighboring_seat__name_1__obj_helmet__physical_placement_person_subject__person_first__far_large_distance,far_evidence_only,large_distance,neighboring_seat,main,person_subject,person_first
neighboring_seat__name_1__obj_helmet__physical_placement_person_subject__object_first,neighboring_seat__name_1__obj_helmet__physical_placement_person_subject__object_first__far_direct_far,far_evidence_only,direct_far,neighboring_seat,main,person_subject,object_first
neighboring_seat__name_1__obj_helmet__physical_placement_person_subject__object_first,neighboring_seat__name_1__obj_helmet__physical_placement_person_subject__object_first__far_synonym_distant,far_evidence_only,synonym_distant,neighboring_seat,main,person_subject,object_first
neighboring_seat__name_1__obj_helmet__physical_placement_person_subject__object_first,neighboring_seat__name_1__obj_helmet__physical_placement_person_subject__object_first__far_large_distance,far_evidence_only,large_distance,neighboring_seat,main,person_subject,object_first
neighboring_seat__name_1__obj_ball__physical_placement__person_first,neighboring_seat__name_1__obj_ball__physical_placement__person_first__far_direct_far,far_evidence_only,direct_far,neighboring_seat,main,object_subject,person_first
neighboring_seat__name_1__obj_ball__physical_placement__person_first,neighboring_seat__name_1__obj_ball__physical_placement__person_first__far_synonym_distant,far_evidence_only,synonym_distant,neighboring_seat,main,object_subject,person_first
neighboring_seat__name_1__obj_ball__physical_placement__person_first,neighboring_seat__name_1__obj_ball__physical_placement__person_first__far_large_distance,far_evidence_only,large_distance,neighboring_seat,main,object_subject,person_first
neighboring_seat__name_1__obj_ball__physical_placement__object_first,neighboring_seat__name_1__obj_ball__physical_placement__object_first__far_direct_far,far_evidence_only,direct_far,neighboring_seat,main,object_subject,object_first
neighboring_seat__name_1__obj_ball__physical_placement__object_first,neighboring_seat__name_1__obj_ball__physical_placement__object_first__far_synonym_distant,far_evidence_only,synonym_distant,neighboring_seat,main,object_subject,object_first
neighboring_seat__name_1__obj_ball__physical_placement__object_first,neighboring_seat__name_1__obj_ball__physical_placement__object_first__far_large_distance,far_evidence_only,large_distance,neighboring_seat,main,object_subject,object_first
neighboring_seat__name_1__obj_ball__physical_placement_fronted__person_first,neighboring_seat__name_1__obj_ball__physical_placement_fronted__person_first__far_direct_far,far_evidence_only,direct_far,neighboring_seat,main,fronted_location,person_first
neighboring_seat__name_1__obj_ball__physical_placement_fronted__person_first,neighboring_seat__name_1__obj_ball__physical_placement_fronted__person_first__far_synonym_distant,far_evidence_only,synonym_distant,neighboring_seat,main,fronted_location,person_first
neighboring_seat__name_1__obj_ball__physical_placement_fronted__person_first,neighboring_seat__name_1__obj_ball__physical_placement_fronted__person_first__far_large_distance,far_evidence_only,large_distance,neighboring_seat,main,fronted_location,person_first
neighboring_seat__name_1__obj_ball__physical_placement_fronted__object_first,neighboring_seat__name_1__obj_ball__physical_placement_fronted__object_first__far_direct_far,far_evidence_only,direct_far,neighboring_seat,main,fronted_location,object_first
neighboring_seat__name_1__obj_ball__physical_placement_fronted__object_first,neighboring_seat__name_1__obj_ball__physical_placement_fronted__object_first__far_synonym_distant,far_evidence_only,synonym_distant,neighboring_seat,main,fronted_location,object_first
neighboring_seat__name_1__obj_ball__physical_placement_fronted__object_first,neighboring_seat__name_1__obj_ball__physical_placement_fronted__object_first__far_large_distance,far_evidence_only,large_distance,neighboring_seat,main,fronted_location,object_first
neighboring_seat__name_1__obj_ball__physical_placement_person_subject__person_first,neighboring_seat__name_1__obj_ball__physical_placement_person_subject__person_first__far_direct_far,far_evidence_only,direct_far,neighboring_seat,main,person_subject,person_first
neighboring_seat__name_1__obj_ball__physical_placement_person_subject__person_first,neighboring_seat__name_1__obj_ball__physical_placement_person_subject__person_first__far_synonym_distant,far_evidence_only,synonym_distant,neighboring_seat,main,person_subject,person_first
neighboring_seat__name_1__obj_ball__physical_placement_person_subject__person_first,neighboring_seat__name_1__obj_ball__physical_placement_person_subject__person_first__far_large_distance,far_evidence_only,large_distance,neighboring_seat,main,person_subject,person_first
neighboring_seat__name_1__obj_ball__physical_placement_person_subject__object_first,neighboring_seat__name_1__obj_ball__physical_placement_person_subject__object_first__far_direct_far,far_evidence_only,direct_far,neighboring_seat,main,person_subject,object_first
neighboring_seat__name_1__obj_ball__physical_placement_person_subject__object_first,neighboring_seat__name_1__obj_ball__physical_placement_person_subject__object_first__far_synonym_distant,far_evidence_only,synonym_distant,neighboring_seat,main,person_subject,object_first
neighboring_seat__name_1__obj_ball__physical_placement_person_subject__object_first,neighboring_seat__name_1__obj_ball__physical_placement_person_subject__object_first__far_large_distance,far_evidence_only,large_distance,neighboring_seat,main,person_subject,object_first
neighboring_seat__name_2__obj_bag__physical_placement__person_first,neighboring_seat__name_2__obj_bag__physical_placement__person_first__far_direct_far,far_evidence_only,direct_far,neighboring_seat,main,object_subject,person_first
neighboring_seat__name_2__obj_bag__physical_placement__person_first,neighboring_seat__name_2__obj_bag__physical_placement__person_first__far_synonym_distant,far_evidence_only,synonym_distant,neighboring_seat,main,object_subject,person_first
neighboring_seat__name_2__obj_bag__physical_placement__person_first,neighboring_seat__name_2__obj_bag__physical_placement__person_first__far_large_distance,far_evidence_only,large_distance,neighboring_seat,main,object_subject,person_first
neighboring_seat__name_2__obj_bag__physical_placement__object_first,neighboring_seat__name_2__obj_bag__physical_placement__object_first__far_direct_far,far_evidence_only,direct_far,neighboring_seat,main,object_subject,object_first
neighboring_seat__name_2__obj_bag__physical_placement__object_first,neighboring_seat__name_2__obj_bag__physical_placement__object_first__far_synonym_distant,far_evidence_only,synonym_distant,neighboring_seat,main,object_subject,object_first
neighboring_seat__name_2__obj_bag__physical_placement__object_first,neighboring_seat__name_2__obj_bag__physical_placement__object_first__far_large_distance,far_evidence_only,large_distance,neighboring_seat,main,object_subject,object_first
neighboring_seat__name_2__obj_bag__physical_placement_fronted__person_first,neighboring_seat__name_2__obj_bag__physical_placement_fronted__person_first__far_direct_far,far_evidence_only,direct_far,neighboring_seat,main,fronted_location,person_first
neighboring_seat__name_2__obj_bag__physical_placement_fronted__person_first,neighboring_seat__name_2__obj_bag__physical_placement_fronted__person_first__far_synonym_distant,far_evidence_only,synonym_distant,neighboring_seat,main,fronted_location,person_first
neighboring_seat__name_2__obj_bag__physical_placement_fronted__person_first,neighboring_seat__name_2__obj_bag__physical_placement_fronted__person_first__far_large_distance,far_evidence_only,large_distance,neighboring_seat,main,fronted_location,person_first
neighboring_seat__name_2__obj_bag__physical_placement_fronted__object_first,neighboring_seat__name_2__obj_bag__physical_placement_fronted__object_first__far_direct_far,far_evidence_only,direct_far,neighboring_seat,main,fronted_location,object_first
neighboring_seat__name_2__obj_bag__physical_placement_fronted__object_first,neighboring_seat__name_2__obj_bag__physical_placement_fronted__object_first__far_synonym_distant,far_evidence_only,synonym_distant,neighboring_seat,main,fronted_location,object_first
neighboring_seat__name_2__obj_bag__physical_placement_fronted__object_first,neighboring_seat__name_2__obj_bag__physical_placement_fronted__object_first__far_large_distance,far_evidence_only,large_distance,neighboring_seat,main,fronted_location,object_first
neighboring_seat__name_2__obj_bag__physical_placement_person_subject__person_first,neighboring_seat__name_2__obj_bag__physical_placement_person_subject__person_first__far_direct_far,far_evidence_only,direct_far,neighboring_seat,main,person_subject,person_first
neighboring_seat__name_2__obj_bag__physical_placement_person_subject__person_first,neighboring_seat__name_2__obj_bag__physical_placement_person_subject__person_first__far_synonym_distant,far_evidence_only,synonym_distant,neighboring_seat,main,person_subject,person_first
neighboring_seat__name_2__obj_bag__physical_placement_person_subject__person_first,neighboring_seat__name_2__obj_bag__physical_placement_person_subject__person_first__far_large_distance,far_evidence_only,large_distance,neighboring_seat,main,person_subject,person_first
neighboring_seat__name_2__obj_bag__physical_placement_person_subject__object_first,neighboring_seat__name_2__obj_bag__physical_placement_person_subject__object_first__far_direct_far,far_evidence_only,direct_far,neighboring_seat,main,person_subject,object_first
neighboring_seat__name_2__obj_bag__physical_placement_person_subject__object_first,neighboring_seat__name_2__obj_bag__physical_placement_person_subject__object_first__far_synonym_distant,far_evidence_only,synonym_distant,neighboring_seat,main,person_subject,object_first
neighboring_seat__name_2__obj_bag__physical_placement_person_subject__object_first,neighboring_seat__name_2__obj_bag__physical_placement_person_subject__object_first__far_large_distance,far_evidence_only,large_distance,neighboring_seat,main,person_subject,object_first
neighboring_seat__name_2__obj_book__physical_placement__person_first,neighboring_seat__name_2__obj_book__physical_placement__person_first__far_direct_far,far_evidence_only,direct_far,neighboring_seat,main,object_subject,person_first
neighboring_seat__name_2__obj_book__physical_placement__person_first,neighboring_seat__name_2__obj_book__physical_placement__person_first__far_synonym_distant,far_evidence_only,synonym_distant,neighboring_seat,main,object_subject,person_first
neighboring_seat__name_2__obj_book__physical_placement__person_first,neighboring_seat__name_2__obj_book__physical_placement__person_first__far_large_distance,far_evidence_only,large_distance,neighboring_seat,main,object_subject,person_first
neighboring_seat__name_2__obj_book__physical_placement__object_first,neighboring_seat__name_2__obj_book__physical_placement__object_first__far_direct_far,far_evidence_only,direct_far,neighboring_seat,main,object_subject,object_first
neighboring_seat__name_2__obj_book__physical_placement__object_first,neighboring_seat__name_2__obj_book__physical_placement__object_first__far_synonym_distant,far_evidence_only,synonym_distant,neighboring_seat,main,object_subject,object_first
neighboring_seat__name_2__obj_book__physical_placement__object_first,neighboring_seat__name_2__obj_book__physical_placement__object_first__far_large_distance,far_evidence_only,large_distance,neighboring_seat,main,object_subject,object_first
neighboring_seat__name_2__obj_book__physical_placement_fronted__person_first,neighboring_seat__name_2__obj_book__physical_placement_fronted__person_first__far_direct_far,far_evidence_only,direct_far,neighboring_seat,main,fronted_location,person_first
neighboring_seat__name_2__obj_book__physical_placement_fronted__person_first,neighboring_seat__name_2__obj_book__physical_placement_fronted__person_first__far_synonym_distant,far_evidence_only,synonym_distant,neighboring_seat,main,fronted_location,person_first
neighboring_seat__name_2__obj_book__physical_placement_fronted__person_first,neighboring_seat__name_2__obj_book__physical_placement_fronted__person_first__far_large_distance,far_evidence_only,large_distance,neighboring_seat,main,fronted_location,person_first
neighboring_seat__name_2__obj_book__physical_placement_fronted__object_first,neighboring_seat__name_2__obj_book__physical_placement_fronted__object_first__far_direct_far,far_evidence_only,direct_far,neighboring_seat,main,fronted_location,object_first
neighboring_seat__name_2__obj_book__physical_placement_fronted__object_first,neighboring_seat__name_2__obj_book__physical_placement_fronted__object_first__far_synonym_distant,far_evidence_only,synonym_distant,neighboring_seat,main,fronted_location,object_first
neighboring_seat__name_2__obj_book__physical_placement_fronted__object_first,neighboring_seat__name_2__obj_book__physical_placement_fronted__object_first__far_large_distance,far_evidence_only,large_distance,neighboring_seat,main,fronted_location,object_first
neighboring_seat__name_2__obj_book__physical_placement_person_subject__person_first,neighboring_seat__name_2__obj_book__physical_placement_person_subject__person_first__far_direct_far,far_evidence_only,direct_far,neighboring_seat,main,person_subject,person_first
neighboring_seat__name_2__obj_book__physical_placement_person_subject__person_first,neighboring_seat__name_2__obj_book__physical_placement_person_subject__person_first__far_synonym_distant,far_evidence_only,synonym_distant,neighboring_seat,main,person_subject,person_first
neighboring_seat__name_2__obj_book__physical_placement_person_subject__person_first,neighboring_seat__name_2__obj_book__physical_placement_person_subject__person_first__far_large_distance,far_evidence_only,large_distance,neighboring_seat,main,person_subject,person_first
neighboring_seat__name_2__obj_book__physical_placement_person_subject__object_first,neighboring_seat__name_2__obj_book__physical_placement_person_subject__object_first__far_direct_far,far_evidence_only,direct_far,neighboring_seat,main,person_subject,object_first
neighboring_seat__name_2__obj_book__physical_placement_person_subject__object_first,neighboring_seat__name_2__obj_book__physical_placement_person_subject__object_first__far_synonym_distant,far_evidence_only,synonym_distant,neighboring_seat,main,person_subject,object_first
neighboring_seat__name_2__obj_book__physical_placement_person_subject__object_first,neighboring_seat__name_2__obj_book__physical_placement_person_subject__object_first__far_large_distance,far_evidence_only,large_distance,neighboring_seat,main,person_subject,object_first
neighboring_seat__name_2__obj_helmet__physical_placement__person_first,neighboring_seat__name_2__obj_helmet__physical_placement__person_first__far_direct_far,far_evidence_only,direct_far,neighboring_seat,main,object_subject,person_first
neighboring_seat__name_2__obj_helmet__physical_placement__person_first,neighboring_seat__name_2__obj_helmet__physical_placement__person_first__far_synonym_distant,far_evidence_only,synonym_distant,neighboring_seat,main,object_subject,person_first
neighboring_seat__name_2__obj_helmet__physical_placement__person_first,neighboring_seat__name_2__obj_helmet__physical_placement__person_first__far_large_distance,far_evidence_only,large_distance,neighboring_seat,main,object_subject,person_first
neighboring_seat__name_2__obj_helmet__physical_placement__object_first,neighboring_seat__name_2__obj_helmet__physical_placement__object_first__far_direct_far,far_evidence_only,direct_far,neighboring_seat,main,object_subject,object_first
neighboring_seat__name_2__obj_helmet__physical_placement__object_first,neighboring_seat__name_2__obj_helmet__physical_placement__object_first__far_synonym_distant,far_evidence_only,synonym_distant,neighboring_seat,main,object_subject,object_first
neighboring_seat__name_2__obj_helmet__physical_placement__object_first,neighboring_seat__name_2__obj_helmet__physical_placement__object_first__far_large_distance,far_evidence_only,large_distance,neighboring_seat,main,object_subject,object_first
neighboring_seat__name_2__obj_helmet__physical_placement_fronted__person_first,neighboring_seat__name_2__obj_helmet__physical_placement_fronted__person_first__far_direct_far,far_evidence_only,direct_far,neighboring_seat,main,fronted_location,person_first
neighboring_seat__name_2__obj_helmet__physical_placement_fronted__person_first,neighboring_seat__name_2__obj_helmet__physical_placement_fronted__person_first__far_synonym_distant,far_evidence_only,synonym_distant,neighboring_seat,main,fronted_location,person_first
neighboring_seat__name_2__obj_helmet__physical_placement_fronted__person_first,neighboring_seat__name_2__obj_helmet__physical_placement_fronted__person_first__far_large_distance,far_evidence_only,large_distance,neighboring_seat,main,fronted_location,person_first
neighboring_seat__name_2__obj_helmet__physical_placement_fronted__object_first,neighboring_seat__name_2__obj_helmet__physical_placement_fronted__object_first__far_direct_far,far_evidence_only,direct_far,neighboring_seat,main,fronted_location,object_first
neighboring_seat__name_2__obj_helmet__physical_placement_fronted__object_first,neighboring_seat__name_2__obj_helmet__physical_placement_fronted__object_first__far_synonym_distant,far_evidence_only,synonym_distant,neighboring_seat,main,fronted_location,object_first
neighboring_seat__name_2__obj_helmet__physical_placement_fronted__object_first,neighboring_seat__name_2__obj_helmet__physical_placement_fronted__object_first__far_large_distance,far_evidence_only,large_distance,neighboring_seat,main,fronted_location,object_first
neighboring_seat__name_2__obj_helmet__physical_placement_person_subject__person_first,neighboring_seat__name_2__obj_helmet__physical_placement_person_subject__person_first__far_direct_far,far_evidence_only,direct_far,neighboring_seat,main,person_subject,person_first
neighboring_seat__name_2__obj_helmet__physical_placement_person_subject__person_first,neighboring_seat__name_2__obj_helmet__physical_placement_person_subject__person_first__far_synonym_distant,far_evidence_only,synonym_distant,neighboring_seat,main,person_subject,person_first
neighboring_seat__name_2__obj_helmet__physical_placement_person_subject__person_first,neighboring_seat__name_2__obj_helmet__physical_placement_person_subject__person_first__far_large_distance,far_evidence_only,large_distance,neighboring_seat,main,person_subject,person_first
neighboring_seat__name_2__obj_helmet__physical_placement_person_subject__object_first,neighboring_seat__name_2__obj_helmet__physical_placement_person_subject__object_first__far_direct_far,far_evidence_only,direct_far,neighboring_seat,main,person_subject,object_first
neighboring_seat__name_2__obj_helmet__physical_placement_person_subject__object_first,neighboring_seat__name_2__obj_helmet__physical_placement_person_subject__object_first__far_synonym_distant,far_evidence_only,synonym_distant,neighboring_seat,main,person_subject,object_first
neighboring_seat__name_2__obj_helmet__physical_placement_person_subject__object_first,neighboring_seat__name_2__obj_helmet__physical_placement_person_subject__object_first__far_large_distance,far_evidence_only,large_distance,neighboring_seat,main,person_subject,object_first
neighboring_seat__name_2__obj_ball__physical_placement__person_first,neighboring_seat__name_2__obj_ball__physical_placement__person_first__far_direct_far,far_evidence_only,direct_far,neighboring_seat,main,object_subject,person_first
neighboring_seat__name_2__obj_ball__physical_placement__person_first,neighboring_seat__name_2__obj_ball__physical_placement__person_first__far_synonym_distant,far_evidence_only,synonym_distant,neighboring_seat,main,object_subject,person_first
neighboring_seat__name_2__obj_ball__physical_placement__person_first,neighboring_seat__name_2__obj_ball__physical_placement__person_first__far_large_distance,far_evidence_only,large_distance,neighboring_seat,main,object_subject,person_first
neighboring_seat__name_2__obj_ball__physical_placement__object_first,neighboring_seat__name_2__obj_ball__physical_placement__object_first__far_direct_far,far_evidence_only,direct_far,neighboring_seat,main,object_subject,object_first
neighboring_seat__name_2__obj_ball__physical_placement__object_first,neighboring_seat__name_2__obj_ball__physical_placement__object_first__far_synonym_distant,far_evidence_only,synonym_distant,neighboring_seat,main,object_subject,object_first
neighboring_seat__name_2__obj_ball__physical_placement__object_first,neighboring_seat__name_2__obj_ball__physical_placement__object_first__far_large_distance,far_evidence_only,large_distance,neighboring_seat,main,object_subject,object_first
neighboring_seat__name_2__obj_ball__physical_placement_fronted__person_first,neighboring_seat__name_2__obj_ball__physical_placement_fronted__person_first__far_direct_far,far_evidence_only,direct_far,neighboring_seat,main,fronted_location,person_first
neighboring_seat__name_2__obj_ball__physical_placement_fronted__person_first,neighboring_seat__name_2__obj_ball__physical_placement_fronted__person_first__far_synonym_distant,far_evidence_only,synonym_distant,neighboring_seat,main,fronted_location,person_first
neighboring_seat__name_2__obj_ball__physical_placement_fronted__person_first,neighboring_seat__name_2__obj_ball__physical_placement_fronted__person_first__far_large_distance,far_evidence_only,large_distance,neighboring_seat,main,fronted_location,person_first
neighboring_seat__name_2__obj_ball__physical_placement_fronted__object_first,neighboring_seat__name_2__obj_ball__physical_placement_fronted__object_first__far_direct_far,far_evidence_only,direct_far,neighboring_seat,main,fronted_location,object_first
neighboring_seat__name_2__obj_ball__physical_placement_fronted__object_first,neighboring_seat__name_2__obj_ball__physical_placement_fronted__object_first__far_synonym_distant,far_evidence_only,synonym_distant,neighboring_seat,main,fronted_location,object_first
neighboring_seat__name_2__obj_ball__physical_placement_fronted__object_first,neighboring_seat__name_2__obj_ball__physical_placement_fronted__object_first__far_large_distance,far_evidence_only,large_distance,neighboring_seat,main,fronted_location,object_first
neighboring_seat__name_2__obj_ball__physical_placement_person_subject__person_first,neighboring_seat__name_2__obj_ball__physical_placement_person_subject__person_first__far_direct_far,far_evidence_only,direct_far,neighboring_seat,main,person_subject,person_first
neighboring_seat__name_2__obj_ball__physical_placement_person_subject__person_first,neighboring_seat__name_2__obj_ball__physical_placement_person_subject__person_first__far_synonym_distant,far_evidence_only,synonym_distant,neighboring_seat,main,person_subject,person_first
neighboring_seat__name_2__obj_ball__physical_placement_person_subject__person_first,neighboring_seat__name_2__obj_ball__physical_placement_person_subject__person_first__far_large_distance,far_evidence_only,large_distance,neighboring_seat,main,person_subject,person_first
neighboring_seat__name_2__obj_ball__physical_placement_person_subject__object_first,neighboring_seat__name_2__obj_ball__physical_placement_person_subject__object_first__far_direct_far,far_evidence_only,direct_far,neighboring_seat,main,person_subject,object_first
neighboring_seat__name_2__obj_ball__physical_placement_person_subject__object_first,neighboring_seat__name_2__obj_ball__physical_placement_person_subject__object_first__far_synonym_distant,far_evidence_only,synonym_distant,neighboring_seat,main,person_subject,object_first
neighboring_seat__name_2__obj_ball__physical_placement_person_subject__object_first,neighboring_seat__name_2__obj_ball__physical_placement_person_subject__object_first__far_large_distance,far_evidence_only,large_distance,neighboring_seat,main,person_subject,object_first
neighboring_seat__name_3__obj_bag__physical_placement__person_first,neighboring_seat__name_3__obj_bag__physical_placement__person_first__far_direct_far,far_evidence_only,direct_far,neighboring_seat,main,object_subject,person_first
neighboring_seat__name_3__obj_bag__physical_placement__person_first,neighboring_seat__name_3__obj_bag__physical_placement__person_first__far_synonym_distant,far_evidence_only,synonym_distant,neighboring_seat,main,object_subject,person_first
neighboring_seat__name_3__obj_bag__physical_placement__person_first,neighboring_seat__name_3__obj_bag__physical_placement__person_first__far_large_distance,far_evidence_only,large_distance,neighboring_seat,main,object_subject,person_first
neighboring_seat__name_3__obj_bag__physical_placement__object_first,neighboring_seat__name_3__obj_bag__physical_placement__object_first__far_direct_far,far_evidence_only,direct_far,neighboring_seat,main,object_subject,object_first
neighboring_seat__name_3__obj_bag__physical_placement__object_first,neighboring_seat__name_3__obj_bag__physical_placement__object_first__far_synonym_distant,far_evidence_only,synonym_distant,neighboring_seat,main,object_subject,object_first
neighboring_seat__name_3__obj_bag__physical_placement__object_first,neighboring_seat__name_3__obj_bag__physical_placement__object_first__far_large_distance,far_evidence_only,large_distance,neighboring_seat,main,object_subject,object_first
neighboring_seat__name_3__obj_bag__physical_placement_fronted__person_first,neighboring_seat__name_3__obj_bag__physical_placement_fronted__person_first__far_direct_far,far_evidence_only,direct_far,neighboring_seat,main,fronted_location,person_first
neighboring_seat__name_3__obj_bag__physical_placement_fronted__person_first,neighboring_seat__name_3__obj_bag__physical_placement_fronted__person_first__far_synonym_distant,far_evidence_only,synonym_distant,neighboring_seat,main,fronted_location,person_first
neighboring_seat__name_3__obj_bag__physical_placement_fronted__person_first,neighboring_seat__name_3__obj_bag__physical_placement_fronted__person_first__far_large_distance,far_evidence_only,large_distance,neighboring_seat,main,fronted_location,person_first
neighboring_seat__name_3__obj_bag__physical_placement_fronted__object_first,neighboring_seat__name_3__obj_bag__physical_placement_fronted__object_first__far_direct_far,far_evidence_only,direct_far,neighboring_seat,main,fronted_location,object_first
neighboring_seat__name_3__obj_bag__physical_placement_fronted__object_first,neighboring_seat__name_3__obj_bag__physical_placement_fronted__object_first__far_synonym_distant,far_evidence_only,synonym_distant,neighboring_seat,main,fronted_location,object_first
neighboring_seat__name_3__obj_bag__physical_placement_fronted__object_first,neighboring_seat__name_3__obj_bag__physical_placement_fronted__object_first__far_large_distance,far_evidence_only,large_distance,neighboring_seat,main,fronted_location,object_first
neighboring_seat__name_3__obj_bag__physical_placement_person_subject__person_first,neighboring_seat__name_3__obj_bag__physical_placement_person_subject__person_first__far_direct_far,far_evidence_only,direct_far,neighboring_seat,main,person_subject,person_first
neighboring_seat__name_3__obj_bag__physical_placement_person_subject__person_first,neighboring_seat__name_3__obj_bag__physical_placement_person_subject__person_first__far_synonym_distant,far_evidence_only,synonym_distant,neighboring_seat,main,person_subject,person_first
neighboring_seat__name_3__obj_bag__physical_placement_person_subject__person_first,neighboring_seat__name_3__obj_bag__physical_placement_person_subject__person_first__far_large_distance,far_evidence_only,large_distance,neighboring_seat,main,person_subject,person_first
neighboring_seat__name_3__obj_bag__physical_placement_person_subject__object_first,neighboring_seat__name_3__obj_bag__physical_placement_person_subject__object_first__far_direct_far,far_evidence_only,direct_far,neighboring_seat,main,person_subject,object_first
neighboring_seat__name_3__obj_bag__physical_placement_person_subject__object_first,neighboring_seat__name_3__obj_bag__physical_placement_person_subject__object_first__far_synonym_distant,far_evidence_only,synonym_distant,neighboring_seat,main,person_subject,object_first
neighboring_seat__name_3__obj_bag__physical_placement_person_subject__object_first,neighboring_seat__name_3__obj_bag__physical_placement_person_subject__object_first__far_large_distance,far_evidence_only,large_distance,neighboring_seat,main,person_subject,object_first
neighboring_seat__name_3__obj_book__physical_placement__person_first,neighboring_seat__name_3__obj_book__physical_placement__person_first__far_direct_far,far_evidence_only,direct_far,neighboring_seat,main,object_subject,person_first
neighboring_seat__name_3__obj_book__physical_placement__person_first,neighboring_seat__name_3__obj_book__physical_placement__person_first__far_synonym_distant,far_evidence_only,synonym_distant,neighboring_seat,main,object_subject,person_first
neighboring_seat__name_3__obj_book__physical_placement__person_first,neighboring_seat__name_3__obj_book__physical_placement__person_first__far_large_distance,far_evidence_only,large_distance,neighboring_seat,main,object_subject,person_first
neighboring_seat__name_3__obj_book__physical_placement__object_first,neighboring_seat__name_3__obj_book__physical_placement__object_first__far_direct_far,far_evidence_only,direct_far,neighboring_seat,main,object_subject,object_first
neighboring_seat__name_3__obj_book__physical_placement__object_first,neighboring_seat__name_3__obj_book__physical_placement__object_first__far_synonym_distant,far_evidence_only,synonym_distant,neighboring_seat,main,object_subject,object_first
neighboring_seat__name_3__obj_book__physical_placement__object_first,neighboring_seat__name_3__obj_book__physical_placement__object_first__far_large_distance,far_evidence_only,large_distance,neighboring_seat,main,object_subject,object_first
neighboring_seat__name_3__obj_book__physical_placement_fronted__person_first,neighboring_seat__name_3__obj_book__physical_placement_fronted__person_first__far_direct_far,far_evidence_only,direct_far,neighboring_seat,main,fronted_location,person_first
neighboring_seat__name_3__obj_book__physical_placement_fronted__person_first,neighboring_seat__name_3__obj_book__physical_placement_fronted__person_first__far_synonym_distant,far_evidence_only,synonym_distant,neighboring_seat,main,fronted_location,person_first
neighboring_seat__name_3__obj_book__physical_placement_fronted__person_first,neighboring_seat__name_3__obj_book__physical_placement_fronted__person_first__far_large_distance,far_evidence_only,large_distance,neighboring_seat,main,fronted_location,person_first
neighboring_seat__name_3__obj_book__physical_placement_fronted__object_first,neighboring_seat__name_3__obj_book__physical_placement_fronted__object_first__far_direct_far,far_evidence_only,direct_far,neighboring_seat,main,fronted_location,object_first
neighboring_seat__name_3__obj_book__physical_placement_fronted__object_first,neighboring_seat__name_3__obj_book__physical_placement_fronted__object_first__far_synonym_distant,far_evidence_only,synonym_distant,neighboring_seat,main,fronted_location,object_first
neighboring_seat__name_3__obj_book__physical_placement_fronted__object_first,neighboring_seat__name_3__obj_book__physical_placement_fronted__object_first__far_large_distance,far_evidence_only,large_distance,neighboring_seat,main,fronted_location,object_first
neighboring_seat__name_3__obj_book__physical_placement_person_subject__person_first,neighboring_seat__name_3__obj_book__physical_placement_person_subject__person_first__far_direct_far,far_evidence_only,direct_far,neighboring_seat,main,person_subject,person_first
neighboring_seat__name_3__obj_book__physical_placement_person_subject__person_first,neighboring_seat__name_3__obj_book__physical_placement_person_subject__person_first__far_synonym_distant,far_evidence_only,synonym_distant,neighboring_seat,main,person_subject,person_first
neighboring_seat__name_3__obj_book__physical_placement_person_subject__person_first,neighboring_seat__name_3__obj_book__physical_placement_person_subject__person_first__far_large_distance,far_evidence_only,large_distance,neighboring_seat,main,person_subject,person_first
neighboring_seat__name_3__obj_book__physical_placement_person_subject__object_first,neighboring_seat__name_3__obj_book__physical_placement_person_subject__object_first__far_direct_far,far_evidence_only,direct_far,neighboring_seat,main,person_subject,object_first
neighboring_seat__name_3__obj_book__physical_placement_person_subject__object_first,neighboring_seat__name_3__obj_book__physical_placement_person_subject__object_first__far_synonym_distant,far_evidence_only,synonym_distant,neighboring_seat,main,person_subject,object_first
neighboring_seat__name_3__obj_book__physical_placement_person_subject__object_first,neighboring_seat__name_3__obj_book__physical_placement_person_subject__object_first__far_large_distance,far_evidence_only,large_distance,neighboring_seat,main,person_subject,object_first
neighboring_seat__name_3__obj_helmet__physical_placement__person_first,neighboring_seat__name_3__obj_helmet__physical_placement__person_first__far_direct_far,far_evidence_only,direct_far,neighboring_seat,main,object_subject,person_first
neighboring_seat__name_3__obj_helmet__physical_placement__person_first,neighboring_seat__name_3__obj_helmet__physical_placement__person_first__far_synonym_distant,far_evidence_only,synonym_distant,neighboring_seat,main,object_subject,person_first
neighboring_seat__name_3__obj_helmet__physical_placement__person_first,neighboring_seat__name_3__obj_helmet__physical_placement__person_first__far_large_distance,far_evidence_only,large_distance,neighboring_seat,main,object_subject,person_first
neighboring_seat__name_3__obj_helmet__physical_placement__object_first,neighboring_seat__name_3__obj_helmet__physical_placement__object_first__far_direct_far,far_evidence_only,direct_far,neighboring_seat,main,object_subject,object_first
neighboring_seat__name_3__obj_helmet__physical_placement__object_first,neighboring_seat__name_3__obj_helmet__physical_placement__object_first__far_synonym_distant,far_evidence_only,synonym_distant,neighboring_seat,main,object_subject,object_first
neighboring_seat__name_3__obj_helmet__physical_placement__object_first,neighboring_seat__name_3__obj_helmet__physical_placement__object_first__far_large_distance,far_evidence_only,large_distance,neighboring_seat,main,object_subject,object_first
neighboring_seat__name_3__obj_helmet__physical_placement_fronted__person_first,neighboring_seat__name_3__obj_helmet__physical_placement_fronted__person_first__far_direct_far,far_evidence_only,direct_far,neighboring_seat,main,fronted_location,person_first
neighboring_seat__name_3__obj_helmet__physical_placement_fronted__person_first,neighboring_seat__name_3__obj_helmet__physical_placement_fronted__person_first__far_synonym_distant,far_evidence_only,synonym_distant,neighboring_seat,main,fronted_location,person_first
neighboring_seat__name_3__obj_helmet__physical_placement_fronted__person_first,neighboring_seat__name_3__obj_helmet__physical_placement_fronted__person_first__far_large_distance,far_evidence_only,large_distance,neighboring_seat,main,fronted_location,person_first
neighboring_seat__name_3__obj_helmet__physical_placement_fronted__object_first,neighboring_seat__name_3__obj_helmet__physical_placement_fronted__object_first__far_direct_far,far_evidence_only,direct_far,neighboring_seat,main,fronted_location,object_first
neighboring_seat__name_3__obj_helmet__physical_placement_fronted__object_first,neighboring_seat__name_3__obj_helmet__physical_placement_fronted__object_first__far_synonym_distant,far_evidence_only,synonym_distant,neighboring_seat,main,fronted_location,object_first
neighboring_seat__name_3__obj_helmet__physical_placement_fronted__object_first,neighboring_seat__name_3__obj_helmet__physical_placement_fronted__object_first__far_large_distance,far_evidence_only,large_distance,neighboring_seat,main,fronted_location,object_first
neighboring_seat__name_3__obj_helmet__physical_placement_person_subject__person_first,neighboring_seat__name_3__obj_helmet__physical_placement_person_subject__person_first__far_direct_far,far_evidence_only,direct_far,neighboring_seat,main,person_subject,person_first
neighboring_seat__name_3__obj_helmet__physical_placement_person_subject__person_first,neighboring_seat__name_3__obj_helmet__physical_placement_person_subject__person_first__far_synonym_distant,far_evidence_only,synonym_distant,neighboring_seat,main,person_subject,person_first
neighboring_seat__name_3__obj_helmet__physical_placement_person_subject__person_first,neighboring_seat__name_3__obj_helmet__physical_placement_person_subject__person_first__far_large_distance,far_evidence_only,large_distance,neighboring_seat,main,person_subject,person_first
neighboring_seat__name_3__obj_helmet__physical_placement_person_subject__object_first,neighboring_seat__name_3__obj_helmet__physical_placement_person_subject__object_first__far_direct_far,far_evidence_only,direct_far,neighboring_seat,main,person_subject,object_first
neighboring_seat__name_3__obj_helmet__physical_placement_person_subject__object_first,neighboring_seat__name_3__obj_helmet__physical_placement_person_subject__object_first__far_synonym_distant,far_evidence_only,synonym_distant,neighboring_seat,main,person_subject,object_first
neighboring_seat__name_3__obj_helmet__physical_placement_person_subject__object_first,neighboring_seat__name_3__obj_helmet__physical_placement_person_subject__object_first__far_large_distance,far_evidence_only,large_distance,neighboring_seat,main,person_subject,object_first
neighboring_seat__name_3__obj_ball__physical_placement__person_first,neighboring_seat__name_3__obj_ball__physical_placement__person_first__far_direct_far,far_evidence_only,direct_far,neighboring_seat,main,object_subject,person_first
neighboring_seat__name_3__obj_ball__physical_placement__person_first,neighboring_seat__name_3__obj_ball__physical_placement__person_first__far_synonym_distant,far_evidence_only,synonym_distant,neighboring_seat,main,object_subject,person_first
neighboring_seat__name_3__obj_ball__physical_placement__person_first,neighboring_seat__name_3__obj_ball__physical_placement__person_first__far_large_distance,far_evidence_only,large_distance,neighboring_seat,main,object_subject,person_first
neighboring_seat__name_3__obj_ball__physical_placement__object_first,neighboring_seat__name_3__obj_ball__physical_placement__object_first__far_direct_far,far_evidence_only,direct_far,neighboring_seat,main,object_subject,object_first
neighboring_seat__name_3__obj_ball__physical_placement__object_first,neighboring_seat__name_3__obj_ball__physical_placement__object_first__far_synonym_distant,far_evidence_only,synonym_distant,neighboring_seat,main,object_subject,object_first
neighboring_seat__name_3__obj_ball__physical_placement__object_first,neighboring_seat__name_3__obj_ball__physical_placement__object_first__far_large_distance,far_evidence_only,large_distance,neighboring_seat,main,object_subject,object_first
neighboring_seat__name_3__obj_ball__physical_placement_fronted__person_first,neighboring_seat__name_3__obj_ball__physical_placement_fronted__person_first__far_direct_far,far_evidence_only,direct_far,neighboring_seat,main,fronted_location,person_first
neighboring_seat__name_3__obj_ball__physical_placement_fronted__person_first,neighboring_seat__name_3__obj_ball__physical_placement_fronted__person_first__far_synonym_distant,far_evidence_only,synonym_distant,neighboring_seat,main,fronted_location,person_first
neighboring_seat__name_3__obj_ball__physical_placement_fronted__person_first,neighboring_seat__name_3__obj_ball__physical_placement_fronted__person_first__far_large_distance,far_evidence_only,large_distance,neighboring_seat,main,fronted_location,person_first
neighboring_seat__name_3__obj_ball__physical_placement_fronted__object_first,neighboring_seat__name_3__obj_ball__physical_placement_fronted__object_first__far_direct_far,far_evidence_only,direct_far,neighboring_seat,main,fronted_location,object_first
neighboring_seat__name_3__obj_ball__physical_placement_fronted__object_first,neighboring_seat__name_3__obj_ball__physical_placement_fronted__object_first__far_synonym_distant,far_evidence_only,synonym_distant,neighboring_seat,main,fronted_location,object_first
neighboring_seat__name_3__obj_ball__physical_placement_fronted__object_first,neighboring_seat__name_3__obj_ball__physical_placement_fronted__object_first__far_large_distance,far_evidence_only,large_distance,neighboring_seat,main,fronted_location,object_first
neighboring_seat__name_3__obj_ball__physical_placement_person_subject__person_first,neighboring_seat__name_3__obj_ball__physical_placement_person_subject__person_first__far_direct_far,far_evidence_only,direct_far,neighboring_seat,main,person_subject,person_first
neighboring_seat__name_3__obj_ball__physical_placement_person_subject__person_first,neighboring_seat__name_3__obj_ball__physical_placement_person_subject__person_first__far_synonym_distant,far_evidence_only,synonym_distant,neighboring_seat,main,person_subject,person_first
neighboring_seat__name_3__obj_ball__physical_placement_person_subject__person_first,neighboring_seat__name_3__obj_ball__physical_placement_person_subject__person_first__far_large_distance,far_evidence_only,large_distance,neighboring_seat,main,person_subject,person_first
neighboring_seat__name_3__obj_ball__physical_placement_person_subject__object_first,neighboring_seat__name_3__obj_ball__physical_placement_person_subject__object_first__far_direct_far,far_evidence_only,direct_far,neighboring_seat,main,person_subject,object_first
neighboring_seat__name_3__obj_ball__physical_placement_person_subject__object_first,neighboring_seat__name_3__obj_ball__physical_placement_person_subject__object_first__far_synonym_distant,far_evidence_only,synonym_distant,neighboring_seat,main,person_subject,object_first
neighboring_seat__name_3__obj_ball__physical_placement_person_subject__object_first,neighboring_seat__name_3__obj_ball__physical_placement_person_subject__object_first__far_large_distance,far_evidence_only,large_distance,neighboring_seat,main,person_subject,object_first
shared_floor_tile__name_0__obj_ball__physical_placement__person_first,shared_floor_tile__name_0__obj_ball__physical_placement__person_first__far_direct_far,far_evidence_only,direct_far,shared_floor_tile,main,object_subject,person_first
shared_floor_tile__name_0__obj_ball__physical_placement__person_first,shared_floor_tile__name_0__obj_ball__physical_placement__person_first__far_synonym_distant,far_evidence_only,synonym_distant,shared_floor_tile,main,object_subject,person_first
shared_floor_tile__name_0__obj_ball__physical_placement__person_first,shared_floor_tile__name_0__obj_ball__physical_placement__person_first__far_large_distance,far_evidence_only,large_distance,shared_floor_tile,main,object_subject,person_first
shared_floor_tile__name_0__obj_ball__physical_placement__object_first,shared_floor_tile__name_0__obj_ball__physical_placement__object_first__far_direct_far,far_evidence_only,direct_far,shared_floor_tile,main,object_subject,object_first
shared_floor_tile__name_0__obj_ball__physical_placement__object_first,shared_floor_tile__name_0__obj_ball__physical_placement__object_first__far_synonym_distant,far_evidence_only,synonym_distant,shared_floor_tile,main,object_subject,object_first
shared_floor_tile__name_0__obj_ball__physical_placement__object_first,shared_floor_tile__name_0__obj_ball__physical_placement__object_first__far_large_distance,far_evidence_only,large_distance,shared_floor_tile,main,object_subject,object_first
shared_floor_tile__name_0__obj_ball__physical_placement_fronted__person_first,shared_floor_tile__name_0__obj_ball__physical_placement_fronted__person_first__far_direct_far,far_evidence_only,direct_far,shared_floor_tile,main,fronted_location,person_first
shared_floor_tile__name_0__obj_ball__physical_placement_fronted__person_first,shared_floor_tile__name_0__obj_ball__physical_placement_fronted__person_first__far_synonym_distant,far_evidence_only,synonym_distant,shared_floor_tile,main,fronted_location,person_first
shared_floor_tile__name_0__obj_ball__physical_placement_fronted__person_first,shared_floor_tile__name_0__obj_ball__physical_placement_fronted__person_first__far_large_distance,far_evidence_only,large_distance,shared_floor_tile,main,fronted_location,person_first
shared_floor_tile__name_0__obj_ball__physical_placement_fronted__object_first,shared_floor_tile__name_0__obj_ball__physical_placement_fronted__object_first__far_direct_far,far_evidence_only,direct_far,shared_floor_tile,main,fronted_location,object_first
shared_floor_tile__name_0__obj_ball__physical_placement_fronted__object_first,shared_floor_tile__name_0__obj_ball__physical_placement_fronted__object_first__far_synonym_distant,far_evidence_only,synonym_distant,shared_floor_tile,main,fronted_location,object_first
shared_floor_tile__name_0__obj_ball__physical_placement_fronted__object_first,shared_floor_tile__name_0__obj_ball__physical_placement_fronted__object_first__far_large_distance,far_evidence_only,large_distance,shared_floor_tile,main,fronted_location,object_first
shared_floor_tile__name_0__obj_ball__physical_placement_person_subject__person_first,shared_floor_tile__name_0__obj_ball__physical_placement_person_subject__person_first__far_direct_far,far_evidence_only,direct_far,shared_floor_tile,main,person_subject,person_first
shared_floor_tile__name_0__obj_ball__physical_placement_person_subject__person_first,shared_floor_tile__name_0__obj_ball__physical_placement_person_subject__person_first__far_synonym_distant,far_evidence_only,synonym_distant,shared_floor_tile,main,person_subject,person_first
shared_floor_tile__name_0__obj_ball__physical_placement_person_subject__person_first,shared_floor_tile__name_0__obj_ball__physical_placement_person_subject__person_first__far_large_distance,far_evidence_only,large_distance,shared_floor_tile,main,person_subject,person_first
shared_floor_tile__name_0__obj_ball__physical_placement_person_subject__object_first,shared_floor_tile__name_0__obj_ball__physical_placement_person_subject__object_first__far_direct_far,far_evidence_only,direct_far,shared_floor_tile,main,person_subject,object_first
shared_floor_tile__name_0__obj_ball__physical_placement_person_subject__object_first,shared_floor_tile__name_0__obj_ball__physical_placement_person_subject__object_first__far_synonym_distant,far_evidence_only,synonym_distant,shared_floor_tile,main,person_subject,object_first
shared_floor_tile__name_0__obj_ball__physical_placement_person_subject__object_first,shared_floor_tile__name_0__obj_ball__physical_placement_person_subject__object_first__far_large_distance,far_evidence_only,large_distance,shared_floor_tile,main,person_subject,object_first
shared_floor_tile__name_0__obj_bag__physical_placement__person_first,shared_floor_tile__name_0__obj_bag__physical_placement__person_first__far_direct_far,far_evidence_only,direct_far,shared_floor_tile,main,object_subject,person_first
shared_floor_tile__name_0__obj_bag__physical_placement__person_first,shared_floor_tile__name_0__obj_bag__physical_placement__person_first__far_synonym_distant,far_evidence_only,synonym_distant,shared_floor_tile,main,object_subject,person_first
shared_floor_tile__name_0__obj_bag__physical_placement__person_first,shared_floor_tile__name_0__obj_bag__physical_placement__person_first__far_large_distance,far_evidence_only,large_distance,shared_floor_tile,main,object_subject,person_first
shared_floor_tile__name_0__obj_bag__physical_placement__object_first,shared_floor_tile__name_0__obj_bag__physical_placement__object_first__far_direct_far,far_evidence_only,direct_far,shared_floor_tile,main,object_subject,object_first
shared_floor_tile__name_0__obj_bag__physical_placement__object_first,shared_floor_tile__name_0__obj_bag__physical_placement__object_first__far_synonym_distant,far_evidence_only,synonym_distant,shared_floor_tile,main,object_subject,object_first
shared_floor_tile__name_0__obj_bag__physical_placement__object_first,shared_floor_tile__name_0__obj_bag__physical_placement__object_first__far_large_distance,far_evidence_only,large_distance,shared_floor_tile,main,object_subject,object_first
shared_floor_tile__name_0__obj_bag__physical_placement_fronted__person_first,shared_floor_tile__name_0__obj_bag__physical_placement_fronted__person_first__far_direct_far,far_evidence_only,direct_far,shared_floor_tile,main,fronted_location,person_first
shared_floor_tile__name_0__obj_bag__physical_placement_fronted__person_first,shared_floor_tile__name_0__obj_bag__physical_placement_fronted__person_first__far_synonym_distant,far_evidence_only,synonym_distant,shared_floor_tile,main,fronted_location,person_first
shared_floor_tile__name_0__obj_bag__physical_placement_fronted__person_first,shared_floor_tile__name_0__obj_bag__physical_placement_fronted__person_first__far_large_distance,far_evidence_only,large_distance,shared_floor_tile,main,fronted_location,person_first
shared_floor_tile__name_0__obj_bag__physical_placement_fronted__object_first,shared_floor_tile__name_0__obj_bag__physical_placement_fronted__object_first__far_direct_far,far_evidence_only,direct_far,shared_floor_tile,main,fronted_location,object_first
shared_floor_tile__name_0__obj_bag__physical_placement_fronted__object_first,shared_floor_tile__name_0__obj_bag__physical_placement_fronted__object_first__far_synonym_distant,far_evidence_only,synonym_distant,shared_floor_tile,main,fronted_location,object_first
shared_floor_tile__name_0__obj_bag__physical_placement_fronted__object_first,shared_floor_tile__name_0__obj_bag__physical_placement_fronted__object_first__far_large_distance,far_evidence_only,large_distance,shared_floor_tile,main,fronted_location,object_first
shared_floor_tile__name_0__obj_bag__physical_placement_person_subject__person_first,shared_floor_tile__name_0__obj_bag__physical_placement_person_subject__person_first__far_direct_far,far_evidence_only,direct_far,shared_floor_tile,main,person_subject,person_first
shared_floor_tile__name_0__obj_bag__physical_placement_person_subject__person_first,shared_floor_tile__name_0__obj_bag__physical_placement_person_subject__person_first__far_synonym_distant,far_evidence_only,synonym_distant,shared_floor_tile,main,person_subject,person_first
shared_floor_tile__name_0__obj_bag__physical_placement_person_subject__person_first,shared_floor_tile__name_0__obj_bag__physical_placement_person_subject__person_first__far_large_distance,far_evidence_only,large_distance,shared_floor_tile,main,person_subject,person_first
shared_floor_tile__name_0__obj_bag__physical_placement_person_subject__object_first,shared_floor_tile__name_0__obj_bag__physical_placement_person_subject__object_first__far_direct_far,far_evidence_only,direct_far,shared_floor_tile,main,person_subject,object_first
shared_floor_tile__name_0__obj_bag__physical_placement_person_subject__object_first,shared_floor_tile__name_0__obj_bag__physical_placement_person_subject__object_first__far_synonym_distant,far_evidence_only,synonym_distant,shared_floor_tile,main,person_subject,object_first
shared_floor_tile__name_0__obj_bag__physical_placement_person_subject__object_first,shared_floor_tile__name_0__obj_bag__physical_placement_person_subject__object_first__far_large_distance,far_evidence_only,large_distance,shared_floor_tile,main,person_subject,object_first
shared_floor_tile__name_0__obj_book__physical_placement__person_first,shared_floor_tile__name_0__obj_book__physical_placement__person_first__far_direct_far,far_evidence_only,direct_far,shared_floor_tile,main,object_subject,person_first
shared_floor_tile__name_0__obj_book__physical_placement__person_first,shared_floor_tile__name_0__obj_book__physical_placement__person_first__far_synonym_distant,far_evidence_only,synonym_distant,shared_floor_tile,main,object_subject,person_first
shared_floor_tile__name_0__obj_book__physical_placement__person_first,shared_floor_tile__name_0__obj_book__physical_placement__person_first__far_large_distance,far_evidence_only,large_distance,shared_floor_tile,main,object_subject,person_first
shared_floor_tile__name_0__obj_book__physical_placement__object_first,shared_floor_tile__name_0__obj_book__physical_placement__object_first__far_direct_far,far_evidence_only,direct_far,shared_floor_tile,main,object_subject,object_first
shared_floor_tile__name_0__obj_book__physical_placement__object_first,shared_floor_tile__name_0__obj_book__physical_placement__object_first__far_synonym_distant,far_evidence_only,synonym_distant,shared_floor_tile,main,object_subject,object_first
shared_floor_tile__name_0__obj_book__physical_placement__object_first,shared_floor_tile__name_0__obj_book__physical_placement__object_first__far_large_distance,far_evidence_only,large_distance,shared_floor_tile,main,object_subject,object_first
shared_floor_tile__name_0__obj_book__physical_placement_fronted__person_first,shared_floor_tile__name_0__obj_book__physical_placement_fronted__person_first__far_direct_far,far_evidence_only,direct_far,shared_floor_tile,main,fronted_location,person_first
shared_floor_tile__name_0__obj_book__physical_placement_fronted__person_first,shared_floor_tile__name_0__obj_book__physical_placement_fronted__person_first__far_synonym_distant,far_evidence_only,synonym_distant,shared_floor_tile,main,fronted_location,person_first
shared_floor_tile__name_0__obj_book__physical_placement_fronted__person_first,shared_floor_tile__name_0__obj_book__physical_placement_fronted__person_first__far_large_distance,far_evidence_only,large_distance,shared_floor_tile,main,fronted_location,person_first
shared_floor_tile__name_0__obj_book__physical_placement_fronted__object_first,shared_floor_tile__name_0__obj_book__physical_placement_fronted__object_first__far_direct_far,far_evidence_only,direct_far,shared_floor_tile,main,fronted_location,object_first
shared_floor_tile__name_0__obj_book__physical_placement_fronted__object_first,shared_floor_tile__name_0__obj_book__physical_placement_fronted__object_first__far_synonym_distant,far_evidence_only,synonym_distant,shared_floor_tile,main,fronted_location,object_first
shared_floor_tile__name_0__obj_book__physical_placement_fronted__object_first,shared_floor_tile__name_0__obj_book__physical_placement_fronted__object_first__far_large_distance,far_evidence_only,large_distance,shared_floor_tile,main,fronted_location,object_first
shared_floor_tile__name_0__obj_book__physical_placement_person_subject__person_first,shared_floor_tile__name_0__obj_book__physical_placement_person_subject__person_first__far_direct_far,far_evidence_only,direct_far,shared_floor_tile,main,person_subject,person_first
shared_floor_tile__name_0__obj_book__physical_placement_person_subject__person_first,shared_floor_tile__name_0__obj_book__physical_placement_person_subject__person_first__far_synonym_distant,far_evidence_only,synonym_distant,shared_floor_tile,main,person_subject,person_first
shared_floor_tile__name_0__obj_book__physical_placement_person_subject__person_first,shared_floor_tile__name_0__obj_book__physical_placement_person_subject__person_first__far_large_distance,far_evidence_only,large_distance,shared_floor_tile,main,person_subject,person_first
shared_floor_tile__name_0__obj_book__physical_placement_person_subject__object_first,shared_floor_tile__name_0__obj_book__physical_placement_person_subject__object_first__far_direct_far,far_evidence_only,direct_far,shared_floor_tile,main,person_subject,object_first
shared_floor_tile__name_0__obj_book__physical_placement_person_subject__object_first,shared_floor_tile__name_0__obj_book__physical_placement_person_subject__object_first__far_synonym_distant,far_evidence_only,synonym_distant,shared_floor_tile,main,person_subject,object_first
shared_floor_tile__name_0__obj_book__physical_placement_person_subject__object_first,shared_floor_tile__name_0__obj_book__physical_placement_person_subject__object_first__far_large_distance,far_evidence_only,large_distance,shared_floor_tile,main,person_subject,object_first
shared_floor_tile__name_0__obj_cone__physical_placement__person_first,shared_floor_tile__name_0__obj_cone__physical_placement__person_first__far_direct_far,far_evidence_only,direct_far,shared_floor_tile,main,object_subject,person_first
shared_floor_tile__name_0__obj_cone__physical_placement__person_first,shared_floor_tile__name_0__obj_cone__physical_placement__person_first__far_synonym_distant,far_evidence_only,synonym_distant,shared_floor_tile,main,object_subject,person_first
shared_floor_tile__name_0__obj_cone__physical_placement__person_first,shared_floor_tile__name_0__obj_cone__physical_placement__person_first__far_large_distance,far_evidence_only,large_distance,shared_floor_tile,main,object_subject,person_first
shared_floor_tile__name_0__obj_cone__physical_placement__object_first,shared_floor_tile__name_0__obj_cone__physical_placement__object_first__far_direct_far,far_evidence_only,direct_far,shared_floor_tile,main,object_subject,object_first
shared_floor_tile__name_0__obj_cone__physical_placement__object_first,shared_floor_tile__name_0__obj_cone__physical_placement__object_first__far_synonym_distant,far_evidence_only,synonym_distant,shared_floor_tile,main,object_subject,object_first
shared_floor_tile__name_0__obj_cone__physical_placement__object_first,shared_floor_tile__name_0__obj_cone__physical_placement__object_first__far_large_distance,far_evidence_only,large_distance,shared_floor_tile,main,object_subject,object_first
shared_floor_tile__name_0__obj_cone__physical_placement_fronted__person_first,shared_floor_tile__name_0__obj_cone__physical_placement_fronted__person_first__far_direct_far,far_evidence_only,direct_far,shared_floor_tile,main,fronted_location,person_first
shared_floor_tile__name_0__obj_cone__physical_placement_fronted__person_first,shared_floor_tile__name_0__obj_cone__physical_placement_fronted__person_first__far_synonym_distant,far_evidence_only,synonym_distant,shared_floor_tile,main,fronted_location,person_first
shared_floor_tile__name_0__obj_cone__physical_placement_fronted__person_first,shared_floor_tile__name_0__obj_cone__physical_placement_fronted__person_first__far_large_distance,far_evidence_only,large_distance,shared_floor_tile,main,fronted_location,person_first
shared_floor_tile__name_0__obj_cone__physical_placement_fronted__object_first,shared_floor_tile__name_0__obj_cone__physical_placement_fronted__object_first__far_direct_far,far_evidence_only,direct_far,shared_floor_tile,main,fronted_location,object_first
shared_floor_tile__name_0__obj_cone__physical_placement_fronted__object_first,shared_floor_tile__name_0__obj_cone__physical_placement_fronted__object_first__far_synonym_distant,far_evidence_only,synonym_distant,shared_floor_tile,main,fronted_location,object_first
shared_floor_tile__name_0__obj_cone__physical_placement_fronted__object_first,shared_floor_tile__name_0__obj_cone__physical_placement_fronted__object_first__far_large_distance,far_evidence_only,large_distance,shared_floor_tile,main,fronted_location,object_first
shared_floor_tile__name_0__obj_cone__physical_placement_person_subject__person_first,shared_floor_tile__name_0__obj_cone__physical_placement_person_subject__person_first__far_direct_far,far_evidence_only,direct_far,shared_floor_tile,main,person_subject,person_first
shared_floor_tile__name_0__obj_cone__physical_placement_person_subject__person_first,shared_floor_tile__name_0__obj_cone__physical_placement_person_subject__person_first__far_synonym_distant,far_evidence_only,synonym_distant,shared_floor_tile,main,person_subject,person_first
shared_floor_tile__name_0__obj_cone__physical_placement_person_subject__person_first,shared_floor_tile__name_0__obj_cone__physical_placement_person_subject__person_first__far_large_distance,far_evidence_only,large_distance,shared_floor_tile,main,person_subject,person_first
shared_floor_tile__name_0__obj_cone__physical_placement_person_subject__object_first,shared_floor_tile__name_0__obj_cone__physical_placement_person_subject__object_first__far_direct_far,far_evidence_only,direct_far,shared_floor_tile,main,person_subject,object_first
shared_floor_tile__name_0__obj_cone__physical_placement_person_subject__object_first,shared_floor_tile__name_0__obj_cone__physical_placement_person_subject__object_first__far_synonym_distant,far_evidence_only,synonym_distant,shared_floor_tile,main,person_subject,object_first
shared_floor_tile__name_0__obj_cone__physical_placement_person_subject__object_first,shared_floor_tile__name_0__obj_cone__physical_placement_person_subject__object_first__far_large_distance,far_evidence_only,large_distance,shared_floor_tile,main,person_subject,object_first
shared_floor_tile__name_1__obj_ball__physical_placement__person_first,shared_floor_tile__name_1__obj_ball__physical_placement__person_first__far_direct_far,far_evidence_only,direct_far,shared_floor_tile,main,object_subject,person_first
shared_floor_tile__name_1__obj_ball__physical_placement__person_first,shared_floor_tile__name_1__obj_ball__physical_placement__person_first__far_synonym_distant,far_evidence_only,synonym_distant,shared_floor_tile,main,object_subject,person_first
shared_floor_tile__name_1__obj_ball__physical_placement__person_first,shared_floor_tile__name_1__obj_ball__physical_placement__person_first__far_large_distance,far_evidence_only,large_distance,shared_floor_tile,main,object_subject,person_first
shared_floor_tile__name_1__obj_ball__physical_placement__object_first,shared_floor_tile__name_1__obj_ball__physical_placement__object_first__far_direct_far,far_evidence_only,direct_far,shared_floor_tile,main,object_subject,object_first
shared_floor_tile__name_1__obj_ball__physical_placement__object_first,shared_floor_tile__name_1__obj_ball__physical_placement__object_first__far_synonym_distant,far_evidence_only,synonym_distant,shared_floor_tile,main,object_subject,object_first
shared_floor_tile__name_1__obj_ball__physical_placement__object_first,shared_floor_tile__name_1__obj_ball__physical_placement__object_first__far_large_distance,far_evidence_only,large_distance,shared_floor_tile,main,object_subject,object_first
shared_floor_tile__name_1__obj_ball__physical_placement_fronted__person_first,shared_floor_tile__name_1__obj_ball__physical_placement_fronted__person_first__far_direct_far,far_evidence_only,direct_far,shared_floor_tile,main,fronted_location,person_first
shared_floor_tile__name_1__obj_ball__physical_placement_fronted__person_first,shared_floor_tile__name_1__obj_ball__physical_placement_fronted__person_first__far_synonym_distant,far_evidence_only,synonym_distant,shared_floor_tile,main,fronted_location,person_first
shared_floor_tile__name_1__obj_ball__physical_placement_fronted__person_first,shared_floor_tile__name_1__obj_ball__physical_placement_fronted__person_first__far_large_distance,far_evidence_only,large_distance,shared_floor_tile,main,fronted_location,person_first
shared_floor_tile__name_1__obj_ball__physical_placement_fronted__object_first,shared_floor_tile__name_1__obj_ball__physical_placement_fronted__object_first__far_direct_far,far_evidence_only,direct_far,shared_floor_tile,main,fronted_location,object_first
shared_floor_tile__name_1__obj_ball__physical_placement_fronted__object_first,shared_floor_tile__name_1__obj_ball__physical_placement_fronted__object_first__far_synonym_distant,far_evidence_only,synonym_distant,shared_floor_tile,main,fronted_location,object_first
shared_floor_tile__name_1__obj_ball__physical_placement_fronted__object_first,shared_floor_tile__name_1__obj_ball__physical_placement_fronted__object_first__far_large_distance,far_evidence_only,large_distance,shared_floor_tile,main,fronted_location,object_first
shared_floor_tile__name_1__obj_ball__physical_placement_person_subject__person_first,shared_floor_tile__name_1__obj_ball__physical_placement_person_subject__person_first__far_direct_far,far_evidence_only,direct_far,shared_floor_tile,main,person_subject,person_first
shared_floor_tile__name_1__obj_ball__physical_placement_person_subject__person_first,shared_floor_tile__name_1__obj_ball__physical_placement_person_subject__person_first__far_synonym_distant,far_evidence_only,synonym_distant,shared_floor_tile,main,person_subject,person_first
shared_floor_tile__name_1__obj_ball__physical_placement_person_subject__person_first,shared_floor_tile__name_1__obj_ball__physical_placement_person_subject__person_first__far_large_distance,far_evidence_only,large_distance,shared_floor_tile,main,person_subject,person_first
shared_floor_tile__name_1__obj_ball__physical_placement_person_subject__object_first,shared_floor_tile__name_1__obj_ball__physical_placement_person_subject__object_first__far_direct_far,far_evidence_only,direct_far,shared_floor_tile,main,person_subject,object_first
shared_floor_tile__name_1__obj_ball__physical_placement_person_subject__object_first,shared_floor_tile__name_1__obj_ball__physical_placement_person_subject__object_first__far_synonym_distant,far_evidence_only,synonym_distant,shared_floor_tile,main,person_subject,object_first
shared_floor_tile__name_1__obj_ball__physical_placement_person_subject__object_first,shared_floor_tile__name_1__obj_ball__physical_placement_person_subject__object_first__far_large_distance,far_evidence_only,large_distance,shared_floor_tile,main,person_subject,object_first
shared_floor_tile__name_1__obj_bag__physical_placement__person_first,shared_floor_tile__name_1__obj_bag__physical_placement__person_first__far_direct_far,far_evidence_only,direct_far,shared_floor_tile,main,object_subject,person_first
shared_floor_tile__name_1__obj_bag__physical_placement__person_first,shared_floor_tile__name_1__obj_bag__physical_placement__person_first__far_synonym_distant,far_evidence_only,synonym_distant,shared_floor_tile,main,object_subject,person_first
shared_floor_tile__name_1__obj_bag__physical_placement__person_first,shared_floor_tile__name_1__obj_bag__physical_placement__person_first__far_large_distance,far_evidence_only,large_distance,shared_floor_tile,main,object_subject,person_first
shared_floor_tile__name_1__obj_bag__physical_placement__object_first,shared_floor_tile__name_1__obj_bag__physical_placement__object_first__far_direct_far,far_evidence_only,direct_far,shared_floor_tile,main,object_subject,object_first
shared_floor_tile__name_1__obj_bag__physical_placement__object_first,shared_floor_tile__name_1__obj_bag__physical_placement__object_first__far_synonym_distant,far_evidence_only,synonym_distant,shared_floor_tile,main,object_subject,object_first
shared_floor_tile__name_1__obj_bag__physical_placement__object_first,shared_floor_tile__name_1__obj_bag__physical_placement__object_first__far_large_distance,far_evidence_only,large_distance,shared_floor_tile,main,object_subject,object_first
shared_floor_tile__name_1__obj_bag__physical_placement_fronted__person_first,shared_floor_tile__name_1__obj_bag__physical_placement_fronted__person_first__far_direct_far,far_evidence_only,direct_far,shared_floor_tile,main,fronted_location,person_first
shared_floor_tile__name_1__obj_bag__physical_placement_fronted__person_first,shared_floor_tile__name_1__obj_bag__physical_placement_fronted__person_first__far_synonym_distant,far_evidence_only,synonym_distant,shared_floor_tile,main,fronted_location,person_first
shared_floor_tile__name_1__obj_bag__physical_placement_fronted__person_first,shared_floor_tile__name_1__obj_bag__physical_placement_fronted__person_first__far_large_distance,far_evidence_only,large_distance,shared_floor_tile,main,fronted_location,person_first
shared_floor_tile__name_1__obj_bag__physical_placement_fronted__object_first,shared_floor_tile__name_1__obj_bag__physical_placement_fronted__object_first__far_direct_far,far_evidence_only,direct_far,shared_floor_tile,main,fronted_location,object_first
shared_floor_tile__name_1__obj_bag__physical_placement_fronted__object_first,shared_floor_tile__name_1__obj_bag__physical_placement_fronted__object_first__far_synonym_distant,far_evidence_only,synonym_distant,shared_floor_tile,main,fronted_location,object_first
shared_floor_tile__name_1__obj_bag__physical_placement_fronted__object_first,shared_floor_tile__name_1__obj_bag__physical_placement_fronted__object_first__far_large_distance,far_evidence_only,large_distance,shared_floor_tile,main,fronted_location,object_first
shared_floor_tile__name_1__obj_bag__physical_placement_person_subject__person_first,shared_floor_tile__name_1__obj_bag__physical_placement_person_subject__person_first__far_direct_far,far_evidence_only,direct_far,shared_floor_tile,main,person_subject,person_first
shared_floor_tile__name_1__obj_bag__physical_placement_person_subject__person_first,shared_floor_tile__name_1__obj_bag__physical_placement_person_subject__person_first__far_synonym_distant,far_evidence_only,synonym_distant,shared_floor_tile,main,person_subject,person_first
shared_floor_tile__name_1__obj_bag__physical_placement_person_subject__person_first,shared_floor_tile__name_1__obj_bag__physical_placement_person_subject__person_first__far_large_distance,far_evidence_only,large_distance,shared_floor_tile,main,person_subject,person_first
shared_floor_tile__name_1__obj_bag__physical_placement_person_subject__object_first,shared_floor_tile__name_1__obj_bag__physical_placement_person_subject__object_first__far_direct_far,far_evidence_only,direct_far,shared_floor_tile,main,person_subject,object_first
shared_floor_tile__name_1__obj_bag__physical_placement_person_subject__object_first,shared_floor_tile__name_1__obj_bag__physical_placement_person_subject__object_first__far_synonym_distant,far_evidence_only,synonym_distant,shared_floor_tile,main,person_subject,object_first
shared_floor_tile__name_1__obj_bag__physical_placement_person_subject__object_first,shared_floor_tile__name_1__obj_bag__physical_placement_person_subject__object_first__far_large_distance,far_evidence_only,large_distance,shared_floor_tile,main,person_subject,object_first
shared_floor_tile__name_1__obj_book__physical_placement__person_first,shared_floor_tile__name_1__obj_book__physical_placement__person_first__far_direct_far,far_evidence_only,direct_far,shared_floor_tile,main,object_subject,person_first
shared_floor_tile__name_1__obj_book__physical_placement__person_first,shared_floor_tile__name_1__obj_book__physical_placement__person_first__far_synonym_distant,far_evidence_only,synonym_distant,shared_floor_tile,main,object_subject,person_first
shared_floor_tile__name_1__obj_book__physical_placement__person_first,shared_floor_tile__name_1__obj_book__physical_placement__person_first__far_large_distance,far_evidence_only,large_distance,shared_floor_tile,main,object_subject,person_first
shared_floor_tile__name_1__obj_book__physical_placement__object_first,shared_floor_tile__name_1__obj_book__physical_placement__object_first__far_direct_far,far_evidence_only,direct_far,shared_floor_tile,main,object_subject,object_first
shared_floor_tile__name_1__obj_book__physical_placement__object_first,shared_floor_tile__name_1__obj_book__physical_placement__object_first__far_synonym_distant,far_evidence_only,synonym_distant,shared_floor_tile,main,object_subject,object_first
shared_floor_tile__name_1__obj_book__physical_placement__object_first,shared_floor_tile__name_1__obj_book__physical_placement__object_first__far_large_distance,far_evidence_only,large_distance,shared_floor_tile,main,object_subject,object_first
shared_floor_tile__name_1__obj_book__physical_placement_fronted__person_first,shared_floor_tile__name_1__obj_book__physical_placement_fronted__person_first__far_direct_far,far_evidence_only,direct_far,shared_floor_tile,main,fronted_location,person_first
shared_floor_tile__name_1__obj_book__physical_placement_fronted__person_first,shared_floor_tile__name_1__obj_book__physical_placement_fronted__person_first__far_synonym_distant,far_evidence_only,synonym_distant,shared_floor_tile,main,fronted_location,person_first
shared_floor_tile__name_1__obj_book__physical_placement_fronted__person_first,shared_floor_tile__name_1__obj_book__physical_placement_fronted__person_first__far_large_distance,far_evidence_only,large_distance,shared_floor_tile,main,fronted_location,person_first
shared_floor_tile__name_1__obj_book__physical_placement_fronted__object_first,shared_floor_tile__name_1__obj_book__physical_placement_fronted__object_first__far_direct_far,far_evidence_only,direct_far,shared_floor_tile,main,fronted_location,object_first
shared_floor_tile__name_1__obj_book__physical_placement_fronted__object_first,shared_floor_tile__name_1__obj_book__physical_placement_fronted__object_first__far_synonym_distant,far_evidence_only,synonym_distant,shared_floor_tile,main,fronted_location,object_first
shared_floor_tile__name_1__obj_book__physical_placement_fronted__object_first,shared_floor_tile__name_1__obj_book__physical_placement_fronted__object_first__far_large_distance,far_evidence_only,large_distance,shared_floor_tile,main,fronted_location,object_first
shared_floor_tile__name_1__obj_book__physical_placement_person_subject__person_first,shared_floor_tile__name_1__obj_book__physical_placement_person_subject__person_first__far_direct_far,far_evidence_only,direct_far,shared_floor_tile,main,person_subject,person_first
shared_floor_tile__name_1__obj_book__physical_placement_person_subject__person_first,shared_floor_tile__name_1__obj_book__physical_placement_person_subject__person_first__far_synonym_distant,far_evidence_only,synonym_distant,shared_floor_tile,main,person_subject,person_first
shared_floor_tile__name_1__obj_book__physical_placement_person_subject__person_first,shared_floor_tile__name_1__obj_book__physical_placement_person_subject__person_first__far_large_distance,far_evidence_only,large_distance,shared_floor_tile,main,person_subject,person_first
shared_floor_tile__name_1__obj_book__physical_placement_person_subject__object_first,shared_floor_tile__name_1__obj_book__physical_placement_person_subject__object_first__far_direct_far,far_evidence_only,direct_far,shared_floor_tile,main,person_subject,object_first
shared_floor_tile__name_1__obj_book__physical_placement_person_subject__object_first,shared_floor_tile__name_1__obj_book__physical_placement_person_subject__object_first__far_synonym_distant,far_evidence_only,synonym_distant,shared_floor_tile,main,person_subject,object_first
shared_floor_tile__name_1__obj_book__physical_placement_person_subject__object_first,shared_floor_tile__name_1__obj_book__physical_placement_person_subject__object_first__far_large_distance,far_evidence_only,large_distance,shared_floor_tile,main,person_subject,object_first
shared_floor_tile__name_1__obj_cone__physical_placement__person_first,shared_floor_tile__name_1__obj_cone__physical_placement__person_first__far_direct_far,far_evidence_only,direct_far,shared_floor_tile,main,object_subject,person_first
shared_floor_tile__name_1__obj_cone__physical_placement__person_first,shared_floor_tile__name_1__obj_cone__physical_placement__person_first__far_synonym_distant,far_evidence_only,synonym_distant,shared_floor_tile,main,object_subject,person_first
shared_floor_tile__name_1__obj_cone__physical_placement__person_first,shared_floor_tile__name_1__obj_cone__physical_placement__person_first__far_large_distance,far_evidence_only,large_distance,shared_floor_tile,main,object_subject,person_first
shared_floor_tile__name_1__obj_cone__physical_placement__object_first,shared_floor_tile__name_1__obj_cone__physical_placement__object_first__far_direct_far,far_evidence_only,direct_far,shared_floor_tile,main,object_subject,object_first
shared_floor_tile__name_1__obj_cone__physical_placement__object_first,shared_floor_tile__name_1__obj_cone__physical_placement__object_first__far_synonym_distant,far_evidence_only,synonym_distant,shared_floor_tile,main,object_subject,object_first
shared_floor_tile__name_1__obj_cone__physical_placement__object_first,shared_floor_tile__name_1__obj_cone__physical_placement__object_first__far_large_distance,far_evidence_only,large_distance,shared_floor_tile,main,object_subject,object_first
shared_floor_tile__name_1__obj_cone__physical_placement_fronted__person_first,shared_floor_tile__name_1__obj_cone__physical_placement_fronted__person_first__far_direct_far,far_evidence_only,direct_far,shared_floor_tile,main,fronted_location,person_first
shared_floor_tile__name_1__obj_cone__physical_placement_fronted__person_first,shared_floor_tile__name_1__obj_cone__physical_placement_fronted__person_first__far_synonym_distant,far_evidence_only,synonym_distant,shared_floor_tile,main,fronted_location,person_first
shared_floor_tile__name_1__obj_cone__physical_placement_fronted__person_first,shared_floor_tile__name_1__obj_cone__physical_placement_fronted__person_first__far_large_distance,far_evidence_only,large_distance,shared_floor_tile,main,fronted_location,person_first
shared_floor_tile__name_1__obj_cone__physical_placement_fronted__object_first,shared_floor_tile__name_1__obj_cone__physical_placement_fronted__object_first__far_direct_far,far_evidence_only,direct_far,shared_floor_tile,main,fronted_location,object_first
shared_floor_tile__name_1__obj_cone__physical_placement_fronted__object_first,shared_floor_tile__name_1__obj_cone__physical_placement_fronted__object_first__far_synonym_distant,far_evidence_only,synonym_distant,shared_floor_tile,main,fronted_location,object_first
shared_floor_tile__name_1__obj_cone__physical_placement_fronted__object_first,shared_floor_tile__name_1__obj_cone__physical_placement_fronted__object_first__far_large_distance,far_evidence_only,large_distance,shared_floor_tile,main,fronted_location,object_first
shared_floor_tile__name_1__obj_cone__physical_placement_person_subject__person_first,shared_floor_tile__name_1__obj_cone__physical_placement_person_subject__person_first__far_direct_far,far_evidence_only,direct_far,shared_floor_tile,main,person_subject,person_first
shared_floor_tile__name_1__obj_cone__physical_placement_person_subject__person_first,shared_floor_tile__name_1__obj_cone__physical_placement_person_subject__person_first__far_synonym_distant,far_evidence_only,synonym_distant,shared_floor_tile,main,person_subject,person_first
shared_floor_tile__name_1__obj_cone__physical_placement_person_subject__person_first,shared_floor_tile__name_1__obj_cone__physical_placement_person_subject__person_first__far_large_distance,far_evidence_only,large_distance,shared_floor_tile,main,person_subject,person_first
shared_floor_tile__name_1__obj_cone__physical_placement_person_subject__object_first,shared_floor_tile__name_1__obj_cone__physical_placement_person_subject__object_first__far_direct_far,far_evidence_only,direct_far,shared_floor_tile,main,person_subject,object_first
shared_floor_tile__name_1__obj_cone__physical_placement_person_subject__object_first,shared_floor_tile__name_1__obj_cone__physical_placement_person_subject__object_first__far_synonym_distant,far_evidence_only,synonym_distant,shared_floor_tile,main,person_subject,object_first
shared_floor_tile__name_1__obj_cone__physical_placement_person_subject__object_first,shared_floor_tile__name_1__obj_cone__physical_placement_person_subject__object_first__far_large_distance,far_evidence_only,large_distance,shared_floor_tile,main,person_subject,object_first
shared_floor_tile__name_2__obj_ball__physical_placement__person_first,shared_floor_tile__name_2__obj_ball__physical_placement__person_first__far_direct_far,far_evidence_only,direct_far,shared_floor_tile,main,object_subject,person_first
shared_floor_tile__name_2__obj_ball__physical_placement__person_first,shared_floor_tile__name_2__obj_ball__physical_placement__person_first__far_synonym_distant,far_evidence_only,synonym_distant,shared_floor_tile,main,object_subject,person_first
shared_floor_tile__name_2__obj_ball__physical_placement__person_first,shared_floor_tile__name_2__obj_ball__physical_placement__person_first__far_large_distance,far_evidence_only,large_distance,shared_floor_tile,main,object_subject,person_first
shared_floor_tile__name_2__obj_ball__physical_placement__object_first,shared_floor_tile__name_2__obj_ball__physical_placement__object_first__far_direct_far,far_evidence_only,direct_far,shared_floor_tile,main,object_subject,object_first
shared_floor_tile__name_2__obj_ball__physical_placement__object_first,shared_floor_tile__name_2__obj_ball__physical_placement__object_first__far_synonym_distant,far_evidence_only,synonym_distant,shared_floor_tile,main,object_subject,object_first
shared_floor_tile__name_2__obj_ball__physical_placement__object_first,shared_floor_tile__name_2__obj_ball__physical_placement__object_first__far_large_distance,far_evidence_only,large_distance,shared_floor_tile,main,object_subject,object_first
shared_floor_tile__name_2__obj_ball__physical_placement_fronted__person_first,shared_floor_tile__name_2__obj_ball__physical_placement_fronted__person_first__far_direct_far,far_evidence_only,direct_far,shared_floor_tile,main,fronted_location,person_first
shared_floor_tile__name_2__obj_ball__physical_placement_fronted__person_first,shared_floor_tile__name_2__obj_ball__physical_placement_fronted__person_first__far_synonym_distant,far_evidence_only,synonym_distant,shared_floor_tile,main,fronted_location,person_first
shared_floor_tile__name_2__obj_ball__physical_placement_fronted__person_first,shared_floor_tile__name_2__obj_ball__physical_placement_fronted__person_first__far_large_distance,far_evidence_only,large_distance,shared_floor_tile,main,fronted_location,person_first
shared_floor_tile__name_2__obj_ball__physical_placement_fronted__object_first,shared_floor_tile__name_2__obj_ball__physical_placement_fronted__object_first__far_direct_far,far_evidence_only,direct_far,shared_floor_tile,main,fronted_location,object_first
shared_floor_tile__name_2__obj_ball__physical_placement_fronted__object_first,shared_floor_tile__name_2__obj_ball__physical_placement_fronted__object_first__far_synonym_distant,far_evidence_only,synonym_distant,shared_floor_tile,main,fronted_location,object_first
shared_floor_tile__name_2__obj_ball__physical_placement_fronted__object_first,shared_floor_tile__name_2__obj_ball__physical_placement_fronted__object_first__far_large_distance,far_evidence_only,large_distance,shared_floor_tile,main,fronted_location,object_first
shared_floor_tile__name_2__obj_ball__physical_placement_person_subject__person_first,shared_floor_tile__name_2__obj_ball__physical_placement_person_subject__person_first__far_direct_far,far_evidence_only,direct_far,shared_floor_tile,main,person_subject,person_first
shared_floor_tile__name_2__obj_ball__physical_placement_person_subject__person_first,shared_floor_tile__name_2__obj_ball__physical_placement_person_subject__person_first__far_synonym_distant,far_evidence_only,synonym_distant,shared_floor_tile,main,person_subject,person_first
shared_floor_tile__name_2__obj_ball__physical_placement_person_subject__person_first,shared_floor_tile__name_2__obj_ball__physical_placement_person_subject__person_first__far_large_distance,far_evidence_only,large_distance,shared_floor_tile,main,person_subject,person_first
shared_floor_tile__name_2__obj_ball__physical_placement_person_subject__object_first,shared_floor_tile__name_2__obj_ball__physical_placement_person_subject__object_first__far_direct_far,far_evidence_only,direct_far,shared_floor_tile,main,person_subject,object_first
shared_floor_tile__name_2__obj_ball__physical_placement_person_subject__object_first,shared_floor_tile__name_2__obj_ball__physical_placement_person_subject__object_first__far_synonym_distant,far_evidence_only,synonym_distant,shared_floor_tile,main,person_subject,object_first
shared_floor_tile__name_2__obj_ball__physical_placement_person_subject__object_first,shared_floor_tile__name_2__obj_ball__physical_placement_person_subject__object_first__far_large_distance,far_evidence_only,large_distance,shared_floor_tile,main,person_subject,object_first
shared_floor_tile__name_2__obj_bag__physical_placement__person_first,shared_floor_tile__name_2__obj_bag__physical_placement__person_first__far_direct_far,far_evidence_only,direct_far,shared_floor_tile,main,object_subject,person_first
shared_floor_tile__name_2__obj_bag__physical_placement__person_first,shared_floor_tile__name_2__obj_bag__physical_placement__person_first__far_synonym_distant,far_evidence_only,synonym_distant,shared_floor_tile,main,object_subject,person_first
shared_floor_tile__name_2__obj_bag__physical_placement__person_first,shared_floor_tile__name_2__obj_bag__physical_placement__person_first__far_large_distance,far_evidence_only,large_distance,shared_floor_tile,main,object_subject,person_first
shared_floor_tile__name_2__obj_bag__physical_placement__object_first,shared_floor_tile__name_2__obj_bag__physical_placement__object_first__far_direct_far,far_evidence_only,direct_far,shared_floor_tile,main,object_subject,object_first
shared_floor_tile__name_2__obj_bag__physical_placement__object_first,shared_floor_tile__name_2__obj_bag__physical_placement__object_first__far_synonym_distant,far_evidence_only,synonym_distant,shared_floor_tile,main,object_subject,object_first
shared_floor_tile__name_2__obj_bag__physical_placement__object_first,shared_floor_tile__name_2__obj_bag__physical_placement__object_first__far_large_distance,far_evidence_only,large_distance,shared_floor_tile,main,object_subject,object_first
shared_floor_tile__name_2__obj_bag__physical_placement_fronted__person_first,shared_floor_tile__name_2__obj_bag__physical_placement_fronted__person_first__far_direct_far,far_evidence_only,direct_far,shared_floor_tile,main,fronted_location,person_first
shared_floor_tile__name_2__obj_bag__physical_placement_fronted__person_first,shared_floor_tile__name_2__obj_bag__physical_placement_fronted__person_first__far_synonym_distant,far_evidence_only,synonym_distant,shared_floor_tile,main,fronted_location,person_first
shared_floor_tile__name_2__obj_bag__physical_placement_fronted__person_first,shared_floor_tile__name_2__obj_bag__physical_placement_fronted__person_first__far_large_distance,far_evidence_only,large_distance,shared_floor_tile,main,fronted_location,person_first
shared_floor_tile__name_2__obj_bag__physical_placement_fronted__object_first,shared_floor_tile__name_2__obj_bag__physical_placement_fronted__object_first__far_direct_far,far_evidence_only,direct_far,shared_floor_tile,main,fronted_location,object_first
shared_floor_tile__name_2__obj_bag__physical_placement_fronted__object_first,shared_floor_tile__name_2__obj_bag__physical_placement_fronted__object_first__far_synonym_distant,far_evidence_only,synonym_distant,shared_floor_tile,main,fronted_location,object_first
shared_floor_tile__name_2__obj_bag__physical_placement_fronted__object_first,shared_floor_tile__name_2__obj_bag__physical_placement_fronted__object_first__far_large_distance,far_evidence_only,large_distance,shared_floor_tile,main,fronted_location,object_first
shared_floor_tile__name_2__obj_bag__physical_placement_person_subject__person_first,shared_floor_tile__name_2__obj_bag__physical_placement_person_subject__person_first__far_direct_far,far_evidence_only,direct_far,shared_floor_tile,main,person_subject,person_first
shared_floor_tile__name_2__obj_bag__physical_placement_person_subject__person_first,shared_floor_tile__name_2__obj_bag__physical_placement_person_subject__person_first__far_synonym_distant,far_evidence_only,synonym_distant,shared_floor_tile,main,person_subject,person_first
shared_floor_tile__name_2__obj_bag__physical_placement_person_subject__person_first,shared_floor_tile__name_2__obj_bag__physical_placement_person_subject__person_first__far_large_distance,far_evidence_only,large_distance,shared_floor_tile,main,person_subject,person_first
shared_floor_tile__name_2__obj_bag__physical_placement_person_subject__object_first,shared_floor_tile__name_2__obj_bag__physical_placement_person_subject__object_first__far_direct_far,far_evidence_only,direct_far,shared_floor_tile,main,person_subject,object_first
shared_floor_tile__name_2__obj_bag__physical_placement_person_subject__object_first,shared_floor_tile__name_2__obj_bag__physical_placement_person_subject__object_first__far_synonym_distant,far_evidence_only,synonym_distant,shared_floor_tile,main,person_subject,object_first
shared_floor_tile__name_2__obj_bag__physical_placement_person_subject__object_first,shared_floor_tile__name_2__obj_bag__physical_placement_person_subject__object_first__far_large_distance,far_evidence_only,large_distance,shared_floor_tile,main,person_subject,object_first
shared_floor_tile__name_2__obj_book__physical_placement__person_first,shared_floor_tile__name_2__obj_book__physical_placement__person_first__far_direct_far,far_evidence_only,direct_far,shared_floor_tile,main,object_subject,person_first
shared_floor_tile__name_2__obj_book__physical_placement__person_first,shared_floor_tile__name_2__obj_book__physical_placement__person_first__far_synonym_distant,far_evidence_only,synonym_distant,shared_floor_tile,main,object_subject,person_first
shared_floor_tile__name_2__obj_book__physical_placement__person_first,shared_floor_tile__name_2__obj_book__physical_placement__person_first__far_large_distance,far_evidence_only,large_distance,shared_floor_tile,main,object_subject,person_first
shared_floor_tile__name_2__obj_book__physical_placement__object_first,shared_floor_tile__name_2__obj_book__physical_placement__object_first__far_direct_far,far_evidence_only,direct_far,shared_floor_tile,main,object_subject,object_first
shared_floor_tile__name_2__obj_book__physical_placement__object_first,shared_floor_tile__name_2__obj_book__physical_placement__object_first__far_synonym_distant,far_evidence_only,synonym_distant,shared_floor_tile,main,object_subject,object_first
shared_floor_tile__name_2__obj_book__physical_placement__object_first,shared_floor_tile__name_2__obj_book__physical_placement__object_first__far_large_distance,far_evidence_only,large_distance,shared_floor_tile,main,object_subject,object_first
shared_floor_tile__name_2__obj_book__physical_placement_fronted__person_first,shared_floor_tile__name_2__obj_book__physical_placement_fronted__person_first__far_direct_far,far_evidence_only,direct_far,shared_floor_tile,main,fronted_location,person_first
shared_floor_tile__name_2__obj_book__physical_placement_fronted__person_first,shared_floor_tile__name_2__obj_book__physical_placement_fronted__person_first__far_synonym_distant,far_evidence_only,synonym_distant,shared_floor_tile,main,fronted_location,person_first
shared_floor_tile__name_2__obj_book__physical_placement_fronted__person_first,shared_floor_tile__name_2__obj_book__physical_placement_fronted__person_first__far_large_distance,far_evidence_only,large_distance,shared_floor_tile,main,fronted_location,person_first
shared_floor_tile__name_2__obj_book__physical_placement_fronted__object_first,shared_floor_tile__name_2__obj_book__physical_placement_fronted__object_first__far_direct_far,far_evidence_only,direct_far,shared_floor_tile,main,fronted_location,object_first
shared_floor_tile__name_2__obj_book__physical_placement_fronted__object_first,shared_floor_tile__name_2__obj_book__physical_placement_fronted__object_first__far_synonym_distant,far_evidence_only,synonym_distant,shared_floor_tile,main,fronted_location,object_first
shared_floor_tile__name_2__obj_book__physical_placement_fronted__object_first,shared_floor_tile__name_2__obj_book__physical_placement_fronted__object_first__far_large_distance,far_evidence_only,large_distance,shared_floor_tile,main,fronted_location,object_first
shared_floor_tile__name_2__obj_book__physical_placement_person_subject__person_first,shared_floor_tile__name_2__obj_book__physical_placement_person_subject__person_first__far_direct_far,far_evidence_only,direct_far,shared_floor_tile,main,person_subject,person_first
shared_floor_tile__name_2__obj_book__physical_placement_person_subject__person_first,shared_floor_tile__name_2__obj_book__physical_placement_person_subject__person_first__far_synonym_distant,far_evidence_only,synonym_distant,shared_floor_tile,main,person_subject,person_first
shared_floor_tile__name_2__obj_book__physical_placement_person_subject__person_first,shared_floor_tile__name_2__obj_book__physical_placement_person_subject__person_first__far_large_distance,far_evidence_only,large_distance,shared_floor_tile,main,person_subject,person_first
shared_floor_tile__name_2__obj_book__physical_placement_person_subject__object_first,shared_floor_tile__name_2__obj_book__physical_placement_person_subject__object_first__far_direct_far,far_evidence_only,direct_far,shared_floor_tile,main,person_subject,object_first
shared_floor_tile__name_2__obj_book__physical_placement_person_subject__object_first,shared_floor_tile__name_2__obj_book__physical_placement_person_subject__object_first__far_synonym_distant,far_evidence_only,synonym_distant,shared_floor_tile,main,person_subject,object_first
shared_floor_tile__name_2__obj_book__physical_placement_person_subject__object_first,shared_floor_tile__name_2__obj_book__physical_placement_person_subject__object_first__far_large_distance,far_evidence_only,large_distance,shared_floor_tile,main,person_subject,object_first
shared_floor_tile__name_2__obj_cone__physical_placement__person_first,shared_floor_tile__name_2__obj_cone__physical_placement__person_first__far_direct_far,far_evidence_only,direct_far,shared_floor_tile,main,object_subject,person_first
shared_floor_tile__name_2__obj_cone__physical_placement__person_first,shared_floor_tile__name_2__obj_cone__physical_placement__person_first__far_synonym_distant,far_evidence_only,synonym_distant,shared_floor_tile,main,object_subject,person_first
shared_floor_tile__name_2__obj_cone__physical_placement__person_first,shared_floor_tile__name_2__obj_cone__physical_placement__person_first__far_large_distance,far_evidence_only,large_distance,shared_floor_tile,main,object_subject,person_first
shared_floor_tile__name_2__obj_cone__physical_placement__object_first,shared_floor_tile__name_2__obj_cone__physical_placement__object_first__far_direct_far,far_evidence_only,direct_far,shared_floor_tile,main,object_subject,object_first
shared_floor_tile__name_2__obj_cone__physical_placement__object_first,shared_floor_tile__name_2__obj_cone__physical_placement__object_first__far_synonym_distant,far_evidence_only,synonym_distant,shared_floor_tile,main,object_subject,object_first
shared_floor_tile__name_2__obj_cone__physical_placement__object_first,shared_floor_tile__name_2__obj_cone__physical_placement__object_first__far_large_distance,far_evidence_only,large_distance,shared_floor_tile,main,object_subject,object_first
shared_floor_tile__name_2__obj_cone__physical_placement_fronted__person_first,shared_floor_tile__name_2__obj_cone__physical_placement_fronted__person_first__far_direct_far,far_evidence_only,direct_far,shared_floor_tile,main,fronted_location,person_first
shared_floor_tile__name_2__obj_cone__physical_placement_fronted__person_first,shared_floor_tile__name_2__obj_cone__physical_placement_fronted__person_first__far_synonym_distant,far_evidence_only,synonym_distant,shared_floor_tile,main,fronted_location,person_first
shared_floor_tile__name_2__obj_cone__physical_placement_fronted__person_first,shared_floor_tile__name_2__obj_cone__physical_placement_fronted__person_first__far_large_distance,far_evidence_only,large_distance,shared_floor_tile,main,fronted_location,person_first
shared_floor_tile__name_2__obj_cone__physical_placement_fronted__object_first,shared_floor_tile__name_2__obj_cone__physical_placement_fronted__object_first__far_direct_far,far_evidence_only,direct_far,shared_floor_tile,main,fronted_location,object_first
shared_floor_tile__name_2__obj_cone__physical_placement_fronted__object_first,shared_floor_tile__name_2__obj_cone__physical_placement_fronted__object_first__far_synonym_distant,far_evidence_only,synonym_distant,shared_floor_tile,main,fronted_location,object_first
shared_floor_tile__name_2__obj_cone__physical_placement_fronted__object_first,shared_floor_tile__name_2__obj_cone__physical_placement_fronted__object_first__far_large_distance,far_evidence_only,large_distance,shared_floor_tile,main,fronted_location,object_first
shared_floor_tile__name_2__obj_cone__physical_placement_person_subject__person_first,shared_floor_tile__name_2__obj_cone__physical_placement_person_subject__person_first__far_direct_far,far_evidence_only,direct_far,shared_floor_tile,main,person_subject,person_first
shared_floor_tile__name_2__obj_cone__physical_placement_person_subject__person_first,shared_floor_tile__name_2__obj_cone__physical_placement_person_subject__person_first__far_synonym_distant,far_evidence_only,synonym_distant,shared_floor_tile,main,person_subject,person_first
shared_floor_tile__name_2__obj_cone__physical_placement_person_subject__person_first,shared_floor_tile__name_2__obj_cone__physical_placement_person_subject__person_first__far_large_distance,far_evidence_only,large_distance,shared_floor_tile,main,person_subject,person_first
shared_floor_tile__name_2__obj_cone__physical_placement_person_subject__object_first,shared_floor_tile__name_2__obj_cone__physical_placement_person_subject__object_first__far_direct_far,far_evidence_only,direct_far,shared_floor_tile,main,person_subject,object_first
shared_floor_tile__name_2__obj_cone__physical_placement_person_subject__object_first,shared_floor_tile__name_2__obj_cone__physical_placement_person_subject__object_first__far_synonym_distant,far_evidence_only,synonym_distant,shared_floor_tile,main,person_subject,object_first
shared_floor_tile__name_2__obj_cone__physical_placement_person_subject__object_first,shared_floor_tile__name_2__obj_cone__physical_placement_person_subject__object_first__far_large_distance,far_evidence_only,large_distance,shared_floor_tile,main,person_subject,object_first
shared_floor_tile__name_3__obj_ball__physical_placement__person_first,shared_floor_tile__name_3__obj_ball__physical_placement__person_first__far_direct_far,far_evidence_only,direct_far,shared_floor_tile,main,object_subject,person_first
shared_floor_tile__name_3__obj_ball__physical_placement__person_first,shared_floor_tile__name_3__obj_ball__physical_placement__person_first__far_synonym_distant,far_evidence_only,synonym_distant,shared_floor_tile,main,object_subject,person_first
shared_floor_tile__name_3__obj_ball__physical_placement__person_first,shared_floor_tile__name_3__obj_ball__physical_placement__person_first__far_large_distance,far_evidence_only,large_distance,shared_floor_tile,main,object_subject,person_first
shared_floor_tile__name_3__obj_ball__physical_placement__object_first,shared_floor_tile__name_3__obj_ball__physical_placement__object_first__far_direct_far,far_evidence_only,direct_far,shared_floor_tile,main,object_subject,object_first
shared_floor_tile__name_3__obj_ball__physical_placement__object_first,shared_floor_tile__name_3__obj_ball__physical_placement__object_first__far_synonym_distant,far_evidence_only,synonym_distant,shared_floor_tile,main,object_subject,object_first
shared_floor_tile__name_3__obj_ball__physical_placement__object_first,shared_floor_tile__name_3__obj_ball__physical_placement__object_first__far_large_distance,far_evidence_only,large_distance,shared_floor_tile,main,object_subject,object_first
shared_floor_tile__name_3__obj_ball__physical_placement_fronted__person_first,shared_floor_tile__name_3__obj_ball__physical_placement_fronted__person_first__far_direct_far,far_evidence_only,direct_far,shared_floor_tile,main,fronted_location,person_first
shared_floor_tile__name_3__obj_ball__physical_placement_fronted__person_first,shared_floor_tile__name_3__obj_ball__physical_placement_fronted__person_first__far_synonym_distant,far_evidence_only,synonym_distant,shared_floor_tile,main,fronted_location,person_first
shared_floor_tile__name_3__obj_ball__physical_placement_fronted__person_first,shared_floor_tile__name_3__obj_ball__physical_placement_fronted__person_first__far_large_distance,far_evidence_only,large_distance,shared_floor_tile,main,fronted_location,person_first
shared_floor_tile__name_3__obj_ball__physical_placement_fronted__object_first,shared_floor_tile__name_3__obj_ball__physical_placement_fronted__object_first__far_direct_far,far_evidence_only,direct_far,shared_floor_tile,main,fronted_location,object_first
shared_floor_tile__name_3__obj_ball__physical_placement_fronted__object_first,shared_floor_tile__name_3__obj_ball__physical_placement_fronted__object_first__far_synonym_distant,far_evidence_only,synonym_distant,shared_floor_tile,main,fronted_location,object_first
shared_floor_tile__name_3__obj_ball__physical_placement_fronted__object_first,shared_floor_tile__name_3__obj_ball__physical_placement_fronted__object_first__far_large_distance,far_evidence_only,large_distance,shared_floor_tile,main,fronted_location,object_first
shared_floor_tile__name_3__obj_ball__physical_placement_person_subject__person_first,shared_floor_tile__name_3__obj_ball__physical_placement_person_subject__person_first__far_direct_far,far_evidence_only,direct_far,shared_floor_tile,main,person_subject,person_first
shared_floor_tile__name_3__obj_ball__physical_placement_person_subject__person_first,shared_floor_tile__name_3__obj_ball__physical_placement_person_subject__person_first__far_synonym_distant,far_evidence_only,synonym_distant,shared_floor_tile,main,person_subject,person_first
shared_floor_tile__name_3__obj_ball__physical_placement_person_subject__person_first,shared_floor_tile__name_3__obj_ball__physical_placement_person_subject__person_first__far_large_distance,far_evidence_only,large_distance,shared_floor_tile,main,person_subject,person_first
shared_floor_tile__name_3__obj_ball__physical_placement_person_subject__object_first,shared_floor_tile__name_3__obj_ball__physical_placement_person_subject__object_first__far_direct_far,far_evidence_only,direct_far,shared_floor_tile,main,person_subject,object_first
shared_floor_tile__name_3__obj_ball__physical_placement_person_subject__object_first,shared_floor_tile__name_3__obj_ball__physical_placement_person_subject__object_first__far_synonym_distant,far_evidence_only,synonym_distant,shared_floor_tile,main,person_subject,object_first
shared_floor_tile__name_3__obj_ball__physical_placement_person_subject__object_first,shared_floor_tile__name_3__obj_ball__physical_placement_person_subject__object_first__far_large_distance,far_evidence_only,large_distance,shared_floor_tile,main,person_subject,object_first
shared_floor_tile__name_3__obj_bag__physical_placement__person_first,shared_floor_tile__name_3__obj_bag__physical_placement__person_first__far_direct_far,far_evidence_only,direct_far,shared_floor_tile,main,object_subject,person_first
shared_floor_tile__name_3__obj_bag__physical_placement__person_first,shared_floor_tile__name_3__obj_bag__physical_placement__person_first__far_synonym_distant,far_evidence_only,synonym_distant,shared_floor_tile,main,object_subject,person_first
shared_floor_tile__name_3__obj_bag__physical_placement__person_first,shared_floor_tile__name_3__obj_bag__physical_placement__person_first__far_large_distance,far_evidence_only,large_distance,shared_floor_tile,main,object_subject,person_first
shared_floor_tile__name_3__obj_bag__physical_placement__object_first,shared_floor_tile__name_3__obj_bag__physical_placement__object_first__far_direct_far,far_evidence_only,direct_far,shared_floor_tile,main,object_subject,object_first
shared_floor_tile__name_3__obj_bag__physical_placement__object_first,shared_floor_tile__name_3__obj_bag__physical_placement__object_first__far_synonym_distant,far_evidence_only,synonym_distant,shared_floor_tile,main,object_subject,object_first
shared_floor_tile__name_3__obj_bag__physical_placement__object_first,shared_floor_tile__name_3__obj_bag__physical_placement__object_first__far_large_distance,far_evidence_only,large_distance,shared_floor_tile,main,object_subject,object_first
shared_floor_tile__name_3__obj_bag__physical_placement_fronted__person_first,shared_floor_tile__name_3__obj_bag__physical_placement_fronted__person_first__far_direct_far,far_evidence_only,direct_far,shared_floor_tile,main,fronted_location,person_first
shared_floor_tile__name_3__obj_bag__physical_placement_fronted__person_first,shared_floor_tile__name_3__obj_bag__physical_placement_fronted__person_first__far_synonym_distant,far_evidence_only,synonym_distant,shared_floor_tile,main,fronted_location,person_first
shared_floor_tile__name_3__obj_bag__physical_placement_fronted__person_first,shared_floor_tile__name_3__obj_bag__physical_placement_fronted__person_first__far_large_distance,far_evidence_only,large_distance,shared_floor_tile,main,fronted_location,person_first
shared_floor_tile__name_3__obj_bag__physical_placement_fronted__object_first,shared_floor_tile__name_3__obj_bag__physical_placement_fronted__object_first__far_direct_far,far_evidence_only,direct_far,shared_floor_tile,main,fronted_location,object_first
shared_floor_tile__name_3__obj_bag__physical_placement_fronted__object_first,shared_floor_tile__name_3__obj_bag__physical_placement_fronted__object_first__far_synonym_distant,far_evidence_only,synonym_distant,shared_floor_tile,main,fronted_location,object_first
shared_floor_tile__name_3__obj_bag__physical_placement_fronted__object_first,shared_floor_tile__name_3__obj_bag__physical_placement_fronted__object_first__far_large_distance,far_evidence_only,large_distance,shared_floor_tile,main,fronted_location,object_first
shared_floor_tile__name_3__obj_bag__physical_placement_person_subject__person_first,shared_floor_tile__name_3__obj_bag__physical_placement_person_subject__person_first__far_direct_far,far_evidence_only,direct_far,shared_floor_tile,main,person_subject,person_first
shared_floor_tile__name_3__obj_bag__physical_placement_person_subject__person_first,shared_floor_tile__name_3__obj_bag__physical_placement_person_subject__person_first__far_synonym_distant,far_evidence_only,synonym_distant,shared_floor_tile,main,person_subject,person_first
shared_floor_tile__name_3__obj_bag__physical_placement_person_subject__person_first,shared_floor_tile__name_3__obj_bag__physical_placement_person_subject__person_first__far_large_distance,far_evidence_only,large_distance,shared_floor_tile,main,person_subject,person_first
shared_floor_tile__name_3__obj_bag__physical_placement_person_subject__object_first,shared_floor_tile__name_3__obj_bag__physical_placement_person_subject__object_first__far_direct_far,far_evidence_only,direct_far,shared_floor_tile,main,person_subject,object_first
shared_floor_tile__name_3__obj_bag__physical_placement_person_subject__object_first,shared_floor_tile__name_3__obj_bag__physical_placement_person_subject__object_first__far_synonym_distant,far_evidence_only,synonym_distant,shared_floor_tile,main,person_subject,object_first
shared_floor_tile__name_3__obj_bag__physical_placement_person_subject__object_first,shared_floor_tile__name_3__obj_bag__physical_placement_person_subject__object_first__far_large_distance,far_evidence_only,large_distance,shared_floor_tile,main,person_subject,object_first
shared_floor_tile__name_3__obj_book__physical_placement__person_first,shared_floor_tile__name_3__obj_book__physical_placement__person_first__far_direct_far,far_evidence_only,direct_far,shared_floor_tile,main,object_subject,person_first
shared_floor_tile__name_3__obj_book__physical_placement__person_first,shared_floor_tile__name_3__obj_book__physical_placement__person_first__far_synonym_distant,far_evidence_only,synonym_distant,shared_floor_tile,main,object_subject,person_first
shared_floor_tile__name_3__obj_book__physical_placement__person_first,shared_floor_tile__name_3__obj_book__physical_placement__person_first__far_large_distance,far_evidence_only,large_distance,shared_floor_tile,main,object_subject,person_first
shared_floor_tile__name_3__obj_book__physical_placement__object_first,shared_floor_tile__name_3__obj_book__physical_placement__object_first__far_direct_far,far_evidence_only,direct_far,shared_floor_tile,main,object_subject,object_first
shared_floor_tile__name_3__obj_book__physical_placement__object_first,shared_floor_tile__name_3__obj_book__physical_placement__object_first__far_synonym_distant,far_evidence_only,synonym_distant,shared_floor_tile,main,object_subject,object_first
shared_floor_tile__name_3__obj_book__physical_placement__object_first,shared_floor_tile__name_3__obj_book__physical_placement__object_first__far_large_distance,far_evidence_only,large_distance,shared_floor_tile,main,object_subject,object_first
shared_floor_tile__name_3__obj_book__physical_placement_fronted__person_first,shared_floor_tile__name_3__obj_book__physical_placement_fronted__person_first__far_direct_far,far_evidence_only,direct_far,shared_floor_tile,main,fronted_location,person_first
shared_floor_tile__name_3__obj_book__physical_placement_fronted__person_first,shared_floor_tile__name_3__obj_book__physical_placement_fronted__person_first__far_synonym_distant,far_evidence_only,synonym_distant,shared_floor_tile,main,fronted_location,person_first
shared_floor_tile__name_3__obj_book__physical_placement_fronted__person_first,shared_floor_tile__name_3__obj_book__physical_placement_fronted__person_first__far_large_distance,far_evidence_only,large_distance,shared_floor_tile,main,fronted_location,person_first
shared_floor_tile__name_3__obj_book__physical_placement_fronted__object_first,shared_floor_tile__name_3__obj_book__physical_placement_fronted__object_first__far_direct_far,far_evidence_only,direct_far,shared_floor_tile,main,fronted_location,object_first
shared_floor_tile__name_3__obj_book__physical_placement_fronted__object_first,shared_floor_tile__name_3__obj_book__physical_placement_fronted__object_first__far_synonym_distant,far_evidence_only,synonym_distant,shared_floor_tile,main,fronted_location,object_first
shared_floor_tile__name_3__obj_book__physical_placement_fronted__object_first,shared_floor_tile__name_3__obj_book__physical_placement_fronted__object_first__far_large_distance,far_evidence_only,large_distance,shared_floor_tile,main,fronted_location,object_first
shared_floor_tile__name_3__obj_book__physical_placement_person_subject__person_first,shared_floor_tile__name_3__obj_book__physical_placement_person_subject__person_first__far_direct_far,far_evidence_only,direct_far,shared_floor_tile,main,person_subject,person_first
shared_floor_tile__name_3__obj_book__physical_placement_person_subject__person_first,shared_floor_tile__name_3__obj_book__physical_placement_person_subject__person_first__far_synonym_distant,far_evidence_only,synonym_distant,shared_floor_tile,main,person_subject,person_first
shared_floor_tile__name_3__obj_book__physical_placement_person_subject__person_first,shared_floor_tile__name_3__obj_book__physical_placement_person_subject__person_first__far_large_distance,far_evidence_only,large_distance,shared_floor_tile,main,person_subject,person_first
shared_floor_tile__name_3__obj_book__physical_placement_person_subject__object_first,shared_floor_tile__name_3__obj_book__physical_placement_person_subject__object_first__far_direct_far,far_evidence_only,direct_far,shared_floor_tile,main,person_subject,object_first
shared_floor_tile__name_3__obj_book__physical_placement_person_subject__object_first,shared_floor_tile__name_3__obj_book__physical_placement_person_subject__object_first__far_synonym_distant,far_evidence_only,synonym_distant,shared_floor_tile,main,person_subject,object_first
shared_floor_tile__name_3__obj_book__physical_placement_person_subject__object_first,shared_floor_tile__name_3__obj_book__physical_placement_person_subject__object_first__far_large_distance,far_evidence_only,large_distance,shared_floor_tile,main,person_subject,object_first
shared_floor_tile__name_3__obj_cone__physical_placement__person_first,shared_floor_tile__name_3__obj_cone__physical_placement__person_first__far_direct_far,far_evidence_only,direct_far,shared_floor_tile,main,object_subject,person_first
shared_floor_tile__name_3__obj_cone__physical_placement__person_first,shared_floor_tile__name_3__obj_cone__physical_placement__person_first__far_synonym_distant,far_evidence_only,synonym_distant,shared_floor_tile,main,object_subject,person_first
shared_floor_tile__name_3__obj_cone__physical_placement__person_first,shared_floor_tile__name_3__obj_cone__physical_placement__person_first__far_large_distance,far_evidence_only,large_distance,shared_floor_tile,main,object_subject,person_first
shared_floor_tile__name_3__obj_cone__physical_placement__object_first,shared_floor_tile__name_3__obj_cone__physical_placement__object_first__far_direct_far,far_evidence_only,direct_far,shared_floor_tile,main,object_subject,object_first
shared_floor_tile__name_3__obj_cone__physical_placement__object_first,shared_floor_tile__name_3__obj_cone__physical_placement__object_first__far_synonym_distant,far_evidence_only,synonym_distant,shared_floor_tile,main,object_subject,object_first
shared_floor_tile__name_3__obj_cone__physical_placement__object_first,shared_floor_tile__name_3__obj_cone__physical_placement__object_first__far_large_distance,far_evidence_only,large_distance,shared_floor_tile,main,object_subject,object_first
shared_floor_tile__name_3__obj_cone__physical_placement_fronted__person_first,shared_floor_tile__name_3__obj_cone__physical_placement_fronted__person_first__far_direct_far,far_evidence_only,direct_far,shared_floor_tile,main,fronted_location,person_first
shared_floor_tile__name_3__obj_cone__physical_placement_fronted__person_first,shared_floor_tile__name_3__obj_cone__physical_placement_fronted__person_first__far_synonym_distant,far_evidence_only,synonym_distant,shared_floor_tile,main,fronted_location,person_first
shared_floor_tile__name_3__obj_cone__physical_placement_fronted__person_first,shared_floor_tile__name_3__obj_cone__physical_placement_fronted__person_first__far_large_distance,far_evidence_only,large_distance,shared_floor_tile,main,fronted_location,person_first
shared_floor_tile__name_3__obj_cone__physical_placement_fronted__object_first,shared_floor_tile__name_3__obj_cone__physical_placement_fronted__object_first__far_direct_far,far_evidence_only,direct_far,shared_floor_tile,main,fronted_location,object_first
shared_floor_tile__name_3__obj_cone__physical_placement_fronted__object_first,shared_floor_tile__name_3__obj_cone__physical_placement_fronted__object_first__far_synonym_distant,far_evidence_only,synonym_distant,shared_floor_tile,main,fronted_location,object_first
shared_floor_tile__name_3__obj_cone__physical_placement_fronted__object_first,shared_floor_tile__name_3__obj_cone__physical_placement_fronted__object_first__far_large_distance,far_evidence_only,large_distance,shared_floor_tile,main,fronted_location,object_first
shared_floor_tile__name_3__obj_cone__physical_placement_person_subject__person_first,shared_floor_tile__name_3__obj_cone__physical_placement_person_subject__person_first__far_direct_far,far_evidence_only,direct_far,shared_floor_tile,main,person_subject,person_first
shared_floor_tile__name_3__obj_cone__physical_placement_person_subject__person_first,shared_floor_tile__name_3__obj_cone__physical_placement_person_subject__person_first__far_synonym_distant,far_evidence_only,synonym_distant,shared_floor_tile,main,person_subject,person_first
shared_floor_tile__name_3__obj_cone__physical_placement_person_subject__person_first,shared_floor_tile__name_3__obj_cone__physical_placement_person_subject__person_first__far_large_distance,far_evidence_only,large_distance,shared_floor_tile,main,person_subject,person_first
shared_floor_tile__name_3__obj_cone__physical_placement_person_subject__object_first,shared_floor_tile__name_3__obj_cone__physical_placement_person_subject__object_first__far_direct_far,far_evidence_only,direct_far,shared_floor_tile,main,person_subject,object_first
shared_floor_tile__name_3__obj_cone__physical_placement_person_subject__object_first,shared_floor_tile__name_3__obj_cone__physical_placement_person_subject__object_first__far_synonym_distant,far_evidence_only,synonym_distant,shared_floor_tile,main,person_subject,object_first
shared_floor_tile__name_3__obj_cone__physical_placement_person_subject__object_first,shared_floor_tile__name_3__obj_cone__physical_placement_person_subject__object_first__far_large_distance,far_evidence_only,large_distance,shared_floor_tile,main,person_subject,object_first
worn_jacket_pocket__name_0__obj_key__physical_placement__person_first,worn_jacket_pocket__name_0__obj_key__physical_placement__person_first__far_direct_far,far_evidence_only,direct_far,worn_jacket_pocket,main,object_subject,person_first
worn_jacket_pocket__name_0__obj_key__physical_placement__person_first,worn_jacket_pocket__name_0__obj_key__physical_placement__person_first__far_synonym_distant,far_evidence_only,synonym_distant,worn_jacket_pocket,main,object_subject,person_first
worn_jacket_pocket__name_0__obj_key__physical_placement__person_first,worn_jacket_pocket__name_0__obj_key__physical_placement__person_first__far_large_distance,far_evidence_only,large_distance,worn_jacket_pocket,main,object_subject,person_first
worn_jacket_pocket__name_0__obj_key__physical_placement__object_first,worn_jacket_pocket__name_0__obj_key__physical_placement__object_first__far_direct_far,far_evidence_only,direct_far,worn_jacket_pocket,main,object_subject,object_first
worn_jacket_pocket__name_0__obj_key__physical_placement__object_first,worn_jacket_pocket__name_0__obj_key__physical_placement__object_first__far_synonym_distant,far_evidence_only,synonym_distant,worn_jacket_pocket,main,object_subject,object_first
worn_jacket_pocket__name_0__obj_key__physical_placement__object_first,worn_jacket_pocket__name_0__obj_key__physical_placement__object_first__far_large_distance,far_evidence_only,large_distance,worn_jacket_pocket,main,object_subject,object_first
worn_jacket_pocket__name_0__obj_key__physical_placement_fronted__person_first,worn_jacket_pocket__name_0__obj_key__physical_placement_fronted__person_first__far_direct_far,far_evidence_only,direct_far,worn_jacket_pocket,main,fronted_location,person_first
worn_jacket_pocket__name_0__obj_key__physical_placement_fronted__person_first,worn_jacket_pocket__name_0__obj_key__physical_placement_fronted__person_first__far_synonym_distant,far_evidence_only,synonym_distant,worn_jacket_pocket,main,fronted_location,person_first
worn_jacket_pocket__name_0__obj_key__physical_placement_fronted__person_first,worn_jacket_pocket__name_0__obj_key__physical_placement_fronted__person_first__far_large_distance,far_evidence_only,large_distance,worn_jacket_pocket,main,fronted_location,person_first
worn_jacket_pocket__name_0__obj_key__physical_placement_fronted__object_first,worn_jacket_pocket__name_0__obj_key__physical_placement_fronted__object_first__far_direct_far,far_evidence_only,direct_far,worn_jacket_pocket,main,fronted_location,object_first
worn_jacket_pocket__name_0__obj_key__physical_placement_fronted__object_first,worn_jacket_pocket__name_0__obj_key__physical_placement_fronted__object_first__far_synonym_distant,far_evidence_only,synonym_distant,worn_jacket_pocket,main,fronted_location,object_first
worn_jacket_pocket__name_0__obj_key__physical_placement_fronted__object_first,worn_jacket_pocket__name_0__obj_key__physical_placement_fronted__object_first__far_large_distance,far_evidence_only,large_distance,worn_jacket_pocket,main,fronted_location,object_first
worn_jacket_pocket__name_0__obj_key__physical_placement_person_subject__person_first,worn_jacket_pocket__name_0__obj_key__physical_placement_person_subject__person_first__far_direct_far,far_evidence_only,direct_far,worn_jacket_pocket,main,person_subject,person_first
worn_jacket_pocket__name_0__obj_key__physical_placement_person_subject__person_first,worn_jacket_pocket__name_0__obj_key__physical_placement_person_subject__person_first__far_synonym_distant,far_evidence_only,synonym_distant,worn_jacket_pocket,main,person_subject,person_first
worn_jacket_pocket__name_0__obj_key__physical_placement_person_subject__person_first,worn_jacket_pocket__name_0__obj_key__physical_placement_person_subject__person_first__far_large_distance,far_evidence_only,large_distance,worn_jacket_pocket,main,person_subject,person_first
worn_jacket_pocket__name_0__obj_key__physical_placement_person_subject__object_first,worn_jacket_pocket__name_0__obj_key__physical_placement_person_subject__object_first__far_direct_far,far_evidence_only,direct_far,worn_jacket_pocket,main,person_subject,object_first
worn_jacket_pocket__name_0__obj_key__physical_placement_person_subject__object_first,worn_jacket_pocket__name_0__obj_key__physical_placement_person_subject__object_first__far_synonym_distant,far_evidence_only,synonym_distant,worn_jacket_pocket,main,person_subject,object_first
worn_jacket_pocket__name_0__obj_key__physical_placement_person_subject__object_first,worn_jacket_pocket__name_0__obj_key__physical_placement_person_subject__object_first__far_large_distance,far_evidence_only,large_distance,worn_jacket_pocket,main,person_subject,object_first
worn_jacket_pocket__name_0__obj_coin__physical_placement__person_first,worn_jacket_pocket__name_0__obj_coin__physical_placement__person_first__far_direct_far,far_evidence_only,direct_far,worn_jacket_pocket,main,object_subject,person_first
worn_jacket_pocket__name_0__obj_coin__physical_placement__person_first,worn_jacket_pocket__name_0__obj_coin__physical_placement__person_first__far_synonym_distant,far_evidence_only,synonym_distant,worn_jacket_pocket,main,object_subject,person_first
worn_jacket_pocket__name_0__obj_coin__physical_placement__person_first,worn_jacket_pocket__name_0__obj_coin__physical_placement__person_first__far_large_distance,far_evidence_only,large_distance,worn_jacket_pocket,main,object_subject,person_first
worn_jacket_pocket__name_0__obj_coin__physical_placement__object_first,worn_jacket_pocket__name_0__obj_coin__physical_placement__object_first__far_direct_far,far_evidence_only,direct_far,worn_jacket_pocket,main,object_subject,object_first
worn_jacket_pocket__name_0__obj_coin__physical_placement__object_first,worn_jacket_pocket__name_0__obj_coin__physical_placement__object_first__far_synonym_distant,far_evidence_only,synonym_distant,worn_jacket_pocket,main,object_subject,object_first
worn_jacket_pocket__name_0__obj_coin__physical_placement__object_first,worn_jacket_pocket__name_0__obj_coin__physical_placement__object_first__far_large_distance,far_evidence_only,large_distance,worn_jacket_pocket,main,object_subject,object_first
worn_jacket_pocket__name_0__obj_coin__physical_placement_fronted__person_first,worn_jacket_pocket__name_0__obj_coin__physical_placement_fronted__person_first__far_direct_far,far_evidence_only,direct_far,worn_jacket_pocket,main,fronted_location,person_first
worn_jacket_pocket__name_0__obj_coin__physical_placement_fronted__person_first,worn_jacket_pocket__name_0__obj_coin__physical_placement_fronted__person_first__far_synonym_distant,far_evidence_only,synonym_distant,worn_jacket_pocket,main,fronted_location,person_first
worn_jacket_pocket__name_0__obj_coin__physical_placement_fronted__person_first,worn_jacket_pocket__name_0__obj_coin__physical_placement_fronted__person_first__far_large_distance,far_evidence_only,large_distance,worn_jacket_pocket,main,fronted_location,person_first
worn_jacket_pocket__name_0__obj_coin__physical_placement_fronted__object_first,worn_jacket_pocket__name_0__obj_coin__physical_placement_fronted__object_first__far_direct_far,far_evidence_only,direct_far,worn_jacket_pocket,main,fronted_location,object_first
worn_jacket_pocket__name_0__obj_coin__physical_placement_fronted__object_first,worn_jacket_pocket__name_0__obj_coin__physical_placement_fronted__object_first__far_synonym_distant,far_evidence_only,synonym_distant,worn_jacket_pocket,main,fronted_location,object_first
worn_jacket_pocket__name_0__obj_coin__physical_placement_fronted__object_first,worn_jacket_pocket__name_0__obj_coin__physical_placement_fronted__object_first__far_large_distance,far_evidence_only,large_distance,worn_jacket_pocket,main,fronted_location,object_first
worn_jacket_pocket__name_0__obj_coin__physical_placement_person_subject__person_first,worn_jacket_pocket__name_0__obj_coin__physical_placement_person_subject__person_first__far_direct_far,far_evidence_only,direct_far,worn_jacket_pocket,main,person_subject,person_first
worn_jacket_pocket__name_0__obj_coin__physical_placement_person_subject__person_first,worn_jacket_pocket__name_0__obj_coin__physical_placement_person_subject__person_first__far_synonym_distant,far_evidence_only,synonym_distant,worn_jacket_pocket,main,person_subject,person_first
worn_jacket_pocket__name_0__obj_coin__physical_placement_person_subject__person_first,worn_jacket_pocket__name_0__obj_coin__physical_placement_person_subject__person_first__far_large_distance,far_evidence_only,large_distance,worn_jacket_pocket,main,person_subject,person_first
worn_jacket_pocket__name_0__obj_coin__physical_placement_person_subject__object_first,worn_jacket_pocket__name_0__obj_coin__physical_placement_person_subject__object_first__far_direct_far,far_evidence_only,direct_far,worn_jacket_pocket,main,person_subject,object_first
worn_jacket_pocket__name_0__obj_coin__physical_placement_person_subject__object_first,worn_jacket_pocket__name_0__obj_coin__physical_placement_person_subject__object_first__far_synonym_distant,far_evidence_only,synonym_distant,worn_jacket_pocket,main,person_subject,object_first
worn_jacket_pocket__name_0__obj_coin__physical_placement_person_subject__object_first,worn_jacket_pocket__name_0__obj_coin__physical_placement_person_subject__object_first__far_large_distance,far_evidence_only,large_distance,worn_jacket_pocket,main,person_subject,object_first
worn_jacket_pocket__name_0__obj_marble__physical_placement__person_first,worn_jacket_pocket__name_0__obj_marble__physical_placement__person_first__far_direct_far,far_evidence_only,direct_far,worn_jacket_pocket,main,object_subject,person_first
worn_jacket_pocket__name_0__obj_marble__physical_placement__person_first,worn_jacket_pocket__name_0__obj_marble__physical_placement__person_first__far_synonym_distant,far_evidence_only,synonym_distant,worn_jacket_pocket,main,object_subject,person_first
worn_jacket_pocket__name_0__obj_marble__physical_placement__person_first,worn_jacket_pocket__name_0__obj_marble__physical_placement__person_first__far_large_distance,far_evidence_only,large_distance,worn_jacket_pocket,main,object_subject,person_first
worn_jacket_pocket__name_0__obj_marble__physical_placement__object_first,worn_jacket_pocket__name_0__obj_marble__physical_placement__object_first__far_direct_far,far_evidence_only,direct_far,worn_jacket_pocket,main,object_subject,object_first
worn_jacket_pocket__name_0__obj_marble__physical_placement__object_first,worn_jacket_pocket__name_0__obj_marble__physical_placement__object_first__far_synonym_distant,far_evidence_only,synonym_distant,worn_jacket_pocket,main,object_subject,object_first
worn_jacket_pocket__name_0__obj_marble__physical_placement__object_first,worn_jacket_pocket__name_0__obj_marble__physical_placement__object_first__far_large_distance,far_evidence_only,large_distance,worn_jacket_pocket,main,object_subject,object_first
worn_jacket_pocket__name_0__obj_marble__physical_placement_fronted__person_first,worn_jacket_pocket__name_0__obj_marble__physical_placement_fronted__person_first__far_direct_far,far_evidence_only,direct_far,worn_jacket_pocket,main,fronted_location,person_first
worn_jacket_pocket__name_0__obj_marble__physical_placement_fronted__person_first,worn_jacket_pocket__name_0__obj_marble__physical_placement_fronted__person_first__far_synonym_distant,far_evidence_only,synonym_distant,worn_jacket_pocket,main,fronted_location,person_first
worn_jacket_pocket__name_0__obj_marble__physical_placement_fronted__person_first,worn_jacket_pocket__name_0__obj_marble__physical_placement_fronted__person_first__far_large_distance,far_evidence_only,large_distance,worn_jacket_pocket,main,fronted_location,person_first
worn_jacket_pocket__name_0__obj_marble__physical_placement_fronted__object_first,worn_jacket_pocket__name_0__obj_marble__physical_placement_fronted__object_first__far_direct_far,far_evidence_only,direct_far,worn_jacket_pocket,main,fronted_location,object_first
worn_jacket_pocket__name_0__obj_marble__physical_placement_fronted__object_first,worn_jacket_pocket__name_0__obj_marble__physical_placement_fronted__object_first__far_synonym_distant,far_evidence_only,synonym_distant,worn_jacket_pocket,main,fronted_location,object_first
worn_jacket_pocket__name_0__obj_marble__physical_placement_fronted__object_first,worn_jacket_pocket__name_0__obj_marble__physical_placement_fronted__object_first__far_large_distance,far_evidence_only,large_distance,worn_jacket_pocket,main,fronted_location,object_first
worn_jacket_pocket__name_0__obj_marble__physical_placement_person_subject__person_first,worn_jacket_pocket__name_0__obj_marble__physical_placement_person_subject__person_first__far_direct_far,far_evidence_only,direct_far,worn_jacket_pocket,main,person_subject,person_first
worn_jacket_pocket__name_0__obj_marble__physical_placement_person_subject__person_first,worn_jacket_pocket__name_0__obj_marble__physical_placement_person_subject__person_first__far_synonym_distant,far_evidence_only,synonym_distant,worn_jacket_pocket,main,person_subject,person_first
worn_jacket_pocket__name_0__obj_marble__physical_placement_person_subject__person_first,worn_jacket_pocket__name_0__obj_marble__physical_placement_person_subject__person_first__far_large_distance,far_evidence_only,large_distance,worn_jacket_pocket,main,person_subject,person_first
worn_jacket_pocket__name_0__obj_marble__physical_placement_person_subject__object_first,worn_jacket_pocket__name_0__obj_marble__physical_placement_person_subject__object_first__far_direct_far,far_evidence_only,direct_far,worn_jacket_pocket,main,person_subject,object_first
worn_jacket_pocket__name_0__obj_marble__physical_placement_person_subject__object_first,worn_jacket_pocket__name_0__obj_marble__physical_placement_person_subject__object_first__far_synonym_distant,far_evidence_only,synonym_distant,worn_jacket_pocket,main,person_subject,object_first
worn_jacket_pocket__name_0__obj_marble__physical_placement_person_subject__object_first,worn_jacket_pocket__name_0__obj_marble__physical_placement_person_subject__object_first__far_large_distance,far_evidence_only,large_distance,worn_jacket_pocket,main,person_subject,object_first
worn_jacket_pocket__name_0__obj_pebble__physical_placement__person_first,worn_jacket_pocket__name_0__obj_pebble__physical_placement__person_first__far_direct_far,far_evidence_only,direct_far,worn_jacket_pocket,main,object_subject,person_first
worn_jacket_pocket__name_0__obj_pebble__physical_placement__person_first,worn_jacket_pocket__name_0__obj_pebble__physical_placement__person_first__far_synonym_distant,far_evidence_only,synonym_distant,worn_jacket_pocket,main,object_subject,person_first
worn_jacket_pocket__name_0__obj_pebble__physical_placement__person_first,worn_jacket_pocket__name_0__obj_pebble__physical_placement__person_first__far_large_distance,far_evidence_only,large_distance,worn_jacket_pocket,main,object_subject,person_first
worn_jacket_pocket__name_0__obj_pebble__physical_placement__object_first,worn_jacket_pocket__name_0__obj_pebble__physical_placement__object_first__far_direct_far,far_evidence_only,direct_far,worn_jacket_pocket,main,object_subject,object_first
worn_jacket_pocket__name_0__obj_pebble__physical_placement__object_first,worn_jacket_pocket__name_0__obj_pebble__physical_placement__object_first__far_synonym_distant,far_evidence_only,synonym_distant,worn_jacket_pocket,main,object_subject,object_first
worn_jacket_pocket__name_0__obj_pebble__physical_placement__object_first,worn_jacket_pocket__name_0__obj_pebble__physical_placement__object_first__far_large_distance,far_evidence_only,large_distance,worn_jacket_pocket,main,object_subject,object_first
worn_jacket_pocket__name_0__obj_pebble__physical_placement_fronted__person_first,worn_jacket_pocket__name_0__obj_pebble__physical_placement_fronted__person_first__far_direct_far,far_evidence_only,direct_far,worn_jacket_pocket,main,fronted_location,person_first
worn_jacket_pocket__name_0__obj_pebble__physical_placement_fronted__person_first,worn_jacket_pocket__name_0__obj_pebble__physical_placement_fronted__person_first__far_synonym_distant,far_evidence_only,synonym_distant,worn_jacket_pocket,main,fronted_location,person_first
worn_jacket_pocket__name_0__obj_pebble__physical_placement_fronted__person_first,worn_jacket_pocket__name_0__obj_pebble__physical_placement_fronted__person_first__far_large_distance,far_evidence_only,large_distance,worn_jacket_pocket,main,fronted_location,person_first
worn_jacket_pocket__name_0__obj_pebble__physical_placement_fronted__object_first,worn_jacket_pocket__name_0__obj_pebble__physical_placement_fronted__object_first__far_direct_far,far_evidence_only,direct_far,worn_jacket_pocket,main,fronted_location,object_first
worn_jacket_pocket__name_0__obj_pebble__physical_placement_fronted__object_first,worn_jacket_pocket__name_0__obj_pebble__physical_placement_fronted__object_first__far_synonym_distant,far_evidence_only,synonym_distant,worn_jacket_pocket,main,fronted_location,object_first
worn_jacket_pocket__name_0__obj_pebble__physical_placement_fronted__object_first,worn_jacket_pocket__name_0__obj_pebble__physical_placement_fronted__object_first__far_large_distance,far_evidence_only,large_distance,worn_jacket_pocket,main,fronted_location,object_first
worn_jacket_pocket__name_0__obj_pebble__physical_placement_person_subject__person_first,worn_jacket_pocket__name_0__obj_pebble__physical_placement_person_subject__person_first__far_direct_far,far_evidence_only,direct_far,worn_jacket_pocket,main,person_subject,person_first
worn_jacket_pocket__name_0__obj_pebble__physical_placement_person_subject__person_first,worn_jacket_pocket__name_0__obj_pebble__physical_placement_person_subject__person_first__far_synonym_distant,far_evidence_only,synonym_distant,worn_jacket_pocket,main,person_subject,person_first
worn_jacket_pocket__name_0__obj_pebble__physical_placement_person_subject__person_first,worn_jacket_pocket__name_0__obj_pebble__physical_placement_person_subject__person_first__far_large_distance,far_evidence_only,large_distance,worn_jacket_pocket,main,person_subject,person_first
worn_jacket_pocket__name_0__obj_pebble__physical_placement_person_subject__object_first,worn_jacket_pocket__name_0__obj_pebble__physical_placement_person_subject__object_first__far_direct_far,far_evidence_only,direct_far,worn_jacket_pocket,main,person_subject,object_first
worn_jacket_pocket__name_0__obj_pebble__physical_placement_person_subject__object_first,worn_jacket_pocket__name_0__obj_pebble__physical_placement_person_subject__object_first__far_synonym_distant,far_evidence_only,synonym_distant,worn_jacket_pocket,main,person_subject,object_first
worn_jacket_pocket__name_0__obj_pebble__physical_placement_person_subject__object_first,worn_jacket_pocket__name_0__obj_pebble__physical_placement_person_subject__object_first__far_large_distance,far_evidence_only,large_distance,worn_jacket_pocket,main,person_subject,object_first
worn_jacket_pocket__name_1__obj_key__physical_placement__person_first,worn_jacket_pocket__name_1__obj_key__physical_placement__person_first__far_direct_far,far_evidence_only,direct_far,worn_jacket_pocket,main,object_subject,person_first
worn_jacket_pocket__name_1__obj_key__physical_placement__person_first,worn_jacket_pocket__name_1__obj_key__physical_placement__person_first__far_synonym_distant,far_evidence_only,synonym_distant,worn_jacket_pocket,main,object_subject,person_first
worn_jacket_pocket__name_1__obj_key__physical_placement__person_first,worn_jacket_pocket__name_1__obj_key__physical_placement__person_first__far_large_distance,far_evidence_only,large_distance,worn_jacket_pocket,main,object_subject,person_first
worn_jacket_pocket__name_1__obj_key__physical_placement__object_first,worn_jacket_pocket__name_1__obj_key__physical_placement__object_first__far_direct_far,far_evidence_only,direct_far,worn_jacket_pocket,main,object_subject,object_first
worn_jacket_pocket__name_1__obj_key__physical_placement__object_first,worn_jacket_pocket__name_1__obj_key__physical_placement__object_first__far_synonym_distant,far_evidence_only,synonym_distant,worn_jacket_pocket,main,object_subject,object_first
worn_jacket_pocket__name_1__obj_key__physical_placement__object_first,worn_jacket_pocket__name_1__obj_key__physical_placement__object_first__far_large_distance,far_evidence_only,large_distance,worn_jacket_pocket,main,object_subject,object_first
worn_jacket_pocket__name_1__obj_key__physical_placement_fronted__person_first,worn_jacket_pocket__name_1__obj_key__physical_placement_fronted__person_first__far_direct_far,far_evidence_only,direct_far,worn_jacket_pocket,main,fronted_location,person_first
worn_jacket_pocket__name_1__obj_key__physical_placement_fronted__person_first,worn_jacket_pocket__name_1__obj_key__physical_placement_fronted__person_first__far_synonym_distant,far_evidence_only,synonym_distant,worn_jacket_pocket,main,fronted_location,person_first
worn_jacket_pocket__name_1__obj_key__physical_placement_fronted__person_first,worn_jacket_pocket__name_1__obj_key__physical_placement_fronted__person_first__far_large_distance,far_evidence_only,large_distance,worn_jacket_pocket,main,fronted_location,person_first
worn_jacket_pocket__name_1__obj_key__physical_placement_fronted__object_first,worn_jacket_pocket__name_1__obj_key__physical_placement_fronted__object_first__far_direct_far,far_evidence_only,direct_far,worn_jacket_pocket,main,fronted_location,object_first
worn_jacket_pocket__name_1__obj_key__physical_placement_fronted__object_first,worn_jacket_pocket__name_1__obj_key__physical_placement_fronted__object_first__far_synonym_distant,far_evidence_only,synonym_distant,worn_jacket_pocket,main,fronted_location,object_first
worn_jacket_pocket__name_1__obj_key__physical_placement_fronted__object_first,worn_jacket_pocket__name_1__obj_key__physical_placement_fronted__object_first__far_large_distance,far_evidence_only,large_distance,worn_jacket_pocket,main,fronted_location,object_first
worn_jacket_pocket__name_1__obj_key__physical_placement_person_subject__person_first,worn_jacket_pocket__name_1__obj_key__physical_placement_person_subject__person_first__far_direct_far,far_evidence_only,direct_far,worn_jacket_pocket,main,person_subject,person_first
worn_jacket_pocket__name_1__obj_key__physical_placement_person_subject__person_first,worn_jacket_pocket__name_1__obj_key__physical_placement_person_subject__person_first__far_synonym_distant,far_evidence_only,synonym_distant,worn_jacket_pocket,main,person_subject,person_first
worn_jacket_pocket__name_1__obj_key__physical_placement_person_subject__person_first,worn_jacket_pocket__name_1__obj_key__physical_placement_person_subject__person_first__far_large_distance,far_evidence_only,large_distance,worn_jacket_pocket,main,person_subject,person_first
worn_jacket_pocket__name_1__obj_key__physical_placement_person_subject__object_first,worn_jacket_pocket__name_1__obj_key__physical_placement_person_subject__object_first__far_direct_far,far_evidence_only,direct_far,worn_jacket_pocket,main,person_subject,object_first
worn_jacket_pocket__name_1__obj_key__physical_placement_person_subject__object_first,worn_jacket_pocket__name_1__obj_key__physical_placement_person_subject__object_first__far_synonym_distant,far_evidence_only,synonym_distant,worn_jacket_pocket,main,person_subject,object_first
worn_jacket_pocket__name_1__obj_key__physical_placement_person_subject__object_first,worn_jacket_pocket__name_1__obj_key__physical_placement_person_subject__object_first__far_large_distance,far_evidence_only,large_distance,worn_jacket_pocket,main,person_subject,object_first
worn_jacket_pocket__name_1__obj_coin__physical_placement__person_first,worn_jacket_pocket__name_1__obj_coin__physical_placement__person_first__far_direct_far,far_evidence_only,direct_far,worn_jacket_pocket,main,object_subject,person_first
worn_jacket_pocket__name_1__obj_coin__physical_placement__person_first,worn_jacket_pocket__name_1__obj_coin__physical_placement__person_first__far_synonym_distant,far_evidence_only,synonym_distant,worn_jacket_pocket,main,object_subject,person_first
worn_jacket_pocket__name_1__obj_coin__physical_placement__person_first,worn_jacket_pocket__name_1__obj_coin__physical_placement__person_first__far_large_distance,far_evidence_only,large_distance,worn_jacket_pocket,main,object_subject,person_first
worn_jacket_pocket__name_1__obj_coin__physical_placement__object_first,worn_jacket_pocket__name_1__obj_coin__physical_placement__object_first__far_direct_far,far_evidence_only,direct_far,worn_jacket_pocket,main,object_subject,object_first
worn_jacket_pocket__name_1__obj_coin__physical_placement__object_first,worn_jacket_pocket__name_1__obj_coin__physical_placement__object_first__far_synonym_distant,far_evidence_only,synonym_distant,worn_jacket_pocket,main,object_subject,object_first
worn_jacket_pocket__name_1__obj_coin__physical_placement__object_first,worn_jacket_pocket__name_1__obj_coin__physical_placement__object_first__far_large_distance,far_evidence_only,large_distance,worn_jacket_pocket,main,object_subject,object_first
worn_jacket_pocket__name_1__obj_coin__physical_placement_fronted__person_first,worn_jacket_pocket__name_1__obj_coin__physical_placement_fronted__person_first__far_direct_far,far_evidence_only,direct_far,worn_jacket_pocket,main,fronted_location,person_first
worn_jacket_pocket__name_1__obj_coin__physical_placement_fronted__person_first,worn_jacket_pocket__name_1__obj_coin__physical_placement_fronted__person_first__far_synonym_distant,far_evidence_only,synonym_distant,worn_jacket_pocket,main,fronted_location,person_first
worn_jacket_pocket__name_1__obj_coin__physical_placement_fronted__person_first,worn_jacket_pocket__name_1__obj_coin__physical_placement_fronted__person_first__far_large_distance,far_evidence_only,large_distance,worn_jacket_pocket,main,fronted_location,person_first
worn_jacket_pocket__name_1__obj_coin__physical_placement_fronted__object_first,worn_jacket_pocket__name_1__obj_coin__physical_placement_fronted__object_first__far_direct_far,far_evidence_only,direct_far,worn_jacket_pocket,main,fronted_location,object_first
worn_jacket_pocket__name_1__obj_coin__physical_placement_fronted__object_first,worn_jacket_pocket__name_1__obj_coin__physical_placement_fronted__object_first__far_synonym_distant,far_evidence_only,synonym_distant,worn_jacket_pocket,main,fronted_location,object_first
worn_jacket_pocket__name_1__obj_coin__physical_placement_fronted__object_first,worn_jacket_pocket__name_1__obj_coin__physical_placement_fronted__object_first__far_large_distance,far_evidence_only,large_distance,worn_jacket_pocket,main,fronted_location,object_first
worn_jacket_pocket__name_1__obj_coin__physical_placement_person_subject__person_first,worn_jacket_pocket__name_1__obj_coin__physical_placement_person_subject__person_first__far_direct_far,far_evidence_only,direct_far,worn_jacket_pocket,main,person_subject,person_first
worn_jacket_pocket__name_1__obj_coin__physical_placement_person_subject__person_first,worn_jacket_pocket__name_1__obj_coin__physical_placement_person_subject__person_first__far_synonym_distant,far_evidence_only,synonym_distant,worn_jacket_pocket,main,person_subject,person_first
worn_jacket_pocket__name_1__obj_coin__physical_placement_person_subject__person_first,worn_jacket_pocket__name_1__obj_coin__physical_placement_person_subject__person_first__far_large_distance,far_evidence_only,large_distance,worn_jacket_pocket,main,person_subject,person_first
worn_jacket_pocket__name_1__obj_coin__physical_placement_person_subject__object_first,worn_jacket_pocket__name_1__obj_coin__physical_placement_person_subject__object_first__far_direct_far,far_evidence_only,direct_far,worn_jacket_pocket,main,person_subject,object_first
worn_jacket_pocket__name_1__obj_coin__physical_placement_person_subject__object_first,worn_jacket_pocket__name_1__obj_coin__physical_placement_person_subject__object_first__far_synonym_distant,far_evidence_only,synonym_distant,worn_jacket_pocket,main,person_subject,object_first
worn_jacket_pocket__name_1__obj_coin__physical_placement_person_subject__object_first,worn_jacket_pocket__name_1__obj_coin__physical_placement_person_subject__object_first__far_large_distance,far_evidence_only,large_distance,worn_jacket_pocket,main,person_subject,object_first
worn_jacket_pocket__name_1__obj_marble__physical_placement__person_first,worn_jacket_pocket__name_1__obj_marble__physical_placement__person_first__far_direct_far,far_evidence_only,direct_far,worn_jacket_pocket,main,object_subject,person_first
worn_jacket_pocket__name_1__obj_marble__physical_placement__person_first,worn_jacket_pocket__name_1__obj_marble__physical_placement__person_first__far_synonym_distant,far_evidence_only,synonym_distant,worn_jacket_pocket,main,object_subject,person_first
worn_jacket_pocket__name_1__obj_marble__physical_placement__person_first,worn_jacket_pocket__name_1__obj_marble__physical_placement__person_first__far_large_distance,far_evidence_only,large_distance,worn_jacket_pocket,main,object_subject,person_first
worn_jacket_pocket__name_1__obj_marble__physical_placement__object_first,worn_jacket_pocket__name_1__obj_marble__physical_placement__object_first__far_direct_far,far_evidence_only,direct_far,worn_jacket_pocket,main,object_subject,object_first
worn_jacket_pocket__name_1__obj_marble__physical_placement__object_first,worn_jacket_pocket__name_1__obj_marble__physical_placement__object_first__far_synonym_distant,far_evidence_only,synonym_distant,worn_jacket_pocket,main,object_subject,object_first
worn_jacket_pocket__name_1__obj_marble__physical_placement__object_first,worn_jacket_pocket__name_1__obj_marble__physical_placement__object_first__far_large_distance,far_evidence_only,large_distance,worn_jacket_pocket,main,object_subject,object_first
worn_jacket_pocket__name_1__obj_marble__physical_placement_fronted__person_first,worn_jacket_pocket__name_1__obj_marble__physical_placement_fronted__person_first__far_direct_far,far_evidence_only,direct_far,worn_jacket_pocket,main,fronted_location,person_first
worn_jacket_pocket__name_1__obj_marble__physical_placement_fronted__person_first,worn_jacket_pocket__name_1__obj_marble__physical_placement_fronted__person_first__far_synonym_distant,far_evidence_only,synonym_distant,worn_jacket_pocket,main,fronted_location,person_first
worn_jacket_pocket__name_1__obj_marble__physical_placement_fronted__person_first,worn_jacket_pocket__name_1__obj_marble__physical_placement_fronted__person_first__far_large_distance,far_evidence_only,large_distance,worn_jacket_pocket,main,fronted_location,person_first
worn_jacket_pocket__name_1__obj_marble__physical_placement_fronted__object_first,worn_jacket_pocket__name_1__obj_marble__physical_placement_fronted__object_first__far_direct_far,far_evidence_only,direct_far,worn_jacket_pocket,main,fronted_location,object_first
worn_jacket_pocket__name_1__obj_marble__physical_placement_fronted__object_first,worn_jacket_pocket__name_1__obj_marble__physical_placement_fronted__object_first__far_synonym_distant,far_evidence_only,synonym_distant,worn_jacket_pocket,main,fronted_location,object_first
worn_jacket_pocket__name_1__obj_marble__physical_placement_fronted__object_first,worn_jacket_pocket__name_1__obj_marble__physical_placement_fronted__object_first__far_large_distance,far_evidence_only,large_distance,worn_jacket_pocket,main,fronted_location,object_first
worn_jacket_pocket__name_1__obj_marble__physical_placement_person_subject__person_first,worn_jacket_pocket__name_1__obj_marble__physical_placement_person_subject__person_first__far_direct_far,far_evidence_only,direct_far,worn_jacket_pocket,main,person_subject,person_first
worn_jacket_pocket__name_1__obj_marble__physical_placement_person_subject__person_first,worn_jacket_pocket__name_1__obj_marble__physical_placement_person_subject__person_first__far_synonym_distant,far_evidence_only,synonym_distant,worn_jacket_pocket,main,person_subject,person_first
worn_jacket_pocket__name_1__obj_marble__physical_placement_person_subject__person_first,worn_jacket_pocket__name_1__obj_marble__physical_placement_person_subject__person_first__far_large_distance,far_evidence_only,large_distance,worn_jacket_pocket,main,person_subject,person_first
worn_jacket_pocket__name_1__obj_marble__physical_placement_person_subject__object_first,worn_jacket_pocket__name_1__obj_marble__physical_placement_person_subject__object_first__far_direct_far,far_evidence_only,direct_far,worn_jacket_pocket,main,person_subject,object_first
worn_jacket_pocket__name_1__obj_marble__physical_placement_person_subject__object_first,worn_jacket_pocket__name_1__obj_marble__physical_placement_person_subject__object_first__far_synonym_distant,far_evidence_only,synonym_distant,worn_jacket_pocket,main,person_subject,object_first
worn_jacket_pocket__name_1__obj_marble__physical_placement_person_subject__object_first,worn_jacket_pocket__name_1__obj_marble__physical_placement_person_subject__object_first__far_large_distance,far_evidence_only,large_distance,worn_jacket_pocket,main,person_subject,object_first
worn_jacket_pocket__name_1__obj_pebble__physical_placement__person_first,worn_jacket_pocket__name_1__obj_pebble__physical_placement__person_first__far_direct_far,far_evidence_only,direct_far,worn_jacket_pocket,main,object_subject,person_first
worn_jacket_pocket__name_1__obj_pebble__physical_placement__person_first,worn_jacket_pocket__name_1__obj_pebble__physical_placement__person_first__far_synonym_distant,far_evidence_only,synonym_distant,worn_jacket_pocket,main,object_subject,person_first
worn_jacket_pocket__name_1__obj_pebble__physical_placement__person_first,worn_jacket_pocket__name_1__obj_pebble__physical_placement__person_first__far_large_distance,far_evidence_only,large_distance,worn_jacket_pocket,main,object_subject,person_first
worn_jacket_pocket__name_1__obj_pebble__physical_placement__object_first,worn_jacket_pocket__name_1__obj_pebble__physical_placement__object_first__far_direct_far,far_evidence_only,direct_far,worn_jacket_pocket,main,object_subject,object_first
worn_jacket_pocket__name_1__obj_pebble__physical_placement__object_first,worn_jacket_pocket__name_1__obj_pebble__physical_placement__object_first__far_synonym_distant,far_evidence_only,synonym_distant,worn_jacket_pocket,main,object_subject,object_first
worn_jacket_pocket__name_1__obj_pebble__physical_placement__object_first,worn_jacket_pocket__name_1__obj_pebble__physical_placement__object_first__far_large_distance,far_evidence_only,large_distance,worn_jacket_pocket,main,object_subject,object_first
worn_jacket_pocket__name_1__obj_pebble__physical_placement_fronted__person_first,worn_jacket_pocket__name_1__obj_pebble__physical_placement_fronted__person_first__far_direct_far,far_evidence_only,direct_far,worn_jacket_pocket,main,fronted_location,person_first
worn_jacket_pocket__name_1__obj_pebble__physical_placement_fronted__person_first,worn_jacket_pocket__name_1__obj_pebble__physical_placement_fronted__person_first__far_synonym_distant,far_evidence_only,synonym_distant,worn_jacket_pocket,main,fronted_location,person_first
worn_jacket_pocket__name_1__obj_pebble__physical_placement_fronted__person_first,worn_jacket_pocket__name_1__obj_pebble__physical_placement_fronted__person_first__far_large_distance,far_evidence_only,large_distance,worn_jacket_pocket,main,fronted_location,person_first
worn_jacket_pocket__name_1__obj_pebble__physical_placement_fronted__object_first,worn_jacket_pocket__name_1__obj_pebble__physical_placement_fronted__object_first__far_direct_far,far_evidence_only,direct_far,worn_jacket_pocket,main,fronted_location,object_first
worn_jacket_pocket__name_1__obj_pebble__physical_placement_fronted__object_first,worn_jacket_pocket__name_1__obj_pebble__physical_placement_fronted__object_first__far_synonym_distant,far_evidence_only,synonym_distant,worn_jacket_pocket,main,fronted_location,object_first
worn_jacket_pocket__name_1__obj_pebble__physical_placement_fronted__object_first,worn_jacket_pocket__name_1__obj_pebble__physical_placement_fronted__object_first__far_large_distance,far_evidence_only,large_distance,worn_jacket_pocket,main,fronted_location,object_first
worn_jacket_pocket__name_1__obj_pebble__physical_placement_person_subject__person_first,worn_jacket_pocket__name_1__obj_pebble__physical_placement_person_subject__person_first__far_direct_far,far_evidence_only,direct_far,worn_jacket_pocket,main,person_subject,person_first
worn_jacket_pocket__name_1__obj_pebble__physical_placement_person_subject__person_first,worn_jacket_pocket__name_1__obj_pebble__physical_placement_person_subject__person_first__far_synonym_distant,far_evidence_only,synonym_distant,worn_jacket_pocket,main,person_subject,person_first
worn_jacket_pocket__name_1__obj_pebble__physical_placement_person_subject__person_first,worn_jacket_pocket__name_1__obj_pebble__physical_placement_person_subject__person_first__far_large_distance,far_evidence_only,large_distance,worn_jacket_pocket,main,person_subject,person_first
worn_jacket_pocket__name_1__obj_pebble__physical_placement_person_subject__object_first,worn_jacket_pocket__name_1__obj_pebble__physical_placement_person_subject__object_first__far_direct_far,far_evidence_only,direct_far,worn_jacket_pocket,main,person_subject,object_first
worn_jacket_pocket__name_1__obj_pebble__physical_placement_person_subject__object_first,worn_jacket_pocket__name_1__obj_pebble__physical_placement_person_subject__object_first__far_synonym_distant,far_evidence_only,synonym_distant,worn_jacket_pocket,main,person_subject,object_first
worn_jacket_pocket__name_1__obj_pebble__physical_placement_person_subject__object_first,worn_jacket_pocket__name_1__obj_pebble__physical_placement_person_subject__object_first__far_large_distance,far_evidence_only,large_distance,worn_jacket_pocket,main,person_subject,object_first
worn_jacket_pocket__name_2__obj_key__physical_placement__person_first,worn_jacket_pocket__name_2__obj_key__physical_placement__person_first__far_direct_far,far_evidence_only,direct_far,worn_jacket_pocket,main,object_subject,person_first
worn_jacket_pocket__name_2__obj_key__physical_placement__person_first,worn_jacket_pocket__name_2__obj_key__physical_placement__person_first__far_synonym_distant,far_evidence_only,synonym_distant,worn_jacket_pocket,main,object_subject,person_first
worn_jacket_pocket__name_2__obj_key__physical_placement__person_first,worn_jacket_pocket__name_2__obj_key__physical_placement__person_first__far_large_distance,far_evidence_only,large_distance,worn_jacket_pocket,main,object_subject,person_first
worn_jacket_pocket__name_2__obj_key__physical_placement__object_first,worn_jacket_pocket__name_2__obj_key__physical_placement__object_first__far_direct_far,far_evidence_only,direct_far,worn_jacket_pocket,main,object_subject,object_first
worn_jacket_pocket__name_2__obj_key__physical_placement__object_first,worn_jacket_pocket__name_2__obj_key__physical_placement__object_first__far_synonym_distant,far_evidence_only,synonym_distant,worn_jacket_pocket,main,object_subject,object_first
worn_jacket_pocket__name_2__obj_key__physical_placement__object_first,worn_jacket_pocket__name_2__obj_key__physical_placement__object_first__far_large_distance,far_evidence_only,large_distance,worn_jacket_pocket,main,object_subject,object_first
worn_jacket_pocket__name_2__obj_key__physical_placement_fronted__person_first,worn_jacket_pocket__name_2__obj_key__physical_placement_fronted__person_first__far_direct_far,far_evidence_only,direct_far,worn_jacket_pocket,main,fronted_location,person_first
worn_jacket_pocket__name_2__obj_key__physical_placement_fronted__person_first,worn_jacket_pocket__name_2__obj_key__physical_placement_fronted__person_first__far_synonym_distant,far_evidence_only,synonym_distant,worn_jacket_pocket,main,fronted_location,person_first
worn_jacket_pocket__name_2__obj_key__physical_placement_fronted__person_first,worn_jacket_pocket__name_2__obj_key__physical_placement_fronted__person_first__far_large_distance,far_evidence_only,large_distance,worn_jacket_pocket,main,fronted_location,person_first
worn_jacket_pocket__name_2__obj_key__physical_placement_fronted__object_first,worn_jacket_pocket__name_2__obj_key__physical_placement_fronted__object_first__far_direct_far,far_evidence_only,direct_far,worn_jacket_pocket,main,fronted_location,object_first
worn_jacket_pocket__name_2__obj_key__physical_placement_fronted__object_first,worn_jacket_pocket__name_2__obj_key__physical_placement_fronted__object_first__far_synonym_distant,far_evidence_only,synonym_distant,worn_jacket_pocket,main,fronted_location,object_first
worn_jacket_pocket__name_2__obj_key__physical_placement_fronted__object_first,worn_jacket_pocket__name_2__obj_key__physical_placement_fronted__object_first__far_large_distance,far_evidence_only,large_distance,worn_jacket_pocket,main,fronted_location,object_first
worn_jacket_pocket__name_2__obj_key__physical_placement_person_subject__person_first,worn_jacket_pocket__name_2__obj_key__physical_placement_person_subject__person_first__far_direct_far,far_evidence_only,direct_far,worn_jacket_pocket,main,person_subject,person_first
worn_jacket_pocket__name_2__obj_key__physical_placement_person_subject__person_first,worn_jacket_pocket__name_2__obj_key__physical_placement_person_subject__person_first__far_synonym_distant,far_evidence_only,synonym_distant,worn_jacket_pocket,main,person_subject,person_first
worn_jacket_pocket__name_2__obj_key__physical_placement_person_subject__person_first,worn_jacket_pocket__name_2__obj_key__physical_placement_person_subject__person_first__far_large_distance,far_evidence_only,large_distance,worn_jacket_pocket,main,person_subject,person_first
worn_jacket_pocket__name_2__obj_key__physical_placement_person_subject__object_first,worn_jacket_pocket__name_2__obj_key__physical_placement_person_subject__object_first__far_direct_far,far_evidence_only,direct_far,worn_jacket_pocket,main,person_subject,object_first
worn_jacket_pocket__name_2__obj_key__physical_placement_person_subject__object_first,worn_jacket_pocket__name_2__obj_key__physical_placement_person_subject__object_first__far_synonym_distant,far_evidence_only,synonym_distant,worn_jacket_pocket,main,person_subject,object_first
worn_jacket_pocket__name_2__obj_key__physical_placement_person_subject__object_first,worn_jacket_pocket__name_2__obj_key__physical_placement_person_subject__object_first__far_large_distance,far_evidence_only,large_distance,worn_jacket_pocket,main,person_subject,object_first
worn_jacket_pocket__name_2__obj_coin__physical_placement__person_first,worn_jacket_pocket__name_2__obj_coin__physical_placement__person_first__far_direct_far,far_evidence_only,direct_far,worn_jacket_pocket,main,object_subject,person_first
worn_jacket_pocket__name_2__obj_coin__physical_placement__person_first,worn_jacket_pocket__name_2__obj_coin__physical_placement__person_first__far_synonym_distant,far_evidence_only,synonym_distant,worn_jacket_pocket,main,object_subject,person_first
worn_jacket_pocket__name_2__obj_coin__physical_placement__person_first,worn_jacket_pocket__name_2__obj_coin__physical_placement__person_first__far_large_distance,far_evidence_only,large_distance,worn_jacket_pocket,main,object_subject,person_first
worn_jacket_pocket__name_2__obj_coin__physical_placement__object_first,worn_jacket_pocket__name_2__obj_coin__physical_placement__object_first__far_direct_far,far_evidence_only,direct_far,worn_jacket_pocket,main,object_subject,object_first
worn_jacket_pocket__name_2__obj_coin__physical_placement__object_first,worn_jacket_pocket__name_2__obj_coin__physical_placement__object_first__far_synonym_distant,far_evidence_only,synonym_distant,worn_jacket_pocket,main,object_subject,object_first
worn_jacket_pocket__name_2__obj_coin__physical_placement__object_first,worn_jacket_pocket__name_2__obj_coin__physical_placement__object_first__far_large_distance,far_evidence_only,large_distance,worn_jacket_pocket,main,object_subject,object_first
worn_jacket_pocket__name_2__obj_coin__physical_placement_fronted__person_first,worn_jacket_pocket__name_2__obj_coin__physical_placement_fronted__person_first__far_direct_far,far_evidence_only,direct_far,worn_jacket_pocket,main,fronted_location,person_first
worn_jacket_pocket__name_2__obj_coin__physical_placement_fronted__person_first,worn_jacket_pocket__name_2__obj_coin__physical_placement_fronted__person_first__far_synonym_distant,far_evidence_only,synonym_distant,worn_jacket_pocket,main,fronted_location,person_first
worn_jacket_pocket__name_2__obj_coin__physical_placement_fronted__person_first,worn_jacket_pocket__name_2__obj_coin__physical_placement_fronted__person_first__far_large_distance,far_evidence_only,large_distance,worn_jacket_pocket,main,fronted_location,person_first
worn_jacket_pocket__name_2__obj_coin__physical_placement_fronted__object_first,worn_jacket_pocket__name_2__obj_coin__physical_placement_fronted__object_first__far_direct_far,far_evidence_only,direct_far,worn_jacket_pocket,main,fronted_location,object_first
worn_jacket_pocket__name_2__obj_coin__physical_placement_fronted__object_first,worn_jacket_pocket__name_2__obj_coin__physical_placement_fronted__object_first__far_synonym_distant,far_evidence_only,synonym_distant,worn_jacket_pocket,main,fronted_location,object_first
worn_jacket_pocket__name_2__obj_coin__physical_placement_fronted__object_first,worn_jacket_pocket__name_2__obj_coin__physical_placement_fronted__object_first__far_large_distance,far_evidence_only,large_distance,worn_jacket_pocket,main,fronted_location,object_first
worn_jacket_pocket__name_2__obj_coin__physical_placement_person_subject__person_first,worn_jacket_pocket__name_2__obj_coin__physical_placement_person_subject__person_first__far_direct_far,far_evidence_only,direct_far,worn_jacket_pocket,main,person_subject,person_first
worn_jacket_pocket__name_2__obj_coin__physical_placement_person_subject__person_first,worn_jacket_pocket__name_2__obj_coin__physical_placement_person_subject__person_first__far_synonym_distant,far_evidence_only,synonym_distant,worn_jacket_pocket,main,person_subject,person_first
worn_jacket_pocket__name_2__obj_coin__physical_placement_person_subject__person_first,worn_jacket_pocket__name_2__obj_coin__physical_placement_person_subject__person_first__far_large_distance,far_evidence_only,large_distance,worn_jacket_pocket,main,person_subject,person_first
worn_jacket_pocket__name_2__obj_coin__physical_placement_person_subject__object_first,worn_jacket_pocket__name_2__obj_coin__physical_placement_person_subject__object_first__far_direct_far,far_evidence_only,direct_far,worn_jacket_pocket,main,person_subject,object_first
worn_jacket_pocket__name_2__obj_coin__physical_placement_person_subject__object_first,worn_jacket_pocket__name_2__obj_coin__physical_placement_person_subject__object_first__far_synonym_distant,far_evidence_only,synonym_distant,worn_jacket_pocket,main,person_subject,object_first
worn_jacket_pocket__name_2__obj_coin__physical_placement_person_subject__object_first,worn_jacket_pocket__name_2__obj_coin__physical_placement_person_subject__object_first__far_large_distance,far_evidence_only,large_distance,worn_jacket_pocket,main,person_subject,object_first
worn_jacket_pocket__name_2__obj_marble__physical_placement__person_first,worn_jacket_pocket__name_2__obj_marble__physical_placement__person_first__far_direct_far,far_evidence_only,direct_far,worn_jacket_pocket,main,object_subject,person_first
worn_jacket_pocket__name_2__obj_marble__physical_placement__person_first,worn_jacket_pocket__name_2__obj_marble__physical_placement__person_first__far_synonym_distant,far_evidence_only,synonym_distant,worn_jacket_pocket,main,object_subject,person_first
worn_jacket_pocket__name_2__obj_marble__physical_placement__person_first,worn_jacket_pocket__name_2__obj_marble__physical_placement__person_first__far_large_distance,far_evidence_only,large_distance,worn_jacket_pocket,main,object_subject,person_first
worn_jacket_pocket__name_2__obj_marble__physical_placement__object_first,worn_jacket_pocket__name_2__obj_marble__physical_placement__object_first__far_direct_far,far_evidence_only,direct_far,worn_jacket_pocket,main,object_subject,object_first
worn_jacket_pocket__name_2__obj_marble__physical_placement__object_first,worn_jacket_pocket__name_2__obj_marble__physical_placement__object_first__far_synonym_distant,far_evidence_only,synonym_distant,worn_jacket_pocket,main,object_subject,object_first
worn_jacket_pocket__name_2__obj_marble__physical_placement__object_first,worn_jacket_pocket__name_2__obj_marble__physical_placement__object_first__far_large_distance,far_evidence_only,large_distance,worn_jacket_pocket,main,object_subject,object_first
worn_jacket_pocket__name_2__obj_marble__physical_placement_fronted__person_first,worn_jacket_pocket__name_2__obj_marble__physical_placement_fronted__person_first__far_direct_far,far_evidence_only,direct_far,worn_jacket_pocket,main,fronted_location,person_first
worn_jacket_pocket__name_2__obj_marble__physical_placement_fronted__person_first,worn_jacket_pocket__name_2__obj_marble__physical_placement_fronted__person_first__far_synonym_distant,far_evidence_only,synonym_distant,worn_jacket_pocket,main,fronted_location,person_first
worn_jacket_pocket__name_2__obj_marble__physical_placement_fronted__person_first,worn_jacket_pocket__name_2__obj_marble__physical_placement_fronted__person_first__far_large_distance,far_evidence_only,large_distance,worn_jacket_pocket,main,fronted_location,person_first
worn_jacket_pocket__name_2__obj_marble__physical_placement_fronted__object_first,worn_jacket_pocket__name_2__obj_marble__physical_placement_fronted__object_first__far_direct_far,far_evidence_only,direct_far,worn_jacket_pocket,main,fronted_location,object_first
worn_jacket_pocket__name_2__obj_marble__physical_placement_fronted__object_first,worn_jacket_pocket__name_2__obj_marble__physical_placement_fronted__object_first__far_synonym_distant,far_evidence_only,synonym_distant,worn_jacket_pocket,main,fronted_location,object_first
worn_jacket_pocket__name_2__obj_marble__physical_placement_fronted__object_first,worn_jacket_pocket__name_2__obj_marble__physical_placement_fronted__object_first__far_large_distance,far_evidence_only,large_distance,worn_jacket_pocket,main,fronted_location,object_first
worn_jacket_pocket__name_2__obj_marble__physical_placement_person_subject__person_first,worn_jacket_pocket__name_2__obj_marble__physical_placement_person_subject__person_first__far_direct_far,far_evidence_only,direct_far,worn_jacket_pocket,main,person_subject,person_first
worn_jacket_pocket__name_2__obj_marble__physical_placement_person_subject__person_first,worn_jacket_pocket__name_2__obj_marble__physical_placement_person_subject__person_first__far_synonym_distant,far_evidence_only,synonym_distant,worn_jacket_pocket,main,person_subject,person_first
worn_jacket_pocket__name_2__obj_marble__physical_placement_person_subject__person_first,worn_jacket_pocket__name_2__obj_marble__physical_placement_person_subject__person_first__far_large_distance,far_evidence_only,large_distance,worn_jacket_pocket,main,person_subject,person_first
worn_jacket_pocket__name_2__obj_marble__physical_placement_person_subject__object_first,worn_jacket_pocket__name_2__obj_marble__physical_placement_person_subject__object_first__far_direct_far,far_evidence_only,direct_far,worn_jacket_pocket,main,person_subject,object_first
worn_jacket_pocket__name_2__obj_marble__physical_placement_person_subject__object_first,worn_jacket_pocket__name_2__obj_marble__physical_placement_person_subject__object_first__far_synonym_distant,far_evidence_only,synonym_distant,worn_jacket_pocket,main,person_subject,object_first
worn_jacket_pocket__name_2__obj_marble__physical_placement_person_subject__object_first,worn_jacket_pocket__name_2__obj_marble__physical_placement_person_subject__object_first__far_large_distance,far_evidence_only,large_distance,worn_jacket_pocket,main,person_subject,object_first
worn_jacket_pocket__name_2__obj_pebble__physical_placement__person_first,worn_jacket_pocket__name_2__obj_pebble__physical_placement__person_first__far_direct_far,far_evidence_only,direct_far,worn_jacket_pocket,main,object_subject,person_first
worn_jacket_pocket__name_2__obj_pebble__physical_placement__person_first,worn_jacket_pocket__name_2__obj_pebble__physical_placement__person_first__far_synonym_distant,far_evidence_only,synonym_distant,worn_jacket_pocket,main,object_subject,person_first
worn_jacket_pocket__name_2__obj_pebble__physical_placement__person_first,worn_jacket_pocket__name_2__obj_pebble__physical_placement__person_first__far_large_distance,far_evidence_only,large_distance,worn_jacket_pocket,main,object_subject,person_first
worn_jacket_pocket__name_2__obj_pebble__physical_placement__object_first,worn_jacket_pocket__name_2__obj_pebble__physical_placement__object_first__far_direct_far,far_evidence_only,direct_far,worn_jacket_pocket,main,object_subject,object_first
worn_jacket_pocket__name_2__obj_pebble__physical_placement__object_first,worn_jacket_pocket__name_2__obj_pebble__physical_placement__object_first__far_synonym_distant,far_evidence_only,synonym_distant,worn_jacket_pocket,main,object_subject,object_first
worn_jacket_pocket__name_2__obj_pebble__physical_placement__object_first,worn_jacket_pocket__name_2__obj_pebble__physical_placement__object_first__far_large_distance,far_evidence_only,large_distance,worn_jacket_pocket,main,object_subject,object_first
worn_jacket_pocket__name_2__obj_pebble__physical_placement_fronted__person_first,worn_jacket_pocket__name_2__obj_pebble__physical_placement_fronted__person_first__far_direct_far,far_evidence_only,direct_far,worn_jacket_pocket,main,fronted_location,person_first
worn_jacket_pocket__name_2__obj_pebble__physical_placement_fronted__person_first,worn_jacket_pocket__name_2__obj_pebble__physical_placement_fronted__person_first__far_synonym_distant,far_evidence_only,synonym_distant,worn_jacket_pocket,main,fronted_location,person_first
worn_jacket_pocket__name_2__obj_pebble__physical_placement_fronted__person_first,worn_jacket_pocket__name_2__obj_pebble__physical_placement_fronted__person_first__far_large_distance,far_evidence_only,large_distance,worn_jacket_pocket,main,fronted_location,person_first
worn_jacket_pocket__name_2__obj_pebble__physical_placement_fronted__object_first,worn_jacket_pocket__name_2__obj_pebble__physical_placement_fronted__object_first__far_direct_far,far_evidence_only,direct_far,worn_jacket_pocket,main,fronted_location,object_first
worn_jacket_pocket__name_2__obj_pebble__physical_placement_fronted__object_first,worn_jacket_pocket__name_2__obj_pebble__physical_placement_fronted__object_first__far_synonym_distant,far_evidence_only,synonym_distant,worn_jacket_pocket,main,fronted_location,object_first
worn_jacket_pocket__name_2__obj_pebble__physical_placement_fronted__object_first,worn_jacket_pocket__name_2__obj_pebble__physical_placement_fronted__object_first__far_large_distance,far_evidence_only,large_distance,worn_jacket_pocket,main,fronted_location,object_first
worn_jacket_pocket__name_2__obj_pebble__physical_placement_person_subject__person_first,worn_jacket_pocket__name_2__obj_pebble__physical_placement_person_subject__person_first__far_direct_far,far_evidence_only,direct_far,worn_jacket_pocket,main,person_subject,person_first
worn_jacket_pocket__name_2__obj_pebble__physical_placement_person_subject__person_first,worn_jacket_pocket__name_2__obj_pebble__physical_placement_person_subject__person_first__far_synonym_distant,far_evidence_only,synonym_distant,worn_jacket_pocket,main,person_subject,person_first
worn_jacket_pocket__name_2__obj_pebble__physical_placement_person_subject__person_first,worn_jacket_pocket__name_2__obj_pebble__physical_placement_person_subject__person_first__far_large_distance,far_evidence_only,large_distance,worn_jacket_pocket,main,person_subject,person_first
worn_jacket_pocket__name_2__obj_pebble__physical_placement_person_subject__object_first,worn_jacket_pocket__name_2__obj_pebble__physical_placement_person_subject__object_first__far_direct_far,far_evidence_only,direct_far,worn_jacket_pocket,main,person_subject,object_first
worn_jacket_pocket__name_2__obj_pebble__physical_placement_person_subject__object_first,worn_jacket_pocket__name_2__obj_pebble__physical_placement_person_subject__object_first__far_synonym_distant,far_evidence_only,synonym_distant,worn_jacket_pocket,main,person_subject,object_first
worn_jacket_pocket__name_2__obj_pebble__physical_placement_person_subject__object_first,worn_jacket_pocket__name_2__obj_pebble__physical_placement_person_subject__object_first__far_large_distance,far_evidence_only,large_distance,worn_jacket_pocket,main,person_subject,object_first
worn_jacket_pocket__name_3__obj_key__physical_placement__person_first,worn_jacket_pocket__name_3__obj_key__physical_placement__person_first__far_direct_far,far_evidence_only,direct_far,worn_jacket_pocket,main,object_subject,person_first
worn_jacket_pocket__name_3__obj_key__physical_placement__person_first,worn_jacket_pocket__name_3__obj_key__physical_placement__person_first__far_synonym_distant,far_evidence_only,synonym_distant,worn_jacket_pocket,main,object_subject,person_first
worn_jacket_pocket__name_3__obj_key__physical_placement__person_first,worn_jacket_pocket__name_3__obj_key__physical_placement__person_first__far_large_distance,far_evidence_only,large_distance,worn_jacket_pocket,main,object_subject,person_first
worn_jacket_pocket__name_3__obj_key__physical_placement__object_first,worn_jacket_pocket__name_3__obj_key__physical_placement__object_first__far_direct_far,far_evidence_only,direct_far,worn_jacket_pocket,main,object_subject,object_first
worn_jacket_pocket__name_3__obj_key__physical_placement__object_first,worn_jacket_pocket__name_3__obj_key__physical_placement__object_first__far_synonym_distant,far_evidence_only,synonym_distant,worn_jacket_pocket,main,object_subject,object_first
worn_jacket_pocket__name_3__obj_key__physical_placement__object_first,worn_jacket_pocket__name_3__obj_key__physical_placement__object_first__far_large_distance,far_evidence_only,large_distance,worn_jacket_pocket,main,object_subject,object_first
worn_jacket_pocket__name_3__obj_key__physical_placement_fronted__person_first,worn_jacket_pocket__name_3__obj_key__physical_placement_fronted__person_first__far_direct_far,far_evidence_only,direct_far,worn_jacket_pocket,main,fronted_location,person_first
worn_jacket_pocket__name_3__obj_key__physical_placement_fronted__person_first,worn_jacket_pocket__name_3__obj_key__physical_placement_fronted__person_first__far_synonym_distant,far_evidence_only,synonym_distant,worn_jacket_pocket,main,fronted_location,person_first
worn_jacket_pocket__name_3__obj_key__physical_placement_fronted__person_first,worn_jacket_pocket__name_3__obj_key__physical_placement_fronted__person_first__far_large_distance,far_evidence_only,large_distance,worn_jacket_pocket,main,fronted_location,person_first
worn_jacket_pocket__name_3__obj_key__physical_placement_fronted__object_first,worn_jacket_pocket__name_3__obj_key__physical_placement_fronted__object_first__far_direct_far,far_evidence_only,direct_far,worn_jacket_pocket,main,fronted_location,object_first
worn_jacket_pocket__name_3__obj_key__physical_placement_fronted__object_first,worn_jacket_pocket__name_3__obj_key__physical_placement_fronted__object_first__far_synonym_distant,far_evidence_only,synonym_distant,worn_jacket_pocket,main,fronted_location,object_first
worn_jacket_pocket__name_3__obj_key__physical_placement_fronted__object_first,worn_jacket_pocket__name_3__obj_key__physical_placement_fronted__object_first__far_large_distance,far_evidence_only,large_distance,worn_jacket_pocket,main,fronted_location,object_first
worn_jacket_pocket__name_3__obj_key__physical_placement_person_subject__person_first,worn_jacket_pocket__name_3__obj_key__physical_placement_person_subject__person_first__far_direct_far,far_evidence_only,direct_far,worn_jacket_pocket,main,person_subject,person_first
worn_jacket_pocket__name_3__obj_key__physical_placement_person_subject__person_first,worn_jacket_pocket__name_3__obj_key__physical_placement_person_subject__person_first__far_synonym_distant,far_evidence_only,synonym_distant,worn_jacket_pocket,main,person_subject,person_first
worn_jacket_pocket__name_3__obj_key__physical_placement_person_subject__person_first,worn_jacket_pocket__name_3__obj_key__physical_placement_person_subject__person_first__far_large_distance,far_evidence_only,large_distance,worn_jacket_pocket,main,person_subject,person_first
worn_jacket_pocket__name_3__obj_key__physical_placement_person_subject__object_first,worn_jacket_pocket__name_3__obj_key__physical_placement_person_subject__object_first__far_direct_far,far_evidence_only,direct_far,worn_jacket_pocket,main,person_subject,object_first
worn_jacket_pocket__name_3__obj_key__physical_placement_person_subject__object_first,worn_jacket_pocket__name_3__obj_key__physical_placement_person_subject__object_first__far_synonym_distant,far_evidence_only,synonym_distant,worn_jacket_pocket,main,person_subject,object_first
worn_jacket_pocket__name_3__obj_key__physical_placement_person_subject__object_first,worn_jacket_pocket__name_3__obj_key__physical_placement_person_subject__object_first__far_large_distance,far_evidence_only,large_distance,worn_jacket_pocket,main,person_subject,object_first
worn_jacket_pocket__name_3__obj_coin__physical_placement__person_first,worn_jacket_pocket__name_3__obj_coin__physical_placement__person_first__far_direct_far,far_evidence_only,direct_far,worn_jacket_pocket,main,object_subject,person_first
worn_jacket_pocket__name_3__obj_coin__physical_placement__person_first,worn_jacket_pocket__name_3__obj_coin__physical_placement__person_first__far_synonym_distant,far_evidence_only,synonym_distant,worn_jacket_pocket,main,object_subject,person_first
worn_jacket_pocket__name_3__obj_coin__physical_placement__person_first,worn_jacket_pocket__name_3__obj_coin__physical_placement__person_first__far_large_distance,far_evidence_only,large_distance,worn_jacket_pocket,main,object_subject,person_first
worn_jacket_pocket__name_3__obj_coin__physical_placement__object_first,worn_jacket_pocket__name_3__obj_coin__physical_placement__object_first__far_direct_far,far_evidence_only,direct_far,worn_jacket_pocket,main,object_subject,object_first
worn_jacket_pocket__name_3__obj_coin__physical_placement__object_first,worn_jacket_pocket__name_3__obj_coin__physical_placement__object_first__far_synonym_distant,far_evidence_only,synonym_distant,worn_jacket_pocket,main,object_subject,object_first
worn_jacket_pocket__name_3__obj_coin__physical_placement__object_first,worn_jacket_pocket__name_3__obj_coin__physical_placement__object_first__far_large_distance,far_evidence_only,large_distance,worn_jacket_pocket,main,object_subject,object_first
worn_jacket_pocket__name_3__obj_coin__physical_placement_fronted__person_first,worn_jacket_pocket__name_3__obj_coin__physical_placement_fronted__person_first__far_direct_far,far_evidence_only,direct_far,worn_jacket_pocket,main,fronted_location,person_first
worn_jacket_pocket__name_3__obj_coin__physical_placement_fronted__person_first,worn_jacket_pocket__name_3__obj_coin__physical_placement_fronted__person_first__far_synonym_distant,far_evidence_only,synonym_distant,worn_jacket_pocket,main,fronted_location,person_first
worn_jacket_pocket__name_3__obj_coin__physical_placement_fronted__person_first,worn_jacket_pocket__name_3__obj_coin__physical_placement_fronted__person_first__far_large_distance,far_evidence_only,large_distance,worn_jacket_pocket,main,fronted_location,person_first
worn_jacket_pocket__name_3__obj_coin__physical_placement_fronted__object_first,worn_jacket_pocket__name_3__obj_coin__physical_placement_fronted__object_first__far_direct_far,far_evidence_only,direct_far,worn_jacket_pocket,main,fronted_location,object_first
worn_jacket_pocket__name_3__obj_coin__physical_placement_fronted__object_first,worn_jacket_pocket__name_3__obj_coin__physical_placement_fronted__object_first__far_synonym_distant,far_evidence_only,synonym_distant,worn_jacket_pocket,main,fronted_location,object_first
worn_jacket_pocket__name_3__obj_coin__physical_placement_fronted__object_first,worn_jacket_pocket__name_3__obj_coin__physical_placement_fronted__object_first__far_large_distance,far_evidence_only,large_distance,worn_jacket_pocket,main,fronted_location,object_first
worn_jacket_pocket__name_3__obj_coin__physical_placement_person_subject__person_first,worn_jacket_pocket__name_3__obj_coin__physical_placement_person_subject__person_first__far_direct_far,far_evidence_only,direct_far,worn_jacket_pocket,main,person_subject,person_first
worn_jacket_pocket__name_3__obj_coin__physical_placement_person_subject__person_first,worn_jacket_pocket__name_3__obj_coin__physical_placement_person_subject__person_first__far_synonym_distant,far_evidence_only,synonym_distant,worn_jacket_pocket,main,person_subject,person_first
worn_jacket_pocket__name_3__obj_coin__physical_placement_person_subject__person_first,worn_jacket_pocket__name_3__obj_coin__physical_placement_person_subject__person_first__far_large_distance,far_evidence_only,large_distance,worn_jacket_pocket,main,person_subject,person_first
worn_jacket_pocket__name_3__obj_coin__physical_placement_person_subject__object_first,worn_jacket_pocket__name_3__obj_coin__physical_placement_person_subject__object_first__far_direct_far,far_evidence_only,direct_far,worn_jacket_pocket,main,person_subject,object_first
worn_jacket_pocket__name_3__obj_coin__physical_placement_person_subject__object_first,worn_jacket_pocket__name_3__obj_coin__physical_placement_person_subject__object_first__far_synonym_distant,far_evidence_only,synonym_distant,worn_jacket_pocket,main,person_subject,object_first
worn_jacket_pocket__name_3__obj_coin__physical_placement_person_subject__object_first,worn_jacket_pocket__name_3__obj_coin__physical_placement_person_subject__object_first__far_large_distance,far_evidence_only,large_distance,worn_jacket_pocket,main,person_subject,object_first
worn_jacket_pocket__name_3__obj_marble__physical_placement__person_first,worn_jacket_pocket__name_3__obj_marble__physical_placement__person_first__far_direct_far,far_evidence_only,direct_far,worn_jacket_pocket,main,object_subject,person_first
worn_jacket_pocket__name_3__obj_marble__physical_placement__person_first,worn_jacket_pocket__name_3__obj_marble__physical_placement__person_first__far_synonym_distant,far_evidence_only,synonym_distant,worn_jacket_pocket,main,object_subject,person_first
worn_jacket_pocket__name_3__obj_marble__physical_placement__person_first,worn_jacket_pocket__name_3__obj_marble__physical_placement__person_first__far_large_distance,far_evidence_only,large_distance,worn_jacket_pocket,main,object_subject,person_first
worn_jacket_pocket__name_3__obj_marble__physical_placement__object_first,worn_jacket_pocket__name_3__obj_marble__physical_placement__object_first__far_direct_far,far_evidence_only,direct_far,worn_jacket_pocket,main,object_subject,object_first
worn_jacket_pocket__name_3__obj_marble__physical_placement__object_first,worn_jacket_pocket__name_3__obj_marble__physical_placement__object_first__far_synonym_distant,far_evidence_only,synonym_distant,worn_jacket_pocket,main,object_subject,object_first
worn_jacket_pocket__name_3__obj_marble__physical_placement__object_first,worn_jacket_pocket__name_3__obj_marble__physical_placement__object_first__far_large_distance,far_evidence_only,large_distance,worn_jacket_pocket,main,object_subject,object_first
worn_jacket_pocket__name_3__obj_marble__physical_placement_fronted__person_first,worn_jacket_pocket__name_3__obj_marble__physical_placement_fronted__person_first__far_direct_far,far_evidence_only,direct_far,worn_jacket_pocket,main,fronted_location,person_first
worn_jacket_pocket__name_3__obj_marble__physical_placement_fronted__person_first,worn_jacket_pocket__name_3__obj_marble__physical_placement_fronted__person_first__far_synonym_distant,far_evidence_only,synonym_distant,worn_jacket_pocket,main,fronted_location,person_first
worn_jacket_pocket__name_3__obj_marble__physical_placement_fronted__person_first,worn_jacket_pocket__name_3__obj_marble__physical_placement_fronted__person_first__far_large_distance,far_evidence_only,large_distance,worn_jacket_pocket,main,fronted_location,person_first
worn_jacket_pocket__name_3__obj_marble__physical_placement_fronted__object_first,worn_jacket_pocket__name_3__obj_marble__physical_placement_fronted__object_first__far_direct_far,far_evidence_only,direct_far,worn_jacket_pocket,main,fronted_location,object_first
worn_jacket_pocket__name_3__obj_marble__physical_placement_fronted__object_first,worn_jacket_pocket__name_3__obj_marble__physical_placement_fronted__object_first__far_synonym_distant,far_evidence_only,synonym_distant,worn_jacket_pocket,main,fronted_location,object_first
worn_jacket_pocket__name_3__obj_marble__physical_placement_fronted__object_first,worn_jacket_pocket__name_3__obj_marble__physical_placement_fronted__object_first__far_large_distance,far_evidence_only,large_distance,worn_jacket_pocket,main,fronted_location,object_first
worn_jacket_pocket__name_3__obj_marble__physical_placement_person_subject__person_first,worn_jacket_pocket__name_3__obj_marble__physical_placement_person_subject__person_first__far_direct_far,far_evidence_only,direct_far,worn_jacket_pocket,main,person_subject,person_first
worn_jacket_pocket__name_3__obj_marble__physical_placement_person_subject__person_first,worn_jacket_pocket__name_3__obj_marble__physical_placement_person_subject__person_first__far_synonym_distant,far_evidence_only,synonym_distant,worn_jacket_pocket,main,person_subject,person_first
worn_jacket_pocket__name_3__obj_marble__physical_placement_person_subject__person_first,worn_jacket_pocket__name_3__obj_marble__physical_placement_person_subject__person_first__far_large_distance,far_evidence_only,large_distance,worn_jacket_pocket,main,person_subject,person_first
worn_jacket_pocket__name_3__obj_marble__physical_placement_person_subject__object_first,worn_jacket_pocket__name_3__obj_marble__physical_placement_person_subject__object_first__far_direct_far,far_evidence_only,direct_far,worn_jacket_pocket,main,person_subject,object_first
worn_jacket_pocket__name_3__obj_marble__physical_placement_person_subject__object_first,worn_jacket_pocket__name_3__obj_marble__physical_placement_person_subject__object_first__far_synonym_distant,far_evidence_only,synonym_distant,worn_jacket_pocket,main,person_subject,object_first
worn_jacket_pocket__name_3__obj_marble__physical_placement_person_subject__object_first,worn_jacket_pocket__name_3__obj_marble__physical_placement_person_subject__object_first__far_large_distance,far_evidence_only,large_distance,worn_jacket_pocket,main,person_subject,object_first
worn_jacket_pocket__name_3__obj_pebble__physical_placement__person_first,worn_jacket_pocket__name_3__obj_pebble__physical_placement__person_first__far_direct_far,far_evidence_only,direct_far,worn_jacket_pocket,main,object_subject,person_first
worn_jacket_pocket__name_3__obj_pebble__physical_placement__person_first,worn_jacket_pocket__name_3__obj_pebble__physical_placement__person_first__far_synonym_distant,far_evidence_only,synonym_distant,worn_jacket_pocket,main,object_subject,person_first
worn_jacket_pocket__name_3__obj_pebble__physical_placement__person_first,worn_jacket_pocket__name_3__obj_pebble__physical_placement__person_first__far_large_distance,far_evidence_only,large_distance,worn_jacket_pocket,main,object_subject,person_first
worn_jacket_pocket__name_3__obj_pebble__physical_placement__object_first,worn_jacket_pocket__name_3__obj_pebble__physical_placement__object_first__far_direct_far,far_evidence_only,direct_far,worn_jacket_pocket,main,object_subject,object_first
worn_jacket_pocket__name_3__obj_pebble__physical_placement__object_first,worn_jacket_pocket__name_3__obj_pebble__physical_placement__object_first__far_synonym_distant,far_evidence_only,synonym_distant,worn_jacket_pocket,main,object_subject,object_first
worn_jacket_pocket__name_3__obj_pebble__physical_placement__object_first,worn_jacket_pocket__name_3__obj_pebble__physical_placement__object_first__far_large_distance,far_evidence_only,large_distance,worn_jacket_pocket,main,object_subject,object_first
worn_jacket_pocket__name_3__obj_pebble__physical_placement_fronted__person_first,worn_jacket_pocket__name_3__obj_pebble__physical_placement_fronted__person_first__far_direct_far,far_evidence_only,direct_far,worn_jacket_pocket,main,fronted_location,person_first
worn_jacket_pocket__name_3__obj_pebble__physical_placement_fronted__person_first,worn_jacket_pocket__name_3__obj_pebble__physical_placement_fronted__person_first__far_synonym_distant,far_evidence_only,synonym_distant,worn_jacket_pocket,main,fronted_location,person_first
worn_jacket_pocket__name_3__obj_pebble__physical_placement_fronted__person_first,worn_jacket_pocket__name_3__obj_pebble__physical_placement_fronted__person_first__far_large_distance,far_evidence_only,large_distance,worn_jacket_pocket,main,fronted_location,person_first
worn_jacket_pocket__name_3__obj_pebble__physical_placement_fronted__object_first,worn_jacket_pocket__name_3__obj_pebble__physical_placement_fronted__object_first__far_direct_far,far_evidence_only,direct_far,worn_jacket_pocket,main,fronted_location,object_first
worn_jacket_pocket__name_3__obj_pebble__physical_placement_fronted__object_first,worn_jacket_pocket__name_3__obj_pebble__physical_placement_fronted__object_first__far_synonym_distant,far_evidence_only,synonym_distant,worn_jacket_pocket,main,fronted_location,object_first
worn_jacket_pocket__name_3__obj_pebble__physical_placement_fronted__object_first,worn_jacket_pocket__name_3__obj_pebble__physical_placement_fronted__object_first__far_large_distance,far_evidence_only,large_distance,worn_jacket_pocket,main,fronted_location,object_first
worn_jacket_pocket__name_3__obj_pebble__physical_placement_person_subject__person_first,worn_jacket_pocket__name_3__obj_pebble__physical_placement_person_subject__person_first__far_direct_far,far_evidence_only,direct_far,worn_jacket_pocket,main,person_subject,person_first
worn_jacket_pocket__name_3__obj_pebble__physical_placement_person_subject__person_first,worn_jacket_pocket__name_3__obj_pebble__physical_placement_person_subject__person_first__far_synonym_distant,far_evidence_only,synonym_distant,worn_jacket_pocket,main,person_subject,person_first
worn_jacket_pocket__name_3__obj_pebble__physical_placement_person_subject__person_first,worn_jacket_pocket__name_3__obj_pebble__physical_placement_person_subject__person_first__far_large_distance,far_evidence_only,large_distance,worn_jacket_pocket,main,person_subject,person_first
worn_jacket_pocket__name_3__obj_pebble__physical_placement_person_subject__object_first,worn_jacket_pocket__name_3__obj_pebble__physical_placement_person_subject__object_first__far_direct_far,far_evidence_only,direct_far,worn_jacket_pocket,main,person_subject,object_first
worn_jacket_pocket__name_3__obj_pebble__physical_placement_person_subject__object_first,worn_jacket_pocket__name_3__obj_pebble__physical_placement_person_subject__object_first__far_synonym_distant,far_evidence_only,synonym_distant,worn_jacket_pocket,main,person_subject,object_first
worn_jacket_pocket__name_3__obj_pebble__physical_placement_person_subject__object_first,worn_jacket_pocket__name_3__obj_pebble__physical_placement_person_subject__object_first__far_large_distance,far_evidence_only,large_distance,worn_jacket_pocket,main,person_subject,object_first
between_owned_shoes__name_0__obj_ball__physical_placement__person_first,between_owned_shoes__name_0__obj_ball__physical_placement__person_first__far_direct_far,far_evidence_only,direct_far,between_owned_shoes,ambiguity_control,object_subject,person_first
between_owned_shoes__name_0__obj_ball__physical_placement__person_first,between_owned_shoes__name_0__obj_ball__physical_placement__person_first__far_synonym_distant,far_evidence_only,synonym_distant,between_owned_shoes,ambiguity_control,object_subject,person_first
between_owned_shoes__name_0__obj_ball__physical_placement__person_first,between_owned_shoes__name_0__obj_ball__physical_placement__person_first__far_large_distance,far_evidence_only,large_distance,between_owned_shoes,ambiguity_control,object_subject,person_first
between_owned_shoes__name_0__obj_ball__physical_placement__object_first,between_owned_shoes__name_0__obj_ball__physical_placement__object_first__far_direct_far,far_evidence_only,direct_far,between_owned_shoes,ambiguity_control,object_subject,object_first
between_owned_shoes__name_0__obj_ball__physical_placement__object_first,between_owned_shoes__name_0__obj_ball__physical_placement__object_first__far_synonym_distant,far_evidence_only,synonym_distant,between_owned_shoes,ambiguity_control,object_subject,object_first
between_owned_shoes__name_0__obj_ball__physical_placement__object_first,between_owned_shoes__name_0__obj_ball__physical_placement__object_first__far_large_distance,far_evidence_only,large_distance,between_owned_shoes,ambiguity_control,object_subject,object_first
between_owned_shoes__name_0__obj_ball__physical_placement_fronted__person_first,between_owned_shoes__name_0__obj_ball__physical_placement_fronted__person_first__far_direct_far,far_evidence_only,direct_far,between_owned_shoes,ambiguity_control,fronted_location,person_first
between_owned_shoes__name_0__obj_ball__physical_placement_fronted__person_first,between_owned_shoes__name_0__obj_ball__physical_placement_fronted__person_first__far_synonym_distant,far_evidence_only,synonym_distant,between_owned_shoes,ambiguity_control,fronted_location,person_first
between_owned_shoes__name_0__obj_ball__physical_placement_fronted__person_first,between_owned_shoes__name_0__obj_ball__physical_placement_fronted__person_first__far_large_distance,far_evidence_only,large_distance,between_owned_shoes,ambiguity_control,fronted_location,person_first
between_owned_shoes__name_0__obj_ball__physical_placement_fronted__object_first,between_owned_shoes__name_0__obj_ball__physical_placement_fronted__object_first__far_direct_far,far_evidence_only,direct_far,between_owned_shoes,ambiguity_control,fronted_location,object_first
between_owned_shoes__name_0__obj_ball__physical_placement_fronted__object_first,between_owned_shoes__name_0__obj_ball__physical_placement_fronted__object_first__far_synonym_distant,far_evidence_only,synonym_distant,between_owned_shoes,ambiguity_control,fronted_location,object_first
between_owned_shoes__name_0__obj_ball__physical_placement_fronted__object_first,between_owned_shoes__name_0__obj_ball__physical_placement_fronted__object_first__far_large_distance,far_evidence_only,large_distance,between_owned_shoes,ambiguity_control,fronted_location,object_first
between_owned_shoes__name_0__obj_ball__physical_placement_person_subject__person_first,between_owned_shoes__name_0__obj_ball__physical_placement_person_subject__person_first__far_direct_far,far_evidence_only,direct_far,between_owned_shoes,ambiguity_control,person_subject,person_first
between_owned_shoes__name_0__obj_ball__physical_placement_person_subject__person_first,between_owned_shoes__name_0__obj_ball__physical_placement_person_subject__person_first__far_synonym_distant,far_evidence_only,synonym_distant,between_owned_shoes,ambiguity_control,person_subject,person_first
between_owned_shoes__name_0__obj_ball__physical_placement_person_subject__person_first,between_owned_shoes__name_0__obj_ball__physical_placement_person_subject__person_first__far_large_distance,far_evidence_only,large_distance,between_owned_shoes,ambiguity_control,person_subject,person_first
between_owned_shoes__name_0__obj_ball__physical_placement_person_subject__object_first,between_owned_shoes__name_0__obj_ball__physical_placement_person_subject__object_first__far_direct_far,far_evidence_only,direct_far,between_owned_shoes,ambiguity_control,person_subject,object_first
between_owned_shoes__name_0__obj_ball__physical_placement_person_subject__object_first,between_owned_shoes__name_0__obj_ball__physical_placement_person_subject__object_first__far_synonym_distant,far_evidence_only,synonym_distant,between_owned_shoes,ambiguity_control,person_subject,object_first
between_owned_shoes__name_0__obj_ball__physical_placement_person_subject__object_first,between_owned_shoes__name_0__obj_ball__physical_placement_person_subject__object_first__far_large_distance,far_evidence_only,large_distance,between_owned_shoes,ambiguity_control,person_subject,object_first
between_owned_shoes__name_0__obj_bag__physical_placement__person_first,between_owned_shoes__name_0__obj_bag__physical_placement__person_first__far_direct_far,far_evidence_only,direct_far,between_owned_shoes,ambiguity_control,object_subject,person_first
between_owned_shoes__name_0__obj_bag__physical_placement__person_first,between_owned_shoes__name_0__obj_bag__physical_placement__person_first__far_synonym_distant,far_evidence_only,synonym_distant,between_owned_shoes,ambiguity_control,object_subject,person_first
between_owned_shoes__name_0__obj_bag__physical_placement__person_first,between_owned_shoes__name_0__obj_bag__physical_placement__person_first__far_large_distance,far_evidence_only,large_distance,between_owned_shoes,ambiguity_control,object_subject,person_first
between_owned_shoes__name_0__obj_bag__physical_placement__object_first,between_owned_shoes__name_0__obj_bag__physical_placement__object_first__far_direct_far,far_evidence_only,direct_far,between_owned_shoes,ambiguity_control,object_subject,object_first
between_owned_shoes__name_0__obj_bag__physical_placement__object_first,between_owned_shoes__name_0__obj_bag__physical_placement__object_first__far_synonym_distant,far_evidence_only,synonym_distant,between_owned_shoes,ambiguity_control,object_subject,object_first
between_owned_shoes__name_0__obj_bag__physical_placement__object_first,between_owned_shoes__name_0__obj_bag__physical_placement__object_first__far_large_distance,far_evidence_only,large_distance,between_owned_shoes,ambiguity_control,object_subject,object_first
between_owned_shoes__name_0__obj_bag__physical_placement_fronted__person_first,between_owned_shoes__name_0__obj_bag__physical_placement_fronted__person_first__far_direct_far,far_evidence_only,direct_far,between_owned_shoes,ambiguity_control,fronted_location,person_first
between_owned_shoes__name_0__obj_bag__physical_placement_fronted__person_first,between_owned_shoes__name_0__obj_bag__physical_placement_fronted__person_first__far_synonym_distant,far_evidence_only,synonym_distant,between_owned_shoes,ambiguity_control,fronted_location,person_first
between_owned_shoes__name_0__obj_bag__physical_placement_fronted__person_first,between_owned_shoes__name_0__obj_bag__physical_placement_fronted__person_first__far_large_distance,far_evidence_only,large_distance,between_owned_shoes,ambiguity_control,fronted_location,person_first
between_owned_shoes__name_0__obj_bag__physical_placement_fronted__object_first,between_owned_shoes__name_0__obj_bag__physical_placement_fronted__object_first__far_direct_far,far_evidence_only,direct_far,between_owned_shoes,ambiguity_control,fronted_location,object_first
between_owned_shoes__name_0__obj_bag__physical_placement_fronted__object_first,between_owned_shoes__name_0__obj_bag__physical_placement_fronted__object_first__far_synonym_distant,far_evidence_only,synonym_distant,between_owned_shoes,ambiguity_control,fronted_location,object_first
between_owned_shoes__name_0__obj_bag__physical_placement_fronted__object_first,between_owned_shoes__name_0__obj_bag__physical_placement_fronted__object_first__far_large_distance,far_evidence_only,large_distance,between_owned_shoes,ambiguity_control,fronted_location,object_first
between_owned_shoes__name_0__obj_bag__physical_placement_person_subject__person_first,between_owned_shoes__name_0__obj_bag__physical_placement_person_subject__person_first__far_direct_far,far_evidence_only,direct_far,between_owned_shoes,ambiguity_control,person_subject,person_first
between_owned_shoes__name_0__obj_bag__physical_placement_person_subject__person_first,between_owned_shoes__name_0__obj_bag__physical_placement_person_subject__person_first__far_synonym_distant,far_evidence_only,synonym_distant,between_owned_shoes,ambiguity_control,person_subject,person_first
between_owned_shoes__name_0__obj_bag__physical_placement_person_subject__person_first,between_owned_shoes__name_0__obj_bag__physical_placement_person_subject__person_first__far_large_distance,far_evidence_only,large_distance,between_owned_shoes,ambiguity_control,person_subject,person_first
between_owned_shoes__name_0__obj_bag__physical_placement_person_subject__object_first,between_owned_shoes__name_0__obj_bag__physical_placement_person_subject__object_first__far_direct_far,far_evidence_only,direct_far,between_owned_shoes,ambiguity_control,person_subject,object_first
between_owned_shoes__name_0__obj_bag__physical_placement_person_subject__object_first,between_owned_shoes__name_0__obj_bag__physical_placement_person_subject__object_first__far_synonym_distant,far_evidence_only,synonym_distant,between_owned_shoes,ambiguity_control,person_subject,object_first
between_owned_shoes__name_0__obj_bag__physical_placement_person_subject__object_first,between_owned_shoes__name_0__obj_bag__physical_placement_person_subject__object_first__far_large_distance,far_evidence_only,large_distance,between_owned_shoes,ambiguity_control,person_subject,object_first
between_owned_shoes__name_0__obj_book__physical_placement__person_first,between_owned_shoes__name_0__obj_book__physical_placement__person_first__far_direct_far,far_evidence_only,direct_far,between_owned_shoes,ambiguity_control,object_subject,person_first
between_owned_shoes__name_0__obj_book__physical_placement__person_first,between_owned_shoes__name_0__obj_book__physical_placement__person_first__far_synonym_distant,far_evidence_only,synonym_distant,between_owned_shoes,ambiguity_control,object_subject,person_first
between_owned_shoes__name_0__obj_book__physical_placement__person_first,between_owned_shoes__name_0__obj_book__physical_placement__person_first__far_large_distance,far_evidence_only,large_distance,between_owned_shoes,ambiguity_control,object_subject,person_first
between_owned_shoes__name_0__obj_book__physical_placement__object_first,between_owned_shoes__name_0__obj_book__physical_placement__object_first__far_direct_far,far_evidence_only,direct_far,between_owned_shoes,ambiguity_control,object_subject,object_first
between_owned_shoes__name_0__obj_book__physical_placement__object_first,between_owned_shoes__name_0__obj_book__physical_placement__object_first__far_synonym_distant,far_evidence_only,synonym_distant,between_owned_shoes,ambiguity_control,object_subject,object_first
between_owned_shoes__name_0__obj_book__physical_placement__object_first,between_owned_shoes__name_0__obj_book__physical_placement__object_first__far_large_distance,far_evidence_only,large_distance,between_owned_shoes,ambiguity_control,object_subject,object_first
between_owned_shoes__name_0__obj_book__physical_placement_fronted__person_first,between_owned_shoes__name_0__obj_book__physical_placement_fronted__person_first__far_direct_far,far_evidence_only,direct_far,between_owned_shoes,ambiguity_control,fronted_location,person_first
between_owned_shoes__name_0__obj_book__physical_placement_fronted__person_first,between_owned_shoes__name_0__obj_book__physical_placement_fronted__person_first__far_synonym_distant,far_evidence_only,synonym_distant,between_owned_shoes,ambiguity_control,fronted_location,person_first
between_owned_shoes__name_0__obj_book__physical_placement_fronted__person_first,between_owned_shoes__name_0__obj_book__physical_placement_fronted__person_first__far_large_distance,far_evidence_only,large_distance,between_owned_shoes,ambiguity_control,fronted_location,person_first
between_owned_shoes__name_0__obj_book__physical_placement_fronted__object_first,between_owned_shoes__name_0__obj_book__physical_placement_fronted__object_first__far_direct_far,far_evidence_only,direct_far,between_owned_shoes,ambiguity_control,fronted_location,object_first
between_owned_shoes__name_0__obj_book__physical_placement_fronted__object_first,between_owned_shoes__name_0__obj_book__physical_placement_fronted__object_first__far_synonym_distant,far_evidence_only,synonym_distant,between_owned_shoes,ambiguity_control,fronted_location,object_first
between_owned_shoes__name_0__obj_book__physical_placement_fronted__object_first,between_owned_shoes__name_0__obj_book__physical_placement_fronted__object_first__far_large_distance,far_evidence_only,large_distance,between_owned_shoes,ambiguity_control,fronted_location,object_first
between_owned_shoes__name_0__obj_book__physical_placement_person_subject__person_first,between_owned_shoes__name_0__obj_book__physical_placement_person_subject__person_first__far_direct_far,far_evidence_only,direct_far,between_owned_shoes,ambiguity_control,person_subject,person_first
between_owned_shoes__name_0__obj_book__physical_placement_person_subject__person_first,between_owned_shoes__name_0__obj_book__physical_placement_person_subject__person_first__far_synonym_distant,far_evidence_only,synonym_distant,between_owned_shoes,ambiguity_control,person_subject,person_first
between_owned_shoes__name_0__obj_book__physical_placement_person_subject__person_first,between_owned_shoes__name_0__obj_book__physical_placement_person_subject__person_first__far_large_distance,far_evidence_only,large_distance,between_owned_shoes,ambiguity_control,person_subject,person_first
between_owned_shoes__name_0__obj_book__physical_placement_person_subject__object_first,between_owned_shoes__name_0__obj_book__physical_placement_person_subject__object_first__far_direct_far,far_evidence_only,direct_far,between_owned_shoes,ambiguity_control,person_subject,object_first
between_owned_shoes__name_0__obj_book__physical_placement_person_subject__object_first,between_owned_shoes__name_0__obj_book__physical_placement_person_subject__object_first__far_synonym_distant,far_evidence_only,synonym_distant,between_owned_shoes,ambiguity_control,person_subject,object_first
between_owned_shoes__name_0__obj_book__physical_placement_person_subject__object_first,between_owned_shoes__name_0__obj_book__physical_placement_person_subject__object_first__far_large_distance,far_evidence_only,large_distance,between_owned_shoes,ambiguity_control,person_subject,object_first
between_owned_shoes__name_0__obj_cone__physical_placement__person_first,between_owned_shoes__name_0__obj_cone__physical_placement__person_first__far_direct_far,far_evidence_only,direct_far,between_owned_shoes,ambiguity_control,object_subject,person_first
between_owned_shoes__name_0__obj_cone__physical_placement__person_first,between_owned_shoes__name_0__obj_cone__physical_placement__person_first__far_synonym_distant,far_evidence_only,synonym_distant,between_owned_shoes,ambiguity_control,object_subject,person_first
between_owned_shoes__name_0__obj_cone__physical_placement__person_first,between_owned_shoes__name_0__obj_cone__physical_placement__person_first__far_large_distance,far_evidence_only,large_distance,between_owned_shoes,ambiguity_control,object_subject,person_first
between_owned_shoes__name_0__obj_cone__physical_placement__object_first,between_owned_shoes__name_0__obj_cone__physical_placement__object_first__far_direct_far,far_evidence_only,direct_far,between_owned_shoes,ambiguity_control,object_subject,object_first
between_owned_shoes__name_0__obj_cone__physical_placement__object_first,between_owned_shoes__name_0__obj_cone__physical_placement__object_first__far_synonym_distant,far_evidence_only,synonym_distant,between_owned_shoes,ambiguity_control,object_subject,object_first
between_owned_shoes__name_0__obj_cone__physical_placement__object_first,between_owned_shoes__name_0__obj_cone__physical_placement__object_first__far_large_distance,far_evidence_only,large_distance,between_owned_shoes,ambiguity_control,object_subject,object_first
between_owned_shoes__name_0__obj_cone__physical_placement_fronted__person_first,between_owned_shoes__name_0__obj_cone__physical_placement_fronted__person_first__far_direct_far,far_evidence_only,direct_far,between_owned_shoes,ambiguity_control,fronted_location,person_first
between_owned_shoes__name_0__obj_cone__physical_placement_fronted__person_first,between_owned_shoes__name_0__obj_cone__physical_placement_fronted__person_first__far_synonym_distant,far_evidence_only,synonym_distant,between_owned_shoes,ambiguity_control,fronted_location,person_first
between_owned_shoes__name_0__obj_cone__physical_placement_fronted__person_first,between_owned_shoes__name_0__obj_cone__physical_placement_fronted__person_first__far_large_distance,far_evidence_only,large_distance,between_owned_shoes,ambiguity_control,fronted_location,person_first
between_owned_shoes__name_0__obj_cone__physical_placement_fronted__object_first,between_owned_shoes__name_0__obj_cone__physical_placement_fronted__object_first__far_direct_far,far_evidence_only,direct_far,between_owned_shoes,ambiguity_control,fronted_location,object_first
between_owned_shoes__name_0__obj_cone__physical_placement_fronted__object_first,between_owned_shoes__name_0__obj_cone__physical_placement_fronted__object_first__far_synonym_distant,far_evidence_only,synonym_distant,between_owned_shoes,ambiguity_control,fronted_location,object_first
between_owned_shoes__name_0__obj_cone__physical_placement_fronted__object_first,between_owned_shoes__name_0__obj_cone__physical_placement_fronted__object_first__far_large_distance,far_evidence_only,large_distance,between_owned_shoes,ambiguity_control,fronted_location,object_first
between_owned_shoes__name_0__obj_cone__physical_placement_person_subject__person_first,between_owned_shoes__name_0__obj_cone__physical_placement_person_subject__person_first__far_direct_far,far_evidence_only,direct_far,between_owned_shoes,ambiguity_control,person_subject,person_first
between_owned_shoes__name_0__obj_cone__physical_placement_person_subject__person_first,between_owned_shoes__name_0__obj_cone__physical_placement_person_subject__person_first__far_synonym_distant,far_evidence_only,synonym_distant,between_owned_shoes,ambiguity_control,person_subject,person_first
between_owned_shoes__name_0__obj_cone__physical_placement_person_subject__person_first,between_owned_shoes__name_0__obj_cone__physical_placement_person_subject__person_first__far_large_distance,far_evidence_only,large_distance,between_owned_shoes,ambiguity_control,person_subject,person_first
between_owned_shoes__name_0__obj_cone__physical_placement_person_subject__object_first,between_owned_shoes__name_0__obj_cone__physical_placement_person_subject__object_first__far_direct_far,far_evidence_only,direct_far,between_owned_shoes,ambiguity_control,person_subject,object_first
between_owned_shoes__name_0__obj_cone__physical_placement_person_subject__object_first,between_owned_shoes__name_0__obj_cone__physical_placement_person_subject__object_first__far_synonym_distant,far_evidence_only,synonym_distant,between_owned_shoes,ambiguity_control,person_subject,object_first
between_owned_shoes__name_0__obj_cone__physical_placement_person_subject__object_first,between_owned_shoes__name_0__obj_cone__physical_placement_person_subject__object_first__far_large_distance,far_evidence_only,large_distance,between_owned_shoes,ambiguity_control,person_subject,object_first
between_owned_shoes__name_1__obj_ball__physical_placement__person_first,between_owned_shoes__name_1__obj_ball__physical_placement__person_first__far_direct_far,far_evidence_only,direct_far,between_owned_shoes,ambiguity_control,object_subject,person_first
between_owned_shoes__name_1__obj_ball__physical_placement__person_first,between_owned_shoes__name_1__obj_ball__physical_placement__person_first__far_synonym_distant,far_evidence_only,synonym_distant,between_owned_shoes,ambiguity_control,object_subject,person_first
between_owned_shoes__name_1__obj_ball__physical_placement__person_first,between_owned_shoes__name_1__obj_ball__physical_placement__person_first__far_large_distance,far_evidence_only,large_distance,between_owned_shoes,ambiguity_control,object_subject,person_first
between_owned_shoes__name_1__obj_ball__physical_placement__object_first,between_owned_shoes__name_1__obj_ball__physical_placement__object_first__far_direct_far,far_evidence_only,direct_far,between_owned_shoes,ambiguity_control,object_subject,object_first
between_owned_shoes__name_1__obj_ball__physical_placement__object_first,between_owned_shoes__name_1__obj_ball__physical_placement__object_first__far_synonym_distant,far_evidence_only,synonym_distant,between_owned_shoes,ambiguity_control,object_subject,object_first
between_owned_shoes__name_1__obj_ball__physical_placement__object_first,between_owned_shoes__name_1__obj_ball__physical_placement__object_first__far_large_distance,far_evidence_only,large_distance,between_owned_shoes,ambiguity_control,object_subject,object_first
between_owned_shoes__name_1__obj_ball__physical_placement_fronted__person_first,between_owned_shoes__name_1__obj_ball__physical_placement_fronted__person_first__far_direct_far,far_evidence_only,direct_far,between_owned_shoes,ambiguity_control,fronted_location,person_first
between_owned_shoes__name_1__obj_ball__physical_placement_fronted__person_first,between_owned_shoes__name_1__obj_ball__physical_placement_fronted__person_first__far_synonym_distant,far_evidence_only,synonym_distant,between_owned_shoes,ambiguity_control,fronted_location,person_first
between_owned_shoes__name_1__obj_ball__physical_placement_fronted__person_first,between_owned_shoes__name_1__obj_ball__physical_placement_fronted__person_first__far_large_distance,far_evidence_only,large_distance,between_owned_shoes,ambiguity_control,fronted_location,person_first
between_owned_shoes__name_1__obj_ball__physical_placement_fronted__object_first,between_owned_shoes__name_1__obj_ball__physical_placement_fronted__object_first__far_direct_far,far_evidence_only,direct_far,between_owned_shoes,ambiguity_control,fronted_location,object_first
between_owned_shoes__name_1__obj_ball__physical_placement_fronted__object_first,between_owned_shoes__name_1__obj_ball__physical_placement_fronted__object_first__far_synonym_distant,far_evidence_only,synonym_distant,between_owned_shoes,ambiguity_control,fronted_location,object_first
between_owned_shoes__name_1__obj_ball__physical_placement_fronted__object_first,between_owned_shoes__name_1__obj_ball__physical_placement_fronted__object_first__far_large_distance,far_evidence_only,large_distance,between_owned_shoes,ambiguity_control,fronted_location,object_first
between_owned_shoes__name_1__obj_ball__physical_placement_person_subject__person_first,between_owned_shoes__name_1__obj_ball__physical_placement_person_subject__person_first__far_direct_far,far_evidence_only,direct_far,between_owned_shoes,ambiguity_control,person_subject,person_first
between_owned_shoes__name_1__obj_ball__physical_placement_person_subject__person_first,between_owned_shoes__name_1__obj_ball__physical_placement_person_subject__person_first__far_synonym_distant,far_evidence_only,synonym_distant,between_owned_shoes,ambiguity_control,person_subject,person_first
between_owned_shoes__name_1__obj_ball__physical_placement_person_subject__person_first,between_owned_shoes__name_1__obj_ball__physical_placement_person_subject__person_first__far_large_distance,far_evidence_only,large_distance,between_owned_shoes,ambiguity_control,person_subject,person_first
between_owned_shoes__name_1__obj_ball__physical_placement_person_subject__object_first,between_owned_shoes__name_1__obj_ball__physical_placement_person_subject__object_first__far_direct_far,far_evidence_only,direct_far,between_owned_shoes,ambiguity_control,person_subject,object_first
between_owned_shoes__name_1__obj_ball__physical_placement_person_subject__object_first,between_owned_shoes__name_1__obj_ball__physical_placement_person_subject__object_first__far_synonym_distant,far_evidence_only,synonym_distant,between_owned_shoes,ambiguity_control,person_subject,object_first
between_owned_shoes__name_1__obj_ball__physical_placement_person_subject__object_first,between_owned_shoes__name_1__obj_ball__physical_placement_person_subject__object_first__far_large_distance,far_evidence_only,large_distance,between_owned_shoes,ambiguity_control,person_subject,object_first
between_owned_shoes__name_1__obj_bag__physical_placement__person_first,between_owned_shoes__name_1__obj_bag__physical_placement__person_first__far_direct_far,far_evidence_only,direct_far,between_owned_shoes,ambiguity_control,object_subject,person_first
between_owned_shoes__name_1__obj_bag__physical_placement__person_first,between_owned_shoes__name_1__obj_bag__physical_placement__person_first__far_synonym_distant,far_evidence_only,synonym_distant,between_owned_shoes,ambiguity_control,object_subject,person_first
between_owned_shoes__name_1__obj_bag__physical_placement__person_first,between_owned_shoes__name_1__obj_bag__physical_placement__person_first__far_large_distance,far_evidence_only,large_distance,between_owned_shoes,ambiguity_control,object_subject,person_first
between_owned_shoes__name_1__obj_bag__physical_placement__object_first,between_owned_shoes__name_1__obj_bag__physical_placement__object_first__far_direct_far,far_evidence_only,direct_far,between_owned_shoes,ambiguity_control,object_subject,object_first
between_owned_shoes__name_1__obj_bag__physical_placement__object_first,between_owned_shoes__name_1__obj_bag__physical_placement__object_first__far_synonym_distant,far_evidence_only,synonym_distant,between_owned_shoes,ambiguity_control,object_subject,object_first
between_owned_shoes__name_1__obj_bag__physical_placement__object_first,between_owned_shoes__name_1__obj_bag__physical_placement__object_first__far_large_distance,far_evidence_only,large_distance,between_owned_shoes,ambiguity_control,object_subject,object_first
between_owned_shoes__name_1__obj_bag__physical_placement_fronted__person_first,between_owned_shoes__name_1__obj_bag__physical_placement_fronted__person_first__far_direct_far,far_evidence_only,direct_far,between_owned_shoes,ambiguity_control,fronted_location,person_first
between_owned_shoes__name_1__obj_bag__physical_placement_fronted__person_first,between_owned_shoes__name_1__obj_bag__physical_placement_fronted__person_first__far_synonym_distant,far_evidence_only,synonym_distant,between_owned_shoes,ambiguity_control,fronted_location,person_first
between_owned_shoes__name_1__obj_bag__physical_placement_fronted__person_first,between_owned_shoes__name_1__obj_bag__physical_placement_fronted__person_first__far_large_distance,far_evidence_only,large_distance,between_owned_shoes,ambiguity_control,fronted_location,person_first
between_owned_shoes__name_1__obj_bag__physical_placement_fronted__object_first,between_owned_shoes__name_1__obj_bag__physical_placement_fronted__object_first__far_direct_far,far_evidence_only,direct_far,between_owned_shoes,ambiguity_control,fronted_location,object_first
between_owned_shoes__name_1__obj_bag__physical_placement_fronted__object_first,between_owned_shoes__name_1__obj_bag__physical_placement_fronted__object_first__far_synonym_distant,far_evidence_only,synonym_distant,between_owned_shoes,ambiguity_control,fronted_location,object_first
between_owned_shoes__name_1__obj_bag__physical_placement_fronted__object_first,between_owned_shoes__name_1__obj_bag__physical_placement_fronted__object_first__far_large_distance,far_evidence_only,large_distance,between_owned_shoes,ambiguity_control,fronted_location,object_first
between_owned_shoes__name_1__obj_bag__physical_placement_person_subject__person_first,between_owned_shoes__name_1__obj_bag__physical_placement_person_subject__person_first__far_direct_far,far_evidence_only,direct_far,between_owned_shoes,ambiguity_control,person_subject,person_first
between_owned_shoes__name_1__obj_bag__physical_placement_person_subject__person_first,between_owned_shoes__name_1__obj_bag__physical_placement_person_subject__person_first__far_synonym_distant,far_evidence_only,synonym_distant,between_owned_shoes,ambiguity_control,person_subject,person_first
between_owned_shoes__name_1__obj_bag__physical_placement_person_subject__person_first,between_owned_shoes__name_1__obj_bag__physical_placement_person_subject__person_first__far_large_distance,far_evidence_only,large_distance,between_owned_shoes,ambiguity_control,person_subject,person_first
between_owned_shoes__name_1__obj_bag__physical_placement_person_subject__object_first,between_owned_shoes__name_1__obj_bag__physical_placement_person_subject__object_first__far_direct_far,far_evidence_only,direct_far,between_owned_shoes,ambiguity_control,person_subject,object_first
between_owned_shoes__name_1__obj_bag__physical_placement_person_subject__object_first,between_owned_shoes__name_1__obj_bag__physical_placement_person_subject__object_first__far_synonym_distant,far_evidence_only,synonym_distant,between_owned_shoes,ambiguity_control,person_subject,object_first
between_owned_shoes__name_1__obj_bag__physical_placement_person_subject__object_first,between_owned_shoes__name_1__obj_bag__physical_placement_person_subject__object_first__far_large_distance,far_evidence_only,large_distance,between_owned_shoes,ambiguity_control,person_subject,object_first
between_owned_shoes__name_1__obj_book__physical_placement__person_first,between_owned_shoes__name_1__obj_book__physical_placement__person_first__far_direct_far,far_evidence_only,direct_far,between_owned_shoes,ambiguity_control,object_subject,person_first
between_owned_shoes__name_1__obj_book__physical_placement__person_first,between_owned_shoes__name_1__obj_book__physical_placement__person_first__far_synonym_distant,far_evidence_only,synonym_distant,between_owned_shoes,ambiguity_control,object_subject,person_first
between_owned_shoes__name_1__obj_book__physical_placement__person_first,between_owned_shoes__name_1__obj_book__physical_placement__person_first__far_large_distance,far_evidence_only,large_distance,between_owned_shoes,ambiguity_control,object_subject,person_first
between_owned_shoes__name_1__obj_book__physical_placement__object_first,between_owned_shoes__name_1__obj_book__physical_placement__object_first__far_direct_far,far_evidence_only,direct_far,between_owned_shoes,ambiguity_control,object_subject,object_first
between_owned_shoes__name_1__obj_book__physical_placement__object_first,between_owned_shoes__name_1__obj_book__physical_placement__object_first__far_synonym_distant,far_evidence_only,synonym_distant,between_owned_shoes,ambiguity_control,object_subject,object_first
between_owned_shoes__name_1__obj_book__physical_placement__object_first,between_owned_shoes__name_1__obj_book__physical_placement__object_first__far_large_distance,far_evidence_only,large_distance,between_owned_shoes,ambiguity_control,object_subject,object_first
between_owned_shoes__name_1__obj_book__physical_placement_fronted__person_first,between_owned_shoes__name_1__obj_book__physical_placement_fronted__person_first__far_direct_far,far_evidence_only,direct_far,between_owned_shoes,ambiguity_control,fronted_location,person_first
between_owned_shoes__name_1__obj_book__physical_placement_fronted__person_first,between_owned_shoes__name_1__obj_book__physical_placement_fronted__person_first__far_synonym_distant,far_evidence_only,synonym_distant,between_owned_shoes,ambiguity_control,fronted_location,person_first
between_owned_shoes__name_1__obj_book__physical_placement_fronted__person_first,between_owned_shoes__name_1__obj_book__physical_placement_fronted__person_first__far_large_distance,far_evidence_only,large_distance,between_owned_shoes,ambiguity_control,fronted_location,person_first
between_owned_shoes__name_1__obj_book__physical_placement_fronted__object_first,between_owned_shoes__name_1__obj_book__physical_placement_fronted__object_first__far_direct_far,far_evidence_only,direct_far,between_owned_shoes,ambiguity_control,fronted_location,object_first
between_owned_shoes__name_1__obj_book__physical_placement_fronted__object_first,between_owned_shoes__name_1__obj_book__physical_placement_fronted__object_first__far_synonym_distant,far_evidence_only,synonym_distant,between_owned_shoes,ambiguity_control,fronted_location,object_first
between_owned_shoes__name_1__obj_book__physical_placement_fronted__object_first,between_owned_shoes__name_1__obj_book__physical_placement_fronted__object_first__far_large_distance,far_evidence_only,large_distance,between_owned_shoes,ambiguity_control,fronted_location,object_first
between_owned_shoes__name_1__obj_book__physical_placement_person_subject__person_first,between_owned_shoes__name_1__obj_book__physical_placement_person_subject__person_first__far_direct_far,far_evidence_only,direct_far,between_owned_shoes,ambiguity_control,person_subject,person_first
between_owned_shoes__name_1__obj_book__physical_placement_person_subject__person_first,between_owned_shoes__name_1__obj_book__physical_placement_person_subject__person_first__far_synonym_distant,far_evidence_only,synonym_distant,between_owned_shoes,ambiguity_control,person_subject,person_first
between_owned_shoes__name_1__obj_book__physical_placement_person_subject__person_first,between_owned_shoes__name_1__obj_book__physical_placement_person_subject__person_first__far_large_distance,far_evidence_only,large_distance,between_owned_shoes,ambiguity_control,person_subject,person_first
between_owned_shoes__name_1__obj_book__physical_placement_person_subject__object_first,between_owned_shoes__name_1__obj_book__physical_placement_person_subject__object_first__far_direct_far,far_evidence_only,direct_far,between_owned_shoes,ambiguity_control,person_subject,object_first
between_owned_shoes__name_1__obj_book__physical_placement_person_subject__object_first,between_owned_shoes__name_1__obj_book__physical_placement_person_subject__object_first__far_synonym_distant,far_evidence_only,synonym_distant,between_owned_shoes,ambiguity_control,person_subject,object_first
between_owned_shoes__name_1__obj_book__physical_placement_person_subject__object_first,between_owned_shoes__name_1__obj_book__physical_placement_person_subject__object_first__far_large_distance,far_evidence_only,large_distance,between_owned_shoes,ambiguity_control,person_subject,object_first
between_owned_shoes__name_1__obj_cone__physical_placement__person_first,between_owned_shoes__name_1__obj_cone__physical_placement__person_first__far_direct_far,far_evidence_only,direct_far,between_owned_shoes,ambiguity_control,object_subject,person_first
between_owned_shoes__name_1__obj_cone__physical_placement__person_first,between_owned_shoes__name_1__obj_cone__physical_placement__person_first__far_synonym_distant,far_evidence_only,synonym_distant,between_owned_shoes,ambiguity_control,object_subject,person_first
between_owned_shoes__name_1__obj_cone__physical_placement__person_first,between_owned_shoes__name_1__obj_cone__physical_placement__person_first__far_large_distance,far_evidence_only,large_distance,between_owned_shoes,ambiguity_control,object_subject,person_first
between_owned_shoes__name_1__obj_cone__physical_placement__object_first,between_owned_shoes__name_1__obj_cone__physical_placement__object_first__far_direct_far,far_evidence_only,direct_far,between_owned_shoes,ambiguity_control,object_subject,object_first
between_owned_shoes__name_1__obj_cone__physical_placement__object_first,between_owned_shoes__name_1__obj_cone__physical_placement__object_first__far_synonym_distant,far_evidence_only,synonym_distant,between_owned_shoes,ambiguity_control,object_subject,object_first
between_owned_shoes__name_1__obj_cone__physical_placement__object_first,between_owned_shoes__name_1__obj_cone__physical_placement__object_first__far_large_distance,far_evidence_only,large_distance,between_owned_shoes,ambiguity_control,object_subject,object_first
between_owned_shoes__name_1__obj_cone__physical_placement_fronted__person_first,between_owned_shoes__name_1__obj_cone__physical_placement_fronted__person_first__far_direct_far,far_evidence_only,direct_far,between_owned_shoes,ambiguity_control,fronted_location,person_first
between_owned_shoes__name_1__obj_cone__physical_placement_fronted__person_first,between_owned_shoes__name_1__obj_cone__physical_placement_fronted__person_first__far_synonym_distant,far_evidence_only,synonym_distant,between_owned_shoes,ambiguity_control,fronted_location,person_first
between_owned_shoes__name_1__obj_cone__physical_placement_fronted__person_first,between_owned_shoes__name_1__obj_cone__physical_placement_fronted__person_first__far_large_distance,far_evidence_only,large_distance,between_owned_shoes,ambiguity_control,fronted_location,person_first
between_owned_shoes__name_1__obj_cone__physical_placement_fronted__object_first,between_owned_shoes__name_1__obj_cone__physical_placement_fronted__object_first__far_direct_far,far_evidence_only,direct_far,between_owned_shoes,ambiguity_control,fronted_location,object_first
between_owned_shoes__name_1__obj_cone__physical_placement_fronted__object_first,between_owned_shoes__name_1__obj_cone__physical_placement_fronted__object_first__far_synonym_distant,far_evidence_only,synonym_distant,between_owned_shoes,ambiguity_control,fronted_location,object_first
between_owned_shoes__name_1__obj_cone__physical_placement_fronted__object_first,between_owned_shoes__name_1__obj_cone__physical_placement_fronted__object_first__far_large_distance,far_evidence_only,large_distance,between_owned_shoes,ambiguity_control,fronted_location,object_first
between_owned_shoes__name_1__obj_cone__physical_placement_person_subject__person_first,between_owned_shoes__name_1__obj_cone__physical_placement_person_subject__person_first__far_direct_far,far_evidence_only,direct_far,between_owned_shoes,ambiguity_control,person_subject,person_first
between_owned_shoes__name_1__obj_cone__physical_placement_person_subject__person_first,between_owned_shoes__name_1__obj_cone__physical_placement_person_subject__person_first__far_synonym_distant,far_evidence_only,synonym_distant,between_owned_shoes,ambiguity_control,person_subject,person_first
between_owned_shoes__name_1__obj_cone__physical_placement_person_subject__person_first,between_owned_shoes__name_1__obj_cone__physical_placement_person_subject__person_first__far_large_distance,far_evidence_only,large_distance,between_owned_shoes,ambiguity_control,person_subject,person_first
between_owned_shoes__name_1__obj_cone__physical_placement_person_subject__object_first,between_owned_shoes__name_1__obj_cone__physical_placement_person_subject__object_first__far_direct_far,far_evidence_only,direct_far,between_owned_shoes,ambiguity_control,person_subject,object_first
between_owned_shoes__name_1__obj_cone__physical_placement_person_subject__object_first,between_owned_shoes__name_1__obj_cone__physical_placement_person_subject__object_first__far_synonym_distant,far_evidence_only,synonym_distant,between_owned_shoes,ambiguity_control,person_subject,object_first
between_owned_shoes__name_1__obj_cone__physical_placement_person_subject__object_first,between_owned_shoes__name_1__obj_cone__physical_placement_person_subject__object_first__far_large_distance,far_evidence_only,large_distance,between_owned_shoes,ambiguity_control,person_subject,object_first
between_owned_shoes__name_2__obj_ball__physical_placement__person_first,between_owned_shoes__name_2__obj_ball__physical_placement__person_first__far_direct_far,far_evidence_only,direct_far,between_owned_shoes,ambiguity_control,object_subject,person_first
between_owned_shoes__name_2__obj_ball__physical_placement__person_first,between_owned_shoes__name_2__obj_ball__physical_placement__person_first__far_synonym_distant,far_evidence_only,synonym_distant,between_owned_shoes,ambiguity_control,object_subject,person_first
between_owned_shoes__name_2__obj_ball__physical_placement__person_first,between_owned_shoes__name_2__obj_ball__physical_placement__person_first__far_large_distance,far_evidence_only,large_distance,between_owned_shoes,ambiguity_control,object_subject,person_first
between_owned_shoes__name_2__obj_ball__physical_placement__object_first,between_owned_shoes__name_2__obj_ball__physical_placement__object_first__far_direct_far,far_evidence_only,direct_far,between_owned_shoes,ambiguity_control,object_subject,object_first
between_owned_shoes__name_2__obj_ball__physical_placement__object_first,between_owned_shoes__name_2__obj_ball__physical_placement__object_first__far_synonym_distant,far_evidence_only,synonym_distant,between_owned_shoes,ambiguity_control,object_subject,object_first
between_owned_shoes__name_2__obj_ball__physical_placement__object_first,between_owned_shoes__name_2__obj_ball__physical_placement__object_first__far_large_distance,far_evidence_only,large_distance,between_owned_shoes,ambiguity_control,object_subject,object_first
between_owned_shoes__name_2__obj_ball__physical_placement_fronted__person_first,between_owned_shoes__name_2__obj_ball__physical_placement_fronted__person_first__far_direct_far,far_evidence_only,direct_far,between_owned_shoes,ambiguity_control,fronted_location,person_first
between_owned_shoes__name_2__obj_ball__physical_placement_fronted__person_first,between_owned_shoes__name_2__obj_ball__physical_placement_fronted__person_first__far_synonym_distant,far_evidence_only,synonym_distant,between_owned_shoes,ambiguity_control,fronted_location,person_first
between_owned_shoes__name_2__obj_ball__physical_placement_fronted__person_first,between_owned_shoes__name_2__obj_ball__physical_placement_fronted__person_first__far_large_distance,far_evidence_only,large_distance,between_owned_shoes,ambiguity_control,fronted_location,person_first
between_owned_shoes__name_2__obj_ball__physical_placement_fronted__object_first,between_owned_shoes__name_2__obj_ball__physical_placement_fronted__object_first__far_direct_far,far_evidence_only,direct_far,between_owned_shoes,ambiguity_control,fronted_location,object_first
between_owned_shoes__name_2__obj_ball__physical_placement_fronted__object_first,between_owned_shoes__name_2__obj_ball__physical_placement_fronted__object_first__far_synonym_distant,far_evidence_only,synonym_distant,between_owned_shoes,ambiguity_control,fronted_location,object_first
between_owned_shoes__name_2__obj_ball__physical_placement_fronted__object_first,between_owned_shoes__name_2__obj_ball__physical_placement_fronted__object_first__far_large_distance,far_evidence_only,large_distance,between_owned_shoes,ambiguity_control,fronted_location,object_first
between_owned_shoes__name_2__obj_ball__physical_placement_person_subject__person_first,between_owned_shoes__name_2__obj_ball__physical_placement_person_subject__person_first__far_direct_far,far_evidence_only,direct_far,between_owned_shoes,ambiguity_control,person_subject,person_first
between_owned_shoes__name_2__obj_ball__physical_placement_person_subject__person_first,between_owned_shoes__name_2__obj_ball__physical_placement_person_subject__person_first__far_synonym_distant,far_evidence_only,synonym_distant,between_owned_shoes,ambiguity_control,person_subject,person_first
between_owned_shoes__name_2__obj_ball__physical_placement_person_subject__person_first,between_owned_shoes__name_2__obj_ball__physical_placement_person_subject__person_first__far_large_distance,far_evidence_only,large_distance,between_owned_shoes,ambiguity_control,person_subject,person_first
between_owned_shoes__name_2__obj_ball__physical_placement_person_subject__object_first,between_owned_shoes__name_2__obj_ball__physical_placement_person_subject__object_first__far_direct_far,far_evidence_only,direct_far,between_owned_shoes,ambiguity_control,person_subject,object_first
between_owned_shoes__name_2__obj_ball__physical_placement_person_subject__object_first,between_owned_shoes__name_2__obj_ball__physical_placement_person_subject__object_first__far_synonym_distant,far_evidence_only,synonym_distant,between_owned_shoes,ambiguity_control,person_subject,object_first
between_owned_shoes__name_2__obj_ball__physical_placement_person_subject__object_first,between_owned_shoes__name_2__obj_ball__physical_placement_person_subject__object_first__far_large_distance,far_evidence_only,large_distance,between_owned_shoes,ambiguity_control,person_subject,object_first
between_owned_shoes__name_2__obj_bag__physical_placement__person_first,between_owned_shoes__name_2__obj_bag__physical_placement__person_first__far_direct_far,far_evidence_only,direct_far,between_owned_shoes,ambiguity_control,object_subject,person_first
between_owned_shoes__name_2__obj_bag__physical_placement__person_first,between_owned_shoes__name_2__obj_bag__physical_placement__person_first__far_synonym_distant,far_evidence_only,synonym_distant,between_owned_shoes,ambiguity_control,object_subject,person_first
between_owned_shoes__name_2__obj_bag__physical_placement__person_first,between_owned_shoes__name_2__obj_bag__physical_placement__person_first__far_large_distance,far_evidence_only,large_distance,between_owned_shoes,ambiguity_control,object_subject,person_first
between_owned_shoes__name_2__obj_bag__physical_placement__object_first,between_owned_shoes__name_2__obj_bag__physical_placement__object_first__far_direct_far,far_evidence_only,direct_far,between_owned_shoes,ambiguity_control,object_subject,object_first
between_owned_shoes__name_2__obj_bag__physical_placement__object_first,between_owned_shoes__name_2__obj_bag__physical_placement__object_first__far_synonym_distant,far_evidence_only,synonym_distant,between_owned_shoes,ambiguity_control,object_subject,object_first
between_owned_shoes__name_2__obj_bag__physical_placement__object_first,between_owned_shoes__name_2__obj_bag__physical_placement__object_first__far_large_distance,far_evidence_only,large_distance,between_owned_shoes,ambiguity_control,object_subject,object_first
between_owned_shoes__name_2__obj_bag__physical_placement_fronted__person_first,between_owned_shoes__name_2__obj_bag__physical_placement_fronted__person_first__far_direct_far,far_evidence_only,direct_far,between_owned_shoes,ambiguity_control,fronted_location,person_first
between_owned_shoes__name_2__obj_bag__physical_placement_fronted__person_first,between_owned_shoes__name_2__obj_bag__physical_placement_fronted__person_first__far_synonym_distant,far_evidence_only,synonym_distant,between_owned_shoes,ambiguity_control,fronted_location,person_first
between_owned_shoes__name_2__obj_bag__physical_placement_fronted__person_first,between_owned_shoes__name_2__obj_bag__physical_placement_fronted__person_first__far_large_distance,far_evidence_only,large_distance,between_owned_shoes,ambiguity_control,fronted_location,person_first
between_owned_shoes__name_2__obj_bag__physical_placement_fronted__object_first,between_owned_shoes__name_2__obj_bag__physical_placement_fronted__object_first__far_direct_far,far_evidence_only,direct_far,between_owned_shoes,ambiguity_control,fronted_location,object_first
between_owned_shoes__name_2__obj_bag__physical_placement_fronted__object_first,between_owned_shoes__name_2__obj_bag__physical_placement_fronted__object_first__far_synonym_distant,far_evidence_only,synonym_distant,between_owned_shoes,ambiguity_control,fronted_location,object_first
between_owned_shoes__name_2__obj_bag__physical_placement_fronted__object_first,between_owned_shoes__name_2__obj_bag__physical_placement_fronted__object_first__far_large_distance,far_evidence_only,large_distance,between_owned_shoes,ambiguity_control,fronted_location,object_first
between_owned_shoes__name_2__obj_bag__physical_placement_person_subject__person_first,between_owned_shoes__name_2__obj_bag__physical_placement_person_subject__person_first__far_direct_far,far_evidence_only,direct_far,between_owned_shoes,ambiguity_control,person_subject,person_first
between_owned_shoes__name_2__obj_bag__physical_placement_person_subject__person_first,between_owned_shoes__name_2__obj_bag__physical_placement_person_subject__person_first__far_synonym_distant,far_evidence_only,synonym_distant,between_owned_shoes,ambiguity_control,person_subject,person_first
between_owned_shoes__name_2__obj_bag__physical_placement_person_subject__person_first,between_owned_shoes__name_2__obj_bag__physical_placement_person_subject__person_first__far_large_distance,far_evidence_only,large_distance,between_owned_shoes,ambiguity_control,person_subject,person_first
between_owned_shoes__name_2__obj_bag__physical_placement_person_subject__object_first,between_owned_shoes__name_2__obj_bag__physical_placement_person_subject__object_first__far_direct_far,far_evidence_only,direct_far,between_owned_shoes,ambiguity_control,person_subject,object_first
between_owned_shoes__name_2__obj_bag__physical_placement_person_subject__object_first,between_owned_shoes__name_2__obj_bag__physical_placement_person_subject__object_first__far_synonym_distant,far_evidence_only,synonym_distant,between_owned_shoes,ambiguity_control,person_subject,object_first
between_owned_shoes__name_2__obj_bag__physical_placement_person_subject__object_first,between_owned_shoes__name_2__obj_bag__physical_placement_person_subject__object_first__far_large_distance,far_evidence_only,large_distance,between_owned_shoes,ambiguity_control,person_subject,object_first
between_owned_shoes__name_2__obj_book__physical_placement__person_first,between_owned_shoes__name_2__obj_book__physical_placement__person_first__far_direct_far,far_evidence_only,direct_far,between_owned_shoes,ambiguity_control,object_subject,person_first
between_owned_shoes__name_2__obj_book__physical_placement__person_first,between_owned_shoes__name_2__obj_book__physical_placement__person_first__far_synonym_distant,far_evidence_only,synonym_distant,between_owned_shoes,ambiguity_control,object_subject,person_first
between_owned_shoes__name_2__obj_book__physical_placement__person_first,between_owned_shoes__name_2__obj_book__physical_placement__person_first__far_large_distance,far_evidence_only,large_distance,between_owned_shoes,ambiguity_control,object_subject,person_first
between_owned_shoes__name_2__obj_book__physical_placement__object_first,between_owned_shoes__name_2__obj_book__physical_placement__object_first__far_direct_far,far_evidence_only,direct_far,between_owned_shoes,ambiguity_control,object_subject,object_first
between_owned_shoes__name_2__obj_book__physical_placement__object_first,between_owned_shoes__name_2__obj_book__physical_placement__object_first__far_synonym_distant,far_evidence_only,synonym_distant,between_owned_shoes,ambiguity_control,object_subject,object_first
between_owned_shoes__name_2__obj_book__physical_placement__object_first,between_owned_shoes__name_2__obj_book__physical_placement__object_first__far_large_distance,far_evidence_only,large_distance,between_owned_shoes,ambiguity_control,object_subject,object_first
between_owned_shoes__name_2__obj_book__physical_placement_fronted__person_first,between_owned_shoes__name_2__obj_book__physical_placement_fronted__person_first__far_direct_far,far_evidence_only,direct_far,between_owned_shoes,ambiguity_control,fronted_location,person_first
between_owned_shoes__name_2__obj_book__physical_placement_fronted__person_first,between_owned_shoes__name_2__obj_book__physical_placement_fronted__person_first__far_synonym_distant,far_evidence_only,synonym_distant,between_owned_shoes,ambiguity_control,fronted_location,person_first
between_owned_shoes__name_2__obj_book__physical_placement_fronted__person_first,between_owned_shoes__name_2__obj_book__physical_placement_fronted__person_first__far_large_distance,far_evidence_only,large_distance,between_owned_shoes,ambiguity_control,fronted_location,person_first
between_owned_shoes__name_2__obj_book__physical_placement_fronted__object_first,between_owned_shoes__name_2__obj_book__physical_placement_fronted__object_first__far_direct_far,far_evidence_only,direct_far,between_owned_shoes,ambiguity_control,fronted_location,object_first
between_owned_shoes__name_2__obj_book__physical_placement_fronted__object_first,between_owned_shoes__name_2__obj_book__physical_placement_fronted__object_first__far_synonym_distant,far_evidence_only,synonym_distant,between_owned_shoes,ambiguity_control,fronted_location,object_first
between_owned_shoes__name_2__obj_book__physical_placement_fronted__object_first,between_owned_shoes__name_2__obj_book__physical_placement_fronted__object_first__far_large_distance,far_evidence_only,large_distance,between_owned_shoes,ambiguity_control,fronted_location,object_first
between_owned_shoes__name_2__obj_book__physical_placement_person_subject__person_first,between_owned_shoes__name_2__obj_book__physical_placement_person_subject__person_first__far_direct_far,far_evidence_only,direct_far,between_owned_shoes,ambiguity_control,person_subject,person_first
between_owned_shoes__name_2__obj_book__physical_placement_person_subject__person_first,between_owned_shoes__name_2__obj_book__physical_placement_person_subject__person_first__far_synonym_distant,far_evidence_only,synonym_distant,between_owned_shoes,ambiguity_control,person_subject,person_first
between_owned_shoes__name_2__obj_book__physical_placement_person_subject__person_first,between_owned_shoes__name_2__obj_book__physical_placement_person_subject__person_first__far_large_distance,far_evidence_only,large_distance,between_owned_shoes,ambiguity_control,person_subject,person_first
between_owned_shoes__name_2__obj_book__physical_placement_person_subject__object_first,between_owned_shoes__name_2__obj_book__physical_placement_person_subject__object_first__far_direct_far,far_evidence_only,direct_far,between_owned_shoes,ambiguity_control,person_subject,object_first
between_owned_shoes__name_2__obj_book__physical_placement_person_subject__object_first,between_owned_shoes__name_2__obj_book__physical_placement_person_subject__object_first__far_synonym_distant,far_evidence_only,synonym_distant,between_owned_shoes,ambiguity_control,person_subject,object_first
between_owned_shoes__name_2__obj_book__physical_placement_person_subject__object_first,between_owned_shoes__name_2__obj_book__physical_placement_person_subject__object_first__far_large_distance,far_evidence_only,large_distance,between_owned_shoes,ambiguity_control,person_subject,object_first
between_owned_shoes__name_2__obj_cone__physical_placement__person_first,between_owned_shoes__name_2__obj_cone__physical_placement__person_first__far_direct_far,far_evidence_only,direct_far,between_owned_shoes,ambiguity_control,object_subject,person_first
between_owned_shoes__name_2__obj_cone__physical_placement__person_first,between_owned_shoes__name_2__obj_cone__physical_placement__person_first__far_synonym_distant,far_evidence_only,synonym_distant,between_owned_shoes,ambiguity_control,object_subject,person_first
between_owned_shoes__name_2__obj_cone__physical_placement__person_first,between_owned_shoes__name_2__obj_cone__physical_placement__person_first__far_large_distance,far_evidence_only,large_distance,between_owned_shoes,ambiguity_control,object_subject,person_first
between_owned_shoes__name_2__obj_cone__physical_placement__object_first,between_owned_shoes__name_2__obj_cone__physical_placement__object_first__far_direct_far,far_evidence_only,direct_far,between_owned_shoes,ambiguity_control,object_subject,object_first
between_owned_shoes__name_2__obj_cone__physical_placement__object_first,between_owned_shoes__name_2__obj_cone__physical_placement__object_first__far_synonym_distant,far_evidence_only,synonym_distant,between_owned_shoes,ambiguity_control,object_subject,object_first
between_owned_shoes__name_2__obj_cone__physical_placement__object_first,between_owned_shoes__name_2__obj_cone__physical_placement__object_first__far_large_distance,far_evidence_only,large_distance,between_owned_shoes,ambiguity_control,object_subject,object_first
between_owned_shoes__name_2__obj_cone__physical_placement_fronted__person_first,between_owned_shoes__name_2__obj_cone__physical_placement_fronted__person_first__far_direct_far,far_evidence_only,direct_far,between_owned_shoes,ambiguity_control,fronted_location,person_first
between_owned_shoes__name_2__obj_cone__physical_placement_fronted__person_first,between_owned_shoes__name_2__obj_cone__physical_placement_fronted__person_first__far_synonym_distant,far_evidence_only,synonym_distant,between_owned_shoes,ambiguity_control,fronted_location,person_first
between_owned_shoes__name_2__obj_cone__physical_placement_fronted__person_first,between_owned_shoes__name_2__obj_cone__physical_placement_fronted__person_first__far_large_distance,far_evidence_only,large_distance,between_owned_shoes,ambiguity_control,fronted_location,person_first
between_owned_shoes__name_2__obj_cone__physical_placement_fronted__object_first,between_owned_shoes__name_2__obj_cone__physical_placement_fronted__object_first__far_direct_far,far_evidence_only,direct_far,between_owned_shoes,ambiguity_control,fronted_location,object_first
between_owned_shoes__name_2__obj_cone__physical_placement_fronted__object_first,between_owned_shoes__name_2__obj_cone__physical_placement_fronted__object_first__far_synonym_distant,far_evidence_only,synonym_distant,between_owned_shoes,ambiguity_control,fronted_location,object_first
between_owned_shoes__name_2__obj_cone__physical_placement_fronted__object_first,between_owned_shoes__name_2__obj_cone__physical_placement_fronted__object_first__far_large_distance,far_evidence_only,large_distance,between_owned_shoes,ambiguity_control,fronted_location,object_first
between_owned_shoes__name_2__obj_cone__physical_placement_person_subject__person_first,between_owned_shoes__name_2__obj_cone__physical_placement_person_subject__person_first__far_direct_far,far_evidence_only,direct_far,between_owned_shoes,ambiguity_control,person_subject,person_first
between_owned_shoes__name_2__obj_cone__physical_placement_person_subject__person_first,between_owned_shoes__name_2__obj_cone__physical_placement_person_subject__person_first__far_synonym_distant,far_evidence_only,synonym_distant,between_owned_shoes,ambiguity_control,person_subject,person_first
between_owned_shoes__name_2__obj_cone__physical_placement_person_subject__person_first,between_owned_shoes__name_2__obj_cone__physical_placement_person_subject__person_first__far_large_distance,far_evidence_only,large_distance,between_owned_shoes,ambiguity_control,person_subject,person_first
between_owned_shoes__name_2__obj_cone__physical_placement_person_subject__object_first,between_owned_shoes__name_2__obj_cone__physical_placement_person_subject__object_first__far_direct_far,far_evidence_only,direct_far,between_owned_shoes,ambiguity_control,person_subject,object_first
between_owned_shoes__name_2__obj_cone__physical_placement_person_subject__object_first,between_owned_shoes__name_2__obj_cone__physical_placement_person_subject__object_first__far_synonym_distant,far_evidence_only,synonym_distant,between_owned_shoes,ambiguity_control,person_subject,object_first
between_owned_shoes__name_2__obj_cone__physical_placement_person_subject__object_first,between_owned_shoes__name_2__obj_cone__physical_placement_person_subject__object_first__far_large_distance,far_evidence_only,large_distance,between_owned_shoes,ambiguity_control,person_subject,object_first
between_owned_shoes__name_3__obj_ball__physical_placement__person_first,between_owned_shoes__name_3__obj_ball__physical_placement__person_first__far_direct_far,far_evidence_only,direct_far,between_owned_shoes,ambiguity_control,object_subject,person_first
between_owned_shoes__name_3__obj_ball__physical_placement__person_first,between_owned_shoes__name_3__obj_ball__physical_placement__person_first__far_synonym_distant,far_evidence_only,synonym_distant,between_owned_shoes,ambiguity_control,object_subject,person_first
between_owned_shoes__name_3__obj_ball__physical_placement__person_first,between_owned_shoes__name_3__obj_ball__physical_placement__person_first__far_large_distance,far_evidence_only,large_distance,between_owned_shoes,ambiguity_control,object_subject,person_first
between_owned_shoes__name_3__obj_ball__physical_placement__object_first,between_owned_shoes__name_3__obj_ball__physical_placement__object_first__far_direct_far,far_evidence_only,direct_far,between_owned_shoes,ambiguity_control,object_subject,object_first
between_owned_shoes__name_3__obj_ball__physical_placement__object_first,between_owned_shoes__name_3__obj_ball__physical_placement__object_first__far_synonym_distant,far_evidence_only,synonym_distant,between_owned_shoes,ambiguity_control,object_subject,object_first
between_owned_shoes__name_3__obj_ball__physical_placement__object_first,between_owned_shoes__name_3__obj_ball__physical_placement__object_first__far_large_distance,far_evidence_only,large_distance,between_owned_shoes,ambiguity_control,object_subject,object_first
between_owned_shoes__name_3__obj_ball__physical_placement_fronted__person_first,between_owned_shoes__name_3__obj_ball__physical_placement_fronted__person_first__far_direct_far,far_evidence_only,direct_far,between_owned_shoes,ambiguity_control,fronted_location,person_first
between_owned_shoes__name_3__obj_ball__physical_placement_fronted__person_first,between_owned_shoes__name_3__obj_ball__physical_placement_fronted__person_first__far_synonym_distant,far_evidence_only,synonym_distant,between_owned_shoes,ambiguity_control,fronted_location,person_first
between_owned_shoes__name_3__obj_ball__physical_placement_fronted__person_first,between_owned_shoes__name_3__obj_ball__physical_placement_fronted__person_first__far_large_distance,far_evidence_only,large_distance,between_owned_shoes,ambiguity_control,fronted_location,person_first
between_owned_shoes__name_3__obj_ball__physical_placement_fronted__object_first,between_owned_shoes__name_3__obj_ball__physical_placement_fronted__object_first__far_direct_far,far_evidence_only,direct_far,between_owned_shoes,ambiguity_control,fronted_location,object_first
between_owned_shoes__name_3__obj_ball__physical_placement_fronted__object_first,between_owned_shoes__name_3__obj_ball__physical_placement_fronted__object_first__far_synonym_distant,far_evidence_only,synonym_distant,between_owned_shoes,ambiguity_control,fronted_location,object_first
between_owned_shoes__name_3__obj_ball__physical_placement_fronted__object_first,between_owned_shoes__name_3__obj_ball__physical_placement_fronted__object_first__far_large_distance,far_evidence_only,large_distance,between_owned_shoes,ambiguity_control,fronted_location,object_first
between_owned_shoes__name_3__obj_ball__physical_placement_person_subject__person_first,between_owned_shoes__name_3__obj_ball__physical_placement_person_subject__person_first__far_direct_far,far_evidence_only,direct_far,between_owned_shoes,ambiguity_control,person_subject,person_first
between_owned_shoes__name_3__obj_ball__physical_placement_person_subject__person_first,between_owned_shoes__name_3__obj_ball__physical_placement_person_subject__person_first__far_synonym_distant,far_evidence_only,synonym_distant,between_owned_shoes,ambiguity_control,person_subject,person_first
between_owned_shoes__name_3__obj_ball__physical_placement_person_subject__person_first,between_owned_shoes__name_3__obj_ball__physical_placement_person_subject__person_first__far_large_distance,far_evidence_only,large_distance,between_owned_shoes,ambiguity_control,person_subject,person_first
between_owned_shoes__name_3__obj_ball__physical_placement_person_subject__object_first,between_owned_shoes__name_3__obj_ball__physical_placement_person_subject__object_first__far_direct_far,far_evidence_only,direct_far,between_owned_shoes,ambiguity_control,person_subject,object_first
between_owned_shoes__name_3__obj_ball__physical_placement_person_subject__object_first,between_owned_shoes__name_3__obj_ball__physical_placement_person_subject__object_first__far_synonym_distant,far_evidence_only,synonym_distant,between_owned_shoes,ambiguity_control,person_subject,object_first
between_owned_shoes__name_3__obj_ball__physical_placement_person_subject__object_first,between_owned_shoes__name_3__obj_ball__physical_placement_person_subject__object_first__far_large_distance,far_evidence_only,large_distance,between_owned_shoes,ambiguity_control,person_subject,object_first
between_owned_shoes__name_3__obj_bag__physical_placement__person_first,between_owned_shoes__name_3__obj_bag__physical_placement__person_first__far_direct_far,far_evidence_only,direct_far,between_owned_shoes,ambiguity_control,object_subject,person_first
between_owned_shoes__name_3__obj_bag__physical_placement__person_first,between_owned_shoes__name_3__obj_bag__physical_placement__person_first__far_synonym_distant,far_evidence_only,synonym_distant,between_owned_shoes,ambiguity_control,object_subject,person_first
between_owned_shoes__name_3__obj_bag__physical_placement__person_first,between_owned_shoes__name_3__obj_bag__physical_placement__person_first__far_large_distance,far_evidence_only,large_distance,between_owned_shoes,ambiguity_control,object_subject,person_first
between_owned_shoes__name_3__obj_bag__physical_placement__object_first,between_owned_shoes__name_3__obj_bag__physical_placement__object_first__far_direct_far,far_evidence_only,direct_far,between_owned_shoes,ambiguity_control,object_subject,object_first
between_owned_shoes__name_3__obj_bag__physical_placement__object_first,between_owned_shoes__name_3__obj_bag__physical_placement__object_first__far_synonym_distant,far_evidence_only,synonym_distant,between_owned_shoes,ambiguity_control,object_subject,object_first
between_owned_shoes__name_3__obj_bag__physical_placement__object_first,between_owned_shoes__name_3__obj_bag__physical_placement__object_first__far_large_distance,far_evidence_only,large_distance,between_owned_shoes,ambiguity_control,object_subject,object_first
between_owned_shoes__name_3__obj_bag__physical_placement_fronted__person_first,between_owned_shoes__name_3__obj_bag__physical_placement_fronted__person_first__far_direct_far,far_evidence_only,direct_far,between_owned_shoes,ambiguity_control,fronted_location,person_first
between_owned_shoes__name_3__obj_bag__physical_placement_fronted__person_first,between_owned_shoes__name_3__obj_bag__physical_placement_fronted__person_first__far_synonym_distant,far_evidence_only,synonym_distant,between_owned_shoes,ambiguity_control,fronted_location,person_first
between_owned_shoes__name_3__obj_bag__physical_placement_fronted__person_first,between_owned_shoes__name_3__obj_bag__physical_placement_fronted__person_first__far_large_distance,far_evidence_only,large_distance,between_owned_shoes,ambiguity_control,fronted_location,person_first
between_owned_shoes__name_3__obj_bag__physical_placement_fronted__object_first,between_owned_shoes__name_3__obj_bag__physical_placement_fronted__object_first__far_direct_far,far_evidence_only,direct_far,between_owned_shoes,ambiguity_control,fronted_location,object_first
between_owned_shoes__name_3__obj_bag__physical_placement_fronted__object_first,between_owned_shoes__name_3__obj_bag__physical_placement_fronted__object_first__far_synonym_distant,far_evidence_only,synonym_distant,between_owned_shoes,ambiguity_control,fronted_location,object_first
between_owned_shoes__name_3__obj_bag__physical_placement_fronted__object_first,between_owned_shoes__name_3__obj_bag__physical_placement_fronted__object_first__far_large_distance,far_evidence_only,large_distance,between_owned_shoes,ambiguity_control,fronted_location,object_first
between_owned_shoes__name_3__obj_bag__physical_placement_person_subject__person_first,between_owned_shoes__name_3__obj_bag__physical_placement_person_subject__person_first__far_direct_far,far_evidence_only,direct_far,between_owned_shoes,ambiguity_control,person_subject,person_first
between_owned_shoes__name_3__obj_bag__physical_placement_person_subject__person_first,between_owned_shoes__name_3__obj_bag__physical_placement_person_subject__person_first__far_synonym_distant,far_evidence_only,synonym_distant,between_owned_shoes,ambiguity_control,person_subject,person_first
between_owned_shoes__name_3__obj_bag__physical_placement_person_subject__person_first,between_owned_shoes__name_3__obj_bag__physical_placement_person_subject__person_first__far_large_distance,far_evidence_only,large_distance,between_owned_shoes,ambiguity_control,person_subject,person_first
between_owned_shoes__name_3__obj_bag__physical_placement_person_subject__object_first,between_owned_shoes__name_3__obj_bag__physical_placement_person_subject__object_first__far_direct_far,far_evidence_only,direct_far,between_owned_shoes,ambiguity_control,person_subject,object_first
between_owned_shoes__name_3__obj_bag__physical_placement_person_subject__object_first,between_owned_shoes__name_3__obj_bag__physical_placement_person_subject__object_first__far_synonym_distant,far_evidence_only,synonym_distant,between_owned_shoes,ambiguity_control,person_subject,object_first
between_owned_shoes__name_3__obj_bag__physical_placement_person_subject__object_first,between_owned_shoes__name_3__obj_bag__physical_placement_person_subject__object_first__far_large_distance,far_evidence_only,large_distance,between_owned_shoes,ambiguity_control,person_subject,object_first
between_owned_shoes__name_3__obj_book__physical_placement__person_first,between_owned_shoes__name_3__obj_book__physical_placement__person_first__far_direct_far,far_evidence_only,direct_far,between_owned_shoes,ambiguity_control,object_subject,person_first
between_owned_shoes__name_3__obj_book__physical_placement__person_first,between_owned_shoes__name_3__obj_book__physical_placement__person_first__far_synonym_distant,far_evidence_only,synonym_distant,between_owned_shoes,ambiguity_control,object_subject,person_first
between_owned_shoes__name_3__obj_book__physical_placement__person_first,between_owned_shoes__name_3__obj_book__physical_placement__person_first__far_large_distance,far_evidence_only,large_distance,between_owned_shoes,ambiguity_control,object_subject,person_first
between_owned_shoes__name_3__obj_book__physical_placement__object_first,between_owned_shoes__name_3__obj_book__physical_placement__object_first__far_direct_far,far_evidence_only,direct_far,between_owned_shoes,ambiguity_control,object_subject,object_first
between_owned_shoes__name_3__obj_book__physical_placement__object_first,between_owned_shoes__name_3__obj_book__physical_placement__object_first__far_synonym_distant,far_evidence_only,synonym_distant,between_owned_shoes,ambiguity_control,object_subject,object_first
between_owned_shoes__name_3__obj_book__physical_placement__object_first,between_owned_shoes__name_3__obj_book__physical_placement__object_first__far_large_distance,far_evidence_only,large_distance,between_owned_shoes,ambiguity_control,object_subject,object_first
between_owned_shoes__name_3__obj_book__physical_placement_fronted__person_first,between_owned_shoes__name_3__obj_book__physical_placement_fronted__person_first__far_direct_far,far_evidence_only,direct_far,between_owned_shoes,ambiguity_control,fronted_location,person_first
between_owned_shoes__name_3__obj_book__physical_placement_fronted__person_first,between_owned_shoes__name_3__obj_book__physical_placement_fronted__person_first__far_synonym_distant,far_evidence_only,synonym_distant,between_owned_shoes,ambiguity_control,fronted_location,person_first
between_owned_shoes__name_3__obj_book__physical_placement_fronted__person_first,between_owned_shoes__name_3__obj_book__physical_placement_fronted__person_first__far_large_distance,far_evidence_only,large_distance,between_owned_shoes,ambiguity_control,fronted_location,person_first
between_owned_shoes__name_3__obj_book__physical_placement_fronted__object_first,between_owned_shoes__name_3__obj_book__physical_placement_fronted__object_first__far_direct_far,far_evidence_only,direct_far,between_owned_shoes,ambiguity_control,fronted_location,object_first
between_owned_shoes__name_3__obj_book__physical_placement_fronted__object_first,between_owned_shoes__name_3__obj_book__physical_placement_fronted__object_first__far_synonym_distant,far_evidence_only,synonym_distant,between_owned_shoes,ambiguity_control,fronted_location,object_first
between_owned_shoes__name_3__obj_book__physical_placement_fronted__object_first,between_owned_shoes__name_3__obj_book__physical_placement_fronted__object_first__far_large_distance,far_evidence_only,large_distance,between_owned_shoes,ambiguity_control,fronted_location,object_first
between_owned_shoes__name_3__obj_book__physical_placement_person_subject__person_first,between_owned_shoes__name_3__obj_book__physical_placement_person_subject__person_first__far_direct_far,far_evidence_only,direct_far,between_owned_shoes,ambiguity_control,person_subject,person_first
between_owned_shoes__name_3__obj_book__physical_placement_person_subject__person_first,between_owned_shoes__name_3__obj_book__physical_placement_person_subject__person_first__far_synonym_distant,far_evidence_only,synonym_distant,between_owned_shoes,ambiguity_control,person_subject,person_first
between_owned_shoes__name_3__obj_book__physical_placement_person_subject__person_first,between_owned_shoes__name_3__obj_book__physical_placement_person_subject__person_first__far_large_distance,far_evidence_only,large_distance,between_owned_shoes,ambiguity_control,person_subject,person_first
between_owned_shoes__name_3__obj_book__physical_placement_person_subject__object_first,between_owned_shoes__name_3__obj_book__physical_placement_person_subject__object_first__far_direct_far,far_evidence_only,direct_far,between_owned_shoes,ambiguity_control,person_subject,object_first
between_owned_shoes__name_3__obj_book__physical_placement_person_subject__object_first,between_owned_shoes__name_3__obj_book__physical_placement_person_subject__object_first__far_synonym_distant,far_evidence_only,synonym_distant,between_owned_shoes,ambiguity_control,person_subject,object_first
between_owned_shoes__name_3__obj_book__physical_placement_person_subject__object_first,between_owned_shoes__name_3__obj_book__physical_placement_person_subject__object_first__far_large_distance,far_evidence_only,large_distance,between_owned_shoes,ambiguity_control,person_subject,object_first
between_owned_shoes__name_3__obj_cone__physical_placement__person_first,between_owned_shoes__name_3__obj_cone__physical_placement__person_first__far_direct_far,far_evidence_only,direct_far,between_owned_shoes,ambiguity_control,object_subject,person_first
between_owned_shoes__name_3__obj_cone__physical_placement__person_first,between_owned_shoes__name_3__obj_cone__physical_placement__person_first__far_synonym_distant,far_evidence_only,synonym_distant,between_owned_shoes,ambiguity_control,object_subject,person_first
between_owned_shoes__name_3__obj_cone__physical_placement__person_first,between_owned_shoes__name_3__obj_cone__physical_placement__person_first__far_large_distance,far_evidence_only,large_distance,between_owned_shoes,ambiguity_control,object_subject,person_first
between_owned_shoes__name_3__obj_cone__physical_placement__object_first,between_owned_shoes__name_3__obj_cone__physical_placement__object_first__far_direct_far,far_evidence_only,direct_far,between_owned_shoes,ambiguity_control,object_subject,object_first
between_owned_shoes__name_3__obj_cone__physical_placement__object_first,between_owned_shoes__name_3__obj_cone__physical_placement__object_first__far_synonym_distant,far_evidence_only,synonym_distant,between_owned_shoes,ambiguity_control,object_subject,object_first
between_owned_shoes__name_3__obj_cone__physical_placement__object_first,between_owned_shoes__name_3__obj_cone__physical_placement__object_first__far_large_distance,far_evidence_only,large_distance,between_owned_shoes,ambiguity_control,object_subject,object_first
between_owned_shoes__name_3__obj_cone__physical_placement_fronted__person_first,between_owned_shoes__name_3__obj_cone__physical_placement_fronted__person_first__far_direct_far,far_evidence_only,direct_far,between_owned_shoes,ambiguity_control,fronted_location,person_first
between_owned_shoes__name_3__obj_cone__physical_placement_fronted__person_first,between_owned_shoes__name_3__obj_cone__physical_placement_fronted__person_first__far_synonym_distant,far_evidence_only,synonym_distant,between_owned_shoes,ambiguity_control,fronted_location,person_first
between_owned_shoes__name_3__obj_cone__physical_placement_fronted__person_first,between_owned_shoes__name_3__obj_cone__physical_placement_fronted__person_first__far_large_distance,far_evidence_only,large_distance,between_owned_shoes,ambiguity_control,fronted_location,person_first
between_owned_shoes__name_3__obj_cone__physical_placement_fronted__object_first,between_owned_shoes__name_3__obj_cone__physical_placement_fronted__object_first__far_direct_far,far_evidence_only,direct_far,between_owned_shoes,ambiguity_control,fronted_location,object_first
between_owned_shoes__name_3__obj_cone__physical_placement_fronted__object_first,between_owned_shoes__name_3__obj_cone__physical_placement_fronted__object_first__far_synonym_distant,far_evidence_only,synonym_distant,between_owned_shoes,ambiguity_control,fronted_location,object_first
between_owned_shoes__name_3__obj_cone__physical_placement_fronted__object_first,between_owned_shoes__name_3__obj_cone__physical_placement_fronted__object_first__far_large_distance,far_evidence_only,large_distance,between_owned_shoes,ambiguity_control,fronted_location,object_first
between_owned_shoes__name_3__obj_cone__physical_placement_person_subject__person_first,between_owned_shoes__name_3__obj_cone__physical_placement_person_subject__person_first__far_direct_far,far_evidence_only,direct_far,between_owned_shoes,ambiguity_control,person_subject,person_first
between_owned_shoes__name_3__obj_cone__physical_placement_person_subject__person_first,between_owned_shoes__name_3__obj_cone__physical_placement_person_subject__person_first__far_synonym_distant,far_evidence_only,synonym_distant,between_owned_shoes,ambiguity_control,person_subject,person_first
between_owned_shoes__name_3__obj_cone__physical_placement_person_subject__person_first,between_owned_shoes__name_3__obj_cone__physical_placement_person_subject__person_first__far_large_distance,far_evidence_only,large_distance,between_owned_shoes,ambiguity_control,person_subject,person_first
between_owned_shoes__name_3__obj_cone__physical_placement_person_subject__object_first,between_owned_shoes__name_3__obj_cone__physical_placement_person_subject__object_first__far_direct_far,far_evidence_only,direct_far,between_owned_shoes,ambiguity_control,person_subject,object_first
between_owned_shoes__name_3__obj_cone__physical_placement_person_subject__object_first,between_owned_shoes__name_3__obj_cone__physical_placement_person_subject__object_first__far_synonym_distant,far_evidence_only,synonym_distant,between_owned_shoes,ambiguity_control,person_subject,object_first
between_owned_shoes__name_3__obj_cone__physical_placement_person_subject__object_first,between_owned_shoes__name_3__obj_cone__physical_placement_person_subject__object_first__far_large_distance,far_evidence_only,large_distance,between_owned_shoes,ambiguity_control,person_subject,object_first
between_worn_shoes__name_0__obj_ball__physical_placement__person_first,between_worn_shoes__name_0__obj_ball__physical_placement__person_first__far_direct_far,far_evidence_only,direct_far,between_worn_shoes,explicit_clothing_control,object_subject,person_first
between_worn_shoes__name_0__obj_ball__physical_placement__person_first,between_worn_shoes__name_0__obj_ball__physical_placement__person_first__far_synonym_distant,far_evidence_only,synonym_distant,between_worn_shoes,explicit_clothing_control,object_subject,person_first
between_worn_shoes__name_0__obj_ball__physical_placement__person_first,between_worn_shoes__name_0__obj_ball__physical_placement__person_first__far_large_distance,far_evidence_only,large_distance,between_worn_shoes,explicit_clothing_control,object_subject,person_first
between_worn_shoes__name_0__obj_ball__physical_placement__object_first,between_worn_shoes__name_0__obj_ball__physical_placement__object_first__far_direct_far,far_evidence_only,direct_far,between_worn_shoes,explicit_clothing_control,object_subject,object_first
between_worn_shoes__name_0__obj_ball__physical_placement__object_first,between_worn_shoes__name_0__obj_ball__physical_placement__object_first__far_synonym_distant,far_evidence_only,synonym_distant,between_worn_shoes,explicit_clothing_control,object_subject,object_first
between_worn_shoes__name_0__obj_ball__physical_placement__object_first,between_worn_shoes__name_0__obj_ball__physical_placement__object_first__far_large_distance,far_evidence_only,large_distance,between_worn_shoes,explicit_clothing_control,object_subject,object_first
between_worn_shoes__name_0__obj_ball__physical_placement_fronted__person_first,between_worn_shoes__name_0__obj_ball__physical_placement_fronted__person_first__far_direct_far,far_evidence_only,direct_far,between_worn_shoes,explicit_clothing_control,fronted_location,person_first
between_worn_shoes__name_0__obj_ball__physical_placement_fronted__person_first,between_worn_shoes__name_0__obj_ball__physical_placement_fronted__person_first__far_synonym_distant,far_evidence_only,synonym_distant,between_worn_shoes,explicit_clothing_control,fronted_location,person_first
between_worn_shoes__name_0__obj_ball__physical_placement_fronted__person_first,between_worn_shoes__name_0__obj_ball__physical_placement_fronted__person_first__far_large_distance,far_evidence_only,large_distance,between_worn_shoes,explicit_clothing_control,fronted_location,person_first
between_worn_shoes__name_0__obj_ball__physical_placement_fronted__object_first,between_worn_shoes__name_0__obj_ball__physical_placement_fronted__object_first__far_direct_far,far_evidence_only,direct_far,between_worn_shoes,explicit_clothing_control,fronted_location,object_first
between_worn_shoes__name_0__obj_ball__physical_placement_fronted__object_first,between_worn_shoes__name_0__obj_ball__physical_placement_fronted__object_first__far_synonym_distant,far_evidence_only,synonym_distant,between_worn_shoes,explicit_clothing_control,fronted_location,object_first
between_worn_shoes__name_0__obj_ball__physical_placement_fronted__object_first,between_worn_shoes__name_0__obj_ball__physical_placement_fronted__object_first__far_large_distance,far_evidence_only,large_distance,between_worn_shoes,explicit_clothing_control,fronted_location,object_first
between_worn_shoes__name_0__obj_ball__physical_placement_person_subject__person_first,between_worn_shoes__name_0__obj_ball__physical_placement_person_subject__person_first__far_direct_far,far_evidence_only,direct_far,between_worn_shoes,explicit_clothing_control,person_subject,person_first
between_worn_shoes__name_0__obj_ball__physical_placement_person_subject__person_first,between_worn_shoes__name_0__obj_ball__physical_placement_person_subject__person_first__far_synonym_distant,far_evidence_only,synonym_distant,between_worn_shoes,explicit_clothing_control,person_subject,person_first
between_worn_shoes__name_0__obj_ball__physical_placement_person_subject__person_first,between_worn_shoes__name_0__obj_ball__physical_placement_person_subject__person_first__far_large_distance,far_evidence_only,large_distance,between_worn_shoes,explicit_clothing_control,person_subject,person_first
between_worn_shoes__name_0__obj_ball__physical_placement_person_subject__object_first,between_worn_shoes__name_0__obj_ball__physical_placement_person_subject__object_first__far_direct_far,far_evidence_only,direct_far,between_worn_shoes,explicit_clothing_control,person_subject,object_first
between_worn_shoes__name_0__obj_ball__physical_placement_person_subject__object_first,between_worn_shoes__name_0__obj_ball__physical_placement_person_subject__object_first__far_synonym_distant,far_evidence_only,synonym_distant,between_worn_shoes,explicit_clothing_control,person_subject,object_first
between_worn_shoes__name_0__obj_ball__physical_placement_person_subject__object_first,between_worn_shoes__name_0__obj_ball__physical_placement_person_subject__object_first__far_large_distance,far_evidence_only,large_distance,between_worn_shoes,explicit_clothing_control,person_subject,object_first
between_worn_shoes__name_0__obj_bag__physical_placement__person_first,between_worn_shoes__name_0__obj_bag__physical_placement__person_first__far_direct_far,far_evidence_only,direct_far,between_worn_shoes,explicit_clothing_control,object_subject,person_first
between_worn_shoes__name_0__obj_bag__physical_placement__person_first,between_worn_shoes__name_0__obj_bag__physical_placement__person_first__far_synonym_distant,far_evidence_only,synonym_distant,between_worn_shoes,explicit_clothing_control,object_subject,person_first
between_worn_shoes__name_0__obj_bag__physical_placement__person_first,between_worn_shoes__name_0__obj_bag__physical_placement__person_first__far_large_distance,far_evidence_only,large_distance,between_worn_shoes,explicit_clothing_control,object_subject,person_first
between_worn_shoes__name_0__obj_bag__physical_placement__object_first,between_worn_shoes__name_0__obj_bag__physical_placement__object_first__far_direct_far,far_evidence_only,direct_far,between_worn_shoes,explicit_clothing_control,object_subject,object_first
between_worn_shoes__name_0__obj_bag__physical_placement__object_first,between_worn_shoes__name_0__obj_bag__physical_placement__object_first__far_synonym_distant,far_evidence_only,synonym_distant,between_worn_shoes,explicit_clothing_control,object_subject,object_first
between_worn_shoes__name_0__obj_bag__physical_placement__object_first,between_worn_shoes__name_0__obj_bag__physical_placement__object_first__far_large_distance,far_evidence_only,large_distance,between_worn_shoes,explicit_clothing_control,object_subject,object_first
between_worn_shoes__name_0__obj_bag__physical_placement_fronted__person_first,between_worn_shoes__name_0__obj_bag__physical_placement_fronted__person_first__far_direct_far,far_evidence_only,direct_far,between_worn_shoes,explicit_clothing_control,fronted_location,person_first
between_worn_shoes__name_0__obj_bag__physical_placement_fronted__person_first,between_worn_shoes__name_0__obj_bag__physical_placement_fronted__person_first__far_synonym_distant,far_evidence_only,synonym_distant,between_worn_shoes,explicit_clothing_control,fronted_location,person_first
between_worn_shoes__name_0__obj_bag__physical_placement_fronted__person_first,between_worn_shoes__name_0__obj_bag__physical_placement_fronted__person_first__far_large_distance,far_evidence_only,large_distance,between_worn_shoes,explicit_clothing_control,fronted_location,person_first
between_worn_shoes__name_0__obj_bag__physical_placement_fronted__object_first,between_worn_shoes__name_0__obj_bag__physical_placement_fronted__object_first__far_direct_far,far_evidence_only,direct_far,between_worn_shoes,explicit_clothing_control,fronted_location,object_first
between_worn_shoes__name_0__obj_bag__physical_placement_fronted__object_first,between_worn_shoes__name_0__obj_bag__physical_placement_fronted__object_first__far_synonym_distant,far_evidence_only,synonym_distant,between_worn_shoes,explicit_clothing_control,fronted_location,object_first
between_worn_shoes__name_0__obj_bag__physical_placement_fronted__object_first,between_worn_shoes__name_0__obj_bag__physical_placement_fronted__object_first__far_large_distance,far_evidence_only,large_distance,between_worn_shoes,explicit_clothing_control,fronted_location,object_first
between_worn_shoes__name_0__obj_bag__physical_placement_person_subject__person_first,between_worn_shoes__name_0__obj_bag__physical_placement_person_subject__person_first__far_direct_far,far_evidence_only,direct_far,between_worn_shoes,explicit_clothing_control,person_subject,person_first
between_worn_shoes__name_0__obj_bag__physical_placement_person_subject__person_first,between_worn_shoes__name_0__obj_bag__physical_placement_person_subject__person_first__far_synonym_distant,far_evidence_only,synonym_distant,between_worn_shoes,explicit_clothing_control,person_subject,person_first
between_worn_shoes__name_0__obj_bag__physical_placement_person_subject__person_first,between_worn_shoes__name_0__obj_bag__physical_placement_person_subject__person_first__far_large_distance,far_evidence_only,large_distance,between_worn_shoes,explicit_clothing_control,person_subject,person_first
between_worn_shoes__name_0__obj_bag__physical_placement_person_subject__object_first,between_worn_shoes__name_0__obj_bag__physical_placement_person_subject__object_first__far_direct_far,far_evidence_only,direct_far,between_worn_shoes,explicit_clothing_control,person_subject,object_first
between_worn_shoes__name_0__obj_bag__physical_placement_person_subject__object_first,between_worn_shoes__name_0__obj_bag__physical_placement_person_subject__object_first__far_synonym_distant,far_evidence_only,synonym_distant,between_worn_shoes,explicit_clothing_control,person_subject,object_first
between_worn_shoes__name_0__obj_bag__physical_placement_person_subject__object_first,between_worn_shoes__name_0__obj_bag__physical_placement_person_subject__object_first__far_large_distance,far_evidence_only,large_distance,between_worn_shoes,explicit_clothing_control,person_subject,object_first
between_worn_shoes__name_0__obj_book__physical_placement__person_first,between_worn_shoes__name_0__obj_book__physical_placement__person_first__far_direct_far,far_evidence_only,direct_far,between_worn_shoes,explicit_clothing_control,object_subject,person_first
between_worn_shoes__name_0__obj_book__physical_placement__person_first,between_worn_shoes__name_0__obj_book__physical_placement__person_first__far_synonym_distant,far_evidence_only,synonym_distant,between_worn_shoes,explicit_clothing_control,object_subject,person_first
between_worn_shoes__name_0__obj_book__physical_placement__person_first,between_worn_shoes__name_0__obj_book__physical_placement__person_first__far_large_distance,far_evidence_only,large_distance,between_worn_shoes,explicit_clothing_control,object_subject,person_first
between_worn_shoes__name_0__obj_book__physical_placement__object_first,between_worn_shoes__name_0__obj_book__physical_placement__object_first__far_direct_far,far_evidence_only,direct_far,between_worn_shoes,explicit_clothing_control,object_subject,object_first
between_worn_shoes__name_0__obj_book__physical_placement__object_first,between_worn_shoes__name_0__obj_book__physical_placement__object_first__far_synonym_distant,far_evidence_only,synonym_distant,between_worn_shoes,explicit_clothing_control,object_subject,object_first
between_worn_shoes__name_0__obj_book__physical_placement__object_first,between_worn_shoes__name_0__obj_book__physical_placement__object_first__far_large_distance,far_evidence_only,large_distance,between_worn_shoes,explicit_clothing_control,object_subject,object_first
between_worn_shoes__name_0__obj_book__physical_placement_fronted__person_first,between_worn_shoes__name_0__obj_book__physical_placement_fronted__person_first__far_direct_far,far_evidence_only,direct_far,between_worn_shoes,explicit_clothing_control,fronted_location,person_first
between_worn_shoes__name_0__obj_book__physical_placement_fronted__person_first,between_worn_shoes__name_0__obj_book__physical_placement_fronted__person_first__far_synonym_distant,far_evidence_only,synonym_distant,between_worn_shoes,explicit_clothing_control,fronted_location,person_first
between_worn_shoes__name_0__obj_book__physical_placement_fronted__person_first,between_worn_shoes__name_0__obj_book__physical_placement_fronted__person_first__far_large_distance,far_evidence_only,large_distance,between_worn_shoes,explicit_clothing_control,fronted_location,person_first
between_worn_shoes__name_0__obj_book__physical_placement_fronted__object_first,between_worn_shoes__name_0__obj_book__physical_placement_fronted__object_first__far_direct_far,far_evidence_only,direct_far,between_worn_shoes,explicit_clothing_control,fronted_location,object_first
between_worn_shoes__name_0__obj_book__physical_placement_fronted__object_first,between_worn_shoes__name_0__obj_book__physical_placement_fronted__object_first__far_synonym_distant,far_evidence_only,synonym_distant,between_worn_shoes,explicit_clothing_control,fronted_location,object_first
between_worn_shoes__name_0__obj_book__physical_placement_fronted__object_first,between_worn_shoes__name_0__obj_book__physical_placement_fronted__object_first__far_large_distance,far_evidence_only,large_distance,between_worn_shoes,explicit_clothing_control,fronted_location,object_first
between_worn_shoes__name_0__obj_book__physical_placement_person_subject__person_first,between_worn_shoes__name_0__obj_book__physical_placement_person_subject__person_first__far_direct_far,far_evidence_only,direct_far,between_worn_shoes,explicit_clothing_control,person_subject,person_first
between_worn_shoes__name_0__obj_book__physical_placement_person_subject__person_first,between_worn_shoes__name_0__obj_book__physical_placement_person_subject__person_first__far_synonym_distant,far_evidence_only,synonym_distant,between_worn_shoes,explicit_clothing_control,person_subject,person_first
between_worn_shoes__name_0__obj_book__physical_placement_person_subject__person_first,between_worn_shoes__name_0__obj_book__physical_placement_person_subject__person_first__far_large_distance,far_evidence_only,large_distance,between_worn_shoes,explicit_clothing_control,person_subject,person_first
between_worn_shoes__name_0__obj_book__physical_placement_person_subject__object_first,between_worn_shoes__name_0__obj_book__physical_placement_person_subject__object_first__far_direct_far,far_evidence_only,direct_far,between_worn_shoes,explicit_clothing_control,person_subject,object_first
between_worn_shoes__name_0__obj_book__physical_placement_person_subject__object_first,between_worn_shoes__name_0__obj_book__physical_placement_person_subject__object_first__far_synonym_distant,far_evidence_only,synonym_distant,between_worn_shoes,explicit_clothing_control,person_subject,object_first
between_worn_shoes__name_0__obj_book__physical_placement_person_subject__object_first,between_worn_shoes__name_0__obj_book__physical_placement_person_subject__object_first__far_large_distance,far_evidence_only,large_distance,between_worn_shoes,explicit_clothing_control,person_subject,object_first
between_worn_shoes__name_0__obj_cone__physical_placement__person_first,between_worn_shoes__name_0__obj_cone__physical_placement__person_first__far_direct_far,far_evidence_only,direct_far,between_worn_shoes,explicit_clothing_control,object_subject,person_first
between_worn_shoes__name_0__obj_cone__physical_placement__person_first,between_worn_shoes__name_0__obj_cone__physical_placement__person_first__far_synonym_distant,far_evidence_only,synonym_distant,between_worn_shoes,explicit_clothing_control,object_subject,person_first
between_worn_shoes__name_0__obj_cone__physical_placement__person_first,between_worn_shoes__name_0__obj_cone__physical_placement__person_first__far_large_distance,far_evidence_only,large_distance,between_worn_shoes,explicit_clothing_control,object_subject,person_first
between_worn_shoes__name_0__obj_cone__physical_placement__object_first,between_worn_shoes__name_0__obj_cone__physical_placement__object_first__far_direct_far,far_evidence_only,direct_far,between_worn_shoes,explicit_clothing_control,object_subject,object_first
between_worn_shoes__name_0__obj_cone__physical_placement__object_first,between_worn_shoes__name_0__obj_cone__physical_placement__object_first__far_synonym_distant,far_evidence_only,synonym_distant,between_worn_shoes,explicit_clothing_control,object_subject,object_first
between_worn_shoes__name_0__obj_cone__physical_placement__object_first,between_worn_shoes__name_0__obj_cone__physical_placement__object_first__far_large_distance,far_evidence_only,large_distance,between_worn_shoes,explicit_clothing_control,object_subject,object_first
between_worn_shoes__name_0__obj_cone__physical_placement_fronted__person_first,between_worn_shoes__name_0__obj_cone__physical_placement_fronted__person_first__far_direct_far,far_evidence_only,direct_far,between_worn_shoes,explicit_clothing_control,fronted_location,person_first
between_worn_shoes__name_0__obj_cone__physical_placement_fronted__person_first,between_worn_shoes__name_0__obj_cone__physical_placement_fronted__person_first__far_synonym_distant,far_evidence_only,synonym_distant,between_worn_shoes,explicit_clothing_control,fronted_location,person_first
between_worn_shoes__name_0__obj_cone__physical_placement_fronted__person_first,between_worn_shoes__name_0__obj_cone__physical_placement_fronted__person_first__far_large_distance,far_evidence_only,large_distance,between_worn_shoes,explicit_clothing_control,fronted_location,person_first
between_worn_shoes__name_0__obj_cone__physical_placement_fronted__object_first,between_worn_shoes__name_0__obj_cone__physical_placement_fronted__object_first__far_direct_far,far_evidence_only,direct_far,between_worn_shoes,explicit_clothing_control,fronted_location,object_first
between_worn_shoes__name_0__obj_cone__physical_placement_fronted__object_first,between_worn_shoes__name_0__obj_cone__physical_placement_fronted__object_first__far_synonym_distant,far_evidence_only,synonym_distant,between_worn_shoes,explicit_clothing_control,fronted_location,object_first
between_worn_shoes__name_0__obj_cone__physical_placement_fronted__object_first,between_worn_shoes__name_0__obj_cone__physical_placement_fronted__object_first__far_large_distance,far_evidence_only,large_distance,between_worn_shoes,explicit_clothing_control,fronted_location,object_first
between_worn_shoes__name_0__obj_cone__physical_placement_person_subject__person_first,between_worn_shoes__name_0__obj_cone__physical_placement_person_subject__person_first__far_direct_far,far_evidence_only,direct_far,between_worn_shoes,explicit_clothing_control,person_subject,person_first
between_worn_shoes__name_0__obj_cone__physical_placement_person_subject__person_first,between_worn_shoes__name_0__obj_cone__physical_placement_person_subject__person_first__far_synonym_distant,far_evidence_only,synonym_distant,between_worn_shoes,explicit_clothing_control,person_subject,person_first
between_worn_shoes__name_0__obj_cone__physical_placement_person_subject__person_first,between_worn_shoes__name_0__obj_cone__physical_placement_person_subject__person_first__far_large_distance,far_evidence_only,large_distance,between_worn_shoes,explicit_clothing_control,person_subject,person_first
between_worn_shoes__name_0__obj_cone__physical_placement_person_subject__object_first,between_worn_shoes__name_0__obj_cone__physical_placement_person_subject__object_first__far_direct_far,far_evidence_only,direct_far,between_worn_shoes,explicit_clothing_control,person_subject,object_first
between_worn_shoes__name_0__obj_cone__physical_placement_person_subject__object_first,between_worn_shoes__name_0__obj_cone__physical_placement_person_subject__object_first__far_synonym_distant,far_evidence_only,synonym_distant,between_worn_shoes,explicit_clothing_control,person_subject,object_first
between_worn_shoes__name_0__obj_cone__physical_placement_person_subject__object_first,between_worn_shoes__name_0__obj_cone__physical_placement_person_subject__object_first__far_large_distance,far_evidence_only,large_distance,between_worn_shoes,explicit_clothing_control,person_subject,object_first
between_worn_shoes__name_1__obj_ball__physical_placement__person_first,between_worn_shoes__name_1__obj_ball__physical_placement__person_first__far_direct_far,far_evidence_only,direct_far,between_worn_shoes,explicit_clothing_control,object_subject,person_first
between_worn_shoes__name_1__obj_ball__physical_placement__person_first,between_worn_shoes__name_1__obj_ball__physical_placement__person_first__far_synonym_distant,far_evidence_only,synonym_distant,between_worn_shoes,explicit_clothing_control,object_subject,person_first
between_worn_shoes__name_1__obj_ball__physical_placement__person_first,between_worn_shoes__name_1__obj_ball__physical_placement__person_first__far_large_distance,far_evidence_only,large_distance,between_worn_shoes,explicit_clothing_control,object_subject,person_first
between_worn_shoes__name_1__obj_ball__physical_placement__object_first,between_worn_shoes__name_1__obj_ball__physical_placement__object_first__far_direct_far,far_evidence_only,direct_far,between_worn_shoes,explicit_clothing_control,object_subject,object_first
between_worn_shoes__name_1__obj_ball__physical_placement__object_first,between_worn_shoes__name_1__obj_ball__physical_placement__object_first__far_synonym_distant,far_evidence_only,synonym_distant,between_worn_shoes,explicit_clothing_control,object_subject,object_first
between_worn_shoes__name_1__obj_ball__physical_placement__object_first,between_worn_shoes__name_1__obj_ball__physical_placement__object_first__far_large_distance,far_evidence_only,large_distance,between_worn_shoes,explicit_clothing_control,object_subject,object_first
between_worn_shoes__name_1__obj_ball__physical_placement_fronted__person_first,between_worn_shoes__name_1__obj_ball__physical_placement_fronted__person_first__far_direct_far,far_evidence_only,direct_far,between_worn_shoes,explicit_clothing_control,fronted_location,person_first
between_worn_shoes__name_1__obj_ball__physical_placement_fronted__person_first,between_worn_shoes__name_1__obj_ball__physical_placement_fronted__person_first__far_synonym_distant,far_evidence_only,synonym_distant,between_worn_shoes,explicit_clothing_control,fronted_location,person_first
between_worn_shoes__name_1__obj_ball__physical_placement_fronted__person_first,between_worn_shoes__name_1__obj_ball__physical_placement_fronted__person_first__far_large_distance,far_evidence_only,large_distance,between_worn_shoes,explicit_clothing_control,fronted_location,person_first
between_worn_shoes__name_1__obj_ball__physical_placement_fronted__object_first,between_worn_shoes__name_1__obj_ball__physical_placement_fronted__object_first__far_direct_far,far_evidence_only,direct_far,between_worn_shoes,explicit_clothing_control,fronted_location,object_first
between_worn_shoes__name_1__obj_ball__physical_placement_fronted__object_first,between_worn_shoes__name_1__obj_ball__physical_placement_fronted__object_first__far_synonym_distant,far_evidence_only,synonym_distant,between_worn_shoes,explicit_clothing_control,fronted_location,object_first
between_worn_shoes__name_1__obj_ball__physical_placement_fronted__object_first,between_worn_shoes__name_1__obj_ball__physical_placement_fronted__object_first__far_large_distance,far_evidence_only,large_distance,between_worn_shoes,explicit_clothing_control,fronted_location,object_first
between_worn_shoes__name_1__obj_ball__physical_placement_person_subject__person_first,between_worn_shoes__name_1__obj_ball__physical_placement_person_subject__person_first__far_direct_far,far_evidence_only,direct_far,between_worn_shoes,explicit_clothing_control,person_subject,person_first
between_worn_shoes__name_1__obj_ball__physical_placement_person_subject__person_first,between_worn_shoes__name_1__obj_ball__physical_placement_person_subject__person_first__far_synonym_distant,far_evidence_only,synonym_distant,between_worn_shoes,explicit_clothing_control,person_subject,person_first
between_worn_shoes__name_1__obj_ball__physical_placement_person_subject__person_first,between_worn_shoes__name_1__obj_ball__physical_placement_person_subject__person_first__far_large_distance,far_evidence_only,large_distance,between_worn_shoes,explicit_clothing_control,person_subject,person_first
between_worn_shoes__name_1__obj_ball__physical_placement_person_subject__object_first,between_worn_shoes__name_1__obj_ball__physical_placement_person_subject__object_first__far_direct_far,far_evidence_only,direct_far,between_worn_shoes,explicit_clothing_control,person_subject,object_first
between_worn_shoes__name_1__obj_ball__physical_placement_person_subject__object_first,between_worn_shoes__name_1__obj_ball__physical_placement_person_subject__object_first__far_synonym_distant,far_evidence_only,synonym_distant,between_worn_shoes,explicit_clothing_control,person_subject,object_first
between_worn_shoes__name_1__obj_ball__physical_placement_person_subject__object_first,between_worn_shoes__name_1__obj_ball__physical_placement_person_subject__object_first__far_large_distance,far_evidence_only,large_distance,between_worn_shoes,explicit_clothing_control,person_subject,object_first
between_worn_shoes__name_1__obj_bag__physical_placement__person_first,between_worn_shoes__name_1__obj_bag__physical_placement__person_first__far_direct_far,far_evidence_only,direct_far,between_worn_shoes,explicit_clothing_control,object_subject,person_first
between_worn_shoes__name_1__obj_bag__physical_placement__person_first,between_worn_shoes__name_1__obj_bag__physical_placement__person_first__far_synonym_distant,far_evidence_only,synonym_distant,between_worn_shoes,explicit_clothing_control,object_subject,person_first
between_worn_shoes__name_1__obj_bag__physical_placement__person_first,between_worn_shoes__name_1__obj_bag__physical_placement__person_first__far_large_distance,far_evidence_only,large_distance,between_worn_shoes,explicit_clothing_control,object_subject,person_first
between_worn_shoes__name_1__obj_bag__physical_placement__object_first,between_worn_shoes__name_1__obj_bag__physical_placement__object_first__far_direct_far,far_evidence_only,direct_far,between_worn_shoes,explicit_clothing_control,object_subject,object_first
between_worn_shoes__name_1__obj_bag__physical_placement__object_first,between_worn_shoes__name_1__obj_bag__physical_placement__object_first__far_synonym_distant,far_evidence_only,synonym_distant,between_worn_shoes,explicit_clothing_control,object_subject,object_first
between_worn_shoes__name_1__obj_bag__physical_placement__object_first,between_worn_shoes__name_1__obj_bag__physical_placement__object_first__far_large_distance,far_evidence_only,large_distance,between_worn_shoes,explicit_clothing_control,object_subject,object_first
between_worn_shoes__name_1__obj_bag__physical_placement_fronted__person_first,between_worn_shoes__name_1__obj_bag__physical_placement_fronted__person_first__far_direct_far,far_evidence_only,direct_far,between_worn_shoes,explicit_clothing_control,fronted_location,person_first
between_worn_shoes__name_1__obj_bag__physical_placement_fronted__person_first,between_worn_shoes__name_1__obj_bag__physical_placement_fronted__person_first__far_synonym_distant,far_evidence_only,synonym_distant,between_worn_shoes,explicit_clothing_control,fronted_location,person_first
between_worn_shoes__name_1__obj_bag__physical_placement_fronted__person_first,between_worn_shoes__name_1__obj_bag__physical_placement_fronted__person_first__far_large_distance,far_evidence_only,large_distance,between_worn_shoes,explicit_clothing_control,fronted_location,person_first
between_worn_shoes__name_1__obj_bag__physical_placement_fronted__object_first,between_worn_shoes__name_1__obj_bag__physical_placement_fronted__object_first__far_direct_far,far_evidence_only,direct_far,between_worn_shoes,explicit_clothing_control,fronted_location,object_first
between_worn_shoes__name_1__obj_bag__physical_placement_fronted__object_first,between_worn_shoes__name_1__obj_bag__physical_placement_fronted__object_first__far_synonym_distant,far_evidence_only,synonym_distant,between_worn_shoes,explicit_clothing_control,fronted_location,object_first
between_worn_shoes__name_1__obj_bag__physical_placement_fronted__object_first,between_worn_shoes__name_1__obj_bag__physical_placement_fronted__object_first__far_large_distance,far_evidence_only,large_distance,between_worn_shoes,explicit_clothing_control,fronted_location,object_first
between_worn_shoes__name_1__obj_bag__physical_placement_person_subject__person_first,between_worn_shoes__name_1__obj_bag__physical_placement_person_subject__person_first__far_direct_far,far_evidence_only,direct_far,between_worn_shoes,explicit_clothing_control,person_subject,person_first
between_worn_shoes__name_1__obj_bag__physical_placement_person_subject__person_first,between_worn_shoes__name_1__obj_bag__physical_placement_person_subject__person_first__far_synonym_distant,far_evidence_only,synonym_distant,between_worn_shoes,explicit_clothing_control,person_subject,person_first
between_worn_shoes__name_1__obj_bag__physical_placement_person_subject__person_first,between_worn_shoes__name_1__obj_bag__physical_placement_person_subject__person_first__far_large_distance,far_evidence_only,large_distance,between_worn_shoes,explicit_clothing_control,person_subject,person_first
between_worn_shoes__name_1__obj_bag__physical_placement_person_subject__object_first,between_worn_shoes__name_1__obj_bag__physical_placement_person_subject__object_first__far_direct_far,far_evidence_only,direct_far,between_worn_shoes,explicit_clothing_control,person_subject,object_first
between_worn_shoes__name_1__obj_bag__physical_placement_person_subject__object_first,between_worn_shoes__name_1__obj_bag__physical_placement_person_subject__object_first__far_synonym_distant,far_evidence_only,synonym_distant,between_worn_shoes,explicit_clothing_control,person_subject,object_first
between_worn_shoes__name_1__obj_bag__physical_placement_person_subject__object_first,between_worn_shoes__name_1__obj_bag__physical_placement_person_subject__object_first__far_large_distance,far_evidence_only,large_distance,between_worn_shoes,explicit_clothing_control,person_subject,object_first
between_worn_shoes__name_1__obj_book__physical_placement__person_first,between_worn_shoes__name_1__obj_book__physical_placement__person_first__far_direct_far,far_evidence_only,direct_far,between_worn_shoes,explicit_clothing_control,object_subject,person_first
between_worn_shoes__name_1__obj_book__physical_placement__person_first,between_worn_shoes__name_1__obj_book__physical_placement__person_first__far_synonym_distant,far_evidence_only,synonym_distant,between_worn_shoes,explicit_clothing_control,object_subject,person_first
between_worn_shoes__name_1__obj_book__physical_placement__person_first,between_worn_shoes__name_1__obj_book__physical_placement__person_first__far_large_distance,far_evidence_only,large_distance,between_worn_shoes,explicit_clothing_control,object_subject,person_first
between_worn_shoes__name_1__obj_book__physical_placement__object_first,between_worn_shoes__name_1__obj_book__physical_placement__object_first__far_direct_far,far_evidence_only,direct_far,between_worn_shoes,explicit_clothing_control,object_subject,object_first
between_worn_shoes__name_1__obj_book__physical_placement__object_first,between_worn_shoes__name_1__obj_book__physical_placement__object_first__far_synonym_distant,far_evidence_only,synonym_distant,between_worn_shoes,explicit_clothing_control,object_subject,object_first
between_worn_shoes__name_1__obj_book__physical_placement__object_first,between_worn_shoes__name_1__obj_book__physical_placement__object_first__far_large_distance,far_evidence_only,large_distance,between_worn_shoes,explicit_clothing_control,object_subject,object_first
between_worn_shoes__name_1__obj_book__physical_placement_fronted__person_first,between_worn_shoes__name_1__obj_book__physical_placement_fronted__person_first__far_direct_far,far_evidence_only,direct_far,between_worn_shoes,explicit_clothing_control,fronted_location,person_first
between_worn_shoes__name_1__obj_book__physical_placement_fronted__person_first,between_worn_shoes__name_1__obj_book__physical_placement_fronted__person_first__far_synonym_distant,far_evidence_only,synonym_distant,between_worn_shoes,explicit_clothing_control,fronted_location,person_first
between_worn_shoes__name_1__obj_book__physical_placement_fronted__person_first,between_worn_shoes__name_1__obj_book__physical_placement_fronted__person_first__far_large_distance,far_evidence_only,large_distance,between_worn_shoes,explicit_clothing_control,fronted_location,person_first
between_worn_shoes__name_1__obj_book__physical_placement_fronted__object_first,between_worn_shoes__name_1__obj_book__physical_placement_fronted__object_first__far_direct_far,far_evidence_only,direct_far,between_worn_shoes,explicit_clothing_control,fronted_location,object_first
between_worn_shoes__name_1__obj_book__physical_placement_fronted__object_first,between_worn_shoes__name_1__obj_book__physical_placement_fronted__object_first__far_synonym_distant,far_evidence_only,synonym_distant,between_worn_shoes,explicit_clothing_control,fronted_location,object_first
between_worn_shoes__name_1__obj_book__physical_placement_fronted__object_first,between_worn_shoes__name_1__obj_book__physical_placement_fronted__object_first__far_large_distance,far_evidence_only,large_distance,between_worn_shoes,explicit_clothing_control,fronted_location,object_first
between_worn_shoes__name_1__obj_book__physical_placement_person_subject__person_first,between_worn_shoes__name_1__obj_book__physical_placement_person_subject__person_first__far_direct_far,far_evidence_only,direct_far,between_worn_shoes,explicit_clothing_control,person_subject,person_first
between_worn_shoes__name_1__obj_book__physical_placement_person_subject__person_first,between_worn_shoes__name_1__obj_book__physical_placement_person_subject__person_first__far_synonym_distant,far_evidence_only,synonym_distant,between_worn_shoes,explicit_clothing_control,person_subject,person_first
between_worn_shoes__name_1__obj_book__physical_placement_person_subject__person_first,between_worn_shoes__name_1__obj_book__physical_placement_person_subject__person_first__far_large_distance,far_evidence_only,large_distance,between_worn_shoes,explicit_clothing_control,person_subject,person_first
between_worn_shoes__name_1__obj_book__physical_placement_person_subject__object_first,between_worn_shoes__name_1__obj_book__physical_placement_person_subject__object_first__far_direct_far,far_evidence_only,direct_far,between_worn_shoes,explicit_clothing_control,person_subject,object_first
between_worn_shoes__name_1__obj_book__physical_placement_person_subject__object_first,between_worn_shoes__name_1__obj_book__physical_placement_person_subject__object_first__far_synonym_distant,far_evidence_only,synonym_distant,between_worn_shoes,explicit_clothing_control,person_subject,object_first
between_worn_shoes__name_1__obj_book__physical_placement_person_subject__object_first,between_worn_shoes__name_1__obj_book__physical_placement_person_subject__object_first__far_large_distance,far_evidence_only,large_distance,between_worn_shoes,explicit_clothing_control,person_subject,object_first
between_worn_shoes__name_1__obj_cone__physical_placement__person_first,between_worn_shoes__name_1__obj_cone__physical_placement__person_first__far_direct_far,far_evidence_only,direct_far,between_worn_shoes,explicit_clothing_control,object_subject,person_first
between_worn_shoes__name_1__obj_cone__physical_placement__person_first,between_worn_shoes__name_1__obj_cone__physical_placement__person_first__far_synonym_distant,far_evidence_only,synonym_distant,between_worn_shoes,explicit_clothing_control,object_subject,person_first
between_worn_shoes__name_1__obj_cone__physical_placement__person_first,between_worn_shoes__name_1__obj_cone__physical_placement__person_first__far_large_distance,far_evidence_only,large_distance,between_worn_shoes,explicit_clothing_control,object_subject,person_first
between_worn_shoes__name_1__obj_cone__physical_placement__object_first,between_worn_shoes__name_1__obj_cone__physical_placement__object_first__far_direct_far,far_evidence_only,direct_far,between_worn_shoes,explicit_clothing_control,object_subject,object_first
between_worn_shoes__name_1__obj_cone__physical_placement__object_first,between_worn_shoes__name_1__obj_cone__physical_placement__object_first__far_synonym_distant,far_evidence_only,synonym_distant,between_worn_shoes,explicit_clothing_control,object_subject,object_first
between_worn_shoes__name_1__obj_cone__physical_placement__object_first,between_worn_shoes__name_1__obj_cone__physical_placement__object_first__far_large_distance,far_evidence_only,large_distance,between_worn_shoes,explicit_clothing_control,object_subject,object_first
between_worn_shoes__name_1__obj_cone__physical_placement_fronted__person_first,between_worn_shoes__name_1__obj_cone__physical_placement_fronted__person_first__far_direct_far,far_evidence_only,direct_far,between_worn_shoes,explicit_clothing_control,fronted_location,person_first
between_worn_shoes__name_1__obj_cone__physical_placement_fronted__person_first,between_worn_shoes__name_1__obj_cone__physical_placement_fronted__person_first__far_synonym_distant,far_evidence_only,synonym_distant,between_worn_shoes,explicit_clothing_control,fronted_location,person_first
between_worn_shoes__name_1__obj_cone__physical_placement_fronted__person_first,between_worn_shoes__name_1__obj_cone__physical_placement_fronted__person_first__far_large_distance,far_evidence_only,large_distance,between_worn_shoes,explicit_clothing_control,fronted_location,person_first
between_worn_shoes__name_1__obj_cone__physical_placement_fronted__object_first,between_worn_shoes__name_1__obj_cone__physical_placement_fronted__object_first__far_direct_far,far_evidence_only,direct_far,between_worn_shoes,explicit_clothing_control,fronted_location,object_first
between_worn_shoes__name_1__obj_cone__physical_placement_fronted__object_first,between_worn_shoes__name_1__obj_cone__physical_placement_fronted__object_first__far_synonym_distant,far_evidence_only,synonym_distant,between_worn_shoes,explicit_clothing_control,fronted_location,object_first
between_worn_shoes__name_1__obj_cone__physical_placement_fronted__object_first,between_worn_shoes__name_1__obj_cone__physical_placement_fronted__object_first__far_large_distance,far_evidence_only,large_distance,between_worn_shoes,explicit_clothing_control,fronted_location,object_first
between_worn_shoes__name_1__obj_cone__physical_placement_person_subject__person_first,between_worn_shoes__name_1__obj_cone__physical_placement_person_subject__person_first__far_direct_far,far_evidence_only,direct_far,between_worn_shoes,explicit_clothing_control,person_subject,person_first
between_worn_shoes__name_1__obj_cone__physical_placement_person_subject__person_first,between_worn_shoes__name_1__obj_cone__physical_placement_person_subject__person_first__far_synonym_distant,far_evidence_only,synonym_distant,between_worn_shoes,explicit_clothing_control,person_subject,person_first
between_worn_shoes__name_1__obj_cone__physical_placement_person_subject__person_first,between_worn_shoes__name_1__obj_cone__physical_placement_person_subject__person_first__far_large_distance,far_evidence_only,large_distance,between_worn_shoes,explicit_clothing_control,person_subject,person_first
between_worn_shoes__name_1__obj_cone__physical_placement_person_subject__object_first,between_worn_shoes__name_1__obj_cone__physical_placement_person_subject__object_first__far_direct_far,far_evidence_only,direct_far,between_worn_shoes,explicit_clothing_control,person_subject,object_first
between_worn_shoes__name_1__obj_cone__physical_placement_person_subject__object_first,between_worn_shoes__name_1__obj_cone__physical_placement_person_subject__object_first__far_synonym_distant,far_evidence_only,synonym_distant,between_worn_shoes,explicit_clothing_control,person_subject,object_first
between_worn_shoes__name_1__obj_cone__physical_placement_person_subject__object_first,between_worn_shoes__name_1__obj_cone__physical_placement_person_subject__object_first__far_large_distance,far_evidence_only,large_distance,between_worn_shoes,explicit_clothing_control,person_subject,object_first
between_worn_shoes__name_2__obj_ball__physical_placement__person_first,between_worn_shoes__name_2__obj_ball__physical_placement__person_first__far_direct_far,far_evidence_only,direct_far,between_worn_shoes,explicit_clothing_control,object_subject,person_first
between_worn_shoes__name_2__obj_ball__physical_placement__person_first,between_worn_shoes__name_2__obj_ball__physical_placement__person_first__far_synonym_distant,far_evidence_only,synonym_distant,between_worn_shoes,explicit_clothing_control,object_subject,person_first
between_worn_shoes__name_2__obj_ball__physical_placement__person_first,between_worn_shoes__name_2__obj_ball__physical_placement__person_first__far_large_distance,far_evidence_only,large_distance,between_worn_shoes,explicit_clothing_control,object_subject,person_first
between_worn_shoes__name_2__obj_ball__physical_placement__object_first,between_worn_shoes__name_2__obj_ball__physical_placement__object_first__far_direct_far,far_evidence_only,direct_far,between_worn_shoes,explicit_clothing_control,object_subject,object_first
between_worn_shoes__name_2__obj_ball__physical_placement__object_first,between_worn_shoes__name_2__obj_ball__physical_placement__object_first__far_synonym_distant,far_evidence_only,synonym_distant,between_worn_shoes,explicit_clothing_control,object_subject,object_first
between_worn_shoes__name_2__obj_ball__physical_placement__object_first,between_worn_shoes__name_2__obj_ball__physical_placement__object_first__far_large_distance,far_evidence_only,large_distance,between_worn_shoes,explicit_clothing_control,object_subject,object_first
between_worn_shoes__name_2__obj_ball__physical_placement_fronted__person_first,between_worn_shoes__name_2__obj_ball__physical_placement_fronted__person_first__far_direct_far,far_evidence_only,direct_far,between_worn_shoes,explicit_clothing_control,fronted_location,person_first
between_worn_shoes__name_2__obj_ball__physical_placement_fronted__person_first,between_worn_shoes__name_2__obj_ball__physical_placement_fronted__person_first__far_synonym_distant,far_evidence_only,synonym_distant,between_worn_shoes,explicit_clothing_control,fronted_location,person_first
between_worn_shoes__name_2__obj_ball__physical_placement_fronted__person_first,between_worn_shoes__name_2__obj_ball__physical_placement_fronted__person_first__far_large_distance,far_evidence_only,large_distance,between_worn_shoes,explicit_clothing_control,fronted_location,person_first
between_worn_shoes__name_2__obj_ball__physical_placement_fronted__object_first,between_worn_shoes__name_2__obj_ball__physical_placement_fronted__object_first__far_direct_far,far_evidence_only,direct_far,between_worn_shoes,explicit_clothing_control,fronted_location,object_first
between_worn_shoes__name_2__obj_ball__physical_placement_fronted__object_first,between_worn_shoes__name_2__obj_ball__physical_placement_fronted__object_first__far_synonym_distant,far_evidence_only,synonym_distant,between_worn_shoes,explicit_clothing_control,fronted_location,object_first
between_worn_shoes__name_2__obj_ball__physical_placement_fronted__object_first,between_worn_shoes__name_2__obj_ball__physical_placement_fronted__object_first__far_large_distance,far_evidence_only,large_distance,between_worn_shoes,explicit_clothing_control,fronted_location,object_first
between_worn_shoes__name_2__obj_ball__physical_placement_person_subject__person_first,between_worn_shoes__name_2__obj_ball__physical_placement_person_subject__person_first__far_direct_far,far_evidence_only,direct_far,between_worn_shoes,explicit_clothing_control,person_subject,person_first
between_worn_shoes__name_2__obj_ball__physical_placement_person_subject__person_first,between_worn_shoes__name_2__obj_ball__physical_placement_person_subject__person_first__far_synonym_distant,far_evidence_only,synonym_distant,between_worn_shoes,explicit_clothing_control,person_subject,person_first
between_worn_shoes__name_2__obj_ball__physical_placement_person_subject__person_first,between_worn_shoes__name_2__obj_ball__physical_placement_person_subject__person_first__far_large_distance,far_evidence_only,large_distance,between_worn_shoes,explicit_clothing_control,person_subject,person_first
between_worn_shoes__name_2__obj_ball__physical_placement_person_subject__object_first,between_worn_shoes__name_2__obj_ball__physical_placement_person_subject__object_first__far_direct_far,far_evidence_only,direct_far,between_worn_shoes,explicit_clothing_control,person_subject,object_first
between_worn_shoes__name_2__obj_ball__physical_placement_person_subject__object_first,between_worn_shoes__name_2__obj_ball__physical_placement_person_subject__object_first__far_synonym_distant,far_evidence_only,synonym_distant,between_worn_shoes,explicit_clothing_control,person_subject,object_first
between_worn_shoes__name_2__obj_ball__physical_placement_person_subject__object_first,between_worn_shoes__name_2__obj_ball__physical_placement_person_subject__object_first__far_large_distance,far_evidence_only,large_distance,between_worn_shoes,explicit_clothing_control,person_subject,object_first
between_worn_shoes__name_2__obj_bag__physical_placement__person_first,between_worn_shoes__name_2__obj_bag__physical_placement__person_first__far_direct_far,far_evidence_only,direct_far,between_worn_shoes,explicit_clothing_control,object_subject,person_first
between_worn_shoes__name_2__obj_bag__physical_placement__person_first,between_worn_shoes__name_2__obj_bag__physical_placement__person_first__far_synonym_distant,far_evidence_only,synonym_distant,between_worn_shoes,explicit_clothing_control,object_subject,person_first
between_worn_shoes__name_2__obj_bag__physical_placement__person_first,between_worn_shoes__name_2__obj_bag__physical_placement__person_first__far_large_distance,far_evidence_only,large_distance,between_worn_shoes,explicit_clothing_control,object_subject,person_first
between_worn_shoes__name_2__obj_bag__physical_placement__object_first,between_worn_shoes__name_2__obj_bag__physical_placement__object_first__far_direct_far,far_evidence_only,direct_far,between_worn_shoes,explicit_clothing_control,object_subject,object_first
between_worn_shoes__name_2__obj_bag__physical_placement__object_first,between_worn_shoes__name_2__obj_bag__physical_placement__object_first__far_synonym_distant,far_evidence_only,synonym_distant,between_worn_shoes,explicit_clothing_control,object_subject,object_first
between_worn_shoes__name_2__obj_bag__physical_placement__object_first,between_worn_shoes__name_2__obj_bag__physical_placement__object_first__far_large_distance,far_evidence_only,large_distance,between_worn_shoes,explicit_clothing_control,object_subject,object_first
between_worn_shoes__name_2__obj_bag__physical_placement_fronted__person_first,between_worn_shoes__name_2__obj_bag__physical_placement_fronted__person_first__far_direct_far,far_evidence_only,direct_far,between_worn_shoes,explicit_clothing_control,fronted_location,person_first
between_worn_shoes__name_2__obj_bag__physical_placement_fronted__person_first,between_worn_shoes__name_2__obj_bag__physical_placement_fronted__person_first__far_synonym_distant,far_evidence_only,synonym_distant,between_worn_shoes,explicit_clothing_control,fronted_location,person_first
between_worn_shoes__name_2__obj_bag__physical_placement_fronted__person_first,between_worn_shoes__name_2__obj_bag__physical_placement_fronted__person_first__far_large_distance,far_evidence_only,large_distance,between_worn_shoes,explicit_clothing_control,fronted_location,person_first
between_worn_shoes__name_2__obj_bag__physical_placement_fronted__object_first,between_worn_shoes__name_2__obj_bag__physical_placement_fronted__object_first__far_direct_far,far_evidence_only,direct_far,between_worn_shoes,explicit_clothing_control,fronted_location,object_first
between_worn_shoes__name_2__obj_bag__physical_placement_fronted__object_first,between_worn_shoes__name_2__obj_bag__physical_placement_fronted__object_first__far_synonym_distant,far_evidence_only,synonym_distant,between_worn_shoes,explicit_clothing_control,fronted_location,object_first
between_worn_shoes__name_2__obj_bag__physical_placement_fronted__object_first,between_worn_shoes__name_2__obj_bag__physical_placement_fronted__object_first__far_large_distance,far_evidence_only,large_distance,between_worn_shoes,explicit_clothing_control,fronted_location,object_first
between_worn_shoes__name_2__obj_bag__physical_placement_person_subject__person_first,between_worn_shoes__name_2__obj_bag__physical_placement_person_subject__person_first__far_direct_far,far_evidence_only,direct_far,between_worn_shoes,explicit_clothing_control,person_subject,person_first
between_worn_shoes__name_2__obj_bag__physical_placement_person_subject__person_first,between_worn_shoes__name_2__obj_bag__physical_placement_person_subject__person_first__far_synonym_distant,far_evidence_only,synonym_distant,between_worn_shoes,explicit_clothing_control,person_subject,person_first
between_worn_shoes__name_2__obj_bag__physical_placement_person_subject__person_first,between_worn_shoes__name_2__obj_bag__physical_placement_person_subject__person_first__far_large_distance,far_evidence_only,large_distance,between_worn_shoes,explicit_clothing_control,person_subject,person_first
between_worn_shoes__name_2__obj_bag__physical_placement_person_subject__object_first,between_worn_shoes__name_2__obj_bag__physical_placement_person_subject__object_first__far_direct_far,far_evidence_only,direct_far,between_worn_shoes,explicit_clothing_control,person_subject,object_first
between_worn_shoes__name_2__obj_bag__physical_placement_person_subject__object_first,between_worn_shoes__name_2__obj_bag__physical_placement_person_subject__object_first__far_synonym_distant,far_evidence_only,synonym_distant,between_worn_shoes,explicit_clothing_control,person_subject,object_first
between_worn_shoes__name_2__obj_bag__physical_placement_person_subject__object_first,between_worn_shoes__name_2__obj_bag__physical_placement_person_subject__object_first__far_large_distance,far_evidence_only,large_distance,between_worn_shoes,explicit_clothing_control,person_subject,object_first
between_worn_shoes__name_2__obj_book__physical_placement__person_first,between_worn_shoes__name_2__obj_book__physical_placement__person_first__far_direct_far,far_evidence_only,direct_far,between_worn_shoes,explicit_clothing_control,object_subject,person_first
between_worn_shoes__name_2__obj_book__physical_placement__person_first,between_worn_shoes__name_2__obj_book__physical_placement__person_first__far_synonym_distant,far_evidence_only,synonym_distant,between_worn_shoes,explicit_clothing_control,object_subject,person_first
between_worn_shoes__name_2__obj_book__physical_placement__person_first,between_worn_shoes__name_2__obj_book__physical_placement__person_first__far_large_distance,far_evidence_only,large_distance,between_worn_shoes,explicit_clothing_control,object_subject,person_first
between_worn_shoes__name_2__obj_book__physical_placement__object_first,between_worn_shoes__name_2__obj_book__physical_placement__object_first__far_direct_far,far_evidence_only,direct_far,between_worn_shoes,explicit_clothing_control,object_subject,object_first
between_worn_shoes__name_2__obj_book__physical_placement__object_first,between_worn_shoes__name_2__obj_book__physical_placement__object_first__far_synonym_distant,far_evidence_only,synonym_distant,between_worn_shoes,explicit_clothing_control,object_subject,object_first
between_worn_shoes__name_2__obj_book__physical_placement__object_first,between_worn_shoes__name_2__obj_book__physical_placement__object_first__far_large_distance,far_evidence_only,large_distance,between_worn_shoes,explicit_clothing_control,object_subject,object_first
between_worn_shoes__name_2__obj_book__physical_placement_fronted__person_first,between_worn_shoes__name_2__obj_book__physical_placement_fronted__person_first__far_direct_far,far_evidence_only,direct_far,between_worn_shoes,explicit_clothing_control,fronted_location,person_first
between_worn_shoes__name_2__obj_book__physical_placement_fronted__person_first,between_worn_shoes__name_2__obj_book__physical_placement_fronted__person_first__far_synonym_distant,far_evidence_only,synonym_distant,between_worn_shoes,explicit_clothing_control,fronted_location,person_first
between_worn_shoes__name_2__obj_book__physical_placement_fronted__person_first,between_worn_shoes__name_2__obj_book__physical_placement_fronted__person_first__far_large_distance,far_evidence_only,large_distance,between_worn_shoes,explicit_clothing_control,fronted_location,person_first
between_worn_shoes__name_2__obj_book__physical_placement_fronted__object_first,between_worn_shoes__name_2__obj_book__physical_placement_fronted__object_first__far_direct_far,far_evidence_only,direct_far,between_worn_shoes,explicit_clothing_control,fronted_location,object_first
between_worn_shoes__name_2__obj_book__physical_placement_fronted__object_first,between_worn_shoes__name_2__obj_book__physical_placement_fronted__object_first__far_synonym_distant,far_evidence_only,synonym_distant,between_worn_shoes,explicit_clothing_control,fronted_location,object_first
between_worn_shoes__name_2__obj_book__physical_placement_fronted__object_first,between_worn_shoes__name_2__obj_book__physical_placement_fronted__object_first__far_large_distance,far_evidence_only,large_distance,between_worn_shoes,explicit_clothing_control,fronted_location,object_first
between_worn_shoes__name_2__obj_book__physical_placement_person_subject__person_first,between_worn_shoes__name_2__obj_book__physical_placement_person_subject__person_first__far_direct_far,far_evidence_only,direct_far,between_worn_shoes,explicit_clothing_control,person_subject,person_first
between_worn_shoes__name_2__obj_book__physical_placement_person_subject__person_first,between_worn_shoes__name_2__obj_book__physical_placement_person_subject__person_first__far_synonym_distant,far_evidence_only,synonym_distant,between_worn_shoes,explicit_clothing_control,person_subject,person_first
between_worn_shoes__name_2__obj_book__physical_placement_person_subject__person_first,between_worn_shoes__name_2__obj_book__physical_placement_person_subject__person_first__far_large_distance,far_evidence_only,large_distance,between_worn_shoes,explicit_clothing_control,person_subject,person_first
between_worn_shoes__name_2__obj_book__physical_placement_person_subject__object_first,between_worn_shoes__name_2__obj_book__physical_placement_person_subject__object_first__far_direct_far,far_evidence_only,direct_far,between_worn_shoes,explicit_clothing_control,person_subject,object_first
between_worn_shoes__name_2__obj_book__physical_placement_person_subject__object_first,between_worn_shoes__name_2__obj_book__physical_placement_person_subject__object_first__far_synonym_distant,far_evidence_only,synonym_distant,between_worn_shoes,explicit_clothing_control,person_subject,object_first
between_worn_shoes__name_2__obj_book__physical_placement_person_subject__object_first,between_worn_shoes__name_2__obj_book__physical_placement_person_subject__object_first__far_large_distance,far_evidence_only,large_distance,between_worn_shoes,explicit_clothing_control,person_subject,object_first
between_worn_shoes__name_2__obj_cone__physical_placement__person_first,between_worn_shoes__name_2__obj_cone__physical_placement__person_first__far_direct_far,far_evidence_only,direct_far,between_worn_shoes,explicit_clothing_control,object_subject,person_first
between_worn_shoes__name_2__obj_cone__physical_placement__person_first,between_worn_shoes__name_2__obj_cone__physical_placement__person_first__far_synonym_distant,far_evidence_only,synonym_distant,between_worn_shoes,explicit_clothing_control,object_subject,person_first
between_worn_shoes__name_2__obj_cone__physical_placement__person_first,between_worn_shoes__name_2__obj_cone__physical_placement__person_first__far_large_distance,far_evidence_only,large_distance,between_worn_shoes,explicit_clothing_control,object_subject,person_first
between_worn_shoes__name_2__obj_cone__physical_placement__object_first,between_worn_shoes__name_2__obj_cone__physical_placement__object_first__far_direct_far,far_evidence_only,direct_far,between_worn_shoes,explicit_clothing_control,object_subject,object_first
between_worn_shoes__name_2__obj_cone__physical_placement__object_first,between_worn_shoes__name_2__obj_cone__physical_placement__object_first__far_synonym_distant,far_evidence_only,synonym_distant,between_worn_shoes,explicit_clothing_control,object_subject,object_first
between_worn_shoes__name_2__obj_cone__physical_placement__object_first,between_worn_shoes__name_2__obj_cone__physical_placement__object_first__far_large_distance,far_evidence_only,large_distance,between_worn_shoes,explicit_clothing_control,object_subject,object_first
between_worn_shoes__name_2__obj_cone__physical_placement_fronted__person_first,between_worn_shoes__name_2__obj_cone__physical_placement_fronted__person_first__far_direct_far,far_evidence_only,direct_far,between_worn_shoes,explicit_clothing_control,fronted_location,person_first
between_worn_shoes__name_2__obj_cone__physical_placement_fronted__person_first,between_worn_shoes__name_2__obj_cone__physical_placement_fronted__person_first__far_synonym_distant,far_evidence_only,synonym_distant,between_worn_shoes,explicit_clothing_control,fronted_location,person_first
between_worn_shoes__name_2__obj_cone__physical_placement_fronted__person_first,between_worn_shoes__name_2__obj_cone__physical_placement_fronted__person_first__far_large_distance,far_evidence_only,large_distance,between_worn_shoes,explicit_clothing_control,fronted_location,person_first
between_worn_shoes__name_2__obj_cone__physical_placement_fronted__object_first,between_worn_shoes__name_2__obj_cone__physical_placement_fronted__object_first__far_direct_far,far_evidence_only,direct_far,between_worn_shoes,explicit_clothing_control,fronted_location,object_first
between_worn_shoes__name_2__obj_cone__physical_placement_fronted__object_first,between_worn_shoes__name_2__obj_cone__physical_placement_fronted__object_first__far_synonym_distant,far_evidence_only,synonym_distant,between_worn_shoes,explicit_clothing_control,fronted_location,object_first
between_worn_shoes__name_2__obj_cone__physical_placement_fronted__object_first,between_worn_shoes__name_2__obj_cone__physical_placement_fronted__object_first__far_large_distance,far_evidence_only,large_distance,between_worn_shoes,explicit_clothing_control,fronted_location,object_first
between_worn_shoes__name_2__obj_cone__physical_placement_person_subject__person_first,between_worn_shoes__name_2__obj_cone__physical_placement_person_subject__person_first__far_direct_far,far_evidence_only,direct_far,between_worn_shoes,explicit_clothing_control,person_subject,person_first
between_worn_shoes__name_2__obj_cone__physical_placement_person_subject__person_first,between_worn_shoes__name_2__obj_cone__physical_placement_person_subject__person_first__far_synonym_distant,far_evidence_only,synonym_distant,between_worn_shoes,explicit_clothing_control,person_subject,person_first
between_worn_shoes__name_2__obj_cone__physical_placement_person_subject__person_first,between_worn_shoes__name_2__obj_cone__physical_placement_person_subject__person_first__far_large_distance,far_evidence_only,large_distance,between_worn_shoes,explicit_clothing_control,person_subject,person_first
between_worn_shoes__name_2__obj_cone__physical_placement_person_subject__object_first,between_worn_shoes__name_2__obj_cone__physical_placement_person_subject__object_first__far_direct_far,far_evidence_only,direct_far,between_worn_shoes,explicit_clothing_control,person_subject,object_first
between_worn_shoes__name_2__obj_cone__physical_placement_person_subject__object_first,between_worn_shoes__name_2__obj_cone__physical_placement_person_subject__object_first__far_synonym_distant,far_evidence_only,synonym_distant,between_worn_shoes,explicit_clothing_control,person_subject,object_first
between_worn_shoes__name_2__obj_cone__physical_placement_person_subject__object_first,between_worn_shoes__name_2__obj_cone__physical_placement_person_subject__object_first__far_large_distance,far_evidence_only,large_distance,between_worn_shoes,explicit_clothing_control,person_subject,object_first
between_worn_shoes__name_3__obj_ball__physical_placement__person_first,between_worn_shoes__name_3__obj_ball__physical_placement__person_first__far_direct_far,far_evidence_only,direct_far,between_worn_shoes,explicit_clothing_control,object_subject,person_first
between_worn_shoes__name_3__obj_ball__physical_placement__person_first,between_worn_shoes__name_3__obj_ball__physical_placement__person_first__far_synonym_distant,far_evidence_only,synonym_distant,between_worn_shoes,explicit_clothing_control,object_subject,person_first
between_worn_shoes__name_3__obj_ball__physical_placement__person_first,between_worn_shoes__name_3__obj_ball__physical_placement__person_first__far_large_distance,far_evidence_only,large_distance,between_worn_shoes,explicit_clothing_control,object_subject,person_first
between_worn_shoes__name_3__obj_ball__physical_placement__object_first,between_worn_shoes__name_3__obj_ball__physical_placement__object_first__far_direct_far,far_evidence_only,direct_far,between_worn_shoes,explicit_clothing_control,object_subject,object_first
between_worn_shoes__name_3__obj_ball__physical_placement__object_first,between_worn_shoes__name_3__obj_ball__physical_placement__object_first__far_synonym_distant,far_evidence_only,synonym_distant,between_worn_shoes,explicit_clothing_control,object_subject,object_first
between_worn_shoes__name_3__obj_ball__physical_placement__object_first,between_worn_shoes__name_3__obj_ball__physical_placement__object_first__far_large_distance,far_evidence_only,large_distance,between_worn_shoes,explicit_clothing_control,object_subject,object_first
between_worn_shoes__name_3__obj_ball__physical_placement_fronted__person_first,between_worn_shoes__name_3__obj_ball__physical_placement_fronted__person_first__far_direct_far,far_evidence_only,direct_far,between_worn_shoes,explicit_clothing_control,fronted_location,person_first
between_worn_shoes__name_3__obj_ball__physical_placement_fronted__person_first,between_worn_shoes__name_3__obj_ball__physical_placement_fronted__person_first__far_synonym_distant,far_evidence_only,synonym_distant,between_worn_shoes,explicit_clothing_control,fronted_location,person_first
between_worn_shoes__name_3__obj_ball__physical_placement_fronted__person_first,between_worn_shoes__name_3__obj_ball__physical_placement_fronted__person_first__far_large_distance,far_evidence_only,large_distance,between_worn_shoes,explicit_clothing_control,fronted_location,person_first
between_worn_shoes__name_3__obj_ball__physical_placement_fronted__object_first,between_worn_shoes__name_3__obj_ball__physical_placement_fronted__object_first__far_direct_far,far_evidence_only,direct_far,between_worn_shoes,explicit_clothing_control,fronted_location,object_first
between_worn_shoes__name_3__obj_ball__physical_placement_fronted__object_first,between_worn_shoes__name_3__obj_ball__physical_placement_fronted__object_first__far_synonym_distant,far_evidence_only,synonym_distant,between_worn_shoes,explicit_clothing_control,fronted_location,object_first
between_worn_shoes__name_3__obj_ball__physical_placement_fronted__object_first,between_worn_shoes__name_3__obj_ball__physical_placement_fronted__object_first__far_large_distance,far_evidence_only,large_distance,between_worn_shoes,explicit_clothing_control,fronted_location,object_first
between_worn_shoes__name_3__obj_ball__physical_placement_person_subject__person_first,between_worn_shoes__name_3__obj_ball__physical_placement_person_subject__person_first__far_direct_far,far_evidence_only,direct_far,between_worn_shoes,explicit_clothing_control,person_subject,person_first
between_worn_shoes__name_3__obj_ball__physical_placement_person_subject__person_first,between_worn_shoes__name_3__obj_ball__physical_placement_person_subject__person_first__far_synonym_distant,far_evidence_only,synonym_distant,between_worn_shoes,explicit_clothing_control,person_subject,person_first
between_worn_shoes__name_3__obj_ball__physical_placement_person_subject__person_first,between_worn_shoes__name_3__obj_ball__physical_placement_person_subject__person_first__far_large_distance,far_evidence_only,large_distance,between_worn_shoes,explicit_clothing_control,person_subject,person_first
between_worn_shoes__name_3__obj_ball__physical_placement_person_subject__object_first,between_worn_shoes__name_3__obj_ball__physical_placement_person_subject__object_first__far_direct_far,far_evidence_only,direct_far,between_worn_shoes,explicit_clothing_control,person_subject,object_first
between_worn_shoes__name_3__obj_ball__physical_placement_person_subject__object_first,between_worn_shoes__name_3__obj_ball__physical_placement_person_subject__object_first__far_synonym_distant,far_evidence_only,synonym_distant,between_worn_shoes,explicit_clothing_control,person_subject,object_first
between_worn_shoes__name_3__obj_ball__physical_placement_person_subject__object_first,between_worn_shoes__name_3__obj_ball__physical_placement_person_subject__object_first__far_large_distance,far_evidence_only,large_distance,between_worn_shoes,explicit_clothing_control,person_subject,object_first
between_worn_shoes__name_3__obj_bag__physical_placement__person_first,between_worn_shoes__name_3__obj_bag__physical_placement__person_first__far_direct_far,far_evidence_only,direct_far,between_worn_shoes,explicit_clothing_control,object_subject,person_first
between_worn_shoes__name_3__obj_bag__physical_placement__person_first,between_worn_shoes__name_3__obj_bag__physical_placement__person_first__far_synonym_distant,far_evidence_only,synonym_distant,between_worn_shoes,explicit_clothing_control,object_subject,person_first
between_worn_shoes__name_3__obj_bag__physical_placement__person_first,between_worn_shoes__name_3__obj_bag__physical_placement__person_first__far_large_distance,far_evidence_only,large_distance,between_worn_shoes,explicit_clothing_control,object_subject,person_first
between_worn_shoes__name_3__obj_bag__physical_placement__object_first,between_worn_shoes__name_3__obj_bag__physical_placement__object_first__far_direct_far,far_evidence_only,direct_far,between_worn_shoes,explicit_clothing_control,object_subject,object_first
between_worn_shoes__name_3__obj_bag__physical_placement__object_first,between_worn_shoes__name_3__obj_bag__physical_placement__object_first__far_synonym_distant,far_evidence_only,synonym_distant,between_worn_shoes,explicit_clothing_control,object_subject,object_first
between_worn_shoes__name_3__obj_bag__physical_placement__object_first,between_worn_shoes__name_3__obj_bag__physical_placement__object_first__far_large_distance,far_evidence_only,large_distance,between_worn_shoes,explicit_clothing_control,object_subject,object_first
between_worn_shoes__name_3__obj_bag__physical_placement_fronted__person_first,between_worn_shoes__name_3__obj_bag__physical_placement_fronted__person_first__far_direct_far,far_evidence_only,direct_far,between_worn_shoes,explicit_clothing_control,fronted_location,person_first
between_worn_shoes__name_3__obj_bag__physical_placement_fronted__person_first,between_worn_shoes__name_3__obj_bag__physical_placement_fronted__person_first__far_synonym_distant,far_evidence_only,synonym_distant,between_worn_shoes,explicit_clothing_control,fronted_location,person_first
between_worn_shoes__name_3__obj_bag__physical_placement_fronted__person_first,between_worn_shoes__name_3__obj_bag__physical_placement_fronted__person_first__far_large_distance,far_evidence_only,large_distance,between_worn_shoes,explicit_clothing_control,fronted_location,person_first
between_worn_shoes__name_3__obj_bag__physical_placement_fronted__object_first,between_worn_shoes__name_3__obj_bag__physical_placement_fronted__object_first__far_direct_far,far_evidence_only,direct_far,between_worn_shoes,explicit_clothing_control,fronted_location,object_first
between_worn_shoes__name_3__obj_bag__physical_placement_fronted__object_first,between_worn_shoes__name_3__obj_bag__physical_placement_fronted__object_first__far_synonym_distant,far_evidence_only,synonym_distant,between_worn_shoes,explicit_clothing_control,fronted_location,object_first
between_worn_shoes__name_3__obj_bag__physical_placement_fronted__object_first,between_worn_shoes__name_3__obj_bag__physical_placement_fronted__object_first__far_large_distance,far_evidence_only,large_distance,between_worn_shoes,explicit_clothing_control,fronted_location,object_first
between_worn_shoes__name_3__obj_bag__physical_placement_person_subject__person_first,between_worn_shoes__name_3__obj_bag__physical_placement_person_subject__person_first__far_direct_far,far_evidence_only,direct_far,between_worn_shoes,explicit_clothing_control,person_subject,person_first
between_worn_shoes__name_3__obj_bag__physical_placement_person_subject__person_first,between_worn_shoes__name_3__obj_bag__physical_placement_person_subject__person_first__far_synonym_distant,far_evidence_only,synonym_distant,between_worn_shoes,explicit_clothing_control,person_subject,person_first
between_worn_shoes__name_3__obj_bag__physical_placement_person_subject__person_first,between_worn_shoes__name_3__obj_bag__physical_placement_person_subject__person_first__far_large_distance,far_evidence_only,large_distance,between_worn_shoes,explicit_clothing_control,person_subject,person_first
between_worn_shoes__name_3__obj_bag__physical_placement_person_subject__object_first,between_worn_shoes__name_3__obj_bag__physical_placement_person_subject__object_first__far_direct_far,far_evidence_only,direct_far,between_worn_shoes,explicit_clothing_control,person_subject,object_first
between_worn_shoes__name_3__obj_bag__physical_placement_person_subject__object_first,between_worn_shoes__name_3__obj_bag__physical_placement_person_subject__object_first__far_synonym_distant,far_evidence_only,synonym_distant,between_worn_shoes,explicit_clothing_control,person_subject,object_first
between_worn_shoes__name_3__obj_bag__physical_placement_person_subject__object_first,between_worn_shoes__name_3__obj_bag__physical_placement_person_subject__object_first__far_large_distance,far_evidence_only,large_distance,between_worn_shoes,explicit_clothing_control,person_subject,object_first
between_worn_shoes__name_3__obj_book__physical_placement__person_first,between_worn_shoes__name_3__obj_book__physical_placement__person_first__far_direct_far,far_evidence_only,direct_far,between_worn_shoes,explicit_clothing_control,object_subject,person_first
between_worn_shoes__name_3__obj_book__physical_placement__person_first,between_worn_shoes__name_3__obj_book__physical_placement__person_first__far_synonym_distant,far_evidence_only,synonym_distant,between_worn_shoes,explicit_clothing_control,object_subject,person_first
between_worn_shoes__name_3__obj_book__physical_placement__person_first,between_worn_shoes__name_3__obj_book__physical_placement__person_first__far_large_distance,far_evidence_only,large_distance,between_worn_shoes,explicit_clothing_control,object_subject,person_first
between_worn_shoes__name_3__obj_book__physical_placement__object_first,between_worn_shoes__name_3__obj_book__physical_placement__object_first__far_direct_far,far_evidence_only,direct_far,between_worn_shoes,explicit_clothing_control,object_subject,object_first
between_worn_shoes__name_3__obj_book__physical_placement__object_first,between_worn_shoes__name_3__obj_book__physical_placement__object_first__far_synonym_distant,far_evidence_only,synonym_distant,between_worn_shoes,explicit_clothing_control,object_subject,object_first
between_worn_shoes__name_3__obj_book__physical_placement__object_first,between_worn_shoes__name_3__obj_book__physical_placement__object_first__far_large_distance,far_evidence_only,large_distance,between_worn_shoes,explicit_clothing_control,object_subject,object_first
between_worn_shoes__name_3__obj_book__physical_placement_fronted__person_first,between_worn_shoes__name_3__obj_book__physical_placement_fronted__person_first__far_direct_far,far_evidence_only,direct_far,between_worn_shoes,explicit_clothing_control,fronted_location,person_first
between_worn_shoes__name_3__obj_book__physical_placement_fronted__person_first,between_worn_shoes__name_3__obj_book__physical_placement_fronted__person_first__far_synonym_distant,far_evidence_only,synonym_distant,between_worn_shoes,explicit_clothing_control,fronted_location,person_first
between_worn_shoes__name_3__obj_book__physical_placement_fronted__person_first,between_worn_shoes__name_3__obj_book__physical_placement_fronted__person_first__far_large_distance,far_evidence_only,large_distance,between_worn_shoes,explicit_clothing_control,fronted_location,person_first
between_worn_shoes__name_3__obj_book__physical_placement_fronted__object_first,between_worn_shoes__name_3__obj_book__physical_placement_fronted__object_first__far_direct_far,far_evidence_only,direct_far,between_worn_shoes,explicit_clothing_control,fronted_location,object_first
between_worn_shoes__name_3__obj_book__physical_placement_fronted__object_first,between_worn_shoes__name_3__obj_book__physical_placement_fronted__object_first__far_synonym_distant,far_evidence_only,synonym_distant,between_worn_shoes,explicit_clothing_control,fronted_location,object_first
between_worn_shoes__name_3__obj_book__physical_placement_fronted__object_first,between_worn_shoes__name_3__obj_book__physical_placement_fronted__object_first__far_large_distance,far_evidence_only,large_distance,between_worn_shoes,explicit_clothing_control,fronted_location,object_first
between_worn_shoes__name_3__obj_book__physical_placement_person_subject__person_first,between_worn_shoes__name_3__obj_book__physical_placement_person_subject__person_first__far_direct_far,far_evidence_only,direct_far,between_worn_shoes,explicit_clothing_control,person_subject,person_first
between_worn_shoes__name_3__obj_book__physical_placement_person_subject__person_first,between_worn_shoes__name_3__obj_book__physical_placement_person_subject__person_first__far_synonym_distant,far_evidence_only,synonym_distant,between_worn_shoes,explicit_clothing_control,person_subject,person_first
between_worn_shoes__name_3__obj_book__physical_placement_person_subject__person_first,between_worn_shoes__name_3__obj_book__physical_placement_person_subject__person_first__far_large_distance,far_evidence_only,large_distance,between_worn_shoes,explicit_clothing_control,person_subject,person_first
between_worn_shoes__name_3__obj_book__physical_placement_person_subject__object_first,between_worn_shoes__name_3__obj_book__physical_placement_person_subject__object_first__far_direct_far,far_evidence_only,direct_far,between_worn_shoes,explicit_clothing_control,person_subject,object_first
between_worn_shoes__name_3__obj_book__physical_placement_person_subject__object_first,between_worn_shoes__name_3__obj_book__physical_placement_person_subject__object_first__far_synonym_distant,far_evidence_only,synonym_distant,between_worn_shoes,explicit_clothing_control,person_subject,object_first
between_worn_shoes__name_3__obj_book__physical_placement_person_subject__object_first,between_worn_shoes__name_3__obj_book__physical_placement_person_subject__object_first__far_large_distance,far_evidence_only,large_distance,between_worn_shoes,explicit_clothing_control,person_subject,object_first
between_worn_shoes__name_3__obj_cone__physical_placement__person_first,between_worn_shoes__name_3__obj_cone__physical_placement__person_first__far_direct_far,far_evidence_only,direct_far,between_worn_shoes,explicit_clothing_control,object_subject,person_first
between_worn_shoes__name_3__obj_cone__physical_placement__person_first,between_worn_shoes__name_3__obj_cone__physical_placement__person_first__far_synonym_distant,far_evidence_only,synonym_distant,between_worn_shoes,explicit_clothing_control,object_subject,person_first
between_worn_shoes__name_3__obj_cone__physical_placement__person_first,between_worn_shoes__name_3__obj_cone__physical_placement__person_first__far_large_distance,far_evidence_only,large_distance,between_worn_shoes,explicit_clothing_control,object_subject,person_first
between_worn_shoes__name_3__obj_cone__physical_placement__object_first,between_worn_shoes__name_3__obj_cone__physical_placement__object_first__far_direct_far,far_evidence_only,direct_far,between_worn_shoes,explicit_clothing_control,object_subject,object_first
between_worn_shoes__name_3__obj_cone__physical_placement__object_first,between_worn_shoes__name_3__obj_cone__physical_placement__object_first__far_synonym_distant,far_evidence_only,synonym_distant,between_worn_shoes,explicit_clothing_control,object_subject,object_first
between_worn_shoes__name_3__obj_cone__physical_placement__object_first,between_worn_shoes__name_3__obj_cone__physical_placement__object_first__far_large_distance,far_evidence_only,large_distance,between_worn_shoes,explicit_clothing_control,object_subject,object_first
between_worn_shoes__name_3__obj_cone__physical_placement_fronted__person_first,between_worn_shoes__name_3__obj_cone__physical_placement_fronted__person_first__far_direct_far,far_evidence_only,direct_far,between_worn_shoes,explicit_clothing_control,fronted_location,person_first
between_worn_shoes__name_3__obj_cone__physical_placement_fronted__person_first,between_worn_shoes__name_3__obj_cone__physical_placement_fronted__person_first__far_synonym_distant,far_evidence_only,synonym_distant,between_worn_shoes,explicit_clothing_control,fronted_location,person_first
between_worn_shoes__name_3__obj_cone__physical_placement_fronted__person_first,between_worn_shoes__name_3__obj_cone__physical_placement_fronted__person_first__far_large_distance,far_evidence_only,large_distance,between_worn_shoes,explicit_clothing_control,fronted_location,person_first
between_worn_shoes__name_3__obj_cone__physical_placement_fronted__object_first,between_worn_shoes__name_3__obj_cone__physical_placement_fronted__object_first__far_direct_far,far_evidence_only,direct_far,between_worn_shoes,explicit_clothing_control,fronted_location,object_first
between_worn_shoes__name_3__obj_cone__physical_placement_fronted__object_first,between_worn_shoes__name_3__obj_cone__physical_placement_fronted__object_first__far_synonym_distant,far_evidence_only,synonym_distant,between_worn_shoes,explicit_clothing_control,fronted_location,object_first
between_worn_shoes__name_3__obj_cone__physical_placement_fronted__object_first,between_worn_shoes__name_3__obj_cone__physical_placement_fronted__object_first__far_large_distance,far_evidence_only,large_distance,between_worn_shoes,explicit_clothing_control,fronted_location,object_first
between_worn_shoes__name_3__obj_cone__physical_placement_person_subject__person_first,between_worn_shoes__name_3__obj_cone__physical_placement_person_subject__person_first__far_direct_far,far_evidence_only,direct_far,between_worn_shoes,explicit_clothing_control,person_subject,person_first
between_worn_shoes__name_3__obj_cone__physical_placement_person_subject__person_first,between_worn_shoes__name_3__obj_cone__physical_placement_person_subject__person_first__far_synonym_distant,far_evidence_only,synonym_distant,between_worn_shoes,explicit_clothing_control,person_subject,person_first
between_worn_shoes__name_3__obj_cone__physical_placement_person_subject__person_first,between_worn_shoes__name_3__obj_cone__physical_placement_person_subject__person_first__far_large_distance,far_evidence_only,large_distance,between_worn_shoes,explicit_clothing_control,person_subject,person_first
between_worn_shoes__name_3__obj_cone__physical_placement_person_subject__object_first,between_worn_shoes__name_3__obj_cone__physical_placement_person_subject__object_first__far_direct_far,far_evidence_only,direct_far,between_worn_shoes,explicit_clothing_control,person_subject,object_first
between_worn_shoes__name_3__obj_cone__physical_placement_person_subject__object_first,between_worn_shoes__name_3__obj_cone__physical_placement_person_subject__object_first__far_synonym_distant,far_evidence_only,synonym_distant,between_worn_shoes,explicit_clothing_control,person_subject,object_first
between_worn_shoes__name_3__obj_cone__physical_placement_person_subject__object_first,between_worn_shoes__name_3__obj_cone__physical_placement_person_subject__object_first__far_large_distance,far_evidence_only,large_distance,between_worn_shoes,explicit_clothing_control,person_subject,object_first
