probe_id,probe_version,probe_family,event_family,event_subtype,case_id,object_pair_id,target_object,reference_object,evidence_type,length_band,context_entity_order,target_entity_order,target1_relation_word,target2_relation_word,target_motion_above,target_motion_below,reference_motion_above,reference_motion_below,Context1,Context2,Target1,Target2,correct_target_for_context1,correct_target_for_context2,target_start_above,target_end_above,reference_start_above,reference_end_above,target_start_below,target_end_below,reference_start_below,reference_end_below,Context1_word_count,Context2_word_count,Target1_word_count,Target2_word_count
static_outer__ball_cone__named_shelves__compact__target_first__target_first,1.1,applied,static_placement,outer_shelves,static_outer,ball_cone,ball,cone,named_shelves,compact,target_first,target_first,above,below,still,still,still,still,"The rack's shelves run from bottom through lower, middle, and upper to top. The ball is on the top shelf. The cone is on the bottom shelf.","The rack's shelves run from bottom through lower, middle, and upper to top. The ball is on the bottom shelf. The cone is on the top shelf.",The ball is above the cone.,The ball is below the cone.,Target1,Target2,5,5,1,1,1,1,5,5,28,28,6,6
static_outer__ball_cone__named_shelves__compact__target_first__reference_first,1.1,applied,static_placement,outer_shelves,static_outer,ball_cone,ball,cone,named_shelves,compact,target_first,reference_first,below,above,still,still,still,still,"The rack's shelves run from bottom through lower, middle, and upper to top. The ball is on the top shelf. The cone is on the bottom shelf.","The rack's shelves run from bottom through lower, middle, and upper to top. The ball is on the bottom shelf. The cone is on the top shelf.",The cone is below the ball.,The cone is above the ball.,Target1,Target2,5,5,1,1,1,1,5,5,28,28,6,6
static_outer__ball_cone__named_shelves__compact__reference_first__target_first,1.1,applied,static_placement,outer_shelves,static_outer,ball_cone,ball,cone,named_shelves,compact,reference_first,target_first,above,below,still,still,still,still,"The rack's shelves run from bottom through lower, middle, and upper to top. The cone is on the bottom shelf. The ball is on the top shelf.","The rack's shelves run from bottom through lower, middle, and upper to top. The cone is on the top shelf. The ball is on the bottom shelf.",The ball is above the cone.,The ball is below the cone.,Target1,Target2,5,5,1,1,1,1,5,5,28,28,6,6
static_outer__ball_cone__named_shelves__compact__reference_first__reference_first,1.1,applied,static_placement,outer_shelves,static_outer,ball_cone,ball,cone,named_shelves,compact,reference_first,reference_first,below,above,still,still,still,still,"The rack's shelves run from bottom through lower, middle, and upper to top. The cone is on the bottom shelf. The ball is on the top shelf.","The rack's shelves run from bottom through lower, middle, and upper to top. The cone is on the top shelf. The ball is on the bottom shelf.",The cone is below the ball.,The cone is above the ball.,Target1,Target2,5,5,1,1,1,1,5,5,28,28,6,6
static_outer__ball_cone__named_shelves__standard__target_first__target_first,1.1,applied,static_placement,outer_shelves,static_outer,ball_cone,ball,cone,named_shelves,standard,target_first,target_first,above,below,still,still,still,still,"In the room, a five-tier rack has bottom, lower, middle, upper, and top shelves, in that vertical order. The ball is on the top shelf. The cone is on the bottom shelf.","In the room, a five-tier rack has bottom, lower, middle, upper, and top shelves, in that vertical order. The ball is on the bottom shelf. The cone is on the top shelf.",The ball is above the cone.,The ball is below the cone.,Target1,Target2,5,5,1,1,1,1,5,5,33,33,6,6
static_outer__ball_cone__named_shelves__standard__target_first__reference_first,1.1,applied,static_placement,outer_shelves,static_outer,ball_cone,ball,cone,named_shelves,standard,target_first,reference_first,below,above,still,still,still,still,"In the room, a five-tier rack has bottom, lower, middle, upper, and top shelves, in that vertical order. The ball is on the top shelf. The cone is on the bottom shelf.","In the room, a five-tier rack has bottom, lower, middle, upper, and top shelves, in that vertical order. The ball is on the bottom shelf. The cone is on the top shelf.",The cone is below the ball.,The cone is above the ball.,Target1,Target2,5,5,1,1,1,1,5,5,33,33,6,6
static_outer__ball_cone__named_shelves__standard__reference_first__target_first,1.1,applied,static_placement,outer_shelves,static_outer,ball_cone,ball,cone,named_shelves,standard,reference_first,target_first,above,below,still,still,still,still,"In the room, a five-tier rack has bottom, lower, middle, upper, and top shelves, in that vertical order. The cone is on the bottom shelf. The ball is on the top shelf.","In the room, a five-tier rack has bottom, lower, middle, upper, and top shelves, in that vertical order. The cone is on the top shelf. The ball is on the bottom shelf.",The ball is above the cone.,The ball is below the cone.,Target1,Target2,5,5,1,1,1,1,5,5,33,33,6,6
static_outer__ball_cone__named_shelves__standard__reference_first__reference_first,1.1,applied,static_placement,outer_shelves,static_outer,ball_cone,ball,cone,named_shelves,standard,reference_first,reference_first,below,above,still,still,still,still,"In the room, a five-tier rack has bottom, lower, middle, upper, and top shelves, in that vertical order. The cone is on the bottom shelf. The ball is on the top shelf.","In the room, a five-tier rack has bottom, lower, middle, upper, and top shelves, in that vertical order. The cone is on the top shelf. The ball is on the bottom shelf.",The cone is below the ball.,The cone is above the ball.,Target1,Target2,5,5,1,1,1,1,5,5,33,33,6,6
static_outer__ball_cone__named_shelves__expanded__target_first__target_first,1.1,applied,static_placement,outer_shelves,static_outer,ball_cone,ball,cone,named_shelves,expanded,target_first,target_first,above,below,still,still,still,still,"In the room, a fixed five-tier rack has bottom, lower, middle, upper, and top shelves, in that vertical order. Each shelf stays at its level throughout the scene. The ball is on the top shelf. The cone is on the bottom shelf.","In the room, a fixed five-tier rack has bottom, lower, middle, upper, and top shelves, in that vertical order. Each shelf stays at its level throughout the scene. The ball is on the bottom shelf. The cone is on the top shelf.",The ball is above the cone.,The ball is below the cone.,Target1,Target2,5,5,1,1,1,1,5,5,43,43,6,6
static_outer__ball_cone__named_shelves__expanded__target_first__reference_first,1.1,applied,static_placement,outer_shelves,static_outer,ball_cone,ball,cone,named_shelves,expanded,target_first,reference_first,below,above,still,still,still,still,"In the room, a fixed five-tier rack has bottom, lower, middle, upper, and top shelves, in that vertical order. Each shelf stays at its level throughout the scene. The ball is on the top shelf. The cone is on the bottom shelf.","In the room, a fixed five-tier rack has bottom, lower, middle, upper, and top shelves, in that vertical order. Each shelf stays at its level throughout the scene. The ball is on the bottom shelf. The cone is on the top shelf.",The cone is below the ball.,The cone is above the ball.,Target1,Target2,5,5,1,1,1,1,5,5,43,43,6,6
static_outer__ball_cone__named_shelves__expanded__reference_first__target_first,1.1,applied,static_placement,outer_shelves,static_outer,ball_cone,ball,cone,named_shelves,expanded,reference_first,target_first,above,below,still,still,still,still,"In the room, a fixed five-tier rack has bottom, lower, middle, upper, and top shelves, in that vertical order. Each shelf stays at its level throughout the scene. The cone is on the bottom shelf. The ball is on the top shelf.","In the room, a fixed five-tier rack has bottom, lower, middle, upper, and top shelves, in that vertical order. Each shelf stays at its level throughout the scene. The cone is on the top shelf. The ball is on the bottom shelf.",The ball is above the cone.,The ball is below the cone.,Target1,Target2,5,5,1,1,1,1,5,5,43,43,6,6
static_outer__ball_cone__named_shelves__expanded__reference_first__reference_first,1.1,applied,static_placement,outer_shelves,static_outer,ball_cone,ball,cone,named_shelves,expanded,reference_first,reference_first,below,above,still,still,still,still,"In the room, a fixed five-tier rack has bottom, lower, middle, upper, and top shelves, in that vertical order. Each shelf stays at its level throughout the scene. The cone is on the bottom shelf. The ball is on the top shelf.","In the room, a fixed five-tier rack has bottom, lower, middle, upper, and top shelves, in that vertical order. Each shelf stays at its level throughout the scene. The cone is on the top shelf. The ball is on the bottom shelf.",The cone is below the ball.,The cone is above the ball.,Target1,Target2,5,5,1,1,1,1,5,5,43,43,6,6
static_outer__ball_cone__measured_height__compact__target_first__target_first,1.1,applied,static_placement,outer_shelves,static_outer,ball_cone,ball,cone,measured_height,compact,target_first,target_first,above,below,still,still,still,still,Heights are measured from the floor. The ball is at a height of 5 feet from the floor. The cone is at a height of 1 foot from the floor.,Heights are measured from the floor. The ball is at a height of 1 foot from the floor. The cone is at a height of 5 feet from the floor.,The ball is above the cone.,The ball is below the cone.,Target1,Target2,5,5,1,1,1,1,5,5,30,30,6,6
static_outer__ball_cone__measured_height__compact__target_first__reference_first,1.1,applied,static_placement,outer_shelves,static_outer,ball_cone,ball,cone,measured_height,compact,target_first,reference_first,below,above,still,still,still,still,Heights are measured from the floor. The ball is at a height of 5 feet from the floor. The cone is at a height of 1 foot from the floor.,Heights are measured from the floor. The ball is at a height of 1 foot from the floor. The cone is at a height of 5 feet from the floor.,The cone is below the ball.,The cone is above the ball.,Target1,Target2,5,5,1,1,1,1,5,5,30,30,6,6
static_outer__ball_cone__measured_height__compact__reference_first__target_first,1.1,applied,static_placement,outer_shelves,static_outer,ball_cone,ball,cone,measured_height,compact,reference_first,target_first,above,below,still,still,still,still,Heights are measured from the floor. The cone is at a height of 1 foot from the floor. The ball is at a height of 5 feet from the floor.,Heights are measured from the floor. The cone is at a height of 5 feet from the floor. The ball is at a height of 1 foot from the floor.,The ball is above the cone.,The ball is below the cone.,Target1,Target2,5,5,1,1,1,1,5,5,30,30,6,6
static_outer__ball_cone__measured_height__compact__reference_first__reference_first,1.1,applied,static_placement,outer_shelves,static_outer,ball_cone,ball,cone,measured_height,compact,reference_first,reference_first,below,above,still,still,still,still,Heights are measured from the floor. The cone is at a height of 1 foot from the floor. The ball is at a height of 5 feet from the floor.,Heights are measured from the floor. The cone is at a height of 5 feet from the floor. The ball is at a height of 1 foot from the floor.,The cone is below the ball.,The cone is above the ball.,Target1,Target2,5,5,1,1,1,1,5,5,30,30,6,6
static_outer__ball_cone__measured_height__standard__target_first__target_first,1.1,applied,static_placement,outer_shelves,static_outer,ball_cone,ball,cone,measured_height,standard,target_first,target_first,above,below,still,still,still,still,"In the room, the heights of both objects are measured from the same floor. The ball is at a height of 5 feet from the floor. The cone is at a height of 1 foot from the floor.","In the room, the heights of both objects are measured from the same floor. The ball is at a height of 1 foot from the floor. The cone is at a height of 5 feet from the floor.",The ball is above the cone.,The ball is below the cone.,Target1,Target2,5,5,1,1,1,1,5,5,38,38,6,6
static_outer__ball_cone__measured_height__standard__target_first__reference_first,1.1,applied,static_placement,outer_shelves,static_outer,ball_cone,ball,cone,measured_height,standard,target_first,reference_first,below,above,still,still,still,still,"In the room, the heights of both objects are measured from the same floor. The ball is at a height of 5 feet from the floor. The cone is at a height of 1 foot from the floor.","In the room, the heights of both objects are measured from the same floor. The ball is at a height of 1 foot from the floor. The cone is at a height of 5 feet from the floor.",The cone is below the ball.,The cone is above the ball.,Target1,Target2,5,5,1,1,1,1,5,5,38,38,6,6
static_outer__ball_cone__measured_height__standard__reference_first__target_first,1.1,applied,static_placement,outer_shelves,static_outer,ball_cone,ball,cone,measured_height,standard,reference_first,target_first,above,below,still,still,still,still,"In the room, the heights of both objects are measured from the same floor. The cone is at a height of 1 foot from the floor. The ball is at a height of 5 feet from the floor.","In the room, the heights of both objects are measured from the same floor. The cone is at a height of 5 feet from the floor. The ball is at a height of 1 foot from the floor.",The ball is above the cone.,The ball is below the cone.,Target1,Target2,5,5,1,1,1,1,5,5,38,38,6,6
static_outer__ball_cone__measured_height__standard__reference_first__reference_first,1.1,applied,static_placement,outer_shelves,static_outer,ball_cone,ball,cone,measured_height,standard,reference_first,reference_first,below,above,still,still,still,still,"In the room, the heights of both objects are measured from the same floor. The cone is at a height of 1 foot from the floor. The ball is at a height of 5 feet from the floor.","In the room, the heights of both objects are measured from the same floor. The cone is at a height of 5 feet from the floor. The ball is at a height of 1 foot from the floor.",The cone is below the ball.,The cone is above the ball.,Target1,Target2,5,5,1,1,1,1,5,5,38,38,6,6
static_outer__ball_cone__measured_height__expanded__target_first__target_first,1.1,applied,static_placement,outer_shelves,static_outer,ball_cone,ball,cone,measured_height,expanded,target_first,target_first,above,below,still,still,still,still,"In the room, the heights of both objects are measured from the same level floor. The floor stays fixed while the objects move or remain still. The ball is at a height of 5 feet from the floor. The cone is at a height of 1 foot from the floor.","In the room, the heights of both objects are measured from the same level floor. The floor stays fixed while the objects move or remain still. The ball is at a height of 1 foot from the floor. The cone is at a height of 5 feet from the floor.",The ball is above the cone.,The ball is below the cone.,Target1,Target2,5,5,1,1,1,1,5,5,50,50,6,6
static_outer__ball_cone__measured_height__expanded__target_first__reference_first,1.1,applied,static_placement,outer_shelves,static_outer,ball_cone,ball,cone,measured_height,expanded,target_first,reference_first,below,above,still,still,still,still,"In the room, the heights of both objects are measured from the same level floor. The floor stays fixed while the objects move or remain still. The ball is at a height of 5 feet from the floor. The cone is at a height of 1 foot from the floor.","In the room, the heights of both objects are measured from the same level floor. The floor stays fixed while the objects move or remain still. The ball is at a height of 1 foot from the floor. The cone is at a height of 5 feet from the floor.",The cone is below the ball.,The cone is above the ball.,Target1,Target2,5,5,1,1,1,1,5,5,50,50,6,6
static_outer__ball_cone__measured_height__expanded__reference_first__target_first,1.1,applied,static_placement,outer_shelves,static_outer,ball_cone,ball,cone,measured_height,expanded,reference_first,target_first,above,below,still,still,still,still,"In the room, the heights of both objects are measured from the same level floor. The floor stays fixed while the objects move or remain still. The cone is at a height of 1 foot from the floor. The ball is at a height of 5 feet from the floor.","In the room, the heights of both objects are measured from the same level floor. The floor stays fixed while the objects move or remain still. The cone is at a height of 5 feet from the floor. The ball is at a height of 1 foot from the floor.",The ball is above the cone.,The ball is below the cone.,Target1,Target2,5,5,1,1,1,1,5,5,50,50,6,6
static_outer__ball_cone__measured_height__expanded__reference_first__reference_first,1.1,applied,static_placement,outer_shelves,static_outer,ball_cone,ball,cone,measured_height,expanded,reference_first,reference_first,below,above,still,still,still,still,"In the room, the heights of both objects are measured from the same level floor. The floor stays fixed while the objects move or remain still. The cone is at a height of 1 foot from the floor. The ball is at a height of 5 feet from the floor.","In the room, the heights of both objects are measured from the same level floor. The floor stays fixed while the objects move or remain still. The cone is at a height of 5 feet from the floor. The ball is at a height of 1 foot from the floor.",The cone is below the ball.,The cone is above the ball.,Target1,Target2,5,5,1,1,1,1,5,5,50,50,6,6
static_outer__cup_box__named_shelves__compact__target_first__target_first,1.1,applied,static_placement,outer_shelves,static_outer,cup_box,cup,box,named_shelves,compact,target_first,target_first,above,below,still,still,still,still,"The rack's shelves run from bottom through lower, middle, and upper to top. The cup is on the top shelf. The box is on the bottom shelf.","The rack's shelves run from bottom through lower, middle, and upper to top. The cup is on the bottom shelf. The box is on the top shelf.",The cup is above the box.,The cup is below the box.,Target1,Target2,5,5,1,1,1,1,5,5,28,28,6,6
static_outer__cup_box__named_shelves__compact__target_first__reference_first,1.1,applied,static_placement,outer_shelves,static_outer,cup_box,cup,box,named_shelves,compact,target_first,reference_first,below,above,still,still,still,still,"The rack's shelves run from bottom through lower, middle, and upper to top. The cup is on the top shelf. The box is on the bottom shelf.","The rack's shelves run from bottom through lower, middle, and upper to top. The cup is on the bottom shelf. The box is on the top shelf.",The box is below the cup.,The box is above the cup.,Target1,Target2,5,5,1,1,1,1,5,5,28,28,6,6
static_outer__cup_box__named_shelves__compact__reference_first__target_first,1.1,applied,static_placement,outer_shelves,static_outer,cup_box,cup,box,named_shelves,compact,reference_first,target_first,above,below,still,still,still,still,"The rack's shelves run from bottom through lower, middle, and upper to top. The box is on the bottom shelf. The cup is on the top shelf.","The rack's shelves run from bottom through lower, middle, and upper to top. The box is on the top shelf. The cup is on the bottom shelf.",The cup is above the box.,The cup is below the box.,Target1,Target2,5,5,1,1,1,1,5,5,28,28,6,6
static_outer__cup_box__named_shelves__compact__reference_first__reference_first,1.1,applied,static_placement,outer_shelves,static_outer,cup_box,cup,box,named_shelves,compact,reference_first,reference_first,below,above,still,still,still,still,"The rack's shelves run from bottom through lower, middle, and upper to top. The box is on the bottom shelf. The cup is on the top shelf.","The rack's shelves run from bottom through lower, middle, and upper to top. The box is on the top shelf. The cup is on the bottom shelf.",The box is below the cup.,The box is above the cup.,Target1,Target2,5,5,1,1,1,1,5,5,28,28,6,6
static_outer__cup_box__named_shelves__standard__target_first__target_first,1.1,applied,static_placement,outer_shelves,static_outer,cup_box,cup,box,named_shelves,standard,target_first,target_first,above,below,still,still,still,still,"In the room, a five-tier rack has bottom, lower, middle, upper, and top shelves, in that vertical order. The cup is on the top shelf. The box is on the bottom shelf.","In the room, a five-tier rack has bottom, lower, middle, upper, and top shelves, in that vertical order. The cup is on the bottom shelf. The box is on the top shelf.",The cup is above the box.,The cup is below the box.,Target1,Target2,5,5,1,1,1,1,5,5,33,33,6,6
static_outer__cup_box__named_shelves__standard__target_first__reference_first,1.1,applied,static_placement,outer_shelves,static_outer,cup_box,cup,box,named_shelves,standard,target_first,reference_first,below,above,still,still,still,still,"In the room, a five-tier rack has bottom, lower, middle, upper, and top shelves, in that vertical order. The cup is on the top shelf. The box is on the bottom shelf.","In the room, a five-tier rack has bottom, lower, middle, upper, and top shelves, in that vertical order. The cup is on the bottom shelf. The box is on the top shelf.",The box is below the cup.,The box is above the cup.,Target1,Target2,5,5,1,1,1,1,5,5,33,33,6,6
static_outer__cup_box__named_shelves__standard__reference_first__target_first,1.1,applied,static_placement,outer_shelves,static_outer,cup_box,cup,box,named_shelves,standard,reference_first,target_first,above,below,still,still,still,still,"In the room, a five-tier rack has bottom, lower, middle, upper, and top shelves, in that vertical order. The box is on the bottom shelf. The cup is on the top shelf.","In the room, a five-tier rack has bottom, lower, middle, upper, and top shelves, in that vertical order. The box is on the top shelf. The cup is on the bottom shelf.",The cup is above the box.,The cup is below the box.,Target1,Target2,5,5,1,1,1,1,5,5,33,33,6,6
static_outer__cup_box__named_shelves__standard__reference_first__reference_first,1.1,applied,static_placement,outer_shelves,static_outer,cup_box,cup,box,named_shelves,standard,reference_first,reference_first,below,above,still,still,still,still,"In the room, a five-tier rack has bottom, lower, middle, upper, and top shelves, in that vertical order. The box is on the bottom shelf. The cup is on the top shelf.","In the room, a five-tier rack has bottom, lower, middle, upper, and top shelves, in that vertical order. The box is on the top shelf. The cup is on the bottom shelf.",The box is below the cup.,The box is above the cup.,Target1,Target2,5,5,1,1,1,1,5,5,33,33,6,6
static_outer__cup_box__named_shelves__expanded__target_first__target_first,1.1,applied,static_placement,outer_shelves,static_outer,cup_box,cup,box,named_shelves,expanded,target_first,target_first,above,below,still,still,still,still,"In the room, a fixed five-tier rack has bottom, lower, middle, upper, and top shelves, in that vertical order. Each shelf stays at its level throughout the scene. The cup is on the top shelf. The box is on the bottom shelf.","In the room, a fixed five-tier rack has bottom, lower, middle, upper, and top shelves, in that vertical order. Each shelf stays at its level throughout the scene. The cup is on the bottom shelf. The box is on the top shelf.",The cup is above the box.,The cup is below the box.,Target1,Target2,5,5,1,1,1,1,5,5,43,43,6,6
static_outer__cup_box__named_shelves__expanded__target_first__reference_first,1.1,applied,static_placement,outer_shelves,static_outer,cup_box,cup,box,named_shelves,expanded,target_first,reference_first,below,above,still,still,still,still,"In the room, a fixed five-tier rack has bottom, lower, middle, upper, and top shelves, in that vertical order. Each shelf stays at its level throughout the scene. The cup is on the top shelf. The box is on the bottom shelf.","In the room, a fixed five-tier rack has bottom, lower, middle, upper, and top shelves, in that vertical order. Each shelf stays at its level throughout the scene. The cup is on the bottom shelf. The box is on the top shelf.",The box is below the cup.,The box is above the cup.,Target1,Target2,5,5,1,1,1,1,5,5,43,43,6,6
static_outer__cup_box__named_shelves__expanded__reference_first__target_first,1.1,applied,static_placement,outer_shelves,static_outer,cup_box,cup,box,named_shelves,expanded,reference_first,target_first,above,below,still,still,still,still,"In the room, a fixed five-tier rack has bottom, lower, middle, upper, and top shelves, in that vertical order. Each shelf stays at its level throughout the scene. The box is on the bottom shelf. The cup is on the top shelf.","In the room, a fixed five-tier rack has bottom, lower, middle, upper, and top shelves, in that vertical order. Each shelf stays at its level throughout the scene. The box is on the top shelf. The cup is on the bottom shelf.",The cup is above the box.,The cup is below the box.,Target1,Target2,5,5,1,1,1,1,5,5,43,43,6,6
static_outer__cup_box__named_shelves__expanded__reference_first__reference_first,1.1,applied,static_placement,outer_shelves,static_outer,cup_box,cup,box,named_shelves,expanded,reference_first,reference_first,below,above,still,still,still,still,"In the room, a fixed five-tier rack has bottom, lower, middle, upper, and top shelves, in that vertical order. Each shelf stays at its level throughout the scene. The box is on the bottom shelf. The cup is on the top shelf.","In the room, a fixed five-tier rack has bottom, lower, middle, upper, and top shelves, in that vertical order. Each shelf stays at its level throughout the scene. The box is on the top shelf. The cup is on the bottom shelf.",The box is below the cup.,The box is above the cup.,Target1,Target2,5,5,1,1,1,1,5,5,43,43,6,6
static_outer__cup_box__measured_height__compact__target_first__target_first,1.1,applied,static_placement,outer_shelves,static_outer,cup_box,cup,box,measured_height,compact,target_first,target_first,above,below,still,still,still,still,Heights are measured from the floor. The cup is at a height of 5 feet from the floor. The box is at a height of 1 foot from the floor.,Heights are measured from the floor. The cup is at a height of 1 foot from the floor. The box is at a height of 5 feet from the floor.,The cup is above the box.,The cup is below the box.,Target1,Target2,5,5,1,1,1,1,5,5,30,30,6,6
static_outer__cup_box__measured_height__compact__target_first__reference_first,1.1,applied,static_placement,outer_shelves,static_outer,cup_box,cup,box,measured_height,compact,target_first,reference_first,below,above,still,still,still,still,Heights are measured from the floor. The cup is at a height of 5 feet from the floor. The box is at a height of 1 foot from the floor.,Heights are measured from the floor. The cup is at a height of 1 foot from the floor. The box is at a height of 5 feet from the floor.,The box is below the cup.,The box is above the cup.,Target1,Target2,5,5,1,1,1,1,5,5,30,30,6,6
static_outer__cup_box__measured_height__compact__reference_first__target_first,1.1,applied,static_placement,outer_shelves,static_outer,cup_box,cup,box,measured_height,compact,reference_first,target_first,above,below,still,still,still,still,Heights are measured from the floor. The box is at a height of 1 foot from the floor. The cup is at a height of 5 feet from the floor.,Heights are measured from the floor. The box is at a height of 5 feet from the floor. The cup is at a height of 1 foot from the floor.,The cup is above the box.,The cup is below the box.,Target1,Target2,5,5,1,1,1,1,5,5,30,30,6,6
static_outer__cup_box__measured_height__compact__reference_first__reference_first,1.1,applied,static_placement,outer_shelves,static_outer,cup_box,cup,box,measured_height,compact,reference_first,reference_first,below,above,still,still,still,still,Heights are measured from the floor. The box is at a height of 1 foot from the floor. The cup is at a height of 5 feet from the floor.,Heights are measured from the floor. The box is at a height of 5 feet from the floor. The cup is at a height of 1 foot from the floor.,The box is below the cup.,The box is above the cup.,Target1,Target2,5,5,1,1,1,1,5,5,30,30,6,6
static_outer__cup_box__measured_height__standard__target_first__target_first,1.1,applied,static_placement,outer_shelves,static_outer,cup_box,cup,box,measured_height,standard,target_first,target_first,above,below,still,still,still,still,"In the room, the heights of both objects are measured from the same floor. The cup is at a height of 5 feet from the floor. The box is at a height of 1 foot from the floor.","In the room, the heights of both objects are measured from the same floor. The cup is at a height of 1 foot from the floor. The box is at a height of 5 feet from the floor.",The cup is above the box.,The cup is below the box.,Target1,Target2,5,5,1,1,1,1,5,5,38,38,6,6
static_outer__cup_box__measured_height__standard__target_first__reference_first,1.1,applied,static_placement,outer_shelves,static_outer,cup_box,cup,box,measured_height,standard,target_first,reference_first,below,above,still,still,still,still,"In the room, the heights of both objects are measured from the same floor. The cup is at a height of 5 feet from the floor. The box is at a height of 1 foot from the floor.","In the room, the heights of both objects are measured from the same floor. The cup is at a height of 1 foot from the floor. The box is at a height of 5 feet from the floor.",The box is below the cup.,The box is above the cup.,Target1,Target2,5,5,1,1,1,1,5,5,38,38,6,6
static_outer__cup_box__measured_height__standard__reference_first__target_first,1.1,applied,static_placement,outer_shelves,static_outer,cup_box,cup,box,measured_height,standard,reference_first,target_first,above,below,still,still,still,still,"In the room, the heights of both objects are measured from the same floor. The box is at a height of 1 foot from the floor. The cup is at a height of 5 feet from the floor.","In the room, the heights of both objects are measured from the same floor. The box is at a height of 5 feet from the floor. The cup is at a height of 1 foot from the floor.",The cup is above the box.,The cup is below the box.,Target1,Target2,5,5,1,1,1,1,5,5,38,38,6,6
static_outer__cup_box__measured_height__standard__reference_first__reference_first,1.1,applied,static_placement,outer_shelves,static_outer,cup_box,cup,box,measured_height,standard,reference_first,reference_first,below,above,still,still,still,still,"In the room, the heights of both objects are measured from the same floor. The box is at a height of 1 foot from the floor. The cup is at a height of 5 feet from the floor.","In the room, the heights of both objects are measured from the same floor. The box is at a height of 5 feet from the floor. The cup is at a height of 1 foot from the floor.",The box is below the cup.,The box is above the cup.,Target1,Target2,5,5,1,1,1,1,5,5,38,38,6,6
static_outer__cup_box__measured_height__expanded__target_first__target_first,1.1,applied,static_placement,outer_shelves,static_outer,cup_box,cup,box,measured_height,expanded,target_first,target_first,above,below,still,still,still,still,"In the room, the heights of both objects are measured from the same level floor. The floor stays fixed while the objects move or remain still. The cup is at a height of 5 feet from the floor. The box is at a height of 1 foot from the floor.","In the room, the heights of both objects are measured from the same level floor. The floor stays fixed while the objects move or remain still. The cup is at a height of 1 foot from the floor. The box is at a height of 5 feet from the floor.",The cup is above the box.,The cup is below the box.,Target1,Target2,5,5,1,1,1,1,5,5,50,50,6,6
static_outer__cup_box__measured_height__expanded__target_first__reference_first,1.1,applied,static_placement,outer_shelves,static_outer,cup_box,cup,box,measured_height,expanded,target_first,reference_first,below,above,still,still,still,still,"In the room, the heights of both objects are measured from the same level floor. The floor stays fixed while the objects move or remain still. The cup is at a height of 5 feet from the floor. The box is at a height of 1 foot from the floor.","In the room, the heights of both objects are measured from the same level floor. The floor stays fixed while the objects move or remain still. The cup is at a height of 1 foot from the floor. The box is at a height of 5 feet from the floor.",The box is below the cup.,The box is above the cup.,Target1,Target2,5,5,1,1,1,1,5,5,50,50,6,6
static_outer__cup_box__measured_height__expanded__reference_first__target_first,1.1,applied,static_placement,outer_shelves,static_outer,cup_box,cup,box,measured_height,expanded,reference_first,target_first,above,below,still,still,still,still,"In the room, the heights of both objects are measured from the same level floor. The floor stays fixed while the objects move or remain still. The box is at a height of 1 foot from the floor. The cup is at a height of 5 feet from the floor.","In the room, the heights of both objects are measured from the same level floor. The floor stays fixed while the objects move or remain still. The box is at a height of 5 feet from the floor. The cup is at a height of 1 foot from the floor.",The cup is above the box.,The cup is below the box.,Target1,Target2,5,5,1,1,1,1,5,5,50,50,6,6
static_outer__cup_box__measured_height__expanded__reference_first__reference_first,1.1,applied,static_placement,outer_shelves,static_outer,cup_box,cup,box,measured_height,expanded,reference_first,reference_first,below,above,still,still,still,still,"In the room, the heights of both objects are measured from the same level floor. The floor stays fixed while the objects move or remain still. The box is at a height of 1 foot from the floor. The cup is at a height of 5 feet from the floor.","In the room, the heights of both objects are measured from the same level floor. The floor stays fixed while the objects move or remain still. The box is at a height of 5 feet from the floor. The cup is at a height of 1 foot from the floor.",The box is below the cup.,The box is above the cup.,Target1,Target2,5,5,1,1,1,1,5,5,50,50,6,6
static_outer__book_jar__named_shelves__compact__target_first__target_first,1.1,applied,static_placement,outer_shelves,static_outer,book_jar,book,jar,named_shelves,compact,target_first,target_first,above,below,still,still,still,still,"The rack's shelves run from bottom through lower, middle, and upper to top. The book is on the top shelf. The jar is on the bottom shelf.","The rack's shelves run from bottom through lower, middle, and upper to top. The book is on the bottom shelf. The jar is on the top shelf.",The book is above the jar.,The book is below the jar.,Target1,Target2,5,5,1,1,1,1,5,5,28,28,6,6
static_outer__book_jar__named_shelves__compact__target_first__reference_first,1.1,applied,static_placement,outer_shelves,static_outer,book_jar,book,jar,named_shelves,compact,target_first,reference_first,below,above,still,still,still,still,"The rack's shelves run from bottom through lower, middle, and upper to top. The book is on the top shelf. The jar is on the bottom shelf.","The rack's shelves run from bottom through lower, middle, and upper to top. The book is on the bottom shelf. The jar is on the top shelf.",The jar is below the book.,The jar is above the book.,Target1,Target2,5,5,1,1,1,1,5,5,28,28,6,6
static_outer__book_jar__named_shelves__compact__reference_first__target_first,1.1,applied,static_placement,outer_shelves,static_outer,book_jar,book,jar,named_shelves,compact,reference_first,target_first,above,below,still,still,still,still,"The rack's shelves run from bottom through lower, middle, and upper to top. The jar is on the bottom shelf. The book is on the top shelf.","The rack's shelves run from bottom through lower, middle, and upper to top. The jar is on the top shelf. The book is on the bottom shelf.",The book is above the jar.,The book is below the jar.,Target1,Target2,5,5,1,1,1,1,5,5,28,28,6,6
static_outer__book_jar__named_shelves__compact__reference_first__reference_first,1.1,applied,static_placement,outer_shelves,static_outer,book_jar,book,jar,named_shelves,compact,reference_first,reference_first,below,above,still,still,still,still,"The rack's shelves run from bottom through lower, middle, and upper to top. The jar is on the bottom shelf. The book is on the top shelf.","The rack's shelves run from bottom through lower, middle, and upper to top. The jar is on the top shelf. The book is on the bottom shelf.",The jar is below the book.,The jar is above the book.,Target1,Target2,5,5,1,1,1,1,5,5,28,28,6,6
static_outer__book_jar__named_shelves__standard__target_first__target_first,1.1,applied,static_placement,outer_shelves,static_outer,book_jar,book,jar,named_shelves,standard,target_first,target_first,above,below,still,still,still,still,"In the room, a five-tier rack has bottom, lower, middle, upper, and top shelves, in that vertical order. The book is on the top shelf. The jar is on the bottom shelf.","In the room, a five-tier rack has bottom, lower, middle, upper, and top shelves, in that vertical order. The book is on the bottom shelf. The jar is on the top shelf.",The book is above the jar.,The book is below the jar.,Target1,Target2,5,5,1,1,1,1,5,5,33,33,6,6
static_outer__book_jar__named_shelves__standard__target_first__reference_first,1.1,applied,static_placement,outer_shelves,static_outer,book_jar,book,jar,named_shelves,standard,target_first,reference_first,below,above,still,still,still,still,"In the room, a five-tier rack has bottom, lower, middle, upper, and top shelves, in that vertical order. The book is on the top shelf. The jar is on the bottom shelf.","In the room, a five-tier rack has bottom, lower, middle, upper, and top shelves, in that vertical order. The book is on the bottom shelf. The jar is on the top shelf.",The jar is below the book.,The jar is above the book.,Target1,Target2,5,5,1,1,1,1,5,5,33,33,6,6
static_outer__book_jar__named_shelves__standard__reference_first__target_first,1.1,applied,static_placement,outer_shelves,static_outer,book_jar,book,jar,named_shelves,standard,reference_first,target_first,above,below,still,still,still,still,"In the room, a five-tier rack has bottom, lower, middle, upper, and top shelves, in that vertical order. The jar is on the bottom shelf. The book is on the top shelf.","In the room, a five-tier rack has bottom, lower, middle, upper, and top shelves, in that vertical order. The jar is on the top shelf. The book is on the bottom shelf.",The book is above the jar.,The book is below the jar.,Target1,Target2,5,5,1,1,1,1,5,5,33,33,6,6
static_outer__book_jar__named_shelves__standard__reference_first__reference_first,1.1,applied,static_placement,outer_shelves,static_outer,book_jar,book,jar,named_shelves,standard,reference_first,reference_first,below,above,still,still,still,still,"In the room, a five-tier rack has bottom, lower, middle, upper, and top shelves, in that vertical order. The jar is on the bottom shelf. The book is on the top shelf.","In the room, a five-tier rack has bottom, lower, middle, upper, and top shelves, in that vertical order. The jar is on the top shelf. The book is on the bottom shelf.",The jar is below the book.,The jar is above the book.,Target1,Target2,5,5,1,1,1,1,5,5,33,33,6,6
static_outer__book_jar__named_shelves__expanded__target_first__target_first,1.1,applied,static_placement,outer_shelves,static_outer,book_jar,book,jar,named_shelves,expanded,target_first,target_first,above,below,still,still,still,still,"In the room, a fixed five-tier rack has bottom, lower, middle, upper, and top shelves, in that vertical order. Each shelf stays at its level throughout the scene. The book is on the top shelf. The jar is on the bottom shelf.","In the room, a fixed five-tier rack has bottom, lower, middle, upper, and top shelves, in that vertical order. Each shelf stays at its level throughout the scene. The book is on the bottom shelf. The jar is on the top shelf.",The book is above the jar.,The book is below the jar.,Target1,Target2,5,5,1,1,1,1,5,5,43,43,6,6
static_outer__book_jar__named_shelves__expanded__target_first__reference_first,1.1,applied,static_placement,outer_shelves,static_outer,book_jar,book,jar,named_shelves,expanded,target_first,reference_first,below,above,still,still,still,still,"In the room, a fixed five-tier rack has bottom, lower, middle, upper, and top shelves, in that vertical order. Each shelf stays at its level throughout the scene. The book is on the top shelf. The jar is on the bottom shelf.","In the room, a fixed five-tier rack has bottom, lower, middle, upper, and top shelves, in that vertical order. Each shelf stays at its level throughout the scene. The book is on the bottom shelf. The jar is on the top shelf.",The jar is below the book.,The jar is above the book.,Target1,Target2,5,5,1,1,1,1,5,5,43,43,6,6
static_outer__book_jar__named_shelves__expanded__reference_first__target_first,1.1,applied,static_placement,outer_shelves,static_outer,book_jar,book,jar,named_shelves,expanded,reference_first,target_first,above,below,still,still,still,still,"In the room, a fixed five-tier rack has bottom, lower, middle, upper, and top shelves, in that vertical order. Each shelf stays at its level throughout the scene. The jar is on the bottom shelf. The book is on the top shelf.","In the room, a fixed five-tier rack has bottom, lower, middle, upper, and top shelves, in that vertical order. Each shelf stays at its level throughout the scene. The jar is on the top shelf. The book is on the bottom shelf.",The book is above the jar.,The book is below the jar.,Target1,Target2,5,5,1,1,1,1,5,5,43,43,6,6
static_outer__book_jar__named_shelves__expanded__reference_first__reference_first,1.1,applied,static_placement,outer_shelves,static_outer,book_jar,book,jar,named_shelves,expanded,reference_first,reference_first,below,above,still,still,still,still,"In the room, a fixed five-tier rack has bottom, lower, middle, upper, and top shelves, in that vertical order. Each shelf stays at its level throughout the scene. The jar is on the bottom shelf. The book is on the top shelf.","In the room, a fixed five-tier rack has bottom, lower, middle, upper, and top shelves, in that vertical order. Each shelf stays at its level throughout the scene. The jar is on the top shelf. The book is on the bottom shelf.",The jar is below the book.,The jar is above the book.,Target1,Target2,5,5,1,1,1,1,5,5,43,43,6,6
static_outer__book_jar__measured_height__compact__target_first__target_first,1.1,applied,static_placement,outer_shelves,static_outer,book_jar,book,jar,measured_height,compact,target_first,target_first,above,below,still,still,still,still,Heights are measured from the floor. The book is at a height of 5 feet from the floor. The jar is at a height of 1 foot from the floor.,Heights are measured from the floor. The book is at a height of 1 foot from the floor. The jar is at a height of 5 feet from the floor.,The book is above the jar.,The book is below the jar.,Target1,Target2,5,5,1,1,1,1,5,5,30,30,6,6
static_outer__book_jar__measured_height__compact__target_first__reference_first,1.1,applied,static_placement,outer_shelves,static_outer,book_jar,book,jar,measured_height,compact,target_first,reference_first,below,above,still,still,still,still,Heights are measured from the floor. The book is at a height of 5 feet from the floor. The jar is at a height of 1 foot from the floor.,Heights are measured from the floor. The book is at a height of 1 foot from the floor. The jar is at a height of 5 feet from the floor.,The jar is below the book.,The jar is above the book.,Target1,Target2,5,5,1,1,1,1,5,5,30,30,6,6
static_outer__book_jar__measured_height__compact__reference_first__target_first,1.1,applied,static_placement,outer_shelves,static_outer,book_jar,book,jar,measured_height,compact,reference_first,target_first,above,below,still,still,still,still,Heights are measured from the floor. The jar is at a height of 1 foot from the floor. The book is at a height of 5 feet from the floor.,Heights are measured from the floor. The jar is at a height of 5 feet from the floor. The book is at a height of 1 foot from the floor.,The book is above the jar.,The book is below the jar.,Target1,Target2,5,5,1,1,1,1,5,5,30,30,6,6
static_outer__book_jar__measured_height__compact__reference_first__reference_first,1.1,applied,static_placement,outer_shelves,static_outer,book_jar,book,jar,measured_height,compact,reference_first,reference_first,below,above,still,still,still,still,Heights are measured from the floor. The jar is at a height of 1 foot from the floor. The book is at a height of 5 feet from the floor.,Heights are measured from the floor. The jar is at a height of 5 feet from the floor. The book is at a height of 1 foot from the floor.,The jar is below the book.,The jar is above the book.,Target1,Target2,5,5,1,1,1,1,5,5,30,30,6,6
static_outer__book_jar__measured_height__standard__target_first__target_first,1.1,applied,static_placement,outer_shelves,static_outer,book_jar,book,jar,measured_height,standard,target_first,target_first,above,below,still,still,still,still,"In the room, the heights of both objects are measured from the same floor. The book is at a height of 5 feet from the floor. The jar is at a height of 1 foot from the floor.","In the room, the heights of both objects are measured from the same floor. The book is at a height of 1 foot from the floor. The jar is at a height of 5 feet from the floor.",The book is above the jar.,The book is below the jar.,Target1,Target2,5,5,1,1,1,1,5,5,38,38,6,6
static_outer__book_jar__measured_height__standard__target_first__reference_first,1.1,applied,static_placement,outer_shelves,static_outer,book_jar,book,jar,measured_height,standard,target_first,reference_first,below,above,still,still,still,still,"In the room, the heights of both objects are measured from the same floor. The book is at a height of 5 feet from the floor. The jar is at a height of 1 foot from the floor.","In the room, the heights of both objects are measured from the same floor. The book is at a height of 1 foot from the floor. The jar is at a height of 5 feet from the floor.",The jar is below the book.,The jar is above the book.,Target1,Target2,5,5,1,1,1,1,5,5,38,38,6,6
static_outer__book_jar__measured_height__standard__reference_first__target_first,1.1,applied,static_placement,outer_shelves,static_outer,book_jar,book,jar,measured_height,standard,reference_first,target_first,above,below,still,still,still,still,"In the room, the heights of both objects are measured from the same floor. The jar is at a height of 1 foot from the floor. The book is at a height of 5 feet from the floor.","In the room, the heights of both objects are measured from the same floor. The jar is at a height of 5 feet from the floor. The book is at a height of 1 foot from the floor.",The book is above the jar.,The book is below the jar.,Target1,Target2,5,5,1,1,1,1,5,5,38,38,6,6
static_outer__book_jar__measured_height__standard__reference_first__reference_first,1.1,applied,static_placement,outer_shelves,static_outer,book_jar,book,jar,measured_height,standard,reference_first,reference_first,below,above,still,still,still,still,"In the room, the heights of both objects are measured from the same floor. The jar is at a height of 1 foot from the floor. The book is at a height of 5 feet from the floor.","In the room, the heights of both objects are measured from the same floor. The jar is at a height of 5 feet from the floor. The book is at a height of 1 foot from the floor.",The jar is below the book.,The jar is above the book.,Target1,Target2,5,5,1,1,1,1,5,5,38,38,6,6
static_outer__book_jar__measured_height__expanded__target_first__target_first,1.1,applied,static_placement,outer_shelves,static_outer,book_jar,book,jar,measured_height,expanded,target_first,target_first,above,below,still,still,still,still,"In the room, the heights of both objects are measured from the same level floor. The floor stays fixed while the objects move or remain still. The book is at a height of 5 feet from the floor. The jar is at a height of 1 foot from the floor.","In the room, the heights of both objects are measured from the same level floor. The floor stays fixed while the objects move or remain still. The book is at a height of 1 foot from the floor. The jar is at a height of 5 feet from the floor.",The book is above the jar.,The book is below the jar.,Target1,Target2,5,5,1,1,1,1,5,5,50,50,6,6
static_outer__book_jar__measured_height__expanded__target_first__reference_first,1.1,applied,static_placement,outer_shelves,static_outer,book_jar,book,jar,measured_height,expanded,target_first,reference_first,below,above,still,still,still,still,"In the room, the heights of both objects are measured from the same level floor. The floor stays fixed while the objects move or remain still. The book is at a height of 5 feet from the floor. The jar is at a height of 1 foot from the floor.","In the room, the heights of both objects are measured from the same level floor. The floor stays fixed while the objects move or remain still. The book is at a height of 1 foot from the floor. The jar is at a height of 5 feet from the floor.",The jar is below the book.,The jar is above the book.,Target1,Target2,5,5,1,1,1,1,5,5,50,50,6,6
static_outer__book_jar__measured_height__expanded__reference_first__target_first,1.1,applied,static_placement,outer_shelves,static_outer,book_jar,book,jar,measured_height,expanded,reference_first,target_first,above,below,still,still,still,still,"In the room, the heights of both objects are measured from the same level floor. The floor stays fixed while the objects move or remain still. The jar is at a height of 1 foot from the floor. The book is at a height of 5 feet from the floor.","In the room, the heights of both objects are measured from the same level floor. The floor stays fixed while the objects move or remain still. The jar is at a height of 5 feet from the floor. The book is at a height of 1 foot from the floor.",The book is above the jar.,The book is below the jar.,Target1,Target2,5,5,1,1,1,1,5,5,50,50,6,6
static_outer__book_jar__measured_height__expanded__reference_first__reference_first,1.1,applied,static_placement,outer_shelves,static_outer,book_jar,book,jar,measured_height,expanded,reference_first,reference_first,below,above,still,still,still,still,"In the room, the heights of both objects are measured from the same level floor. The floor stays fixed while the objects move or remain still. The jar is at a height of 1 foot from the floor. The book is at a height of 5 feet from the floor.","In the room, the heights of both objects are measured from the same level floor. The floor stays fixed while the objects move or remain still. The jar is at a height of 5 feet from the floor. The book is at a height of 1 foot from the floor.",The jar is below the book.,The jar is above the book.,Target1,Target2,5,5,1,1,1,1,5,5,50,50,6,6
static_outer__toy_key__named_shelves__compact__target_first__target_first,1.1,applied,static_placement,outer_shelves,static_outer,toy_key,toy,key,named_shelves,compact,target_first,target_first,above,below,still,still,still,still,"The rack's shelves run from bottom through lower, middle, and upper to top. The toy is on the top shelf. The key is on the bottom shelf.","The rack's shelves run from bottom through lower, middle, and upper to top. The toy is on the bottom shelf. The key is on the top shelf.",The toy is above the key.,The toy is below the key.,Target1,Target2,5,5,1,1,1,1,5,5,28,28,6,6
static_outer__toy_key__named_shelves__compact__target_first__reference_first,1.1,applied,static_placement,outer_shelves,static_outer,toy_key,toy,key,named_shelves,compact,target_first,reference_first,below,above,still,still,still,still,"The rack's shelves run from bottom through lower, middle, and upper to top. The toy is on the top shelf. The key is on the bottom shelf.","The rack's shelves run from bottom through lower, middle, and upper to top. The toy is on the bottom shelf. The key is on the top shelf.",The key is below the toy.,The key is above the toy.,Target1,Target2,5,5,1,1,1,1,5,5,28,28,6,6
static_outer__toy_key__named_shelves__compact__reference_first__target_first,1.1,applied,static_placement,outer_shelves,static_outer,toy_key,toy,key,named_shelves,compact,reference_first,target_first,above,below,still,still,still,still,"The rack's shelves run from bottom through lower, middle, and upper to top. The key is on the bottom shelf. The toy is on the top shelf.","The rack's shelves run from bottom through lower, middle, and upper to top. The key is on the top shelf. The toy is on the bottom shelf.",The toy is above the key.,The toy is below the key.,Target1,Target2,5,5,1,1,1,1,5,5,28,28,6,6
static_outer__toy_key__named_shelves__compact__reference_first__reference_first,1.1,applied,static_placement,outer_shelves,static_outer,toy_key,toy,key,named_shelves,compact,reference_first,reference_first,below,above,still,still,still,still,"The rack's shelves run from bottom through lower, middle, and upper to top. The key is on the bottom shelf. The toy is on the top shelf.","The rack's shelves run from bottom through lower, middle, and upper to top. The key is on the top shelf. The toy is on the bottom shelf.",The key is below the toy.,The key is above the toy.,Target1,Target2,5,5,1,1,1,1,5,5,28,28,6,6
static_outer__toy_key__named_shelves__standard__target_first__target_first,1.1,applied,static_placement,outer_shelves,static_outer,toy_key,toy,key,named_shelves,standard,target_first,target_first,above,below,still,still,still,still,"In the room, a five-tier rack has bottom, lower, middle, upper, and top shelves, in that vertical order. The toy is on the top shelf. The key is on the bottom shelf.","In the room, a five-tier rack has bottom, lower, middle, upper, and top shelves, in that vertical order. The toy is on the bottom shelf. The key is on the top shelf.",The toy is above the key.,The toy is below the key.,Target1,Target2,5,5,1,1,1,1,5,5,33,33,6,6
static_outer__toy_key__named_shelves__standard__target_first__reference_first,1.1,applied,static_placement,outer_shelves,static_outer,toy_key,toy,key,named_shelves,standard,target_first,reference_first,below,above,still,still,still,still,"In the room, a five-tier rack has bottom, lower, middle, upper, and top shelves, in that vertical order. The toy is on the top shelf. The key is on the bottom shelf.","In the room, a five-tier rack has bottom, lower, middle, upper, and top shelves, in that vertical order. The toy is on the bottom shelf. The key is on the top shelf.",The key is below the toy.,The key is above the toy.,Target1,Target2,5,5,1,1,1,1,5,5,33,33,6,6
static_outer__toy_key__named_shelves__standard__reference_first__target_first,1.1,applied,static_placement,outer_shelves,static_outer,toy_key,toy,key,named_shelves,standard,reference_first,target_first,above,below,still,still,still,still,"In the room, a five-tier rack has bottom, lower, middle, upper, and top shelves, in that vertical order. The key is on the bottom shelf. The toy is on the top shelf.","In the room, a five-tier rack has bottom, lower, middle, upper, and top shelves, in that vertical order. The key is on the top shelf. The toy is on the bottom shelf.",The toy is above the key.,The toy is below the key.,Target1,Target2,5,5,1,1,1,1,5,5,33,33,6,6
static_outer__toy_key__named_shelves__standard__reference_first__reference_first,1.1,applied,static_placement,outer_shelves,static_outer,toy_key,toy,key,named_shelves,standard,reference_first,reference_first,below,above,still,still,still,still,"In the room, a five-tier rack has bottom, lower, middle, upper, and top shelves, in that vertical order. The key is on the bottom shelf. The toy is on the top shelf.","In the room, a five-tier rack has bottom, lower, middle, upper, and top shelves, in that vertical order. The key is on the top shelf. The toy is on the bottom shelf.",The key is below the toy.,The key is above the toy.,Target1,Target2,5,5,1,1,1,1,5,5,33,33,6,6
static_outer__toy_key__named_shelves__expanded__target_first__target_first,1.1,applied,static_placement,outer_shelves,static_outer,toy_key,toy,key,named_shelves,expanded,target_first,target_first,above,below,still,still,still,still,"In the room, a fixed five-tier rack has bottom, lower, middle, upper, and top shelves, in that vertical order. Each shelf stays at its level throughout the scene. The toy is on the top shelf. The key is on the bottom shelf.","In the room, a fixed five-tier rack has bottom, lower, middle, upper, and top shelves, in that vertical order. Each shelf stays at its level throughout the scene. The toy is on the bottom shelf. The key is on the top shelf.",The toy is above the key.,The toy is below the key.,Target1,Target2,5,5,1,1,1,1,5,5,43,43,6,6
static_outer__toy_key__named_shelves__expanded__target_first__reference_first,1.1,applied,static_placement,outer_shelves,static_outer,toy_key,toy,key,named_shelves,expanded,target_first,reference_first,below,above,still,still,still,still,"In the room, a fixed five-tier rack has bottom, lower, middle, upper, and top shelves, in that vertical order. Each shelf stays at its level throughout the scene. The toy is on the top shelf. The key is on the bottom shelf.","In the room, a fixed five-tier rack has bottom, lower, middle, upper, and top shelves, in that vertical order. Each shelf stays at its level throughout the scene. The toy is on the bottom shelf. The key is on the top shelf.",The key is below the toy.,The key is above the toy.,Target1,Target2,5,5,1,1,1,1,5,5,43,43,6,6
static_outer__toy_key__named_shelves__expanded__reference_first__target_first,1.1,applied,static_placement,outer_shelves,static_outer,toy_key,toy,key,named_shelves,expanded,reference_first,target_first,above,below,still,still,still,still,"In the room, a fixed five-tier rack has bottom, lower, middle, upper, and top shelves, in that vertical order. Each shelf stays at its level throughout the scene. The key is on the bottom shelf. The toy is on the top shelf.","In the room, a fixed five-tier rack has bottom, lower, middle, upper, and top shelves, in that vertical order. Each shelf stays at its level throughout the scene. The key is on the top shelf. The toy is on the bottom shelf.",The toy is above the key.,The toy is below the key.,Target1,Target2,5,5,1,1,1,1,5,5,43,43,6,6
static_outer__toy_key__named_shelves__expanded__reference_first__reference_first,1.1,applied,static_placement,outer_shelves,static_outer,toy_key,toy,key,named_shelves,expanded,reference_first,reference_first,below,above,still,still,still,still,"In the room, a fixed five-tier rack has bottom, lower, middle, upper, and top shelves, in that vertical order. Each shelf stays at its level throughout the scene. The key is on the bottom shelf. The toy is on the top shelf.","In the room, a fixed five-tier rack has bottom, lower, middle, upper, and top shelves, in that vertical order. Each shelf stays at its level throughout the scene. The key is on the top shelf. The toy is on the bottom shelf.",The key is below the toy.,The key is above the toy.,Target1,Target2,5,5,1,1,1,1,5,5,43,43,6,6
static_outer__toy_key__measured_height__compact__target_first__target_first,1.1,applied,static_placement,outer_shelves,static_outer,toy_key,toy,key,measured_height,compact,target_first,target_first,above,below,still,still,still,still,Heights are measured from the floor. The toy is at a height of 5 feet from the floor. The key is at a height of 1 foot from the floor.,Heights are measured from the floor. The toy is at a height of 1 foot from the floor. The key is at a height of 5 feet from the floor.,The toy is above the key.,The toy is below the key.,Target1,Target2,5,5,1,1,1,1,5,5,30,30,6,6
static_outer__toy_key__measured_height__compact__target_first__reference_first,1.1,applied,static_placement,outer_shelves,static_outer,toy_key,toy,key,measured_height,compact,target_first,reference_first,below,above,still,still,still,still,Heights are measured from the floor. The toy is at a height of 5 feet from the floor. The key is at a height of 1 foot from the floor.,Heights are measured from the floor. The toy is at a height of 1 foot from the floor. The key is at a height of 5 feet from the floor.,The key is below the toy.,The key is above the toy.,Target1,Target2,5,5,1,1,1,1,5,5,30,30,6,6
static_outer__toy_key__measured_height__compact__reference_first__target_first,1.1,applied,static_placement,outer_shelves,static_outer,toy_key,toy,key,measured_height,compact,reference_first,target_first,above,below,still,still,still,still,Heights are measured from the floor. The key is at a height of 1 foot from the floor. The toy is at a height of 5 feet from the floor.,Heights are measured from the floor. The key is at a height of 5 feet from the floor. The toy is at a height of 1 foot from the floor.,The toy is above the key.,The toy is below the key.,Target1,Target2,5,5,1,1,1,1,5,5,30,30,6,6
static_outer__toy_key__measured_height__compact__reference_first__reference_first,1.1,applied,static_placement,outer_shelves,static_outer,toy_key,toy,key,measured_height,compact,reference_first,reference_first,below,above,still,still,still,still,Heights are measured from the floor. The key is at a height of 1 foot from the floor. The toy is at a height of 5 feet from the floor.,Heights are measured from the floor. The key is at a height of 5 feet from the floor. The toy is at a height of 1 foot from the floor.,The key is below the toy.,The key is above the toy.,Target1,Target2,5,5,1,1,1,1,5,5,30,30,6,6
static_outer__toy_key__measured_height__standard__target_first__target_first,1.1,applied,static_placement,outer_shelves,static_outer,toy_key,toy,key,measured_height,standard,target_first,target_first,above,below,still,still,still,still,"In the room, the heights of both objects are measured from the same floor. The toy is at a height of 5 feet from the floor. The key is at a height of 1 foot from the floor.","In the room, the heights of both objects are measured from the same floor. The toy is at a height of 1 foot from the floor. The key is at a height of 5 feet from the floor.",The toy is above the key.,The toy is below the key.,Target1,Target2,5,5,1,1,1,1,5,5,38,38,6,6
static_outer__toy_key__measured_height__standard__target_first__reference_first,1.1,applied,static_placement,outer_shelves,static_outer,toy_key,toy,key,measured_height,standard,target_first,reference_first,below,above,still,still,still,still,"In the room, the heights of both objects are measured from the same floor. The toy is at a height of 5 feet from the floor. The key is at a height of 1 foot from the floor.","In the room, the heights of both objects are measured from the same floor. The toy is at a height of 1 foot from the floor. The key is at a height of 5 feet from the floor.",The key is below the toy.,The key is above the toy.,Target1,Target2,5,5,1,1,1,1,5,5,38,38,6,6
static_outer__toy_key__measured_height__standard__reference_first__target_first,1.1,applied,static_placement,outer_shelves,static_outer,toy_key,toy,key,measured_height,standard,reference_first,target_first,above,below,still,still,still,still,"In the room, the heights of both objects are measured from the same floor. The key is at a height of 1 foot from the floor. The toy is at a height of 5 feet from the floor.","In the room, the heights of both objects are measured from the same floor. The key is at a height of 5 feet from the floor. The toy is at a height of 1 foot from the floor.",The toy is above the key.,The toy is below the key.,Target1,Target2,5,5,1,1,1,1,5,5,38,38,6,6
static_outer__toy_key__measured_height__standard__reference_first__reference_first,1.1,applied,static_placement,outer_shelves,static_outer,toy_key,toy,key,measured_height,standard,reference_first,reference_first,below,above,still,still,still,still,"In the room, the heights of both objects are measured from the same floor. The key is at a height of 1 foot from the floor. The toy is at a height of 5 feet from the floor.","In the room, the heights of both objects are measured from the same floor. The key is at a height of 5 feet from the floor. The toy is at a height of 1 foot from the floor.",The key is below the toy.,The key is above the toy.,Target1,Target2,5,5,1,1,1,1,5,5,38,38,6,6
static_outer__toy_key__measured_height__expanded__target_first__target_first,1.1,applied,static_placement,outer_shelves,static_outer,toy_key,toy,key,measured_height,expanded,target_first,target_first,above,below,still,still,still,still,"In the room, the heights of both objects are measured from the same level floor. The floor stays fixed while the objects move or remain still. The toy is at a height of 5 feet from the floor. The key is at a height of 1 foot from the floor.","In the room, the heights of both objects are measured from the same level floor. The floor stays fixed while the objects move or remain still. The toy is at a height of 1 foot from the floor. The key is at a height of 5 feet from the floor.",The toy is above the key.,The toy is below the key.,Target1,Target2,5,5,1,1,1,1,5,5,50,50,6,6
static_outer__toy_key__measured_height__expanded__target_first__reference_first,1.1,applied,static_placement,outer_shelves,static_outer,toy_key,toy,key,measured_height,expanded,target_first,reference_first,below,above,still,still,still,still,"In the room, the heights of both objects are measured from the same level floor. The floor stays fixed while the objects move or remain still. The toy is at a height of 5 feet from the floor. The key is at a height of 1 foot from the floor.","In the room, the heights of both objects are measured from the same level floor. The floor stays fixed while the objects move or remain still. The toy is at a height of 1 foot from the floor. The key is at a height of 5 feet from the floor.",The key is below the toy.,The key is above the toy.,Target1,Target2,5,5,1,1,1,1,5,5,50,50,6,6
static_outer__toy_key__measured_height__expanded__reference_first__target_first,1.1,applied,static_placement,outer_shelves,static_outer,toy_key,toy,key,measured_height,expanded,reference_first,target_first,above,below,still,still,still,still,"In the room, the heights of both objects are measured from the same level floor. The floor stays fixed while the objects move or remain still. The key is at a height of 1 foot from the floor. The toy is at a height of 5 feet from the floor.","In the room, the heights of both objects are measured from the same level floor. The floor stays fixed while the objects move or remain still. The key is at a height of 5 feet from the floor. The toy is at a height of 1 foot from the floor.",The toy is above the key.,The toy is below the key.,Target1,Target2,5,5,1,1,1,1,5,5,50,50,6,6
static_outer__toy_key__measured_height__expanded__reference_first__reference_first,1.1,applied,static_placement,outer_shelves,static_outer,toy_key,toy,key,measured_height,expanded,reference_first,reference_first,below,above,still,still,still,still,"In the room, the heights of both objects are measured from the same level floor. The floor stays fixed while the objects move or remain still. The key is at a height of 1 foot from the floor. The toy is at a height of 5 feet from the floor.","In the room, the heights of both objects are measured from the same level floor. The floor stays fixed while the objects move or remain still. The key is at a height of 5 feet from the floor. The toy is at a height of 1 foot from the floor.",The key is below the toy.,The key is above the toy.,Target1,Target2,5,5,1,1,1,1,5,5,50,50,6,6
static_inner__ball_cone__named_shelves__compact__target_first__target_first,1.1,applied,static_placement,inner_shelves,static_inner,ball_cone,ball,cone,named_shelves,compact,target_first,target_first,above,below,still,still,still,still,"The rack's shelves run from bottom through lower, middle, and upper to top. The ball is on the upper shelf. The cone is on the lower shelf.","The rack's shelves run from bottom through lower, middle, and upper to top. The ball is on the lower shelf. The cone is on the upper shelf.",The ball is above the cone.,The ball is below the cone.,Target1,Target2,4,4,2,2,2,2,4,4,28,28,6,6
static_inner__ball_cone__named_shelves__compact__target_first__reference_first,1.1,applied,static_placement,inner_shelves,static_inner,ball_cone,ball,cone,named_shelves,compact,target_first,reference_first,below,above,still,still,still,still,"The rack's shelves run from bottom through lower, middle, and upper to top. The ball is on the upper shelf. The cone is on the lower shelf.","The rack's shelves run from bottom through lower, middle, and upper to top. The ball is on the lower shelf. The cone is on the upper shelf.",The cone is below the ball.,The cone is above the ball.,Target1,Target2,4,4,2,2,2,2,4,4,28,28,6,6
static_inner__ball_cone__named_shelves__compact__reference_first__target_first,1.1,applied,static_placement,inner_shelves,static_inner,ball_cone,ball,cone,named_shelves,compact,reference_first,target_first,above,below,still,still,still,still,"The rack's shelves run from bottom through lower, middle, and upper to top. The cone is on the lower shelf. The ball is on the upper shelf.","The rack's shelves run from bottom through lower, middle, and upper to top. The cone is on the upper shelf. The ball is on the lower shelf.",The ball is above the cone.,The ball is below the cone.,Target1,Target2,4,4,2,2,2,2,4,4,28,28,6,6
static_inner__ball_cone__named_shelves__compact__reference_first__reference_first,1.1,applied,static_placement,inner_shelves,static_inner,ball_cone,ball,cone,named_shelves,compact,reference_first,reference_first,below,above,still,still,still,still,"The rack's shelves run from bottom through lower, middle, and upper to top. The cone is on the lower shelf. The ball is on the upper shelf.","The rack's shelves run from bottom through lower, middle, and upper to top. The cone is on the upper shelf. The ball is on the lower shelf.",The cone is below the ball.,The cone is above the ball.,Target1,Target2,4,4,2,2,2,2,4,4,28,28,6,6
static_inner__ball_cone__named_shelves__standard__target_first__target_first,1.1,applied,static_placement,inner_shelves,static_inner,ball_cone,ball,cone,named_shelves,standard,target_first,target_first,above,below,still,still,still,still,"In the room, a five-tier rack has bottom, lower, middle, upper, and top shelves, in that vertical order. The ball is on the upper shelf. The cone is on the lower shelf.","In the room, a five-tier rack has bottom, lower, middle, upper, and top shelves, in that vertical order. The ball is on the lower shelf. The cone is on the upper shelf.",The ball is above the cone.,The ball is below the cone.,Target1,Target2,4,4,2,2,2,2,4,4,33,33,6,6
static_inner__ball_cone__named_shelves__standard__target_first__reference_first,1.1,applied,static_placement,inner_shelves,static_inner,ball_cone,ball,cone,named_shelves,standard,target_first,reference_first,below,above,still,still,still,still,"In the room, a five-tier rack has bottom, lower, middle, upper, and top shelves, in that vertical order. The ball is on the upper shelf. The cone is on the lower shelf.","In the room, a five-tier rack has bottom, lower, middle, upper, and top shelves, in that vertical order. The ball is on the lower shelf. The cone is on the upper shelf.",The cone is below the ball.,The cone is above the ball.,Target1,Target2,4,4,2,2,2,2,4,4,33,33,6,6
static_inner__ball_cone__named_shelves__standard__reference_first__target_first,1.1,applied,static_placement,inner_shelves,static_inner,ball_cone,ball,cone,named_shelves,standard,reference_first,target_first,above,below,still,still,still,still,"In the room, a five-tier rack has bottom, lower, middle, upper, and top shelves, in that vertical order. The cone is on the lower shelf. The ball is on the upper shelf.","In the room, a five-tier rack has bottom, lower, middle, upper, and top shelves, in that vertical order. The cone is on the upper shelf. The ball is on the lower shelf.",The ball is above the cone.,The ball is below the cone.,Target1,Target2,4,4,2,2,2,2,4,4,33,33,6,6
static_inner__ball_cone__named_shelves__standard__reference_first__reference_first,1.1,applied,static_placement,inner_shelves,static_inner,ball_cone,ball,cone,named_shelves,standard,reference_first,reference_first,below,above,still,still,still,still,"In the room, a five-tier rack has bottom, lower, middle, upper, and top shelves, in that vertical order. The cone is on the lower shelf. The ball is on the upper shelf.","In the room, a five-tier rack has bottom, lower, middle, upper, and top shelves, in that vertical order. The cone is on the upper shelf. The ball is on the lower shelf.",The cone is below the ball.,The cone is above the ball.,Target1,Target2,4,4,2,2,2,2,4,4,33,33,6,6
static_inner__ball_cone__named_shelves__expanded__target_first__target_first,1.1,applied,static_placement,inner_shelves,static_inner,ball_cone,ball,cone,named_shelves,expanded,target_first,target_first,above,below,still,still,still,still,"In the room, a fixed five-tier rack has bottom, lower, middle, upper, and top shelves, in that vertical order. Each shelf stays at its level throughout the scene. The ball is on the upper shelf. The cone is on the lower shelf.","In the room, a fixed five-tier rack has bottom, lower, middle, upper, and top shelves, in that vertical order. Each shelf stays at its level throughout the scene. The ball is on the lower shelf. The cone is on the upper shelf.",The ball is above the cone.,The ball is below the cone.,Target1,Target2,4,4,2,2,2,2,4,4,43,43,6,6
static_inner__ball_cone__named_shelves__expanded__target_first__reference_first,1.1,applied,static_placement,inner_shelves,static_inner,ball_cone,ball,cone,named_shelves,expanded,target_first,reference_first,below,above,still,still,still,still,"In the room, a fixed five-tier rack has bottom, lower, middle, upper, and top shelves, in that vertical order. Each shelf stays at its level throughout the scene. The ball is on the upper shelf. The cone is on the lower shelf.","In the room, a fixed five-tier rack has bottom, lower, middle, upper, and top shelves, in that vertical order. Each shelf stays at its level throughout the scene. The ball is on the lower shelf. The cone is on the upper shelf.",The cone is below the ball.,The cone is above the ball.,Target1,Target2,4,4,2,2,2,2,4,4,43,43,6,6
static_inner__ball_cone__named_shelves__expanded__reference_first__target_first,1.1,applied,static_placement,inner_shelves,static_inner,ball_cone,ball,cone,named_shelves,expanded,reference_first,target_first,above,below,still,still,still,still,"In the room, a fixed five-tier rack has bottom, lower, middle, upper, and top shelves, in that vertical order. Each shelf stays at its level throughout the scene. The cone is on the lower shelf. The ball is on the upper shelf.","In the room, a fixed five-tier rack has bottom, lower, middle, upper, and top shelves, in that vertical order. Each shelf stays at its level throughout the scene. The cone is on the upper shelf. The ball is on the lower shelf.",The ball is above the cone.,The ball is below the cone.,Target1,Target2,4,4,2,2,2,2,4,4,43,43,6,6
static_inner__ball_cone__named_shelves__expanded__reference_first__reference_first,1.1,applied,static_placement,inner_shelves,static_inner,ball_cone,ball,cone,named_shelves,expanded,reference_first,reference_first,below,above,still,still,still,still,"In the room, a fixed five-tier rack has bottom, lower, middle, upper, and top shelves, in that vertical order. Each shelf stays at its level throughout the scene. The cone is on the lower shelf. The ball is on the upper shelf.","In the room, a fixed five-tier rack has bottom, lower, middle, upper, and top shelves, in that vertical order. Each shelf stays at its level throughout the scene. The cone is on the upper shelf. The ball is on the lower shelf.",The cone is below the ball.,The cone is above the ball.,Target1,Target2,4,4,2,2,2,2,4,4,43,43,6,6
static_inner__ball_cone__measured_height__compact__target_first__target_first,1.1,applied,static_placement,inner_shelves,static_inner,ball_cone,ball,cone,measured_height,compact,target_first,target_first,above,below,still,still,still,still,Heights are measured from the floor. The ball is at a height of 4 feet from the floor. The cone is at a height of 2 feet from the floor.,Heights are measured from the floor. The ball is at a height of 2 feet from the floor. The cone is at a height of 4 feet from the floor.,The ball is above the cone.,The ball is below the cone.,Target1,Target2,4,4,2,2,2,2,4,4,30,30,6,6
static_inner__ball_cone__measured_height__compact__target_first__reference_first,1.1,applied,static_placement,inner_shelves,static_inner,ball_cone,ball,cone,measured_height,compact,target_first,reference_first,below,above,still,still,still,still,Heights are measured from the floor. The ball is at a height of 4 feet from the floor. The cone is at a height of 2 feet from the floor.,Heights are measured from the floor. The ball is at a height of 2 feet from the floor. The cone is at a height of 4 feet from the floor.,The cone is below the ball.,The cone is above the ball.,Target1,Target2,4,4,2,2,2,2,4,4,30,30,6,6
static_inner__ball_cone__measured_height__compact__reference_first__target_first,1.1,applied,static_placement,inner_shelves,static_inner,ball_cone,ball,cone,measured_height,compact,reference_first,target_first,above,below,still,still,still,still,Heights are measured from the floor. The cone is at a height of 2 feet from the floor. The ball is at a height of 4 feet from the floor.,Heights are measured from the floor. The cone is at a height of 4 feet from the floor. The ball is at a height of 2 feet from the floor.,The ball is above the cone.,The ball is below the cone.,Target1,Target2,4,4,2,2,2,2,4,4,30,30,6,6
static_inner__ball_cone__measured_height__compact__reference_first__reference_first,1.1,applied,static_placement,inner_shelves,static_inner,ball_cone,ball,cone,measured_height,compact,reference_first,reference_first,below,above,still,still,still,still,Heights are measured from the floor. The cone is at a height of 2 feet from the floor. The ball is at a height of 4 feet from the floor.,Heights are measured from the floor. The cone is at a height of 4 feet from the floor. The ball is at a height of 2 feet from the floor.,The cone is below the ball.,The cone is above the ball.,Target1,Target2,4,4,2,2,2,2,4,4,30,30,6,6
static_inner__ball_cone__measured_height__standard__target_first__target_first,1.1,applied,static_placement,inner_shelves,static_inner,ball_cone,ball,cone,measured_height,standard,target_first,target_first,above,below,still,still,still,still,"In the room, the heights of both objects are measured from the same floor. The ball is at a height of 4 feet from the floor. The cone is at a height of 2 feet from the floor.","In the room, the heights of both objects are measured from the same floor. The ball is at a height of 2 feet from the floor. The cone is at a height of 4 feet from the floor.",The ball is above the cone.,The ball is below the cone.,Target1,Target2,4,4,2,2,2,2,4,4,38,38,6,6
static_inner__ball_cone__measured_height__standard__target_first__reference_first,1.1,applied,static_placement,inner_shelves,static_inner,ball_cone,ball,cone,measured_height,standard,target_first,reference_first,below,above,still,still,still,still,"In the room, the heights of both objects are measured from the same floor. The ball is at a height of 4 feet from the floor. The cone is at a height of 2 feet from the floor.","In the room, the heights of both objects are measured from the same floor. The ball is at a height of 2 feet from the floor. The cone is at a height of 4 feet from the floor.",The cone is below the ball.,The cone is above the ball.,Target1,Target2,4,4,2,2,2,2,4,4,38,38,6,6
static_inner__ball_cone__measured_height__standard__reference_first__target_first,1.1,applied,static_placement,inner_shelves,static_inner,ball_cone,ball,cone,measured_height,standard,reference_first,target_first,above,below,still,still,still,still,"In the room, the heights of both objects are measured from the same floor. The cone is at a height of 2 feet from the floor. The ball is at a height of 4 feet from the floor.","In the room, the heights of both objects are measured from the same floor. The cone is at a height of 4 feet from the floor. The ball is at a height of 2 feet from the floor.",The ball is above the cone.,The ball is below the cone.,Target1,Target2,4,4,2,2,2,2,4,4,38,38,6,6
static_inner__ball_cone__measured_height__standard__reference_first__reference_first,1.1,applied,static_placement,inner_shelves,static_inner,ball_cone,ball,cone,measured_height,standard,reference_first,reference_first,below,above,still,still,still,still,"In the room, the heights of both objects are measured from the same floor. The cone is at a height of 2 feet from the floor. The ball is at a height of 4 feet from the floor.","In the room, the heights of both objects are measured from the same floor. The cone is at a height of 4 feet from the floor. The ball is at a height of 2 feet from the floor.",The cone is below the ball.,The cone is above the ball.,Target1,Target2,4,4,2,2,2,2,4,4,38,38,6,6
static_inner__ball_cone__measured_height__expanded__target_first__target_first,1.1,applied,static_placement,inner_shelves,static_inner,ball_cone,ball,cone,measured_height,expanded,target_first,target_first,above,below,still,still,still,still,"In the room, the heights of both objects are measured from the same level floor. The floor stays fixed while the objects move or remain still. The ball is at a height of 4 feet from the floor. The cone is at a height of 2 feet from the floor.","In the room, the heights of both objects are measured from the same level floor. The floor stays fixed while the objects move or remain still. The ball is at a height of 2 feet from the floor. The cone is at a height of 4 feet from the floor.",The ball is above the cone.,The ball is below the cone.,Target1,Target2,4,4,2,2,2,2,4,4,50,50,6,6
static_inner__ball_cone__measured_height__expanded__target_first__reference_first,1.1,applied,static_placement,inner_shelves,static_inner,ball_cone,ball,cone,measured_height,expanded,target_first,reference_first,below,above,still,still,still,still,"In the room, the heights of both objects are measured from the same level floor. The floor stays fixed while the objects move or remain still. The ball is at a height of 4 feet from the floor. The cone is at a height of 2 feet from the floor.","In the room, the heights of both objects are measured from the same level floor. The floor stays fixed while the objects move or remain still. The ball is at a height of 2 feet from the floor. The cone is at a height of 4 feet from the floor.",The cone is below the ball.,The cone is above the ball.,Target1,Target2,4,4,2,2,2,2,4,4,50,50,6,6
static_inner__ball_cone__measured_height__expanded__reference_first__target_first,1.1,applied,static_placement,inner_shelves,static_inner,ball_cone,ball,cone,measured_height,expanded,reference_first,target_first,above,below,still,still,still,still,"In the room, the heights of both objects are measured from the same level floor. The floor stays fixed while the objects move or remain still. The cone is at a height of 2 feet from the floor. The ball is at a height of 4 feet from the floor.","In the room, the heights of both objects are measured from the same level floor. The floor stays fixed while the objects move or remain still. The cone is at a height of 4 feet from the floor. The ball is at a height of 2 feet from the floor.",The ball is above the cone.,The ball is below the cone.,Target1,Target2,4,4,2,2,2,2,4,4,50,50,6,6
static_inner__ball_cone__measured_height__expanded__reference_first__reference_first,1.1,applied,static_placement,inner_shelves,static_inner,ball_cone,ball,cone,measured_height,expanded,reference_first,reference_first,below,above,still,still,still,still,"In the room, the heights of both objects are measured from the same level floor. The floor stays fixed while the objects move or remain still. The cone is at a height of 2 feet from the floor. The ball is at a height of 4 feet from the floor.","In the room, the heights of both objects are measured from the same level floor. The floor stays fixed while the objects move or remain still. The cone is at a height of 4 feet from the floor. The ball is at a height of 2 feet from the floor.",The cone is below the ball.,The cone is above the ball.,Target1,Target2,4,4,2,2,2,2,4,4,50,50,6,6
static_inner__cup_box__named_shelves__compact__target_first__target_first,1.1,applied,static_placement,inner_shelves,static_inner,cup_box,cup,box,named_shelves,compact,target_first,target_first,above,below,still,still,still,still,"The rack's shelves run from bottom through lower, middle, and upper to top. The cup is on the upper shelf. The box is on the lower shelf.","The rack's shelves run from bottom through lower, middle, and upper to top. The cup is on the lower shelf. The box is on the upper shelf.",The cup is above the box.,The cup is below the box.,Target1,Target2,4,4,2,2,2,2,4,4,28,28,6,6
static_inner__cup_box__named_shelves__compact__target_first__reference_first,1.1,applied,static_placement,inner_shelves,static_inner,cup_box,cup,box,named_shelves,compact,target_first,reference_first,below,above,still,still,still,still,"The rack's shelves run from bottom through lower, middle, and upper to top. The cup is on the upper shelf. The box is on the lower shelf.","The rack's shelves run from bottom through lower, middle, and upper to top. The cup is on the lower shelf. The box is on the upper shelf.",The box is below the cup.,The box is above the cup.,Target1,Target2,4,4,2,2,2,2,4,4,28,28,6,6
static_inner__cup_box__named_shelves__compact__reference_first__target_first,1.1,applied,static_placement,inner_shelves,static_inner,cup_box,cup,box,named_shelves,compact,reference_first,target_first,above,below,still,still,still,still,"The rack's shelves run from bottom through lower, middle, and upper to top. The box is on the lower shelf. The cup is on the upper shelf.","The rack's shelves run from bottom through lower, middle, and upper to top. The box is on the upper shelf. The cup is on the lower shelf.",The cup is above the box.,The cup is below the box.,Target1,Target2,4,4,2,2,2,2,4,4,28,28,6,6
static_inner__cup_box__named_shelves__compact__reference_first__reference_first,1.1,applied,static_placement,inner_shelves,static_inner,cup_box,cup,box,named_shelves,compact,reference_first,reference_first,below,above,still,still,still,still,"The rack's shelves run from bottom through lower, middle, and upper to top. The box is on the lower shelf. The cup is on the upper shelf.","The rack's shelves run from bottom through lower, middle, and upper to top. The box is on the upper shelf. The cup is on the lower shelf.",The box is below the cup.,The box is above the cup.,Target1,Target2,4,4,2,2,2,2,4,4,28,28,6,6
static_inner__cup_box__named_shelves__standard__target_first__target_first,1.1,applied,static_placement,inner_shelves,static_inner,cup_box,cup,box,named_shelves,standard,target_first,target_first,above,below,still,still,still,still,"In the room, a five-tier rack has bottom, lower, middle, upper, and top shelves, in that vertical order. The cup is on the upper shelf. The box is on the lower shelf.","In the room, a five-tier rack has bottom, lower, middle, upper, and top shelves, in that vertical order. The cup is on the lower shelf. The box is on the upper shelf.",The cup is above the box.,The cup is below the box.,Target1,Target2,4,4,2,2,2,2,4,4,33,33,6,6
static_inner__cup_box__named_shelves__standard__target_first__reference_first,1.1,applied,static_placement,inner_shelves,static_inner,cup_box,cup,box,named_shelves,standard,target_first,reference_first,below,above,still,still,still,still,"In the room, a five-tier rack has bottom, lower, middle, upper, and top shelves, in that vertical order. The cup is on the upper shelf. The box is on the lower shelf.","In the room, a five-tier rack has bottom, lower, middle, upper, and top shelves, in that vertical order. The cup is on the lower shelf. The box is on the upper shelf.",The box is below the cup.,The box is above the cup.,Target1,Target2,4,4,2,2,2,2,4,4,33,33,6,6
static_inner__cup_box__named_shelves__standard__reference_first__target_first,1.1,applied,static_placement,inner_shelves,static_inner,cup_box,cup,box,named_shelves,standard,reference_first,target_first,above,below,still,still,still,still,"In the room, a five-tier rack has bottom, lower, middle, upper, and top shelves, in that vertical order. The box is on the lower shelf. The cup is on the upper shelf.","In the room, a five-tier rack has bottom, lower, middle, upper, and top shelves, in that vertical order. The box is on the upper shelf. The cup is on the lower shelf.",The cup is above the box.,The cup is below the box.,Target1,Target2,4,4,2,2,2,2,4,4,33,33,6,6
static_inner__cup_box__named_shelves__standard__reference_first__reference_first,1.1,applied,static_placement,inner_shelves,static_inner,cup_box,cup,box,named_shelves,standard,reference_first,reference_first,below,above,still,still,still,still,"In the room, a five-tier rack has bottom, lower, middle, upper, and top shelves, in that vertical order. The box is on the lower shelf. The cup is on the upper shelf.","In the room, a five-tier rack has bottom, lower, middle, upper, and top shelves, in that vertical order. The box is on the upper shelf. The cup is on the lower shelf.",The box is below the cup.,The box is above the cup.,Target1,Target2,4,4,2,2,2,2,4,4,33,33,6,6
static_inner__cup_box__named_shelves__expanded__target_first__target_first,1.1,applied,static_placement,inner_shelves,static_inner,cup_box,cup,box,named_shelves,expanded,target_first,target_first,above,below,still,still,still,still,"In the room, a fixed five-tier rack has bottom, lower, middle, upper, and top shelves, in that vertical order. Each shelf stays at its level throughout the scene. The cup is on the upper shelf. The box is on the lower shelf.","In the room, a fixed five-tier rack has bottom, lower, middle, upper, and top shelves, in that vertical order. Each shelf stays at its level throughout the scene. The cup is on the lower shelf. The box is on the upper shelf.",The cup is above the box.,The cup is below the box.,Target1,Target2,4,4,2,2,2,2,4,4,43,43,6,6
static_inner__cup_box__named_shelves__expanded__target_first__reference_first,1.1,applied,static_placement,inner_shelves,static_inner,cup_box,cup,box,named_shelves,expanded,target_first,reference_first,below,above,still,still,still,still,"In the room, a fixed five-tier rack has bottom, lower, middle, upper, and top shelves, in that vertical order. Each shelf stays at its level throughout the scene. The cup is on the upper shelf. The box is on the lower shelf.","In the room, a fixed five-tier rack has bottom, lower, middle, upper, and top shelves, in that vertical order. Each shelf stays at its level throughout the scene. The cup is on the lower shelf. The box is on the upper shelf.",The box is below the cup.,The box is above the cup.,Target1,Target2,4,4,2,2,2,2,4,4,43,43,6,6
static_inner__cup_box__named_shelves__expanded__reference_first__target_first,1.1,applied,static_placement,inner_shelves,static_inner,cup_box,cup,box,named_shelves,expanded,reference_first,target_first,above,below,still,still,still,still,"In the room, a fixed five-tier rack has bottom, lower, middle, upper, and top shelves, in that vertical order. Each shelf stays at its level throughout the scene. The box is on the lower shelf. The cup is on the upper shelf.","In the room, a fixed five-tier rack has bottom, lower, middle, upper, and top shelves, in that vertical order. Each shelf stays at its level throughout the scene. The box is on the upper shelf. The cup is on the lower shelf.",The cup is above the box.,The cup is below the box.,Target1,Target2,4,4,2,2,2,2,4,4,43,43,6,6
static_inner__cup_box__named_shelves__expanded__reference_first__reference_first,1.1,applied,static_placement,inner_shelves,static_inner,cup_box,cup,box,named_shelves,expanded,reference_first,reference_first,below,above,still,still,still,still,"In the room, a fixed five-tier rack has bottom, lower, middle, upper, and top shelves, in that vertical order. Each shelf stays at its level throughout the scene. The box is on the lower shelf. The cup is on the upper shelf.","In the room, a fixed five-tier rack has bottom, lower, middle, upper, and top shelves, in that vertical order. Each shelf stays at its level throughout the scene. The box is on the upper shelf. The cup is on the lower shelf.",The box is below the cup.,The box is above the cup.,Target1,Target2,4,4,2,2,2,2,4,4,43,43,6,6
static_inner__cup_box__measured_height__compact__target_first__target_first,1.1,applied,static_placement,inner_shelves,static_inner,cup_box,cup,box,measured_height,compact,target_first,target_first,above,below,still,still,still,still,Heights are measured from the floor. The cup is at a height of 4 feet from the floor. The box is at a height of 2 feet from the floor.,Heights are measured from the floor. The cup is at a height of 2 feet from the floor. The box is at a height of 4 feet from the floor.,The cup is above the box.,The cup is below the box.,Target1,Target2,4,4,2,2,2,2,4,4,30,30,6,6
static_inner__cup_box__measured_height__compact__target_first__reference_first,1.1,applied,static_placement,inner_shelves,static_inner,cup_box,cup,box,measured_height,compact,target_first,reference_first,below,above,still,still,still,still,Heights are measured from the floor. The cup is at a height of 4 feet from the floor. The box is at a height of 2 feet from the floor.,Heights are measured from the floor. The cup is at a height of 2 feet from the floor. The box is at a height of 4 feet from the floor.,The box is below the cup.,The box is above the cup.,Target1,Target2,4,4,2,2,2,2,4,4,30,30,6,6
static_inner__cup_box__measured_height__compact__reference_first__target_first,1.1,applied,static_placement,inner_shelves,static_inner,cup_box,cup,box,measured_height,compact,reference_first,target_first,above,below,still,still,still,still,Heights are measured from the floor. The box is at a height of 2 feet from the floor. The cup is at a height of 4 feet from the floor.,Heights are measured from the floor. The box is at a height of 4 feet from the floor. The cup is at a height of 2 feet from the floor.,The cup is above the box.,The cup is below the box.,Target1,Target2,4,4,2,2,2,2,4,4,30,30,6,6
static_inner__cup_box__measured_height__compact__reference_first__reference_first,1.1,applied,static_placement,inner_shelves,static_inner,cup_box,cup,box,measured_height,compact,reference_first,reference_first,below,above,still,still,still,still,Heights are measured from the floor. The box is at a height of 2 feet from the floor. The cup is at a height of 4 feet from the floor.,Heights are measured from the floor. The box is at a height of 4 feet from the floor. The cup is at a height of 2 feet from the floor.,The box is below the cup.,The box is above the cup.,Target1,Target2,4,4,2,2,2,2,4,4,30,30,6,6
static_inner__cup_box__measured_height__standard__target_first__target_first,1.1,applied,static_placement,inner_shelves,static_inner,cup_box,cup,box,measured_height,standard,target_first,target_first,above,below,still,still,still,still,"In the room, the heights of both objects are measured from the same floor. The cup is at a height of 4 feet from the floor. The box is at a height of 2 feet from the floor.","In the room, the heights of both objects are measured from the same floor. The cup is at a height of 2 feet from the floor. The box is at a height of 4 feet from the floor.",The cup is above the box.,The cup is below the box.,Target1,Target2,4,4,2,2,2,2,4,4,38,38,6,6
static_inner__cup_box__measured_height__standard__target_first__reference_first,1.1,applied,static_placement,inner_shelves,static_inner,cup_box,cup,box,measured_height,standard,target_first,reference_first,below,above,still,still,still,still,"In the room, the heights of both objects are measured from the same floor. The cup is at a height of 4 feet from the floor. The box is at a height of 2 feet from the floor.","In the room, the heights of both objects are measured from the same floor. The cup is at a height of 2 feet from the floor. The box is at a height of 4 feet from the floor.",The box is below the cup.,The box is above the cup.,Target1,Target2,4,4,2,2,2,2,4,4,38,38,6,6
static_inner__cup_box__measured_height__standard__reference_first__target_first,1.1,applied,static_placement,inner_shelves,static_inner,cup_box,cup,box,measured_height,standard,reference_first,target_first,above,below,still,still,still,still,"In the room, the heights of both objects are measured from the same floor. The box is at a height of 2 feet from the floor. The cup is at a height of 4 feet from the floor.","In the room, the heights of both objects are measured from the same floor. The box is at a height of 4 feet from the floor. The cup is at a height of 2 feet from the floor.",The cup is above the box.,The cup is below the box.,Target1,Target2,4,4,2,2,2,2,4,4,38,38,6,6
static_inner__cup_box__measured_height__standard__reference_first__reference_first,1.1,applied,static_placement,inner_shelves,static_inner,cup_box,cup,box,measured_height,standard,reference_first,reference_first,below,above,still,still,still,still,"In the room, the heights of both objects are measured from the same floor. The box is at a height of 2 feet from the floor. The cup is at a height of 4 feet from the floor.","In the room, the heights of both objects are measured from the same floor. The box is at a height of 4 feet from the floor. The cup is at a height of 2 feet from the floor.",The box is below the cup.,The box is above the cup.,Target1,Target2,4,4,2,2,2,2,4,4,38,38,6,6
static_inner__cup_box__measured_height__expanded__target_first__target_first,1.1,applied,static_placement,inner_shelves,static_inner,cup_box,cup,box,measured_height,expanded,target_first,target_first,above,below,still,still,still,still,"In the room, the heights of both objects are measured from the same level floor. The floor stays fixed while the objects move or remain still. The cup is at a height of 4 feet from the floor. The box is at a height of 2 feet from the floor.","In the room, the heights of both objects are measured from the same level floor. The floor stays fixed while the objects move or remain still. The cup is at a height of 2 feet from the floor. The box is at a height of 4 feet from the floor.",The cup is above the box.,The cup is below the box.,Target1,Target2,4,4,2,2,2,2,4,4,50,50,6,6
static_inner__cup_box__measured_height__expanded__target_first__reference_first,1.1,applied,static_placement,inner_shelves,static_inner,cup_box,cup,box,measured_height,expanded,target_first,reference_first,below,above,still,still,still,still,"In the room, the heights of both objects are measured from the same level floor. The floor stays fixed while the objects move or remain still. The cup is at a height of 4 feet from the floor. The box is at a height of 2 feet from the floor.","In the room, the heights of both objects are measured from the same level floor. The floor stays fixed while the objects move or remain still. The cup is at a height of 2 feet from the floor. The box is at a height of 4 feet from the floor.",The box is below the cup.,The box is above the cup.,Target1,Target2,4,4,2,2,2,2,4,4,50,50,6,6
static_inner__cup_box__measured_height__expanded__reference_first__target_first,1.1,applied,static_placement,inner_shelves,static_inner,cup_box,cup,box,measured_height,expanded,reference_first,target_first,above,below,still,still,still,still,"In the room, the heights of both objects are measured from the same level floor. The floor stays fixed while the objects move or remain still. The box is at a height of 2 feet from the floor. The cup is at a height of 4 feet from the floor.","In the room, the heights of both objects are measured from the same level floor. The floor stays fixed while the objects move or remain still. The box is at a height of 4 feet from the floor. The cup is at a height of 2 feet from the floor.",The cup is above the box.,The cup is below the box.,Target1,Target2,4,4,2,2,2,2,4,4,50,50,6,6
static_inner__cup_box__measured_height__expanded__reference_first__reference_first,1.1,applied,static_placement,inner_shelves,static_inner,cup_box,cup,box,measured_height,expanded,reference_first,reference_first,below,above,still,still,still,still,"In the room, the heights of both objects are measured from the same level floor. The floor stays fixed while the objects move or remain still. The box is at a height of 2 feet from the floor. The cup is at a height of 4 feet from the floor.","In the room, the heights of both objects are measured from the same level floor. The floor stays fixed while the objects move or remain still. The box is at a height of 4 feet from the floor. The cup is at a height of 2 feet from the floor.",The box is below the cup.,The box is above the cup.,Target1,Target2,4,4,2,2,2,2,4,4,50,50,6,6
static_inner__book_jar__named_shelves__compact__target_first__target_first,1.1,applied,static_placement,inner_shelves,static_inner,book_jar,book,jar,named_shelves,compact,target_first,target_first,above,below,still,still,still,still,"The rack's shelves run from bottom through lower, middle, and upper to top. The book is on the upper shelf. The jar is on the lower shelf.","The rack's shelves run from bottom through lower, middle, and upper to top. The book is on the lower shelf. The jar is on the upper shelf.",The book is above the jar.,The book is below the jar.,Target1,Target2,4,4,2,2,2,2,4,4,28,28,6,6
static_inner__book_jar__named_shelves__compact__target_first__reference_first,1.1,applied,static_placement,inner_shelves,static_inner,book_jar,book,jar,named_shelves,compact,target_first,reference_first,below,above,still,still,still,still,"The rack's shelves run from bottom through lower, middle, and upper to top. The book is on the upper shelf. The jar is on the lower shelf.","The rack's shelves run from bottom through lower, middle, and upper to top. The book is on the lower shelf. The jar is on the upper shelf.",The jar is below the book.,The jar is above the book.,Target1,Target2,4,4,2,2,2,2,4,4,28,28,6,6
static_inner__book_jar__named_shelves__compact__reference_first__target_first,1.1,applied,static_placement,inner_shelves,static_inner,book_jar,book,jar,named_shelves,compact,reference_first,target_first,above,below,still,still,still,still,"The rack's shelves run from bottom through lower, middle, and upper to top. The jar is on the lower shelf. The book is on the upper shelf.","The rack's shelves run from bottom through lower, middle, and upper to top. The jar is on the upper shelf. The book is on the lower shelf.",The book is above the jar.,The book is below the jar.,Target1,Target2,4,4,2,2,2,2,4,4,28,28,6,6
static_inner__book_jar__named_shelves__compact__reference_first__reference_first,1.1,applied,static_placement,inner_shelves,static_inner,book_jar,book,jar,named_shelves,compact,reference_first,reference_first,below,above,still,still,still,still,"The rack's shelves run from bottom through lower, middle, and upper to top. The jar is on the lower shelf. The book is on the upper shelf.","The rack's shelves run from bottom through lower, middle, and upper to top. The jar is on the upper shelf. The book is on the lower shelf.",The jar is below the book.,The jar is above the book.,Target1,Target2,4,4,2,2,2,2,4,4,28,28,6,6
static_inner__book_jar__named_shelves__standard__target_first__target_first,1.1,applied,static_placement,inner_shelves,static_inner,book_jar,book,jar,named_shelves,standard,target_first,target_first,above,below,still,still,still,still,"In the room, a five-tier rack has bottom, lower, middle, upper, and top shelves, in that vertical order. The book is on the upper shelf. The jar is on the lower shelf.","In the room, a five-tier rack has bottom, lower, middle, upper, and top shelves, in that vertical order. The book is on the lower shelf. The jar is on the upper shelf.",The book is above the jar.,The book is below the jar.,Target1,Target2,4,4,2,2,2,2,4,4,33,33,6,6
static_inner__book_jar__named_shelves__standard__target_first__reference_first,1.1,applied,static_placement,inner_shelves,static_inner,book_jar,book,jar,named_shelves,standard,target_first,reference_first,below,above,still,still,still,still,"In the room, a five-tier rack has bottom, lower, middle, upper, and top shelves, in that vertical order. The book is on the upper shelf. The jar is on the lower shelf.","In the room, a five-tier rack has bottom, lower, middle, upper, and top shelves, in that vertical order. The book is on the lower shelf. The jar is on the upper shelf.",The jar is below the book.,The jar is above the book.,Target1,Target2,4,4,2,2,2,2,4,4,33,33,6,6
static_inner__book_jar__named_shelves__standard__reference_first__target_first,1.1,applied,static_placement,inner_shelves,static_inner,book_jar,book,jar,named_shelves,standard,reference_first,target_first,above,below,still,still,still,still,"In the room, a five-tier rack has bottom, lower, middle, upper, and top shelves, in that vertical order. The jar is on the lower shelf. The book is on the upper shelf.","In the room, a five-tier rack has bottom, lower, middle, upper, and top shelves, in that vertical order. The jar is on the upper shelf. The book is on the lower shelf.",The book is above the jar.,The book is below the jar.,Target1,Target2,4,4,2,2,2,2,4,4,33,33,6,6
static_inner__book_jar__named_shelves__standard__reference_first__reference_first,1.1,applied,static_placement,inner_shelves,static_inner,book_jar,book,jar,named_shelves,standard,reference_first,reference_first,below,above,still,still,still,still,"In the room, a five-tier rack has bottom, lower, middle, upper, and top shelves, in that vertical order. The jar is on the lower shelf. The book is on the upper shelf.","In the room, a five-tier rack has bottom, lower, middle, upper, and top shelves, in that vertical order. The jar is on the upper shelf. The book is on the lower shelf.",The jar is below the book.,The jar is above the book.,Target1,Target2,4,4,2,2,2,2,4,4,33,33,6,6
static_inner__book_jar__named_shelves__expanded__target_first__target_first,1.1,applied,static_placement,inner_shelves,static_inner,book_jar,book,jar,named_shelves,expanded,target_first,target_first,above,below,still,still,still,still,"In the room, a fixed five-tier rack has bottom, lower, middle, upper, and top shelves, in that vertical order. Each shelf stays at its level throughout the scene. The book is on the upper shelf. The jar is on the lower shelf.","In the room, a fixed five-tier rack has bottom, lower, middle, upper, and top shelves, in that vertical order. Each shelf stays at its level throughout the scene. The book is on the lower shelf. The jar is on the upper shelf.",The book is above the jar.,The book is below the jar.,Target1,Target2,4,4,2,2,2,2,4,4,43,43,6,6
static_inner__book_jar__named_shelves__expanded__target_first__reference_first,1.1,applied,static_placement,inner_shelves,static_inner,book_jar,book,jar,named_shelves,expanded,target_first,reference_first,below,above,still,still,still,still,"In the room, a fixed five-tier rack has bottom, lower, middle, upper, and top shelves, in that vertical order. Each shelf stays at its level throughout the scene. The book is on the upper shelf. The jar is on the lower shelf.","In the room, a fixed five-tier rack has bottom, lower, middle, upper, and top shelves, in that vertical order. Each shelf stays at its level throughout the scene. The book is on the lower shelf. The jar is on the upper shelf.",The jar is below the book.,The jar is above the book.,Target1,Target2,4,4,2,2,2,2,4,4,43,43,6,6
static_inner__book_jar__named_shelves__expanded__reference_first__target_first,1.1,applied,static_placement,inner_shelves,static_inner,book_jar,book,jar,named_shelves,expanded,reference_first,target_first,above,below,still,still,still,still,"In the room, a fixed five-tier rack has bottom, lower, middle, upper, and top shelves, in that vertical order. Each shelf stays at its level throughout the scene. The jar is on the lower shelf. The book is on the upper shelf.","In the room, a fixed five-tier rack has bottom, lower, middle, upper, and top shelves, in that vertical order. Each shelf stays at its level throughout the scene. The jar is on the upper shelf. The book is on the lower shelf.",The book is above the jar.,The book is below the jar.,Target1,Target2,4,4,2,2,2,2,4,4,43,43,6,6
static_inner__book_jar__named_shelves__expanded__reference_first__reference_first,1.1,applied,static_placement,inner_shelves,static_inner,book_jar,book,jar,named_shelves,expanded,reference_first,reference_first,below,above,still,still,still,still,"In the room, a fixed five-tier rack has bottom, lower, middle, upper, and top shelves, in that vertical order. Each shelf stays at its level throughout the scene. The jar is on the lower shelf. The book is on the upper shelf.","In the room, a fixed five-tier rack has bottom, lower, middle, upper, and top shelves, in that vertical order. Each shelf stays at its level throughout the scene. The jar is on the upper shelf. The book is on the lower shelf.",The jar is below the book.,The jar is above the book.,Target1,Target2,4,4,2,2,2,2,4,4,43,43,6,6
static_inner__book_jar__measured_height__compact__target_first__target_first,1.1,applied,static_placement,inner_shelves,static_inner,book_jar,book,jar,measured_height,compact,target_first,target_first,above,below,still,still,still,still,Heights are measured from the floor. The book is at a height of 4 feet from the floor. The jar is at a height of 2 feet from the floor.,Heights are measured from the floor. The book is at a height of 2 feet from the floor. The jar is at a height of 4 feet from the floor.,The book is above the jar.,The book is below the jar.,Target1,Target2,4,4,2,2,2,2,4,4,30,30,6,6
static_inner__book_jar__measured_height__compact__target_first__reference_first,1.1,applied,static_placement,inner_shelves,static_inner,book_jar,book,jar,measured_height,compact,target_first,reference_first,below,above,still,still,still,still,Heights are measured from the floor. The book is at a height of 4 feet from the floor. The jar is at a height of 2 feet from the floor.,Heights are measured from the floor. The book is at a height of 2 feet from the floor. The jar is at a height of 4 feet from the floor.,The jar is below the book.,The jar is above the book.,Target1,Target2,4,4,2,2,2,2,4,4,30,30,6,6
static_inner__book_jar__measured_height__compact__reference_first__target_first,1.1,applied,static_placement,inner_shelves,static_inner,book_jar,book,jar,measured_height,compact,reference_first,target_first,above,below,still,still,still,still,Heights are measured from the floor. The jar is at a height of 2 feet from the floor. The book is at a height of 4 feet from the floor.,Heights are measured from the floor. The jar is at a height of 4 feet from the floor. The book is at a height of 2 feet from the floor.,The book is above the jar.,The book is below the jar.,Target1,Target2,4,4,2,2,2,2,4,4,30,30,6,6
static_inner__book_jar__measured_height__compact__reference_first__reference_first,1.1,applied,static_placement,inner_shelves,static_inner,book_jar,book,jar,measured_height,compact,reference_first,reference_first,below,above,still,still,still,still,Heights are measured from the floor. The jar is at a height of 2 feet from the floor. The book is at a height of 4 feet from the floor.,Heights are measured from the floor. The jar is at a height of 4 feet from the floor. The book is at a height of 2 feet from the floor.,The jar is below the book.,The jar is above the book.,Target1,Target2,4,4,2,2,2,2,4,4,30,30,6,6
static_inner__book_jar__measured_height__standard__target_first__target_first,1.1,applied,static_placement,inner_shelves,static_inner,book_jar,book,jar,measured_height,standard,target_first,target_first,above,below,still,still,still,still,"In the room, the heights of both objects are measured from the same floor. The book is at a height of 4 feet from the floor. The jar is at a height of 2 feet from the floor.","In the room, the heights of both objects are measured from the same floor. The book is at a height of 2 feet from the floor. The jar is at a height of 4 feet from the floor.",The book is above the jar.,The book is below the jar.,Target1,Target2,4,4,2,2,2,2,4,4,38,38,6,6
static_inner__book_jar__measured_height__standard__target_first__reference_first,1.1,applied,static_placement,inner_shelves,static_inner,book_jar,book,jar,measured_height,standard,target_first,reference_first,below,above,still,still,still,still,"In the room, the heights of both objects are measured from the same floor. The book is at a height of 4 feet from the floor. The jar is at a height of 2 feet from the floor.","In the room, the heights of both objects are measured from the same floor. The book is at a height of 2 feet from the floor. The jar is at a height of 4 feet from the floor.",The jar is below the book.,The jar is above the book.,Target1,Target2,4,4,2,2,2,2,4,4,38,38,6,6
static_inner__book_jar__measured_height__standard__reference_first__target_first,1.1,applied,static_placement,inner_shelves,static_inner,book_jar,book,jar,measured_height,standard,reference_first,target_first,above,below,still,still,still,still,"In the room, the heights of both objects are measured from the same floor. The jar is at a height of 2 feet from the floor. The book is at a height of 4 feet from the floor.","In the room, the heights of both objects are measured from the same floor. The jar is at a height of 4 feet from the floor. The book is at a height of 2 feet from the floor.",The book is above the jar.,The book is below the jar.,Target1,Target2,4,4,2,2,2,2,4,4,38,38,6,6
static_inner__book_jar__measured_height__standard__reference_first__reference_first,1.1,applied,static_placement,inner_shelves,static_inner,book_jar,book,jar,measured_height,standard,reference_first,reference_first,below,above,still,still,still,still,"In the room, the heights of both objects are measured from the same floor. The jar is at a height of 2 feet from the floor. The book is at a height of 4 feet from the floor.","In the room, the heights of both objects are measured from the same floor. The jar is at a height of 4 feet from the floor. The book is at a height of 2 feet from the floor.",The jar is below the book.,The jar is above the book.,Target1,Target2,4,4,2,2,2,2,4,4,38,38,6,6
static_inner__book_jar__measured_height__expanded__target_first__target_first,1.1,applied,static_placement,inner_shelves,static_inner,book_jar,book,jar,measured_height,expanded,target_first,target_first,above,below,still,still,still,still,"In the room, the heights of both objects are measured from the same level floor. The floor stays fixed while the objects move or remain still. The book is at a height of 4 feet from the floor. The jar is at a height of 2 feet from the floor.","In the room, the heights of both objects are measured from the same level floor. The floor stays fixed while the objects move or remain still. The book is at a height of 2 feet from the floor. The jar is at a height of 4 feet from the floor.",The book is above the jar.,The book is below the jar.,Target1,Target2,4,4,2,2,2,2,4,4,50,50,6,6
static_inner__book_jar__measured_height__expanded__target_first__reference_first,1.1,applied,static_placement,inner_shelves,static_inner,book_jar,book,jar,measured_height,expanded,target_first,reference_first,below,above,still,still,still,still,"In the room, the heights of both objects are measured from the same level floor. The floor stays fixed while the objects move or remain still. The book is at a height of 4 feet from the floor. The jar is at a height of 2 feet from the floor.","In the room, the heights of both objects are measured from the same level floor. The floor stays fixed while the objects move or remain still. The book is at a height of 2 feet from the floor. The jar is at a height of 4 feet from the floor.",The jar is below the book.,The jar is above the book.,Target1,Target2,4,4,2,2,2,2,4,4,50,50,6,6
static_inner__book_jar__measured_height__expanded__reference_first__target_first,1.1,applied,static_placement,inner_shelves,static_inner,book_jar,book,jar,measured_height,expanded,reference_first,target_first,above,below,still,still,still,still,"In the room, the heights of both objects are measured from the same level floor. The floor stays fixed while the objects move or remain still. The jar is at a height of 2 feet from the floor. The book is at a height of 4 feet from the floor.","In the room, the heights of both objects are measured from the same level floor. The floor stays fixed while the objects move or remain still. The jar is at a height of 4 feet from the floor. The book is at a height of 2 feet from the floor.",The book is above the jar.,The book is below the jar.,Target1,Target2,4,4,2,2,2,2,4,4,50,50,6,6
static_inner__book_jar__measured_height__expanded__reference_first__reference_first,1.1,applied,static_placement,inner_shelves,static_inner,book_jar,book,jar,measured_height,expanded,reference_first,reference_first,below,above,still,still,still,still,"In the room, the heights of both objects are measured from the same level floor. The floor stays fixed while the objects move or remain still. The jar is at a height of 2 feet from the floor. The book is at a height of 4 feet from the floor.","In the room, the heights of both objects are measured from the same level floor. The floor stays fixed while the objects move or remain still. The jar is at a height of 4 feet from the floor. The book is at a height of 2 feet from the floor.",The jar is below the book.,The jar is above the book.,Target1,Target2,4,4,2,2,2,2,4,4,50,50,6,6
static_inner__toy_key__named_shelves__compact__target_first__target_first,1.1,applied,static_placement,inner_shelves,static_inner,toy_key,toy,key,named_shelves,compact,target_first,target_first,above,below,still,still,still,still,"The rack's shelves run from bottom through lower, middle, and upper to top. The toy is on the upper shelf. The key is on the lower shelf.","The rack's shelves run from bottom through lower, middle, and upper to top. The toy is on the lower shelf. The key is on the upper shelf.",The toy is above the key.,The toy is below the key.,Target1,Target2,4,4,2,2,2,2,4,4,28,28,6,6
static_inner__toy_key__named_shelves__compact__target_first__reference_first,1.1,applied,static_placement,inner_shelves,static_inner,toy_key,toy,key,named_shelves,compact,target_first,reference_first,below,above,still,still,still,still,"The rack's shelves run from bottom through lower, middle, and upper to top. The toy is on the upper shelf. The key is on the lower shelf.","The rack's shelves run from bottom through lower, middle, and upper to top. The toy is on the lower shelf. The key is on the upper shelf.",The key is below the toy.,The key is above the toy.,Target1,Target2,4,4,2,2,2,2,4,4,28,28,6,6
static_inner__toy_key__named_shelves__compact__reference_first__target_first,1.1,applied,static_placement,inner_shelves,static_inner,toy_key,toy,key,named_shelves,compact,reference_first,target_first,above,below,still,still,still,still,"The rack's shelves run from bottom through lower, middle, and upper to top. The key is on the lower shelf. The toy is on the upper shelf.","The rack's shelves run from bottom through lower, middle, and upper to top. The key is on the upper shelf. The toy is on the lower shelf.",The toy is above the key.,The toy is below the key.,Target1,Target2,4,4,2,2,2,2,4,4,28,28,6,6
static_inner__toy_key__named_shelves__compact__reference_first__reference_first,1.1,applied,static_placement,inner_shelves,static_inner,toy_key,toy,key,named_shelves,compact,reference_first,reference_first,below,above,still,still,still,still,"The rack's shelves run from bottom through lower, middle, and upper to top. The key is on the lower shelf. The toy is on the upper shelf.","The rack's shelves run from bottom through lower, middle, and upper to top. The key is on the upper shelf. The toy is on the lower shelf.",The key is below the toy.,The key is above the toy.,Target1,Target2,4,4,2,2,2,2,4,4,28,28,6,6
static_inner__toy_key__named_shelves__standard__target_first__target_first,1.1,applied,static_placement,inner_shelves,static_inner,toy_key,toy,key,named_shelves,standard,target_first,target_first,above,below,still,still,still,still,"In the room, a five-tier rack has bottom, lower, middle, upper, and top shelves, in that vertical order. The toy is on the upper shelf. The key is on the lower shelf.","In the room, a five-tier rack has bottom, lower, middle, upper, and top shelves, in that vertical order. The toy is on the lower shelf. The key is on the upper shelf.",The toy is above the key.,The toy is below the key.,Target1,Target2,4,4,2,2,2,2,4,4,33,33,6,6
static_inner__toy_key__named_shelves__standard__target_first__reference_first,1.1,applied,static_placement,inner_shelves,static_inner,toy_key,toy,key,named_shelves,standard,target_first,reference_first,below,above,still,still,still,still,"In the room, a five-tier rack has bottom, lower, middle, upper, and top shelves, in that vertical order. The toy is on the upper shelf. The key is on the lower shelf.","In the room, a five-tier rack has bottom, lower, middle, upper, and top shelves, in that vertical order. The toy is on the lower shelf. The key is on the upper shelf.",The key is below the toy.,The key is above the toy.,Target1,Target2,4,4,2,2,2,2,4,4,33,33,6,6
static_inner__toy_key__named_shelves__standard__reference_first__target_first,1.1,applied,static_placement,inner_shelves,static_inner,toy_key,toy,key,named_shelves,standard,reference_first,target_first,above,below,still,still,still,still,"In the room, a five-tier rack has bottom, lower, middle, upper, and top shelves, in that vertical order. The key is on the lower shelf. The toy is on the upper shelf.","In the room, a five-tier rack has bottom, lower, middle, upper, and top shelves, in that vertical order. The key is on the upper shelf. The toy is on the lower shelf.",The toy is above the key.,The toy is below the key.,Target1,Target2,4,4,2,2,2,2,4,4,33,33,6,6
static_inner__toy_key__named_shelves__standard__reference_first__reference_first,1.1,applied,static_placement,inner_shelves,static_inner,toy_key,toy,key,named_shelves,standard,reference_first,reference_first,below,above,still,still,still,still,"In the room, a five-tier rack has bottom, lower, middle, upper, and top shelves, in that vertical order. The key is on the lower shelf. The toy is on the upper shelf.","In the room, a five-tier rack has bottom, lower, middle, upper, and top shelves, in that vertical order. The key is on the upper shelf. The toy is on the lower shelf.",The key is below the toy.,The key is above the toy.,Target1,Target2,4,4,2,2,2,2,4,4,33,33,6,6
static_inner__toy_key__named_shelves__expanded__target_first__target_first,1.1,applied,static_placement,inner_shelves,static_inner,toy_key,toy,key,named_shelves,expanded,target_first,target_first,above,below,still,still,still,still,"In the room, a fixed five-tier rack has bottom, lower, middle, upper, and top shelves, in that vertical order. Each shelf stays at its level throughout the scene. The toy is on the upper shelf. The key is on the lower shelf.","In the room, a fixed five-tier rack has bottom, lower, middle, upper, and top shelves, in that vertical order. Each shelf stays at its level throughout the scene. The toy is on the lower shelf. The key is on the upper shelf.",The toy is above the key.,The toy is below the key.,Target1,Target2,4,4,2,2,2,2,4,4,43,43,6,6
static_inner__toy_key__named_shelves__expanded__target_first__reference_first,1.1,applied,static_placement,inner_shelves,static_inner,toy_key,toy,key,named_shelves,expanded,target_first,reference_first,below,above,still,still,still,still,"In the room, a fixed five-tier rack has bottom, lower, middle, upper, and top shelves, in that vertical order. Each shelf stays at its level throughout the scene. The toy is on the upper shelf. The key is on the lower shelf.","In the room, a fixed five-tier rack has bottom, lower, middle, upper, and top shelves, in that vertical order. Each shelf stays at its level throughout the scene. The toy is on the lower shelf. The key is on the upper shelf.",The key is below the toy.,The key is above the toy.,Target1,Target2,4,4,2,2,2,2,4,4,43,43,6,6
static_inner__toy_key__named_shelves__expanded__reference_first__target_first,1.1,applied,static_placement,inner_shelves,static_inner,toy_key,toy,key,named_shelves,expanded,reference_first,target_first,above,below,still,still,still,still,"In the room, a fixed five-tier rack has bottom, lower, middle, upper, and top shelves, in that vertical order. Each shelf stays at its level throughout the scene. The key is on the lower shelf. The toy is on the upper shelf.","In the room, a fixed five-tier rack has bottom, lower, middle, upper, and top shelves, in that vertical order. Each shelf stays at its level throughout the scene. The key is on the upper shelf. The toy is on the lower shelf.",The toy is above the key.,The toy is below the key.,Target1,Target2,4,4,2,2,2,2,4,4,43,43,6,6
static_inner__toy_key__named_shelves__expanded__reference_first__reference_first,1.1,applied,static_placement,inner_shelves,static_inner,toy_key,toy,key,named_shelves,expanded,reference_first,reference_first,below,above,still,still,still,still,"In the room, a fixed five-tier rack has bottom, lower, middle, upper, and top shelves, in that vertical order. Each shelf stays at its level throughout the scene. The key is on the lower shelf. The toy is on the upper shelf.","In the room, a fixed five-tier rack has bottom, lower, middle, upper, and top shelves, in that vertical order. Each shelf stays at its level throughout the scene. The key is on the upper shelf. The toy is on the lower shelf.",The key is below the toy.,The key is above the toy.,Target1,Target2,4,4,2,2,2,2,4,4,43,43,6,6
static_inner__toy_key__measured_height__compact__target_first__target_first,1.1,applied,static_placement,inner_shelves,static_inner,toy_key,toy,key,measured_height,compact,target_first,target_first,above,below,still,still,still,still,Heights are measured from the floor. The toy is at a height of 4 feet from the floor. The key is at a height of 2 feet from the floor.,Heights are measured from the floor. The toy is at a height of 2 feet from the floor. The key is at a height of 4 feet from the floor.,The toy is above the key.,The toy is below the key.,Target1,Target2,4,4,2,2,2,2,4,4,30,30,6,6
static_inner__toy_key__measured_height__compact__target_first__reference_first,1.1,applied,static_placement,inner_shelves,static_inner,toy_key,toy,key,measured_height,compact,target_first,reference_first,below,above,still,still,still,still,Heights are measured from the floor. The toy is at a height of 4 feet from the floor. The key is at a height of 2 feet from the floor.,Heights are measured from the floor. The toy is at a height of 2 feet from the floor. The key is at a height of 4 feet from the floor.,The key is below the toy.,The key is above the toy.,Target1,Target2,4,4,2,2,2,2,4,4,30,30,6,6
static_inner__toy_key__measured_height__compact__reference_first__target_first,1.1,applied,static_placement,inner_shelves,static_inner,toy_key,toy,key,measured_height,compact,reference_first,target_first,above,below,still,still,still,still,Heights are measured from the floor. The key is at a height of 2 feet from the floor. The toy is at a height of 4 feet from the floor.,Heights are measured from the floor. The key is at a height of 4 feet from the floor. The toy is at a height of 2 feet from the floor.,The toy is above the key.,The toy is below the key.,Target1,Target2,4,4,2,2,2,2,4,4,30,30,6,6
static_inner__toy_key__measured_height__compact__reference_first__reference_first,1.1,applied,static_placement,inner_shelves,static_inner,toy_key,toy,key,measured_height,compact,reference_first,reference_first,below,above,still,still,still,still,Heights are measured from the floor. The key is at a height of 2 feet from the floor. The toy is at a height of 4 feet from the floor.,Heights are measured from the floor. The key is at a height of 4 feet from the floor. The toy is at a height of 2 feet from the floor.,The key is below the toy.,The key is above the toy.,Target1,Target2,4,4,2,2,2,2,4,4,30,30,6,6
static_inner__toy_key__measured_height__standard__target_first__target_first,1.1,applied,static_placement,inner_shelves,static_inner,toy_key,toy,key,measured_height,standard,target_first,target_first,above,below,still,still,still,still,"In the room, the heights of both objects are measured from the same floor. The toy is at a height of 4 feet from the floor. The key is at a height of 2 feet from the floor.","In the room, the heights of both objects are measured from the same floor. The toy is at a height of 2 feet from the floor. The key is at a height of 4 feet from the floor.",The toy is above the key.,The toy is below the key.,Target1,Target2,4,4,2,2,2,2,4,4,38,38,6,6
static_inner__toy_key__measured_height__standard__target_first__reference_first,1.1,applied,static_placement,inner_shelves,static_inner,toy_key,toy,key,measured_height,standard,target_first,reference_first,below,above,still,still,still,still,"In the room, the heights of both objects are measured from the same floor. The toy is at a height of 4 feet from the floor. The key is at a height of 2 feet from the floor.","In the room, the heights of both objects are measured from the same floor. The toy is at a height of 2 feet from the floor. The key is at a height of 4 feet from the floor.",The key is below the toy.,The key is above the toy.,Target1,Target2,4,4,2,2,2,2,4,4,38,38,6,6
static_inner__toy_key__measured_height__standard__reference_first__target_first,1.1,applied,static_placement,inner_shelves,static_inner,toy_key,toy,key,measured_height,standard,reference_first,target_first,above,below,still,still,still,still,"In the room, the heights of both objects are measured from the same floor. The key is at a height of 2 feet from the floor. The toy is at a height of 4 feet from the floor.","In the room, the heights of both objects are measured from the same floor. The key is at a height of 4 feet from the floor. The toy is at a height of 2 feet from the floor.",The toy is above the key.,The toy is below the key.,Target1,Target2,4,4,2,2,2,2,4,4,38,38,6,6
static_inner__toy_key__measured_height__standard__reference_first__reference_first,1.1,applied,static_placement,inner_shelves,static_inner,toy_key,toy,key,measured_height,standard,reference_first,reference_first,below,above,still,still,still,still,"In the room, the heights of both objects are measured from the same floor. The key is at a height of 2 feet from the floor. The toy is at a height of 4 feet from the floor.","In the room, the heights of both objects are measured from the same floor. The key is at a height of 4 feet from the floor. The toy is at a height of 2 feet from the floor.",The key is below the toy.,The key is above the toy.,Target1,Target2,4,4,2,2,2,2,4,4,38,38,6,6
static_inner__toy_key__measured_height__expanded__target_first__target_first,1.1,applied,static_placement,inner_shelves,static_inner,toy_key,toy,key,measured_height,expanded,target_first,target_first,above,below,still,still,still,still,"In the room, the heights of both objects are measured from the same level floor. The floor stays fixed while the objects move or remain still. The toy is at a height of 4 feet from the floor. The key is at a height of 2 feet from the floor.","In the room, the heights of both objects are measured from the same level floor. The floor stays fixed while the objects move or remain still. The toy is at a height of 2 feet from the floor. The key is at a height of 4 feet from the floor.",The toy is above the key.,The toy is below the key.,Target1,Target2,4,4,2,2,2,2,4,4,50,50,6,6
static_inner__toy_key__measured_height__expanded__target_first__reference_first,1.1,applied,static_placement,inner_shelves,static_inner,toy_key,toy,key,measured_height,expanded,target_first,reference_first,below,above,still,still,still,still,"In the room, the heights of both objects are measured from the same level floor. The floor stays fixed while the objects move or remain still. The toy is at a height of 4 feet from the floor. The key is at a height of 2 feet from the floor.","In the room, the heights of both objects are measured from the same level floor. The floor stays fixed while the objects move or remain still. The toy is at a height of 2 feet from the floor. The key is at a height of 4 feet from the floor.",The key is below the toy.,The key is above the toy.,Target1,Target2,4,4,2,2,2,2,4,4,50,50,6,6
static_inner__toy_key__measured_height__expanded__reference_first__target_first,1.1,applied,static_placement,inner_shelves,static_inner,toy_key,toy,key,measured_height,expanded,reference_first,target_first,above,below,still,still,still,still,"In the room, the heights of both objects are measured from the same level floor. The floor stays fixed while the objects move or remain still. The key is at a height of 2 feet from the floor. The toy is at a height of 4 feet from the floor.","In the room, the heights of both objects are measured from the same level floor. The floor stays fixed while the objects move or remain still. The key is at a height of 4 feet from the floor. The toy is at a height of 2 feet from the floor.",The toy is above the key.,The toy is below the key.,Target1,Target2,4,4,2,2,2,2,4,4,50,50,6,6
static_inner__toy_key__measured_height__expanded__reference_first__reference_first,1.1,applied,static_placement,inner_shelves,static_inner,toy_key,toy,key,measured_height,expanded,reference_first,reference_first,below,above,still,still,still,still,"In the room, the heights of both objects are measured from the same level floor. The floor stays fixed while the objects move or remain still. The key is at a height of 2 feet from the floor. The toy is at a height of 4 feet from the floor.","In the room, the heights of both objects are measured from the same level floor. The floor stays fixed while the objects move or remain still. The key is at a height of 4 feet from the floor. The toy is at a height of 2 feet from the floor.",The key is below the toy.,The key is above the toy.,Target1,Target2,4,4,2,2,2,2,4,4,50,50,6,6
static_offset__ball_cone__named_shelves__compact__target_first__target_first,1.1,applied,static_placement,middle_reference,static_offset,ball_cone,ball,cone,named_shelves,compact,target_first,target_first,above,below,still,still,still,still,"The rack's shelves run from bottom through lower, middle, and upper to top. The ball is on the top shelf. The cone is on the middle shelf.","The rack's shelves run from bottom through lower, middle, and upper to top. The ball is on the middle shelf. The cone is on the top shelf.",The ball is above the cone.,The ball is below the cone.,Target1,Target2,5,5,3,3,3,3,5,5,28,28,6,6
static_offset__ball_cone__named_shelves__compact__target_first__reference_first,1.1,applied,static_placement,middle_reference,static_offset,ball_cone,ball,cone,named_shelves,compact,target_first,reference_first,below,above,still,still,still,still,"The rack's shelves run from bottom through lower, middle, and upper to top. The ball is on the top shelf. The cone is on the middle shelf.","The rack's shelves run from bottom through lower, middle, and upper to top. The ball is on the middle shelf. The cone is on the top shelf.",The cone is below the ball.,The cone is above the ball.,Target1,Target2,5,5,3,3,3,3,5,5,28,28,6,6
static_offset__ball_cone__named_shelves__compact__reference_first__target_first,1.1,applied,static_placement,middle_reference,static_offset,ball_cone,ball,cone,named_shelves,compact,reference_first,target_first,above,below,still,still,still,still,"The rack's shelves run from bottom through lower, middle, and upper to top. The cone is on the middle shelf. The ball is on the top shelf.","The rack's shelves run from bottom through lower, middle, and upper to top. The cone is on the top shelf. The ball is on the middle shelf.",The ball is above the cone.,The ball is below the cone.,Target1,Target2,5,5,3,3,3,3,5,5,28,28,6,6
static_offset__ball_cone__named_shelves__compact__reference_first__reference_first,1.1,applied,static_placement,middle_reference,static_offset,ball_cone,ball,cone,named_shelves,compact,reference_first,reference_first,below,above,still,still,still,still,"The rack's shelves run from bottom through lower, middle, and upper to top. The cone is on the middle shelf. The ball is on the top shelf.","The rack's shelves run from bottom through lower, middle, and upper to top. The cone is on the top shelf. The ball is on the middle shelf.",The cone is below the ball.,The cone is above the ball.,Target1,Target2,5,5,3,3,3,3,5,5,28,28,6,6
static_offset__ball_cone__named_shelves__standard__target_first__target_first,1.1,applied,static_placement,middle_reference,static_offset,ball_cone,ball,cone,named_shelves,standard,target_first,target_first,above,below,still,still,still,still,"In the room, a five-tier rack has bottom, lower, middle, upper, and top shelves, in that vertical order. The ball is on the top shelf. The cone is on the middle shelf.","In the room, a five-tier rack has bottom, lower, middle, upper, and top shelves, in that vertical order. The ball is on the middle shelf. The cone is on the top shelf.",The ball is above the cone.,The ball is below the cone.,Target1,Target2,5,5,3,3,3,3,5,5,33,33,6,6
static_offset__ball_cone__named_shelves__standard__target_first__reference_first,1.1,applied,static_placement,middle_reference,static_offset,ball_cone,ball,cone,named_shelves,standard,target_first,reference_first,below,above,still,still,still,still,"In the room, a five-tier rack has bottom, lower, middle, upper, and top shelves, in that vertical order. The ball is on the top shelf. The cone is on the middle shelf.","In the room, a five-tier rack has bottom, lower, middle, upper, and top shelves, in that vertical order. The ball is on the middle shelf. The cone is on the top shelf.",The cone is below the ball.,The cone is above the ball.,Target1,Target2,5,5,3,3,3,3,5,5,33,33,6,6
static_offset__ball_cone__named_shelves__standard__reference_first__target_first,1.1,applied,static_placement,middle_reference,static_offset,ball_cone,ball,cone,named_shelves,standard,reference_first,target_first,above,below,still,still,still,still,"In the room, a five-tier rack has bottom, lower, middle, upper, and top shelves, in that vertical order. The cone is on the middle shelf. The ball is on the top shelf.","In the room, a five-tier rack has bottom, lower, middle, upper, and top shelves, in that vertical order. The cone is on the top shelf. The ball is on the middle shelf.",The ball is above the cone.,The ball is below the cone.,Target1,Target2,5,5,3,3,3,3,5,5,33,33,6,6
static_offset__ball_cone__named_shelves__standard__reference_first__reference_first,1.1,applied,static_placement,middle_reference,static_offset,ball_cone,ball,cone,named_shelves,standard,reference_first,reference_first,below,above,still,still,still,still,"In the room, a five-tier rack has bottom, lower, middle, upper, and top shelves, in that vertical order. The cone is on the middle shelf. The ball is on the top shelf.","In the room, a five-tier rack has bottom, lower, middle, upper, and top shelves, in that vertical order. The cone is on the top shelf. The ball is on the middle shelf.",The cone is below the ball.,The cone is above the ball.,Target1,Target2,5,5,3,3,3,3,5,5,33,33,6,6
static_offset__ball_cone__named_shelves__expanded__target_first__target_first,1.1,applied,static_placement,middle_reference,static_offset,ball_cone,ball,cone,named_shelves,expanded,target_first,target_first,above,below,still,still,still,still,"In the room, a fixed five-tier rack has bottom, lower, middle, upper, and top shelves, in that vertical order. Each shelf stays at its level throughout the scene. The ball is on the top shelf. The cone is on the middle shelf.","In the room, a fixed five-tier rack has bottom, lower, middle, upper, and top shelves, in that vertical order. Each shelf stays at its level throughout the scene. The ball is on the middle shelf. The cone is on the top shelf.",The ball is above the cone.,The ball is below the cone.,Target1,Target2,5,5,3,3,3,3,5,5,43,43,6,6
static_offset__ball_cone__named_shelves__expanded__target_first__reference_first,1.1,applied,static_placement,middle_reference,static_offset,ball_cone,ball,cone,named_shelves,expanded,target_first,reference_first,below,above,still,still,still,still,"In the room, a fixed five-tier rack has bottom, lower, middle, upper, and top shelves, in that vertical order. Each shelf stays at its level throughout the scene. The ball is on the top shelf. The cone is on the middle shelf.","In the room, a fixed five-tier rack has bottom, lower, middle, upper, and top shelves, in that vertical order. Each shelf stays at its level throughout the scene. The ball is on the middle shelf. The cone is on the top shelf.",The cone is below the ball.,The cone is above the ball.,Target1,Target2,5,5,3,3,3,3,5,5,43,43,6,6
static_offset__ball_cone__named_shelves__expanded__reference_first__target_first,1.1,applied,static_placement,middle_reference,static_offset,ball_cone,ball,cone,named_shelves,expanded,reference_first,target_first,above,below,still,still,still,still,"In the room, a fixed five-tier rack has bottom, lower, middle, upper, and top shelves, in that vertical order. Each shelf stays at its level throughout the scene. The cone is on the middle shelf. The ball is on the top shelf.","In the room, a fixed five-tier rack has bottom, lower, middle, upper, and top shelves, in that vertical order. Each shelf stays at its level throughout the scene. The cone is on the top shelf. The ball is on the middle shelf.",The ball is above the cone.,The ball is below the cone.,Target1,Target2,5,5,3,3,3,3,5,5,43,43,6,6
static_offset__ball_cone__named_shelves__expanded__reference_first__reference_first,1.1,applied,static_placement,middle_reference,static_offset,ball_cone,ball,cone,named_shelves,expanded,reference_first,reference_first,below,above,still,still,still,still,"In the room, a fixed five-tier rack has bottom, lower, middle, upper, and top shelves, in that vertical order. Each shelf stays at its level throughout the scene. The cone is on the middle shelf. The ball is on the top shelf.","In the room, a fixed five-tier rack has bottom, lower, middle, upper, and top shelves, in that vertical order. Each shelf stays at its level throughout the scene. The cone is on the top shelf. The ball is on the middle shelf.",The cone is below the ball.,The cone is above the ball.,Target1,Target2,5,5,3,3,3,3,5,5,43,43,6,6
static_offset__ball_cone__measured_height__compact__target_first__target_first,1.1,applied,static_placement,middle_reference,static_offset,ball_cone,ball,cone,measured_height,compact,target_first,target_first,above,below,still,still,still,still,Heights are measured from the floor. The ball is at a height of 5 feet from the floor. The cone is at a height of 3 feet from the floor.,Heights are measured from the floor. The ball is at a height of 3 feet from the floor. The cone is at a height of 5 feet from the floor.,The ball is above the cone.,The ball is below the cone.,Target1,Target2,5,5,3,3,3,3,5,5,30,30,6,6
static_offset__ball_cone__measured_height__compact__target_first__reference_first,1.1,applied,static_placement,middle_reference,static_offset,ball_cone,ball,cone,measured_height,compact,target_first,reference_first,below,above,still,still,still,still,Heights are measured from the floor. The ball is at a height of 5 feet from the floor. The cone is at a height of 3 feet from the floor.,Heights are measured from the floor. The ball is at a height of 3 feet from the floor. The cone is at a height of 5 feet from the floor.,The cone is below the ball.,The cone is above the ball.,Target1,Target2,5,5,3,3,3,3,5,5,30,30,6,6
static_offset__ball_cone__measured_height__compact__reference_first__target_first,1.1,applied,static_placement,middle_reference,static_offset,ball_cone,ball,cone,measured_height,compact,reference_first,target_first,above,below,still,still,still,still,Heights are measured from the floor. The cone is at a height of 3 feet from the floor. The ball is at a height of 5 feet from the floor.,Heights are measured from the floor. The cone is at a height of 5 feet from the floor. The ball is at a height of 3 feet from the floor.,The ball is above the cone.,The ball is below the cone.,Target1,Target2,5,5,3,3,3,3,5,5,30,30,6,6
static_offset__ball_cone__measured_height__compact__reference_first__reference_first,1.1,applied,static_placement,middle_reference,static_offset,ball_cone,ball,cone,measured_height,compact,reference_first,reference_first,below,above,still,still,still,still,Heights are measured from the floor. The cone is at a height of 3 feet from the floor. The ball is at a height of 5 feet from the floor.,Heights are measured from the floor. The cone is at a height of 5 feet from the floor. The ball is at a height of 3 feet from the floor.,The cone is below the ball.,The cone is above the ball.,Target1,Target2,5,5,3,3,3,3,5,5,30,30,6,6
static_offset__ball_cone__measured_height__standard__target_first__target_first,1.1,applied,static_placement,middle_reference,static_offset,ball_cone,ball,cone,measured_height,standard,target_first,target_first,above,below,still,still,still,still,"In the room, the heights of both objects are measured from the same floor. The ball is at a height of 5 feet from the floor. The cone is at a height of 3 feet from the floor.","In the room, the heights of both objects are measured from the same floor. The ball is at a height of 3 feet from the floor. The cone is at a height of 5 feet from the floor.",The ball is above the cone.,The ball is below the cone.,Target1,Target2,5,5,3,3,3,3,5,5,38,38,6,6
static_offset__ball_cone__measured_height__standard__target_first__reference_first,1.1,applied,static_placement,middle_reference,static_offset,ball_cone,ball,cone,measured_height,standard,target_first,reference_first,below,above,still,still,still,still,"In the room, the heights of both objects are measured from the same floor. The ball is at a height of 5 feet from the floor. The cone is at a height of 3 feet from the floor.","In the room, the heights of both objects are measured from the same floor. The ball is at a height of 3 feet from the floor. The cone is at a height of 5 feet from the floor.",The cone is below the ball.,The cone is above the ball.,Target1,Target2,5,5,3,3,3,3,5,5,38,38,6,6
static_offset__ball_cone__measured_height__standard__reference_first__target_first,1.1,applied,static_placement,middle_reference,static_offset,ball_cone,ball,cone,measured_height,standard,reference_first,target_first,above,below,still,still,still,still,"In the room, the heights of both objects are measured from the same floor. The cone is at a height of 3 feet from the floor. The ball is at a height of 5 feet from the floor.","In the room, the heights of both objects are measured from the same floor. The cone is at a height of 5 feet from the floor. The ball is at a height of 3 feet from the floor.",The ball is above the cone.,The ball is below the cone.,Target1,Target2,5,5,3,3,3,3,5,5,38,38,6,6
static_offset__ball_cone__measured_height__standard__reference_first__reference_first,1.1,applied,static_placement,middle_reference,static_offset,ball_cone,ball,cone,measured_height,standard,reference_first,reference_first,below,above,still,still,still,still,"In the room, the heights of both objects are measured from the same floor. The cone is at a height of 3 feet from the floor. The ball is at a height of 5 feet from the floor.","In the room, the heights of both objects are measured from the same floor. The cone is at a height of 5 feet from the floor. The ball is at a height of 3 feet from the floor.",The cone is below the ball.,The cone is above the ball.,Target1,Target2,5,5,3,3,3,3,5,5,38,38,6,6
static_offset__ball_cone__measured_height__expanded__target_first__target_first,1.1,applied,static_placement,middle_reference,static_offset,ball_cone,ball,cone,measured_height,expanded,target_first,target_first,above,below,still,still,still,still,"In the room, the heights of both objects are measured from the same level floor. The floor stays fixed while the objects move or remain still. The ball is at a height of 5 feet from the floor. The cone is at a height of 3 feet from the floor.","In the room, the heights of both objects are measured from the same level floor. The floor stays fixed while the objects move or remain still. The ball is at a height of 3 feet from the floor. The cone is at a height of 5 feet from the floor.",The ball is above the cone.,The ball is below the cone.,Target1,Target2,5,5,3,3,3,3,5,5,50,50,6,6
static_offset__ball_cone__measured_height__expanded__target_first__reference_first,1.1,applied,static_placement,middle_reference,static_offset,ball_cone,ball,cone,measured_height,expanded,target_first,reference_first,below,above,still,still,still,still,"In the room, the heights of both objects are measured from the same level floor. The floor stays fixed while the objects move or remain still. The ball is at a height of 5 feet from the floor. The cone is at a height of 3 feet from the floor.","In the room, the heights of both objects are measured from the same level floor. The floor stays fixed while the objects move or remain still. The ball is at a height of 3 feet from the floor. The cone is at a height of 5 feet from the floor.",The cone is below the ball.,The cone is above the ball.,Target1,Target2,5,5,3,3,3,3,5,5,50,50,6,6
static_offset__ball_cone__measured_height__expanded__reference_first__target_first,1.1,applied,static_placement,middle_reference,static_offset,ball_cone,ball,cone,measured_height,expanded,reference_first,target_first,above,below,still,still,still,still,"In the room, the heights of both objects are measured from the same level floor. The floor stays fixed while the objects move or remain still. The cone is at a height of 3 feet from the floor. The ball is at a height of 5 feet from the floor.","In the room, the heights of both objects are measured from the same level floor. The floor stays fixed while the objects move or remain still. The cone is at a height of 5 feet from the floor. The ball is at a height of 3 feet from the floor.",The ball is above the cone.,The ball is below the cone.,Target1,Target2,5,5,3,3,3,3,5,5,50,50,6,6
static_offset__ball_cone__measured_height__expanded__reference_first__reference_first,1.1,applied,static_placement,middle_reference,static_offset,ball_cone,ball,cone,measured_height,expanded,reference_first,reference_first,below,above,still,still,still,still,"In the room, the heights of both objects are measured from the same level floor. The floor stays fixed while the objects move or remain still. The cone is at a height of 3 feet from the floor. The ball is at a height of 5 feet from the floor.","In the room, the heights of both objects are measured from the same level floor. The floor stays fixed while the objects move or remain still. The cone is at a height of 5 feet from the floor. The ball is at a height of 3 feet from the floor.",The cone is below the ball.,The cone is above the ball.,Target1,Target2,5,5,3,3,3,3,5,5,50,50,6,6
static_offset__cup_box__named_shelves__compact__target_first__target_first,1.1,applied,static_placement,middle_reference,static_offset,cup_box,cup,box,named_shelves,compact,target_first,target_first,above,below,still,still,still,still,"The rack's shelves run from bottom through lower, middle, and upper to top. The cup is on the top shelf. The box is on the middle shelf.","The rack's shelves run from bottom through lower, middle, and upper to top. The cup is on the middle shelf. The box is on the top shelf.",The cup is above the box.,The cup is below the box.,Target1,Target2,5,5,3,3,3,3,5,5,28,28,6,6
static_offset__cup_box__named_shelves__compact__target_first__reference_first,1.1,applied,static_placement,middle_reference,static_offset,cup_box,cup,box,named_shelves,compact,target_first,reference_first,below,above,still,still,still,still,"The rack's shelves run from bottom through lower, middle, and upper to top. The cup is on the top shelf. The box is on the middle shelf.","The rack's shelves run from bottom through lower, middle, and upper to top. The cup is on the middle shelf. The box is on the top shelf.",The box is below the cup.,The box is above the cup.,Target1,Target2,5,5,3,3,3,3,5,5,28,28,6,6
static_offset__cup_box__named_shelves__compact__reference_first__target_first,1.1,applied,static_placement,middle_reference,static_offset,cup_box,cup,box,named_shelves,compact,reference_first,target_first,above,below,still,still,still,still,"The rack's shelves run from bottom through lower, middle, and upper to top. The box is on the middle shelf. The cup is on the top shelf.","The rack's shelves run from bottom through lower, middle, and upper to top. The box is on the top shelf. The cup is on the middle shelf.",The cup is above the box.,The cup is below the box.,Target1,Target2,5,5,3,3,3,3,5,5,28,28,6,6
static_offset__cup_box__named_shelves__compact__reference_first__reference_first,1.1,applied,static_placement,middle_reference,static_offset,cup_box,cup,box,named_shelves,compact,reference_first,reference_first,below,above,still,still,still,still,"The rack's shelves run from bottom through lower, middle, and upper to top. The box is on the middle shelf. The cup is on the top shelf.","The rack's shelves run from bottom through lower, middle, and upper to top. The box is on the top shelf. The cup is on the middle shelf.",The box is below the cup.,The box is above the cup.,Target1,Target2,5,5,3,3,3,3,5,5,28,28,6,6
static_offset__cup_box__named_shelves__standard__target_first__target_first,1.1,applied,static_placement,middle_reference,static_offset,cup_box,cup,box,named_shelves,standard,target_first,target_first,above,below,still,still,still,still,"In the room, a five-tier rack has bottom, lower, middle, upper, and top shelves, in that vertical order. The cup is on the top shelf. The box is on the middle shelf.","In the room, a five-tier rack has bottom, lower, middle, upper, and top shelves, in that vertical order. The cup is on the middle shelf. The box is on the top shelf.",The cup is above the box.,The cup is below the box.,Target1,Target2,5,5,3,3,3,3,5,5,33,33,6,6
static_offset__cup_box__named_shelves__standard__target_first__reference_first,1.1,applied,static_placement,middle_reference,static_offset,cup_box,cup,box,named_shelves,standard,target_first,reference_first,below,above,still,still,still,still,"In the room, a five-tier rack has bottom, lower, middle, upper, and top shelves, in that vertical order. The cup is on the top shelf. The box is on the middle shelf.","In the room, a five-tier rack has bottom, lower, middle, upper, and top shelves, in that vertical order. The cup is on the middle shelf. The box is on the top shelf.",The box is below the cup.,The box is above the cup.,Target1,Target2,5,5,3,3,3,3,5,5,33,33,6,6
static_offset__cup_box__named_shelves__standard__reference_first__target_first,1.1,applied,static_placement,middle_reference,static_offset,cup_box,cup,box,named_shelves,standard,reference_first,target_first,above,below,still,still,still,still,"In the room, a five-tier rack has bottom, lower, middle, upper, and top shelves, in that vertical order. The box is on the middle shelf. The cup is on the top shelf.","In the room, a five-tier rack has bottom, lower, middle, upper, and top shelves, in that vertical order. The box is on the top shelf. The cup is on the middle shelf.",The cup is above the box.,The cup is below the box.,Target1,Target2,5,5,3,3,3,3,5,5,33,33,6,6
static_offset__cup_box__named_shelves__standard__reference_first__reference_first,1.1,applied,static_placement,middle_reference,static_offset,cup_box,cup,box,named_shelves,standard,reference_first,reference_first,below,above,still,still,still,still,"In the room, a five-tier rack has bottom, lower, middle, upper, and top shelves, in that vertical order. The box is on the middle shelf. The cup is on the top shelf.","In the room, a five-tier rack has bottom, lower, middle, upper, and top shelves, in that vertical order. The box is on the top shelf. The cup is on the middle shelf.",The box is below the cup.,The box is above the cup.,Target1,Target2,5,5,3,3,3,3,5,5,33,33,6,6
static_offset__cup_box__named_shelves__expanded__target_first__target_first,1.1,applied,static_placement,middle_reference,static_offset,cup_box,cup,box,named_shelves,expanded,target_first,target_first,above,below,still,still,still,still,"In the room, a fixed five-tier rack has bottom, lower, middle, upper, and top shelves, in that vertical order. Each shelf stays at its level throughout the scene. The cup is on the top shelf. The box is on the middle shelf.","In the room, a fixed five-tier rack has bottom, lower, middle, upper, and top shelves, in that vertical order. Each shelf stays at its level throughout the scene. The cup is on the middle shelf. The box is on the top shelf.",The cup is above the box.,The cup is below the box.,Target1,Target2,5,5,3,3,3,3,5,5,43,43,6,6
static_offset__cup_box__named_shelves__expanded__target_first__reference_first,1.1,applied,static_placement,middle_reference,static_offset,cup_box,cup,box,named_shelves,expanded,target_first,reference_first,below,above,still,still,still,still,"In the room, a fixed five-tier rack has bottom, lower, middle, upper, and top shelves, in that vertical order. Each shelf stays at its level throughout the scene. The cup is on the top shelf. The box is on the middle shelf.","In the room, a fixed five-tier rack has bottom, lower, middle, upper, and top shelves, in that vertical order. Each shelf stays at its level throughout the scene. The cup is on the middle shelf. The box is on the top shelf.",The box is below the cup.,The box is above the cup.,Target1,Target2,5,5,3,3,3,3,5,5,43,43,6,6
static_offset__cup_box__named_shelves__expanded__reference_first__target_first,1.1,applied,static_placement,middle_reference,static_offset,cup_box,cup,box,named_shelves,expanded,reference_first,target_first,above,below,still,still,still,still,"In the room, a fixed five-tier rack has bottom, lower, middle, upper, and top shelves, in that vertical order. Each shelf stays at its level throughout the scene. The box is on the middle shelf. The cup is on the top shelf.","In the room, a fixed five-tier rack has bottom, lower, middle, upper, and top shelves, in that vertical order. Each shelf stays at its level throughout the scene. The box is on the top shelf. The cup is on the middle shelf.",The cup is above the box.,The cup is below the box.,Target1,Target2,5,5,3,3,3,3,5,5,43,43,6,6
static_offset__cup_box__named_shelves__expanded__reference_first__reference_first,1.1,applied,static_placement,middle_reference,static_offset,cup_box,cup,box,named_shelves,expanded,reference_first,reference_first,below,above,still,still,still,still,"In the room, a fixed five-tier rack has bottom, lower, middle, upper, and top shelves, in that vertical order. Each shelf stays at its level throughout the scene. The box is on the middle shelf. The cup is on the top shelf.","In the room, a fixed five-tier rack has bottom, lower, middle, upper, and top shelves, in that vertical order. Each shelf stays at its level throughout the scene. The box is on the top shelf. The cup is on the middle shelf.",The box is below the cup.,The box is above the cup.,Target1,Target2,5,5,3,3,3,3,5,5,43,43,6,6
static_offset__cup_box__measured_height__compact__target_first__target_first,1.1,applied,static_placement,middle_reference,static_offset,cup_box,cup,box,measured_height,compact,target_first,target_first,above,below,still,still,still,still,Heights are measured from the floor. The cup is at a height of 5 feet from the floor. The box is at a height of 3 feet from the floor.,Heights are measured from the floor. The cup is at a height of 3 feet from the floor. The box is at a height of 5 feet from the floor.,The cup is above the box.,The cup is below the box.,Target1,Target2,5,5,3,3,3,3,5,5,30,30,6,6
static_offset__cup_box__measured_height__compact__target_first__reference_first,1.1,applied,static_placement,middle_reference,static_offset,cup_box,cup,box,measured_height,compact,target_first,reference_first,below,above,still,still,still,still,Heights are measured from the floor. The cup is at a height of 5 feet from the floor. The box is at a height of 3 feet from the floor.,Heights are measured from the floor. The cup is at a height of 3 feet from the floor. The box is at a height of 5 feet from the floor.,The box is below the cup.,The box is above the cup.,Target1,Target2,5,5,3,3,3,3,5,5,30,30,6,6
static_offset__cup_box__measured_height__compact__reference_first__target_first,1.1,applied,static_placement,middle_reference,static_offset,cup_box,cup,box,measured_height,compact,reference_first,target_first,above,below,still,still,still,still,Heights are measured from the floor. The box is at a height of 3 feet from the floor. The cup is at a height of 5 feet from the floor.,Heights are measured from the floor. The box is at a height of 5 feet from the floor. The cup is at a height of 3 feet from the floor.,The cup is above the box.,The cup is below the box.,Target1,Target2,5,5,3,3,3,3,5,5,30,30,6,6
static_offset__cup_box__measured_height__compact__reference_first__reference_first,1.1,applied,static_placement,middle_reference,static_offset,cup_box,cup,box,measured_height,compact,reference_first,reference_first,below,above,still,still,still,still,Heights are measured from the floor. The box is at a height of 3 feet from the floor. The cup is at a height of 5 feet from the floor.,Heights are measured from the floor. The box is at a height of 5 feet from the floor. The cup is at a height of 3 feet from the floor.,The box is below the cup.,The box is above the cup.,Target1,Target2,5,5,3,3,3,3,5,5,30,30,6,6
static_offset__cup_box__measured_height__standard__target_first__target_first,1.1,applied,static_placement,middle_reference,static_offset,cup_box,cup,box,measured_height,standard,target_first,target_first,above,below,still,still,still,still,"In the room, the heights of both objects are measured from the same floor. The cup is at a height of 5 feet from the floor. The box is at a height of 3 feet from the floor.","In the room, the heights of both objects are measured from the same floor. The cup is at a height of 3 feet from the floor. The box is at a height of 5 feet from the floor.",The cup is above the box.,The cup is below the box.,Target1,Target2,5,5,3,3,3,3,5,5,38,38,6,6
static_offset__cup_box__measured_height__standard__target_first__reference_first,1.1,applied,static_placement,middle_reference,static_offset,cup_box,cup,box,measured_height,standard,target_first,reference_first,below,above,still,still,still,still,"In the room, the heights of both objects are measured from the same floor. The cup is at a height of 5 feet from the floor. The box is at a height of 3 feet from the floor.","In the room, the heights of both objects are measured from the same floor. The cup is at a height of 3 feet from the floor. The box is at a height of 5 feet from the floor.",The box is below the cup.,The box is above the cup.,Target1,Target2,5,5,3,3,3,3,5,5,38,38,6,6
static_offset__cup_box__measured_height__standard__reference_first__target_first,1.1,applied,static_placement,middle_reference,static_offset,cup_box,cup,box,measured_height,standard,reference_first,target_first,above,below,still,still,still,still,"In the room, the heights of both objects are measured from the same floor. The box is at a height of 3 feet from the floor. The cup is at a height of 5 feet from the floor.","In the room, the heights of both objects are measured from the same floor. The box is at a height of 5 feet from the floor. The cup is at a height of 3 feet from the floor.",The cup is above the box.,The cup is below the box.,Target1,Target2,5,5,3,3,3,3,5,5,38,38,6,6
static_offset__cup_box__measured_height__standard__reference_first__reference_first,1.1,applied,static_placement,middle_reference,static_offset,cup_box,cup,box,measured_height,standard,reference_first,reference_first,below,above,still,still,still,still,"In the room, the heights of both objects are measured from the same floor. The box is at a height of 3 feet from the floor. The cup is at a height of 5 feet from the floor.","In the room, the heights of both objects are measured from the same floor. The box is at a height of 5 feet from the floor. The cup is at a height of 3 feet from the floor.",The box is below the cup.,The box is above the cup.,Target1,Target2,5,5,3,3,3,3,5,5,38,38,6,6
static_offset__cup_box__measured_height__expanded__target_first__target_first,1.1,applied,static_placement,middle_reference,static_offset,cup_box,cup,box,measured_height,expanded,target_first,target_first,above,below,still,still,still,still,"In the room, the heights of both objects are measured from the same level floor. The floor stays fixed while the objects move or remain still. The cup is at a height of 5 feet from the floor. The box is at a height of 3 feet from the floor.","In the room, the heights of both objects are measured from the same level floor. The floor stays fixed while the objects move or remain still. The cup is at a height of 3 feet from the floor. The box is at a height of 5 feet from the floor.",The cup is above the box.,The cup is below the box.,Target1,Target2,5,5,3,3,3,3,5,5,50,50,6,6
static_offset__cup_box__measured_height__expanded__target_first__reference_first,1.1,applied,static_placement,middle_reference,static_offset,cup_box,cup,box,measured_height,expanded,target_first,reference_first,below,above,still,still,still,still,"In the room, the heights of both objects are measured from the same level floor. The floor stays fixed while the objects move or remain still. The cup is at a height of 5 feet from the floor. The box is at a height of 3 feet from the floor.","In the room, the heights of both objects are measured from the same level floor. The floor stays fixed while the objects move or remain still. The cup is at a height of 3 feet from the floor. The box is at a height of 5 feet from the floor.",The box is below the cup.,The box is above the cup.,Target1,Target2,5,5,3,3,3,3,5,5,50,50,6,6
static_offset__cup_box__measured_height__expanded__reference_first__target_first,1.1,applied,static_placement,middle_reference,static_offset,cup_box,cup,box,measured_height,expanded,reference_first,target_first,above,below,still,still,still,still,"In the room, the heights of both objects are measured from the same level floor. The floor stays fixed while the objects move or remain still. The box is at a height of 3 feet from the floor. The cup is at a height of 5 feet from the floor.","In the room, the heights of both objects are measured from the same level floor. The floor stays fixed while the objects move or remain still. The box is at a height of 5 feet from the floor. The cup is at a height of 3 feet from the floor.",The cup is above the box.,The cup is below the box.,Target1,Target2,5,5,3,3,3,3,5,5,50,50,6,6
static_offset__cup_box__measured_height__expanded__reference_first__reference_first,1.1,applied,static_placement,middle_reference,static_offset,cup_box,cup,box,measured_height,expanded,reference_first,reference_first,below,above,still,still,still,still,"In the room, the heights of both objects are measured from the same level floor. The floor stays fixed while the objects move or remain still. The box is at a height of 3 feet from the floor. The cup is at a height of 5 feet from the floor.","In the room, the heights of both objects are measured from the same level floor. The floor stays fixed while the objects move or remain still. The box is at a height of 5 feet from the floor. The cup is at a height of 3 feet from the floor.",The box is below the cup.,The box is above the cup.,Target1,Target2,5,5,3,3,3,3,5,5,50,50,6,6
static_offset__book_jar__named_shelves__compact__target_first__target_first,1.1,applied,static_placement,middle_reference,static_offset,book_jar,book,jar,named_shelves,compact,target_first,target_first,above,below,still,still,still,still,"The rack's shelves run from bottom through lower, middle, and upper to top. The book is on the top shelf. The jar is on the middle shelf.","The rack's shelves run from bottom through lower, middle, and upper to top. The book is on the middle shelf. The jar is on the top shelf.",The book is above the jar.,The book is below the jar.,Target1,Target2,5,5,3,3,3,3,5,5,28,28,6,6
static_offset__book_jar__named_shelves__compact__target_first__reference_first,1.1,applied,static_placement,middle_reference,static_offset,book_jar,book,jar,named_shelves,compact,target_first,reference_first,below,above,still,still,still,still,"The rack's shelves run from bottom through lower, middle, and upper to top. The book is on the top shelf. The jar is on the middle shelf.","The rack's shelves run from bottom through lower, middle, and upper to top. The book is on the middle shelf. The jar is on the top shelf.",The jar is below the book.,The jar is above the book.,Target1,Target2,5,5,3,3,3,3,5,5,28,28,6,6
static_offset__book_jar__named_shelves__compact__reference_first__target_first,1.1,applied,static_placement,middle_reference,static_offset,book_jar,book,jar,named_shelves,compact,reference_first,target_first,above,below,still,still,still,still,"The rack's shelves run from bottom through lower, middle, and upper to top. The jar is on the middle shelf. The book is on the top shelf.","The rack's shelves run from bottom through lower, middle, and upper to top. The jar is on the top shelf. The book is on the middle shelf.",The book is above the jar.,The book is below the jar.,Target1,Target2,5,5,3,3,3,3,5,5,28,28,6,6
static_offset__book_jar__named_shelves__compact__reference_first__reference_first,1.1,applied,static_placement,middle_reference,static_offset,book_jar,book,jar,named_shelves,compact,reference_first,reference_first,below,above,still,still,still,still,"The rack's shelves run from bottom through lower, middle, and upper to top. The jar is on the middle shelf. The book is on the top shelf.","The rack's shelves run from bottom through lower, middle, and upper to top. The jar is on the top shelf. The book is on the middle shelf.",The jar is below the book.,The jar is above the book.,Target1,Target2,5,5,3,3,3,3,5,5,28,28,6,6
static_offset__book_jar__named_shelves__standard__target_first__target_first,1.1,applied,static_placement,middle_reference,static_offset,book_jar,book,jar,named_shelves,standard,target_first,target_first,above,below,still,still,still,still,"In the room, a five-tier rack has bottom, lower, middle, upper, and top shelves, in that vertical order. The book is on the top shelf. The jar is on the middle shelf.","In the room, a five-tier rack has bottom, lower, middle, upper, and top shelves, in that vertical order. The book is on the middle shelf. The jar is on the top shelf.",The book is above the jar.,The book is below the jar.,Target1,Target2,5,5,3,3,3,3,5,5,33,33,6,6
static_offset__book_jar__named_shelves__standard__target_first__reference_first,1.1,applied,static_placement,middle_reference,static_offset,book_jar,book,jar,named_shelves,standard,target_first,reference_first,below,above,still,still,still,still,"In the room, a five-tier rack has bottom, lower, middle, upper, and top shelves, in that vertical order. The book is on the top shelf. The jar is on the middle shelf.","In the room, a five-tier rack has bottom, lower, middle, upper, and top shelves, in that vertical order. The book is on the middle shelf. The jar is on the top shelf.",The jar is below the book.,The jar is above the book.,Target1,Target2,5,5,3,3,3,3,5,5,33,33,6,6
static_offset__book_jar__named_shelves__standard__reference_first__target_first,1.1,applied,static_placement,middle_reference,static_offset,book_jar,book,jar,named_shelves,standard,reference_first,target_first,above,below,still,still,still,still,"In the room, a five-tier rack has bottom, lower, middle, upper, and top shelves, in that vertical order. The jar is on the middle shelf. The book is on the top shelf.","In the room, a five-tier rack has bottom, lower, middle, upper, and top shelves, in that vertical order. The jar is on the top shelf. The book is on the middle shelf.",The book is above the jar.,The book is below the jar.,Target1,Target2,5,5,3,3,3,3,5,5,33,33,6,6
static_offset__book_jar__named_shelves__standard__reference_first__reference_first,1.1,applied,static_placement,middle_reference,static_offset,book_jar,book,jar,named_shelves,standard,reference_first,reference_first,below,above,still,still,still,still,"In the room, a five-tier rack has bottom, lower, middle, upper, and top shelves, in that vertical order. The jar is on the middle shelf. The book is on the top shelf.","In the room, a five-tier rack has bottom, lower, middle, upper, and top shelves, in that vertical order. The jar is on the top shelf. The book is on the middle shelf.",The jar is below the book.,The jar is above the book.,Target1,Target2,5,5,3,3,3,3,5,5,33,33,6,6
static_offset__book_jar__named_shelves__expanded__target_first__target_first,1.1,applied,static_placement,middle_reference,static_offset,book_jar,book,jar,named_shelves,expanded,target_first,target_first,above,below,still,still,still,still,"In the room, a fixed five-tier rack has bottom, lower, middle, upper, and top shelves, in that vertical order. Each shelf stays at its level throughout the scene. The book is on the top shelf. The jar is on the middle shelf.","In the room, a fixed five-tier rack has bottom, lower, middle, upper, and top shelves, in that vertical order. Each shelf stays at its level throughout the scene. The book is on the middle shelf. The jar is on the top shelf.",The book is above the jar.,The book is below the jar.,Target1,Target2,5,5,3,3,3,3,5,5,43,43,6,6
static_offset__book_jar__named_shelves__expanded__target_first__reference_first,1.1,applied,static_placement,middle_reference,static_offset,book_jar,book,jar,named_shelves,expanded,target_first,reference_first,below,above,still,still,still,still,"In the room, a fixed five-tier rack has bottom, lower, middle, upper, and top shelves, in that vertical order. Each shelf stays at its level throughout the scene. The book is on the top shelf. The jar is on the middle shelf.","In the room, a fixed five-tier rack has bottom, lower, middle, upper, and top shelves, in that vertical order. Each shelf stays at its level throughout the scene. The book is on the middle shelf. The jar is on the top shelf.",The jar is below the book.,The jar is above the book.,Target1,Target2,5,5,3,3,3,3,5,5,43,43,6,6
static_offset__book_jar__named_shelves__expanded__reference_first__target_first,1.1,applied,static_placement,middle_reference,static_offset,book_jar,book,jar,named_shelves,expanded,reference_first,target_first,above,below,still,still,still,still,"In the room, a fixed five-tier rack has bottom, lower, middle, upper, and top shelves, in that vertical order. Each shelf stays at its level throughout the scene. The jar is on the middle shelf. The book is on the top shelf.","In the room, a fixed five-tier rack has bottom, lower, middle, upper, and top shelves, in that vertical order. Each shelf stays at its level throughout the scene. The jar is on the top shelf. The book is on the middle shelf.",The book is above the jar.,The book is below the jar.,Target1,Target2,5,5,3,3,3,3,5,5,43,43,6,6
static_offset__book_jar__named_shelves__expanded__reference_first__reference_first,1.1,applied,static_placement,middle_reference,static_offset,book_jar,book,jar,named_shelves,expanded,reference_first,reference_first,below,above,still,still,still,still,"In the room, a fixed five-tier rack has bottom, lower, middle, upper, and top shelves, in that vertical order. Each shelf stays at its level throughout the scene. The jar is on the middle shelf. The book is on the top shelf.","In the room, a fixed five-tier rack has bottom, lower, middle, upper, and top shelves, in that vertical order. Each shelf stays at its level throughout the scene. The jar is on the top shelf. The book is on the middle shelf.",The jar is below the book.,The jar is above the book.,Target1,Target2,5,5,3,3,3,3,5,5,43,43,6,6
static_offset__book_jar__measured_height__compact__target_first__target_first,1.1,applied,static_placement,middle_reference,static_offset,book_jar,book,jar,measured_height,compact,target_first,target_first,above,below,still,still,still,still,Heights are measured from the floor. The book is at a height of 5 feet from the floor. The jar is at a height of 3 feet from the floor.,Heights are measured from the floor. The book is at a height of 3 feet from the floor. The jar is at a height of 5 feet from the floor.,The book is above the jar.,The book is below the jar.,Target1,Target2,5,5,3,3,3,3,5,5,30,30,6,6
static_offset__book_jar__measured_height__compact__target_first__reference_first,1.1,applied,static_placement,middle_reference,static_offset,book_jar,book,jar,measured_height,compact,target_first,reference_first,below,above,still,still,still,still,Heights are measured from the floor. The book is at a height of 5 feet from the floor. The jar is at a height of 3 feet from the floor.,Heights are measured from the floor. The book is at a height of 3 feet from the floor. The jar is at a height of 5 feet from the floor.,The jar is below the book.,The jar is above the book.,Target1,Target2,5,5,3,3,3,3,5,5,30,30,6,6
static_offset__book_jar__measured_height__compact__reference_first__target_first,1.1,applied,static_placement,middle_reference,static_offset,book_jar,book,jar,measured_height,compact,reference_first,target_first,above,below,still,still,still,still,Heights are measured from the floor. The jar is at a height of 3 feet from the floor. The book is at a height of 5 feet from the floor.,Heights are measured from the floor. The jar is at a height of 5 feet from the floor. The book is at a height of 3 feet from the floor.,The book is above the jar.,The book is below the jar.,Target1,Target2,5,5,3,3,3,3,5,5,30,30,6,6
static_offset__book_jar__measured_height__compact__reference_first__reference_first,1.1,applied,static_placement,middle_reference,static_offset,book_jar,book,jar,measured_height,compact,reference_first,reference_first,below,above,still,still,still,still,Heights are measured from the floor. The jar is at a height of 3 feet from the floor. The book is at a height of 5 feet from the floor.,Heights are measured from the floor. The jar is at a height of 5 feet from the floor. The book is at a height of 3 feet from the floor.,The jar is below the book.,The jar is above the book.,Target1,Target2,5,5,3,3,3,3,5,5,30,30,6,6
static_offset__book_jar__measured_height__standard__target_first__target_first,1.1,applied,static_placement,middle_reference,static_offset,book_jar,book,jar,measured_height,standard,target_first,target_first,above,below,still,still,still,still,"In the room, the heights of both objects are measured from the same floor. The book is at a height of 5 feet from the floor. The jar is at a height of 3 feet from the floor.","In the room, the heights of both objects are measured from the same floor. The book is at a height of 3 feet from the floor. The jar is at a height of 5 feet from the floor.",The book is above the jar.,The book is below the jar.,Target1,Target2,5,5,3,3,3,3,5,5,38,38,6,6
static_offset__book_jar__measured_height__standard__target_first__reference_first,1.1,applied,static_placement,middle_reference,static_offset,book_jar,book,jar,measured_height,standard,target_first,reference_first,below,above,still,still,still,still,"In the room, the heights of both objects are measured from the same floor. The book is at a height of 5 feet from the floor. The jar is at a height of 3 feet from the floor.","In the room, the heights of both objects are measured from the same floor. The book is at a height of 3 feet from the floor. The jar is at a height of 5 feet from the floor.",The jar is below the book.,The jar is above the book.,Target1,Target2,5,5,3,3,3,3,5,5,38,38,6,6
static_offset__book_jar__measured_height__standard__reference_first__target_first,1.1,applied,static_placement,middle_reference,static_offset,book_jar,book,jar,measured_height,standard,reference_first,target_first,above,below,still,still,still,still,"In the room, the heights of both objects are measured from the same floor. The jar is at a height of 3 feet from the floor. The book is at a height of 5 feet from the floor.","In the room, the heights of both objects are measured from the same floor. The jar is at a height of 5 feet from the floor. The book is at a height of 3 feet from the floor.",The book is above the jar.,The book is below the jar.,Target1,Target2,5,5,3,3,3,3,5,5,38,38,6,6
static_offset__book_jar__measured_height__standard__reference_first__reference_first,1.1,applied,static_placement,middle_reference,static_offset,book_jar,book,jar,measured_height,standard,reference_first,reference_first,below,above,still,still,still,still,"In the room, the heights of both objects are measured from the same floor. The jar is at a height of 3 feet from the floor. The book is at a height of 5 feet from the floor.","In the room, the heights of both objects are measured from the same floor. The jar is at a height of 5 feet from the floor. The book is at a height of 3 feet from the floor.",The jar is below the book.,The jar is above the book.,Target1,Target2,5,5,3,3,3,3,5,5,38,38,6,6
static_offset__book_jar__measured_height__expanded__target_first__target_first,1.1,applied,static_placement,middle_reference,static_offset,book_jar,book,jar,measured_height,expanded,target_first,target_first,above,below,still,still,still,still,"In the room, the heights of both objects are measured from the same level floor. The floor stays fixed while the objects move or remain still. The book is at a height of 5 feet from the floor. The jar is at a height of 3 feet from the floor.","In the room, the heights of both objects are measured from the same level floor. The floor stays fixed while the objects move or remain still. The book is at a height of 3 feet from the floor. The jar is at a height of 5 feet from the floor.",The book is above the jar.,The book is below the jar.,Target1,Target2,5,5,3,3,3,3,5,5,50,50,6,6
static_offset__book_jar__measured_height__expanded__target_first__reference_first,1.1,applied,static_placement,middle_reference,static_offset,book_jar,book,jar,measured_height,expanded,target_first,reference_first,below,above,still,still,still,still,"In the room, the heights of both objects are measured from the same level floor. The floor stays fixed while the objects move or remain still. The book is at a height of 5 feet from the floor. The jar is at a height of 3 feet from the floor.","In the room, the heights of both objects are measured from the same level floor. The floor stays fixed while the objects move or remain still. The book is at a height of 3 feet from the floor. The jar is at a height of 5 feet from the floor.",The jar is below the book.,The jar is above the book.,Target1,Target2,5,5,3,3,3,3,5,5,50,50,6,6
static_offset__book_jar__measured_height__expanded__reference_first__target_first,1.1,applied,static_placement,middle_reference,static_offset,book_jar,book,jar,measured_height,expanded,reference_first,target_first,above,below,still,still,still,still,"In the room, the heights of both objects are measured from the same level floor. The floor stays fixed while the objects move or remain still. The jar is at a height of 3 feet from the floor. The book is at a height of 5 feet from the floor.","In the room, the heights of both objects are measured from the same level floor. The floor stays fixed while the objects move or remain still. The jar is at a height of 5 feet from the floor. The book is at a height of 3 feet from the floor.",The book is above the jar.,The book is below the jar.,Target1,Target2,5,5,3,3,3,3,5,5,50,50,6,6
static_offset__book_jar__measured_height__expanded__reference_first__reference_first,1.1,applied,static_placement,middle_reference,static_offset,book_jar,book,jar,measured_height,expanded,reference_first,reference_first,below,above,still,still,still,still,"In the room, the heights of both objects are measured from the same level floor. The floor stays fixed while the objects move or remain still. The jar is at a height of 3 feet from the floor. The book is at a height of 5 feet from the floor.","In the room, the heights of both objects are measured from the same level floor. The floor stays fixed while the objects move or remain still. The jar is at a height of 5 feet from the floor. The book is at a height of 3 feet from the floor.",The jar is below the book.,The jar is above the book.,Target1,Target2,5,5,3,3,3,3,5,5,50,50,6,6
static_offset__toy_key__named_shelves__compact__target_first__target_first,1.1,applied,static_placement,middle_reference,static_offset,toy_key,toy,key,named_shelves,compact,target_first,target_first,above,below,still,still,still,still,"The rack's shelves run from bottom through lower, middle, and upper to top. The toy is on the top shelf. The key is on the middle shelf.","The rack's shelves run from bottom through lower, middle, and upper to top. The toy is on the middle shelf. The key is on the top shelf.",The toy is above the key.,The toy is below the key.,Target1,Target2,5,5,3,3,3,3,5,5,28,28,6,6
static_offset__toy_key__named_shelves__compact__target_first__reference_first,1.1,applied,static_placement,middle_reference,static_offset,toy_key,toy,key,named_shelves,compact,target_first,reference_first,below,above,still,still,still,still,"The rack's shelves run from bottom through lower, middle, and upper to top. The toy is on the top shelf. The key is on the middle shelf.","The rack's shelves run from bottom through lower, middle, and upper to top. The toy is on the middle shelf. The key is on the top shelf.",The key is below the toy.,The key is above the toy.,Target1,Target2,5,5,3,3,3,3,5,5,28,28,6,6
static_offset__toy_key__named_shelves__compact__reference_first__target_first,1.1,applied,static_placement,middle_reference,static_offset,toy_key,toy,key,named_shelves,compact,reference_first,target_first,above,below,still,still,still,still,"The rack's shelves run from bottom through lower, middle, and upper to top. The key is on the middle shelf. The toy is on the top shelf.","The rack's shelves run from bottom through lower, middle, and upper to top. The key is on the top shelf. The toy is on the middle shelf.",The toy is above the key.,The toy is below the key.,Target1,Target2,5,5,3,3,3,3,5,5,28,28,6,6
static_offset__toy_key__named_shelves__compact__reference_first__reference_first,1.1,applied,static_placement,middle_reference,static_offset,toy_key,toy,key,named_shelves,compact,reference_first,reference_first,below,above,still,still,still,still,"The rack's shelves run from bottom through lower, middle, and upper to top. The key is on the middle shelf. The toy is on the top shelf.","The rack's shelves run from bottom through lower, middle, and upper to top. The key is on the top shelf. The toy is on the middle shelf.",The key is below the toy.,The key is above the toy.,Target1,Target2,5,5,3,3,3,3,5,5,28,28,6,6
static_offset__toy_key__named_shelves__standard__target_first__target_first,1.1,applied,static_placement,middle_reference,static_offset,toy_key,toy,key,named_shelves,standard,target_first,target_first,above,below,still,still,still,still,"In the room, a five-tier rack has bottom, lower, middle, upper, and top shelves, in that vertical order. The toy is on the top shelf. The key is on the middle shelf.","In the room, a five-tier rack has bottom, lower, middle, upper, and top shelves, in that vertical order. The toy is on the middle shelf. The key is on the top shelf.",The toy is above the key.,The toy is below the key.,Target1,Target2,5,5,3,3,3,3,5,5,33,33,6,6
static_offset__toy_key__named_shelves__standard__target_first__reference_first,1.1,applied,static_placement,middle_reference,static_offset,toy_key,toy,key,named_shelves,standard,target_first,reference_first,below,above,still,still,still,still,"In the room, a five-tier rack has bottom, lower, middle, upper, and top shelves, in that vertical order. The toy is on the top shelf. The key is on the middle shelf.","In the room, a five-tier rack has bottom, lower, middle, upper, and top shelves, in that vertical order. The toy is on the middle shelf. The key is on the top shelf.",The key is below the toy.,The key is above the toy.,Target1,Target2,5,5,3,3,3,3,5,5,33,33,6,6
static_offset__toy_key__named_shelves__standard__reference_first__target_first,1.1,applied,static_placement,middle_reference,static_offset,toy_key,toy,key,named_shelves,standard,reference_first,target_first,above,below,still,still,still,still,"In the room, a five-tier rack has bottom, lower, middle, upper, and top shelves, in that vertical order. The key is on the middle shelf. The toy is on the top shelf.","In the room, a five-tier rack has bottom, lower, middle, upper, and top shelves, in that vertical order. The key is on the top shelf. The toy is on the middle shelf.",The toy is above the key.,The toy is below the key.,Target1,Target2,5,5,3,3,3,3,5,5,33,33,6,6
static_offset__toy_key__named_shelves__standard__reference_first__reference_first,1.1,applied,static_placement,middle_reference,static_offset,toy_key,toy,key,named_shelves,standard,reference_first,reference_first,below,above,still,still,still,still,"In the room, a five-tier rack has bottom, lower, middle, upper, and top shelves, in that vertical order. The key is on the middle shelf. The toy is on the top shelf.","In the room, a five-tier rack has bottom, lower, middle, upper, and top shelves, in that vertical order. The key is on the top shelf. The toy is on the middle shelf.",The key is below the toy.,The key is above the toy.,Target1,Target2,5,5,3,3,3,3,5,5,33,33,6,6
static_offset__toy_key__named_shelves__expanded__target_first__target_first,1.1,applied,static_placement,middle_reference,static_offset,toy_key,toy,key,named_shelves,expanded,target_first,target_first,above,below,still,still,still,still,"In the room, a fixed five-tier rack has bottom, lower, middle, upper, and top shelves, in that vertical order. Each shelf stays at its level throughout the scene. The toy is on the top shelf. The key is on the middle shelf.","In the room, a fixed five-tier rack has bottom, lower, middle, upper, and top shelves, in that vertical order. Each shelf stays at its level throughout the scene. The toy is on the middle shelf. The key is on the top shelf.",The toy is above the key.,The toy is below the key.,Target1,Target2,5,5,3,3,3,3,5,5,43,43,6,6
static_offset__toy_key__named_shelves__expanded__target_first__reference_first,1.1,applied,static_placement,middle_reference,static_offset,toy_key,toy,key,named_shelves,expanded,target_first,reference_first,below,above,still,still,still,still,"In the room, a fixed five-tier rack has bottom, lower, middle, upper, and top shelves, in that vertical order. Each shelf stays at its level throughout the scene. The toy is on the top shelf. The key is on the middle shelf.","In the room, a fixed five-tier rack has bottom, lower, middle, upper, and top shelves, in that vertical order. Each shelf stays at its level throughout the scene. The toy is on the middle shelf. The key is on the top shelf.",The key is below the toy.,The key is above the toy.,Target1,Target2,5,5,3,3,3,3,5,5,43,43,6,6
static_offset__toy_key__named_shelves__expanded__reference_first__target_first,1.1,applied,static_placement,middle_reference,static_offset,toy_key,toy,key,named_shelves,expanded,reference_first,target_first,above,below,still,still,still,still,"In the room, a fixed five-tier rack has bottom, lower, middle, upper, and top shelves, in that vertical order. Each shelf stays at its level throughout the scene. The key is on the middle shelf. The toy is on the top shelf.","In the room, a fixed five-tier rack has bottom, lower, middle, upper, and top shelves, in that vertical order. Each shelf stays at its level throughout the scene. The key is on the top shelf. The toy is on the middle shelf.",The toy is above the key.,The toy is below the key.,Target1,Target2,5,5,3,3,3,3,5,5,43,43,6,6
static_offset__toy_key__named_shelves__expanded__reference_first__reference_first,1.1,applied,static_placement,middle_reference,static_offset,toy_key,toy,key,named_shelves,expanded,reference_first,reference_first,below,above,still,still,still,still,"In the room, a fixed five-tier rack has bottom, lower, middle, upper, and top shelves, in that vertical order. Each shelf stays at its level throughout the scene. The key is on the middle shelf. The toy is on the top shelf.","In the room, a fixed five-tier rack has bottom, lower, middle, upper, and top shelves, in that vertical order. Each shelf stays at its level throughout the scene. The key is on the top shelf. The toy is on the middle shelf.",The key is below the toy.,The key is above the toy.,Target1,Target2,5,5,3,3,3,3,5,5,43,43,6,6
static_offset__toy_key__measured_height__compact__target_first__target_first,1.1,applied,static_placement,middle_reference,static_offset,toy_key,toy,key,measured_height,compact,target_first,target_first,above,below,still,still,still,still,Heights are measured from the floor. The toy is at a height of 5 feet from the floor. The key is at a height of 3 feet from the floor.,Heights are measured from the floor. The toy is at a height of 3 feet from the floor. The key is at a height of 5 feet from the floor.,The toy is above the key.,The toy is below the key.,Target1,Target2,5,5,3,3,3,3,5,5,30,30,6,6
static_offset__toy_key__measured_height__compact__target_first__reference_first,1.1,applied,static_placement,middle_reference,static_offset,toy_key,toy,key,measured_height,compact,target_first,reference_first,below,above,still,still,still,still,Heights are measured from the floor. The toy is at a height of 5 feet from the floor. The key is at a height of 3 feet from the floor.,Heights are measured from the floor. The toy is at a height of 3 feet from the floor. The key is at a height of 5 feet from the floor.,The key is below the toy.,The key is above the toy.,Target1,Target2,5,5,3,3,3,3,5,5,30,30,6,6
static_offset__toy_key__measured_height__compact__reference_first__target_first,1.1,applied,static_placement,middle_reference,static_offset,toy_key,toy,key,measured_height,compact,reference_first,target_first,above,below,still,still,still,still,Heights are measured from the floor. The key is at a height of 3 feet from the floor. The toy is at a height of 5 feet from the floor.,Heights are measured from the floor. The key is at a height of 5 feet from the floor. The toy is at a height of 3 feet from the floor.,The toy is above the key.,The toy is below the key.,Target1,Target2,5,5,3,3,3,3,5,5,30,30,6,6
static_offset__toy_key__measured_height__compact__reference_first__reference_first,1.1,applied,static_placement,middle_reference,static_offset,toy_key,toy,key,measured_height,compact,reference_first,reference_first,below,above,still,still,still,still,Heights are measured from the floor. The key is at a height of 3 feet from the floor. The toy is at a height of 5 feet from the floor.,Heights are measured from the floor. The key is at a height of 5 feet from the floor. The toy is at a height of 3 feet from the floor.,The key is below the toy.,The key is above the toy.,Target1,Target2,5,5,3,3,3,3,5,5,30,30,6,6
static_offset__toy_key__measured_height__standard__target_first__target_first,1.1,applied,static_placement,middle_reference,static_offset,toy_key,toy,key,measured_height,standard,target_first,target_first,above,below,still,still,still,still,"In the room, the heights of both objects are measured from the same floor. The toy is at a height of 5 feet from the floor. The key is at a height of 3 feet from the floor.","In the room, the heights of both objects are measured from the same floor. The toy is at a height of 3 feet from the floor. The key is at a height of 5 feet from the floor.",The toy is above the key.,The toy is below the key.,Target1,Target2,5,5,3,3,3,3,5,5,38,38,6,6
static_offset__toy_key__measured_height__standard__target_first__reference_first,1.1,applied,static_placement,middle_reference,static_offset,toy_key,toy,key,measured_height,standard,target_first,reference_first,below,above,still,still,still,still,"In the room, the heights of both objects are measured from the same floor. The toy is at a height of 5 feet from the floor. The key is at a height of 3 feet from the floor.","In the room, the heights of both objects are measured from the same floor. The toy is at a height of 3 feet from the floor. The key is at a height of 5 feet from the floor.",The key is below the toy.,The key is above the toy.,Target1,Target2,5,5,3,3,3,3,5,5,38,38,6,6
static_offset__toy_key__measured_height__standard__reference_first__target_first,1.1,applied,static_placement,middle_reference,static_offset,toy_key,toy,key,measured_height,standard,reference_first,target_first,above,below,still,still,still,still,"In the room, the heights of both objects are measured from the same floor. The key is at a height of 3 feet from the floor. The toy is at a height of 5 feet from the floor.","In the room, the heights of both objects are measured from the same floor. The key is at a height of 5 feet from the floor. The toy is at a height of 3 feet from the floor.",The toy is above the key.,The toy is below the key.,Target1,Target2,5,5,3,3,3,3,5,5,38,38,6,6
static_offset__toy_key__measured_height__standard__reference_first__reference_first,1.1,applied,static_placement,middle_reference,static_offset,toy_key,toy,key,measured_height,standard,reference_first,reference_first,below,above,still,still,still,still,"In the room, the heights of both objects are measured from the same floor. The key is at a height of 3 feet from the floor. The toy is at a height of 5 feet from the floor.","In the room, the heights of both objects are measured from the same floor. The key is at a height of 5 feet from the floor. The toy is at a height of 3 feet from the floor.",The key is below the toy.,The key is above the toy.,Target1,Target2,5,5,3,3,3,3,5,5,38,38,6,6
static_offset__toy_key__measured_height__expanded__target_first__target_first,1.1,applied,static_placement,middle_reference,static_offset,toy_key,toy,key,measured_height,expanded,target_first,target_first,above,below,still,still,still,still,"In the room, the heights of both objects are measured from the same level floor. The floor stays fixed while the objects move or remain still. The toy is at a height of 5 feet from the floor. The key is at a height of 3 feet from the floor.","In the room, the heights of both objects are measured from the same level floor. The floor stays fixed while the objects move or remain still. The toy is at a height of 3 feet from the floor. The key is at a height of 5 feet from the floor.",The toy is above the key.,The toy is below the key.,Target1,Target2,5,5,3,3,3,3,5,5,50,50,6,6
static_offset__toy_key__measured_height__expanded__target_first__reference_first,1.1,applied,static_placement,middle_reference,static_offset,toy_key,toy,key,measured_height,expanded,target_first,reference_first,below,above,still,still,still,still,"In the room, the heights of both objects are measured from the same level floor. The floor stays fixed while the objects move or remain still. The toy is at a height of 5 feet from the floor. The key is at a height of 3 feet from the floor.","In the room, the heights of both objects are measured from the same level floor. The floor stays fixed while the objects move or remain still. The toy is at a height of 3 feet from the floor. The key is at a height of 5 feet from the floor.",The key is below the toy.,The key is above the toy.,Target1,Target2,5,5,3,3,3,3,5,5,50,50,6,6
static_offset__toy_key__measured_height__expanded__reference_first__target_first,1.1,applied,static_placement,middle_reference,static_offset,toy_key,toy,key,measured_height,expanded,reference_first,target_first,above,below,still,still,still,still,"In the room, the heights of both objects are measured from the same level floor. The floor stays fixed while the objects move or remain still. The key is at a height of 3 feet from the floor. The toy is at a height of 5 feet from the floor.","In the room, the heights of both objects are measured from the same level floor. The floor stays fixed while the objects move or remain still. The key is at a height of 5 feet from the floor. The toy is at a height of 3 feet from the floor.",The toy is above the key.,The toy is below the key.,Target1,Target2,5,5,3,3,3,3,5,5,50,50,6,6
static_offset__toy_key__measured_height__expanded__reference_first__reference_first,1.1,applied,static_placement,middle_reference,static_offset,toy_key,toy,key,measured_height,expanded,reference_first,reference_first,below,above,still,still,still,still,"In the room, the heights of both objects are measured from the same level floor. The floor stays fixed while the objects move or remain still. The key is at a height of 3 feet from the floor. The toy is at a height of 5 feet from the floor.","In the room, the heights of both objects are measured from the same level floor. The floor stays fixed while the objects move or remain still. The key is at a height of 5 feet from the floor. The toy is at a height of 3 feet from the floor.",The key is below the toy.,The key is above the toy.,Target1,Target2,5,5,3,3,3,3,5,5,50,50,6,6
target_cross_full__ball_cone__named_shelves__compact__target_first__target_first,1.1,applied,target_crosses,full_crossing,target_cross_full,ball_cone,ball,cone,named_shelves,compact,target_first,target_first,above,below,up,down,still,still,"The rack's shelves run from bottom through lower, middle, and upper to top. The ball moves from the bottom shelf to the top shelf. The cone remains on the middle shelf.","The rack's shelves run from bottom through lower, middle, and upper to top. The ball moves from the top shelf to the bottom shelf. The cone remains on the middle shelf.",The ball is above the cone.,The ball is below the cone.,Target1,Target2,1,5,3,3,5,1,3,3,32,32,6,6
target_cross_full__ball_cone__named_shelves__compact__target_first__reference_first,1.1,applied,target_crosses,full_crossing,target_cross_full,ball_cone,ball,cone,named_shelves,compact,target_first,reference_first,below,above,up,down,still,still,"The rack's shelves run from bottom through lower, middle, and upper to top. The ball moves from the bottom shelf to the top shelf. The cone remains on the middle shelf.","The rack's shelves run from bottom through lower, middle, and upper to top. The ball moves from the top shelf to the bottom shelf. The cone remains on the middle shelf.",The cone is below the ball.,The cone is above the ball.,Target1,Target2,1,5,3,3,5,1,3,3,32,32,6,6
target_cross_full__ball_cone__named_shelves__compact__reference_first__target_first,1.1,applied,target_crosses,full_crossing,target_cross_full,ball_cone,ball,cone,named_shelves,compact,reference_first,target_first,above,below,up,down,still,still,"The rack's shelves run from bottom through lower, middle, and upper to top. The cone remains on the middle shelf. The ball moves from the bottom shelf to the top shelf.","The rack's shelves run from bottom through lower, middle, and upper to top. The cone remains on the middle shelf. The ball moves from the top shelf to the bottom shelf.",The ball is above the cone.,The ball is below the cone.,Target1,Target2,1,5,3,3,5,1,3,3,32,32,6,6
target_cross_full__ball_cone__named_shelves__compact__reference_first__reference_first,1.1,applied,target_crosses,full_crossing,target_cross_full,ball_cone,ball,cone,named_shelves,compact,reference_first,reference_first,below,above,up,down,still,still,"The rack's shelves run from bottom through lower, middle, and upper to top. The cone remains on the middle shelf. The ball moves from the bottom shelf to the top shelf.","The rack's shelves run from bottom through lower, middle, and upper to top. The cone remains on the middle shelf. The ball moves from the top shelf to the bottom shelf.",The cone is below the ball.,The cone is above the ball.,Target1,Target2,1,5,3,3,5,1,3,3,32,32,6,6
target_cross_full__ball_cone__named_shelves__standard__target_first__target_first,1.1,applied,target_crosses,full_crossing,target_cross_full,ball_cone,ball,cone,named_shelves,standard,target_first,target_first,above,below,up,down,still,still,"In the room, a five-tier rack has bottom, lower, middle, upper, and top shelves, in that vertical order. The ball moves from the bottom shelf to the top shelf. The cone remains on the middle shelf.","In the room, a five-tier rack has bottom, lower, middle, upper, and top shelves, in that vertical order. The ball moves from the top shelf to the bottom shelf. The cone remains on the middle shelf.",The ball is above the cone.,The ball is below the cone.,Target1,Target2,1,5,3,3,5,1,3,3,37,37,6,6
target_cross_full__ball_cone__named_shelves__standard__target_first__reference_first,1.1,applied,target_crosses,full_crossing,target_cross_full,ball_cone,ball,cone,named_shelves,standard,target_first,reference_first,below,above,up,down,still,still,"In the room, a five-tier rack has bottom, lower, middle, upper, and top shelves, in that vertical order. The ball moves from the bottom shelf to the top shelf. The cone remains on the middle shelf.","In the room, a five-tier rack has bottom, lower, middle, upper, and top shelves, in that vertical order. The ball moves from the top shelf to the bottom shelf. The cone remains on the middle shelf.",The cone is below the ball.,The cone is above the ball.,Target1,Target2,1,5,3,3,5,1,3,3,37,37,6,6
target_cross_full__ball_cone__named_shelves__standard__reference_first__target_first,1.1,applied,target_crosses,full_crossing,target_cross_full,ball_cone,ball,cone,named_shelves,standard,reference_first,target_first,above,below,up,down,still,still,"In the room, a five-tier rack has bottom, lower, middle, upper, and top shelves, in that vertical order. The cone remains on the middle shelf. The ball moves from the bottom shelf to the top shelf.","In the room, a five-tier rack has bottom, lower, middle, upper, and top shelves, in that vertical order. The cone remains on the middle shelf. The ball moves from the top shelf to the bottom shelf.",The ball is above the cone.,The ball is below the cone.,Target1,Target2,1,5,3,3,5,1,3,3,37,37,6,6
target_cross_full__ball_cone__named_shelves__standard__reference_first__reference_first,1.1,applied,target_crosses,full_crossing,target_cross_full,ball_cone,ball,cone,named_shelves,standard,reference_first,reference_first,below,above,up,down,still,still,"In the room, a five-tier rack has bottom, lower, middle, upper, and top shelves, in that vertical order. The cone remains on the middle shelf. The ball moves from the bottom shelf to the top shelf.","In the room, a five-tier rack has bottom, lower, middle, upper, and top shelves, in that vertical order. The cone remains on the middle shelf. The ball moves from the top shelf to the bottom shelf.",The cone is below the ball.,The cone is above the ball.,Target1,Target2,1,5,3,3,5,1,3,3,37,37,6,6
target_cross_full__ball_cone__named_shelves__expanded__target_first__target_first,1.1,applied,target_crosses,full_crossing,target_cross_full,ball_cone,ball,cone,named_shelves,expanded,target_first,target_first,above,below,up,down,still,still,"In the room, a fixed five-tier rack has bottom, lower, middle, upper, and top shelves, in that vertical order. Each shelf stays at its level throughout the scene. The ball moves from the bottom shelf to the top shelf. The cone remains on the middle shelf.","In the room, a fixed five-tier rack has bottom, lower, middle, upper, and top shelves, in that vertical order. Each shelf stays at its level throughout the scene. The ball moves from the top shelf to the bottom shelf. The cone remains on the middle shelf.",The ball is above the cone.,The ball is below the cone.,Target1,Target2,1,5,3,3,5,1,3,3,47,47,6,6
target_cross_full__ball_cone__named_shelves__expanded__target_first__reference_first,1.1,applied,target_crosses,full_crossing,target_cross_full,ball_cone,ball,cone,named_shelves,expanded,target_first,reference_first,below,above,up,down,still,still,"In the room, a fixed five-tier rack has bottom, lower, middle, upper, and top shelves, in that vertical order. Each shelf stays at its level throughout the scene. The ball moves from the bottom shelf to the top shelf. The cone remains on the middle shelf.","In the room, a fixed five-tier rack has bottom, lower, middle, upper, and top shelves, in that vertical order. Each shelf stays at its level throughout the scene. The ball moves from the top shelf to the bottom shelf. The cone remains on the middle shelf.",The cone is below the ball.,The cone is above the ball.,Target1,Target2,1,5,3,3,5,1,3,3,47,47,6,6
target_cross_full__ball_cone__named_shelves__expanded__reference_first__target_first,1.1,applied,target_crosses,full_crossing,target_cross_full,ball_cone,ball,cone,named_shelves,expanded,reference_first,target_first,above,below,up,down,still,still,"In the room, a fixed five-tier rack has bottom, lower, middle, upper, and top shelves, in that vertical order. Each shelf stays at its level throughout the scene. The cone remains on the middle shelf. The ball moves from the bottom shelf to the top shelf.","In the room, a fixed five-tier rack has bottom, lower, middle, upper, and top shelves, in that vertical order. Each shelf stays at its level throughout the scene. The cone remains on the middle shelf. The ball moves from the top shelf to the bottom shelf.",The ball is above the cone.,The ball is below the cone.,Target1,Target2,1,5,3,3,5,1,3,3,47,47,6,6
target_cross_full__ball_cone__named_shelves__expanded__reference_first__reference_first,1.1,applied,target_crosses,full_crossing,target_cross_full,ball_cone,ball,cone,named_shelves,expanded,reference_first,reference_first,below,above,up,down,still,still,"In the room, a fixed five-tier rack has bottom, lower, middle, upper, and top shelves, in that vertical order. Each shelf stays at its level throughout the scene. The cone remains on the middle shelf. The ball moves from the bottom shelf to the top shelf.","In the room, a fixed five-tier rack has bottom, lower, middle, upper, and top shelves, in that vertical order. Each shelf stays at its level throughout the scene. The cone remains on the middle shelf. The ball moves from the top shelf to the bottom shelf.",The cone is below the ball.,The cone is above the ball.,Target1,Target2,1,5,3,3,5,1,3,3,47,47,6,6
target_cross_full__ball_cone__measured_height__compact__target_first__target_first,1.1,applied,target_crosses,full_crossing,target_cross_full,ball_cone,ball,cone,measured_height,compact,target_first,target_first,above,below,up,down,still,still,"Heights are measured from the floor. The ball moves from a height of 1 foot to a height of 5 feet, measured from the floor. The cone remains at a height of 3 feet from the floor.","Heights are measured from the floor. The ball moves from a height of 5 feet to a height of 1 foot, measured from the floor. The cone remains at a height of 3 feet from the floor.",The ball is above the cone.,The ball is below the cone.,Target1,Target2,1,5,3,3,5,1,3,3,37,37,6,6
target_cross_full__ball_cone__measured_height__compact__target_first__reference_first,1.1,applied,target_crosses,full_crossing,target_cross_full,ball_cone,ball,cone,measured_height,compact,target_first,reference_first,below,above,up,down,still,still,"Heights are measured from the floor. The ball moves from a height of 1 foot to a height of 5 feet, measured from the floor. The cone remains at a height of 3 feet from the floor.","Heights are measured from the floor. The ball moves from a height of 5 feet to a height of 1 foot, measured from the floor. The cone remains at a height of 3 feet from the floor.",The cone is below the ball.,The cone is above the ball.,Target1,Target2,1,5,3,3,5,1,3,3,37,37,6,6
target_cross_full__ball_cone__measured_height__compact__reference_first__target_first,1.1,applied,target_crosses,full_crossing,target_cross_full,ball_cone,ball,cone,measured_height,compact,reference_first,target_first,above,below,up,down,still,still,"Heights are measured from the floor. The cone remains at a height of 3 feet from the floor. The ball moves from a height of 1 foot to a height of 5 feet, measured from the floor.","Heights are measured from the floor. The cone remains at a height of 3 feet from the floor. The ball moves from a height of 5 feet to a height of 1 foot, measured from the floor.",The ball is above the cone.,The ball is below the cone.,Target1,Target2,1,5,3,3,5,1,3,3,37,37,6,6
target_cross_full__ball_cone__measured_height__compact__reference_first__reference_first,1.1,applied,target_crosses,full_crossing,target_cross_full,ball_cone,ball,cone,measured_height,compact,reference_first,reference_first,below,above,up,down,still,still,"Heights are measured from the floor. The cone remains at a height of 3 feet from the floor. The ball moves from a height of 1 foot to a height of 5 feet, measured from the floor.","Heights are measured from the floor. The cone remains at a height of 3 feet from the floor. The ball moves from a height of 5 feet to a height of 1 foot, measured from the floor.",The cone is below the ball.,The cone is above the ball.,Target1,Target2,1,5,3,3,5,1,3,3,37,37,6,6
target_cross_full__ball_cone__measured_height__standard__target_first__target_first,1.1,applied,target_crosses,full_crossing,target_cross_full,ball_cone,ball,cone,measured_height,standard,target_first,target_first,above,below,up,down,still,still,"In the room, the heights of both objects are measured from the same floor. The ball moves from a height of 1 foot to a height of 5 feet, measured from the floor. The cone remains at a height of 3 feet from the floor.","In the room, the heights of both objects are measured from the same floor. The ball moves from a height of 5 feet to a height of 1 foot, measured from the floor. The cone remains at a height of 3 feet from the floor.",The ball is above the cone.,The ball is below the cone.,Target1,Target2,1,5,3,3,5,1,3,3,45,45,6,6
target_cross_full__ball_cone__measured_height__standard__target_first__reference_first,1.1,applied,target_crosses,full_crossing,target_cross_full,ball_cone,ball,cone,measured_height,standard,target_first,reference_first,below,above,up,down,still,still,"In the room, the heights of both objects are measured from the same floor. The ball moves from a height of 1 foot to a height of 5 feet, measured from the floor. The cone remains at a height of 3 feet from the floor.","In the room, the heights of both objects are measured from the same floor. The ball moves from a height of 5 feet to a height of 1 foot, measured from the floor. The cone remains at a height of 3 feet from the floor.",The cone is below the ball.,The cone is above the ball.,Target1,Target2,1,5,3,3,5,1,3,3,45,45,6,6
target_cross_full__ball_cone__measured_height__standard__reference_first__target_first,1.1,applied,target_crosses,full_crossing,target_cross_full,ball_cone,ball,cone,measured_height,standard,reference_first,target_first,above,below,up,down,still,still,"In the room, the heights of both objects are measured from the same floor. The cone remains at a height of 3 feet from the floor. The ball moves from a height of 1 foot to a height of 5 feet, measured from the floor.","In the room, the heights of both objects are measured from the same floor. The cone remains at a height of 3 feet from the floor. The ball moves from a height of 5 feet to a height of 1 foot, measured from the floor.",The ball is above the cone.,The ball is below the cone.,Target1,Target2,1,5,3,3,5,1,3,3,45,45,6,6
target_cross_full__ball_cone__measured_height__standard__reference_first__reference_first,1.1,applied,target_crosses,full_crossing,target_cross_full,ball_cone,ball,cone,measured_height,standard,reference_first,reference_first,below,above,up,down,still,still,"In the room, the heights of both objects are measured from the same floor. The cone remains at a height of 3 feet from the floor. The ball moves from a height of 1 foot to a height of 5 feet, measured from the floor.","In the room, the heights of both objects are measured from the same floor. The cone remains at a height of 3 feet from the floor. The ball moves from a height of 5 feet to a height of 1 foot, measured from the floor.",The cone is below the ball.,The cone is above the ball.,Target1,Target2,1,5,3,3,5,1,3,3,45,45,6,6
target_cross_full__ball_cone__measured_height__expanded__target_first__target_first,1.1,applied,target_crosses,full_crossing,target_cross_full,ball_cone,ball,cone,measured_height,expanded,target_first,target_first,above,below,up,down,still,still,"In the room, the heights of both objects are measured from the same level floor. The floor stays fixed while the objects move or remain still. The ball moves from a height of 1 foot to a height of 5 feet, measured from the floor. The cone remains at a height of 3 feet from the floor.","In the room, the heights of both objects are measured from the same level floor. The floor stays fixed while the objects move or remain still. The ball moves from a height of 5 feet to a height of 1 foot, measured from the floor. The cone remains at a height of 3 feet from the floor.",The ball is above the cone.,The ball is below the cone.,Target1,Target2,1,5,3,3,5,1,3,3,57,57,6,6
target_cross_full__ball_cone__measured_height__expanded__target_first__reference_first,1.1,applied,target_crosses,full_crossing,target_cross_full,ball_cone,ball,cone,measured_height,expanded,target_first,reference_first,below,above,up,down,still,still,"In the room, the heights of both objects are measured from the same level floor. The floor stays fixed while the objects move or remain still. The ball moves from a height of 1 foot to a height of 5 feet, measured from the floor. The cone remains at a height of 3 feet from the floor.","In the room, the heights of both objects are measured from the same level floor. The floor stays fixed while the objects move or remain still. The ball moves from a height of 5 feet to a height of 1 foot, measured from the floor. The cone remains at a height of 3 feet from the floor.",The cone is below the ball.,The cone is above the ball.,Target1,Target2,1,5,3,3,5,1,3,3,57,57,6,6
target_cross_full__ball_cone__measured_height__expanded__reference_first__target_first,1.1,applied,target_crosses,full_crossing,target_cross_full,ball_cone,ball,cone,measured_height,expanded,reference_first,target_first,above,below,up,down,still,still,"In the room, the heights of both objects are measured from the same level floor. The floor stays fixed while the objects move or remain still. The cone remains at a height of 3 feet from the floor. The ball moves from a height of 1 foot to a height of 5 feet, measured from the floor.","In the room, the heights of both objects are measured from the same level floor. The floor stays fixed while the objects move or remain still. The cone remains at a height of 3 feet from the floor. The ball moves from a height of 5 feet to a height of 1 foot, measured from the floor.",The ball is above the cone.,The ball is below the cone.,Target1,Target2,1,5,3,3,5,1,3,3,57,57,6,6
target_cross_full__ball_cone__measured_height__expanded__reference_first__reference_first,1.1,applied,target_crosses,full_crossing,target_cross_full,ball_cone,ball,cone,measured_height,expanded,reference_first,reference_first,below,above,up,down,still,still,"In the room, the heights of both objects are measured from the same level floor. The floor stays fixed while the objects move or remain still. The cone remains at a height of 3 feet from the floor. The ball moves from a height of 1 foot to a height of 5 feet, measured from the floor.","In the room, the heights of both objects are measured from the same level floor. The floor stays fixed while the objects move or remain still. The cone remains at a height of 3 feet from the floor. The ball moves from a height of 5 feet to a height of 1 foot, measured from the floor.",The cone is below the ball.,The cone is above the ball.,Target1,Target2,1,5,3,3,5,1,3,3,57,57,6,6
target_cross_full__cup_box__named_shelves__compact__target_first__target_first,1.1,applied,target_crosses,full_crossing,target_cross_full,cup_box,cup,box,named_shelves,compact,target_first,target_first,above,below,up,down,still,still,"The rack's shelves run from bottom through lower, middle, and upper to top. The cup moves from the bottom shelf to the top shelf. The box remains on the middle shelf.","The rack's shelves run from bottom through lower, middle, and upper to top. The cup moves from the top shelf to the bottom shelf. The box remains on the middle shelf.",The cup is above the box.,The cup is below the box.,Target1,Target2,1,5,3,3,5,1,3,3,32,32,6,6
target_cross_full__cup_box__named_shelves__compact__target_first__reference_first,1.1,applied,target_crosses,full_crossing,target_cross_full,cup_box,cup,box,named_shelves,compact,target_first,reference_first,below,above,up,down,still,still,"The rack's shelves run from bottom through lower, middle, and upper to top. The cup moves from the bottom shelf to the top shelf. The box remains on the middle shelf.","The rack's shelves run from bottom through lower, middle, and upper to top. The cup moves from the top shelf to the bottom shelf. The box remains on the middle shelf.",The box is below the cup.,The box is above the cup.,Target1,Target2,1,5,3,3,5,1,3,3,32,32,6,6
target_cross_full__cup_box__named_shelves__compact__reference_first__target_first,1.1,applied,target_crosses,full_crossing,target_cross_full,cup_box,cup,box,named_shelves,compact,reference_first,target_first,above,below,up,down,still,still,"The rack's shelves run from bottom through lower, middle, and upper to top. The box remains on the middle shelf. The cup moves from the bottom shelf to the top shelf.","The rack's shelves run from bottom through lower, middle, and upper to top. The box remains on the middle shelf. The cup moves from the top shelf to the bottom shelf.",The cup is above the box.,The cup is below the box.,Target1,Target2,1,5,3,3,5,1,3,3,32,32,6,6
target_cross_full__cup_box__named_shelves__compact__reference_first__reference_first,1.1,applied,target_crosses,full_crossing,target_cross_full,cup_box,cup,box,named_shelves,compact,reference_first,reference_first,below,above,up,down,still,still,"The rack's shelves run from bottom through lower, middle, and upper to top. The box remains on the middle shelf. The cup moves from the bottom shelf to the top shelf.","The rack's shelves run from bottom through lower, middle, and upper to top. The box remains on the middle shelf. The cup moves from the top shelf to the bottom shelf.",The box is below the cup.,The box is above the cup.,Target1,Target2,1,5,3,3,5,1,3,3,32,32,6,6
target_cross_full__cup_box__named_shelves__standard__target_first__target_first,1.1,applied,target_crosses,full_crossing,target_cross_full,cup_box,cup,box,named_shelves,standard,target_first,target_first,above,below,up,down,still,still,"In the room, a five-tier rack has bottom, lower, middle, upper, and top shelves, in that vertical order. The cup moves from the bottom shelf to the top shelf. The box remains on the middle shelf.","In the room, a five-tier rack has bottom, lower, middle, upper, and top shelves, in that vertical order. The cup moves from the top shelf to the bottom shelf. The box remains on the middle shelf.",The cup is above the box.,The cup is below the box.,Target1,Target2,1,5,3,3,5,1,3,3,37,37,6,6
target_cross_full__cup_box__named_shelves__standard__target_first__reference_first,1.1,applied,target_crosses,full_crossing,target_cross_full,cup_box,cup,box,named_shelves,standard,target_first,reference_first,below,above,up,down,still,still,"In the room, a five-tier rack has bottom, lower, middle, upper, and top shelves, in that vertical order. The cup moves from the bottom shelf to the top shelf. The box remains on the middle shelf.","In the room, a five-tier rack has bottom, lower, middle, upper, and top shelves, in that vertical order. The cup moves from the top shelf to the bottom shelf. The box remains on the middle shelf.",The box is below the cup.,The box is above the cup.,Target1,Target2,1,5,3,3,5,1,3,3,37,37,6,6
target_cross_full__cup_box__named_shelves__standard__reference_first__target_first,1.1,applied,target_crosses,full_crossing,target_cross_full,cup_box,cup,box,named_shelves,standard,reference_first,target_first,above,below,up,down,still,still,"In the room, a five-tier rack has bottom, lower, middle, upper, and top shelves, in that vertical order. The box remains on the middle shelf. The cup moves from the bottom shelf to the top shelf.","In the room, a five-tier rack has bottom, lower, middle, upper, and top shelves, in that vertical order. The box remains on the middle shelf. The cup moves from the top shelf to the bottom shelf.",The cup is above the box.,The cup is below the box.,Target1,Target2,1,5,3,3,5,1,3,3,37,37,6,6
target_cross_full__cup_box__named_shelves__standard__reference_first__reference_first,1.1,applied,target_crosses,full_crossing,target_cross_full,cup_box,cup,box,named_shelves,standard,reference_first,reference_first,below,above,up,down,still,still,"In the room, a five-tier rack has bottom, lower, middle, upper, and top shelves, in that vertical order. The box remains on the middle shelf. The cup moves from the bottom shelf to the top shelf.","In the room, a five-tier rack has bottom, lower, middle, upper, and top shelves, in that vertical order. The box remains on the middle shelf. The cup moves from the top shelf to the bottom shelf.",The box is below the cup.,The box is above the cup.,Target1,Target2,1,5,3,3,5,1,3,3,37,37,6,6
target_cross_full__cup_box__named_shelves__expanded__target_first__target_first,1.1,applied,target_crosses,full_crossing,target_cross_full,cup_box,cup,box,named_shelves,expanded,target_first,target_first,above,below,up,down,still,still,"In the room, a fixed five-tier rack has bottom, lower, middle, upper, and top shelves, in that vertical order. Each shelf stays at its level throughout the scene. The cup moves from the bottom shelf to the top shelf. The box remains on the middle shelf.","In the room, a fixed five-tier rack has bottom, lower, middle, upper, and top shelves, in that vertical order. Each shelf stays at its level throughout the scene. The cup moves from the top shelf to the bottom shelf. The box remains on the middle shelf.",The cup is above the box.,The cup is below the box.,Target1,Target2,1,5,3,3,5,1,3,3,47,47,6,6
target_cross_full__cup_box__named_shelves__expanded__target_first__reference_first,1.1,applied,target_crosses,full_crossing,target_cross_full,cup_box,cup,box,named_shelves,expanded,target_first,reference_first,below,above,up,down,still,still,"In the room, a fixed five-tier rack has bottom, lower, middle, upper, and top shelves, in that vertical order. Each shelf stays at its level throughout the scene. The cup moves from the bottom shelf to the top shelf. The box remains on the middle shelf.","In the room, a fixed five-tier rack has bottom, lower, middle, upper, and top shelves, in that vertical order. Each shelf stays at its level throughout the scene. The cup moves from the top shelf to the bottom shelf. The box remains on the middle shelf.",The box is below the cup.,The box is above the cup.,Target1,Target2,1,5,3,3,5,1,3,3,47,47,6,6
target_cross_full__cup_box__named_shelves__expanded__reference_first__target_first,1.1,applied,target_crosses,full_crossing,target_cross_full,cup_box,cup,box,named_shelves,expanded,reference_first,target_first,above,below,up,down,still,still,"In the room, a fixed five-tier rack has bottom, lower, middle, upper, and top shelves, in that vertical order. Each shelf stays at its level throughout the scene. The box remains on the middle shelf. The cup moves from the bottom shelf to the top shelf.","In the room, a fixed five-tier rack has bottom, lower, middle, upper, and top shelves, in that vertical order. Each shelf stays at its level throughout the scene. The box remains on the middle shelf. The cup moves from the top shelf to the bottom shelf.",The cup is above the box.,The cup is below the box.,Target1,Target2,1,5,3,3,5,1,3,3,47,47,6,6
target_cross_full__cup_box__named_shelves__expanded__reference_first__reference_first,1.1,applied,target_crosses,full_crossing,target_cross_full,cup_box,cup,box,named_shelves,expanded,reference_first,reference_first,below,above,up,down,still,still,"In the room, a fixed five-tier rack has bottom, lower, middle, upper, and top shelves, in that vertical order. Each shelf stays at its level throughout the scene. The box remains on the middle shelf. The cup moves from the bottom shelf to the top shelf.","In the room, a fixed five-tier rack has bottom, lower, middle, upper, and top shelves, in that vertical order. Each shelf stays at its level throughout the scene. The box remains on the middle shelf. The cup moves from the top shelf to the bottom shelf.",The box is below the cup.,The box is above the cup.,Target1,Target2,1,5,3,3,5,1,3,3,47,47,6,6
target_cross_full__cup_box__measured_height__compact__target_first__target_first,1.1,applied,target_crosses,full_crossing,target_cross_full,cup_box,cup,box,measured_height,compact,target_first,target_first,above,below,up,down,still,still,"Heights are measured from the floor. The cup moves from a height of 1 foot to a height of 5 feet, measured from the floor. The box remains at a height of 3 feet from the floor.","Heights are measured from the floor. The cup moves from a height of 5 feet to a height of 1 foot, measured from the floor. The box remains at a height of 3 feet from the floor.",The cup is above the box.,The cup is below the box.,Target1,Target2,1,5,3,3,5,1,3,3,37,37,6,6
target_cross_full__cup_box__measured_height__compact__target_first__reference_first,1.1,applied,target_crosses,full_crossing,target_cross_full,cup_box,cup,box,measured_height,compact,target_first,reference_first,below,above,up,down,still,still,"Heights are measured from the floor. The cup moves from a height of 1 foot to a height of 5 feet, measured from the floor. The box remains at a height of 3 feet from the floor.","Heights are measured from the floor. The cup moves from a height of 5 feet to a height of 1 foot, measured from the floor. The box remains at a height of 3 feet from the floor.",The box is below the cup.,The box is above the cup.,Target1,Target2,1,5,3,3,5,1,3,3,37,37,6,6
target_cross_full__cup_box__measured_height__compact__reference_first__target_first,1.1,applied,target_crosses,full_crossing,target_cross_full,cup_box,cup,box,measured_height,compact,reference_first,target_first,above,below,up,down,still,still,"Heights are measured from the floor. The box remains at a height of 3 feet from the floor. The cup moves from a height of 1 foot to a height of 5 feet, measured from the floor.","Heights are measured from the floor. The box remains at a height of 3 feet from the floor. The cup moves from a height of 5 feet to a height of 1 foot, measured from the floor.",The cup is above the box.,The cup is below the box.,Target1,Target2,1,5,3,3,5,1,3,3,37,37,6,6
target_cross_full__cup_box__measured_height__compact__reference_first__reference_first,1.1,applied,target_crosses,full_crossing,target_cross_full,cup_box,cup,box,measured_height,compact,reference_first,reference_first,below,above,up,down,still,still,"Heights are measured from the floor. The box remains at a height of 3 feet from the floor. The cup moves from a height of 1 foot to a height of 5 feet, measured from the floor.","Heights are measured from the floor. The box remains at a height of 3 feet from the floor. The cup moves from a height of 5 feet to a height of 1 foot, measured from the floor.",The box is below the cup.,The box is above the cup.,Target1,Target2,1,5,3,3,5,1,3,3,37,37,6,6
target_cross_full__cup_box__measured_height__standard__target_first__target_first,1.1,applied,target_crosses,full_crossing,target_cross_full,cup_box,cup,box,measured_height,standard,target_first,target_first,above,below,up,down,still,still,"In the room, the heights of both objects are measured from the same floor. The cup moves from a height of 1 foot to a height of 5 feet, measured from the floor. The box remains at a height of 3 feet from the floor.","In the room, the heights of both objects are measured from the same floor. The cup moves from a height of 5 feet to a height of 1 foot, measured from the floor. The box remains at a height of 3 feet from the floor.",The cup is above the box.,The cup is below the box.,Target1,Target2,1,5,3,3,5,1,3,3,45,45,6,6
target_cross_full__cup_box__measured_height__standard__target_first__reference_first,1.1,applied,target_crosses,full_crossing,target_cross_full,cup_box,cup,box,measured_height,standard,target_first,reference_first,below,above,up,down,still,still,"In the room, the heights of both objects are measured from the same floor. The cup moves from a height of 1 foot to a height of 5 feet, measured from the floor. The box remains at a height of 3 feet from the floor.","In the room, the heights of both objects are measured from the same floor. The cup moves from a height of 5 feet to a height of 1 foot, measured from the floor. The box remains at a height of 3 feet from the floor.",The box is below the cup.,The box is above the cup.,Target1,Target2,1,5,3,3,5,1,3,3,45,45,6,6
target_cross_full__cup_box__measured_height__standard__reference_first__target_first,1.1,applied,target_crosses,full_crossing,target_cross_full,cup_box,cup,box,measured_height,standard,reference_first,target_first,above,below,up,down,still,still,"In the room, the heights of both objects are measured from the same floor. The box remains at a height of 3 feet from the floor. The cup moves from a height of 1 foot to a height of 5 feet, measured from the floor.","In the room, the heights of both objects are measured from the same floor. The box remains at a height of 3 feet from the floor. The cup moves from a height of 5 feet to a height of 1 foot, measured from the floor.",The cup is above the box.,The cup is below the box.,Target1,Target2,1,5,3,3,5,1,3,3,45,45,6,6
target_cross_full__cup_box__measured_height__standard__reference_first__reference_first,1.1,applied,target_crosses,full_crossing,target_cross_full,cup_box,cup,box,measured_height,standard,reference_first,reference_first,below,above,up,down,still,still,"In the room, the heights of both objects are measured from the same floor. The box remains at a height of 3 feet from the floor. The cup moves from a height of 1 foot to a height of 5 feet, measured from the floor.","In the room, the heights of both objects are measured from the same floor. The box remains at a height of 3 feet from the floor. The cup moves from a height of 5 feet to a height of 1 foot, measured from the floor.",The box is below the cup.,The box is above the cup.,Target1,Target2,1,5,3,3,5,1,3,3,45,45,6,6
target_cross_full__cup_box__measured_height__expanded__target_first__target_first,1.1,applied,target_crosses,full_crossing,target_cross_full,cup_box,cup,box,measured_height,expanded,target_first,target_first,above,below,up,down,still,still,"In the room, the heights of both objects are measured from the same level floor. The floor stays fixed while the objects move or remain still. The cup moves from a height of 1 foot to a height of 5 feet, measured from the floor. The box remains at a height of 3 feet from the floor.","In the room, the heights of both objects are measured from the same level floor. The floor stays fixed while the objects move or remain still. The cup moves from a height of 5 feet to a height of 1 foot, measured from the floor. The box remains at a height of 3 feet from the floor.",The cup is above the box.,The cup is below the box.,Target1,Target2,1,5,3,3,5,1,3,3,57,57,6,6
target_cross_full__cup_box__measured_height__expanded__target_first__reference_first,1.1,applied,target_crosses,full_crossing,target_cross_full,cup_box,cup,box,measured_height,expanded,target_first,reference_first,below,above,up,down,still,still,"In the room, the heights of both objects are measured from the same level floor. The floor stays fixed while the objects move or remain still. The cup moves from a height of 1 foot to a height of 5 feet, measured from the floor. The box remains at a height of 3 feet from the floor.","In the room, the heights of both objects are measured from the same level floor. The floor stays fixed while the objects move or remain still. The cup moves from a height of 5 feet to a height of 1 foot, measured from the floor. The box remains at a height of 3 feet from the floor.",The box is below the cup.,The box is above the cup.,Target1,Target2,1,5,3,3,5,1,3,3,57,57,6,6
target_cross_full__cup_box__measured_height__expanded__reference_first__target_first,1.1,applied,target_crosses,full_crossing,target_cross_full,cup_box,cup,box,measured_height,expanded,reference_first,target_first,above,below,up,down,still,still,"In the room, the heights of both objects are measured from the same level floor. The floor stays fixed while the objects move or remain still. The box remains at a height of 3 feet from the floor. The cup moves from a height of 1 foot to a height of 5 feet, measured from the floor.","In the room, the heights of both objects are measured from the same level floor. The floor stays fixed while the objects move or remain still. The box remains at a height of 3 feet from the floor. The cup moves from a height of 5 feet to a height of 1 foot, measured from the floor.",The cup is above the box.,The cup is below the box.,Target1,Target2,1,5,3,3,5,1,3,3,57,57,6,6
target_cross_full__cup_box__measured_height__expanded__reference_first__reference_first,1.1,applied,target_crosses,full_crossing,target_cross_full,cup_box,cup,box,measured_height,expanded,reference_first,reference_first,below,above,up,down,still,still,"In the room, the heights of both objects are measured from the same level floor. The floor stays fixed while the objects move or remain still. The box remains at a height of 3 feet from the floor. The cup moves from a height of 1 foot to a height of 5 feet, measured from the floor.","In the room, the heights of both objects are measured from the same level floor. The floor stays fixed while the objects move or remain still. The box remains at a height of 3 feet from the floor. The cup moves from a height of 5 feet to a height of 1 foot, measured from the floor.",The box is below the cup.,The box is above the cup.,Target1,Target2,1,5,3,3,5,1,3,3,57,57,6,6
target_cross_full__book_jar__named_shelves__compact__target_first__target_first,1.1,applied,target_crosses,full_crossing,target_cross_full,book_jar,book,jar,named_shelves,compact,target_first,target_first,above,below,up,down,still,still,"The rack's shelves run from bottom through lower, middle, and upper to top. The book moves from the bottom shelf to the top shelf. The jar remains on the middle shelf.","The rack's shelves run from bottom through lower, middle, and upper to top. The book moves from the top shelf to the bottom shelf. The jar remains on the middle shelf.",The book is above the jar.,The book is below the jar.,Target1,Target2,1,5,3,3,5,1,3,3,32,32,6,6
target_cross_full__book_jar__named_shelves__compact__target_first__reference_first,1.1,applied,target_crosses,full_crossing,target_cross_full,book_jar,book,jar,named_shelves,compact,target_first,reference_first,below,above,up,down,still,still,"The rack's shelves run from bottom through lower, middle, and upper to top. The book moves from the bottom shelf to the top shelf. The jar remains on the middle shelf.","The rack's shelves run from bottom through lower, middle, and upper to top. The book moves from the top shelf to the bottom shelf. The jar remains on the middle shelf.",The jar is below the book.,The jar is above the book.,Target1,Target2,1,5,3,3,5,1,3,3,32,32,6,6
target_cross_full__book_jar__named_shelves__compact__reference_first__target_first,1.1,applied,target_crosses,full_crossing,target_cross_full,book_jar,book,jar,named_shelves,compact,reference_first,target_first,above,below,up,down,still,still,"The rack's shelves run from bottom through lower, middle, and upper to top. The jar remains on the middle shelf. The book moves from the bottom shelf to the top shelf.","The rack's shelves run from bottom through lower, middle, and upper to top. The jar remains on the middle shelf. The book moves from the top shelf to the bottom shelf.",The book is above the jar.,The book is below the jar.,Target1,Target2,1,5,3,3,5,1,3,3,32,32,6,6
target_cross_full__book_jar__named_shelves__compact__reference_first__reference_first,1.1,applied,target_crosses,full_crossing,target_cross_full,book_jar,book,jar,named_shelves,compact,reference_first,reference_first,below,above,up,down,still,still,"The rack's shelves run from bottom through lower, middle, and upper to top. The jar remains on the middle shelf. The book moves from the bottom shelf to the top shelf.","The rack's shelves run from bottom through lower, middle, and upper to top. The jar remains on the middle shelf. The book moves from the top shelf to the bottom shelf.",The jar is below the book.,The jar is above the book.,Target1,Target2,1,5,3,3,5,1,3,3,32,32,6,6
target_cross_full__book_jar__named_shelves__standard__target_first__target_first,1.1,applied,target_crosses,full_crossing,target_cross_full,book_jar,book,jar,named_shelves,standard,target_first,target_first,above,below,up,down,still,still,"In the room, a five-tier rack has bottom, lower, middle, upper, and top shelves, in that vertical order. The book moves from the bottom shelf to the top shelf. The jar remains on the middle shelf.","In the room, a five-tier rack has bottom, lower, middle, upper, and top shelves, in that vertical order. The book moves from the top shelf to the bottom shelf. The jar remains on the middle shelf.",The book is above the jar.,The book is below the jar.,Target1,Target2,1,5,3,3,5,1,3,3,37,37,6,6
target_cross_full__book_jar__named_shelves__standard__target_first__reference_first,1.1,applied,target_crosses,full_crossing,target_cross_full,book_jar,book,jar,named_shelves,standard,target_first,reference_first,below,above,up,down,still,still,"In the room, a five-tier rack has bottom, lower, middle, upper, and top shelves, in that vertical order. The book moves from the bottom shelf to the top shelf. The jar remains on the middle shelf.","In the room, a five-tier rack has bottom, lower, middle, upper, and top shelves, in that vertical order. The book moves from the top shelf to the bottom shelf. The jar remains on the middle shelf.",The jar is below the book.,The jar is above the book.,Target1,Target2,1,5,3,3,5,1,3,3,37,37,6,6
target_cross_full__book_jar__named_shelves__standard__reference_first__target_first,1.1,applied,target_crosses,full_crossing,target_cross_full,book_jar,book,jar,named_shelves,standard,reference_first,target_first,above,below,up,down,still,still,"In the room, a five-tier rack has bottom, lower, middle, upper, and top shelves, in that vertical order. The jar remains on the middle shelf. The book moves from the bottom shelf to the top shelf.","In the room, a five-tier rack has bottom, lower, middle, upper, and top shelves, in that vertical order. The jar remains on the middle shelf. The book moves from the top shelf to the bottom shelf.",The book is above the jar.,The book is below the jar.,Target1,Target2,1,5,3,3,5,1,3,3,37,37,6,6
target_cross_full__book_jar__named_shelves__standard__reference_first__reference_first,1.1,applied,target_crosses,full_crossing,target_cross_full,book_jar,book,jar,named_shelves,standard,reference_first,reference_first,below,above,up,down,still,still,"In the room, a five-tier rack has bottom, lower, middle, upper, and top shelves, in that vertical order. The jar remains on the middle shelf. The book moves from the bottom shelf to the top shelf.","In the room, a five-tier rack has bottom, lower, middle, upper, and top shelves, in that vertical order. The jar remains on the middle shelf. The book moves from the top shelf to the bottom shelf.",The jar is below the book.,The jar is above the book.,Target1,Target2,1,5,3,3,5,1,3,3,37,37,6,6
target_cross_full__book_jar__named_shelves__expanded__target_first__target_first,1.1,applied,target_crosses,full_crossing,target_cross_full,book_jar,book,jar,named_shelves,expanded,target_first,target_first,above,below,up,down,still,still,"In the room, a fixed five-tier rack has bottom, lower, middle, upper, and top shelves, in that vertical order. Each shelf stays at its level throughout the scene. The book moves from the bottom shelf to the top shelf. The jar remains on the middle shelf.","In the room, a fixed five-tier rack has bottom, lower, middle, upper, and top shelves, in that vertical order. Each shelf stays at its level throughout the scene. The book moves from the top shelf to the bottom shelf. The jar remains on the middle shelf.",The book is above the jar.,The book is below the jar.,Target1,Target2,1,5,3,3,5,1,3,3,47,47,6,6
target_cross_full__book_jar__named_shelves__expanded__target_first__reference_first,1.1,applied,target_crosses,full_crossing,target_cross_full,book_jar,book,jar,named_shelves,expanded,target_first,reference_first,below,above,up,down,still,still,"In the room, a fixed five-tier rack has bottom, lower, middle, upper, and top shelves, in that vertical order. Each shelf stays at its level throughout the scene. The book moves from the bottom shelf to the top shelf. The jar remains on the middle shelf.","In the room, a fixed five-tier rack has bottom, lower, middle, upper, and top shelves, in that vertical order. Each shelf stays at its level throughout the scene. The book moves from the top shelf to the bottom shelf. The jar remains on the middle shelf.",The jar is below the book.,The jar is above the book.,Target1,Target2,1,5,3,3,5,1,3,3,47,47,6,6
target_cross_full__book_jar__named_shelves__expanded__reference_first__target_first,1.1,applied,target_crosses,full_crossing,target_cross_full,book_jar,book,jar,named_shelves,expanded,reference_first,target_first,above,below,up,down,still,still,"In the room, a fixed five-tier rack has bottom, lower, middle, upper, and top shelves, in that vertical order. Each shelf stays at its level throughout the scene. The jar remains on the middle shelf. The book moves from the bottom shelf to the top shelf.","In the room, a fixed five-tier rack has bottom, lower, middle, upper, and top shelves, in that vertical order. Each shelf stays at its level throughout the scene. The jar remains on the middle shelf. The book moves from the top shelf to the bottom shelf.",The book is above the jar.,The book is below the jar.,Target1,Target2,1,5,3,3,5,1,3,3,47,47,6,6
target_cross_full__book_jar__named_shelves__expanded__reference_first__reference_first,1.1,applied,target_crosses,full_crossing,target_cross_full,book_jar,book,jar,named_shelves,expanded,reference_first,reference_first,below,above,up,down,still,still,"In the room, a fixed five-tier rack has bottom, lower, middle, upper, and top shelves, in that vertical order. Each shelf stays at its level throughout the scene. The jar remains on the middle shelf. The book moves from the bottom shelf to the top shelf.","In the room, a fixed five-tier rack has bottom, lower, middle, upper, and top shelves, in that vertical order. Each shelf stays at its level throughout the scene. The jar remains on the middle shelf. The book moves from the top shelf to the bottom shelf.",The jar is below the book.,The jar is above the book.,Target1,Target2,1,5,3,3,5,1,3,3,47,47,6,6
target_cross_full__book_jar__measured_height__compact__target_first__target_first,1.1,applied,target_crosses,full_crossing,target_cross_full,book_jar,book,jar,measured_height,compact,target_first,target_first,above,below,up,down,still,still,"Heights are measured from the floor. The book moves from a height of 1 foot to a height of 5 feet, measured from the floor. The jar remains at a height of 3 feet from the floor.","Heights are measured from the floor. The book moves from a height of 5 feet to a height of 1 foot, measured from the floor. The jar remains at a height of 3 feet from the floor.",The book is above the jar.,The book is below the jar.,Target1,Target2,1,5,3,3,5,1,3,3,37,37,6,6
target_cross_full__book_jar__measured_height__compact__target_first__reference_first,1.1,applied,target_crosses,full_crossing,target_cross_full,book_jar,book,jar,measured_height,compact,target_first,reference_first,below,above,up,down,still,still,"Heights are measured from the floor. The book moves from a height of 1 foot to a height of 5 feet, measured from the floor. The jar remains at a height of 3 feet from the floor.","Heights are measured from the floor. The book moves from a height of 5 feet to a height of 1 foot, measured from the floor. The jar remains at a height of 3 feet from the floor.",The jar is below the book.,The jar is above the book.,Target1,Target2,1,5,3,3,5,1,3,3,37,37,6,6
target_cross_full__book_jar__measured_height__compact__reference_first__target_first,1.1,applied,target_crosses,full_crossing,target_cross_full,book_jar,book,jar,measured_height,compact,reference_first,target_first,above,below,up,down,still,still,"Heights are measured from the floor. The jar remains at a height of 3 feet from the floor. The book moves from a height of 1 foot to a height of 5 feet, measured from the floor.","Heights are measured from the floor. The jar remains at a height of 3 feet from the floor. The book moves from a height of 5 feet to a height of 1 foot, measured from the floor.",The book is above the jar.,The book is below the jar.,Target1,Target2,1,5,3,3,5,1,3,3,37,37,6,6
target_cross_full__book_jar__measured_height__compact__reference_first__reference_first,1.1,applied,target_crosses,full_crossing,target_cross_full,book_jar,book,jar,measured_height,compact,reference_first,reference_first,below,above,up,down,still,still,"Heights are measured from the floor. The jar remains at a height of 3 feet from the floor. The book moves from a height of 1 foot to a height of 5 feet, measured from the floor.","Heights are measured from the floor. The jar remains at a height of 3 feet from the floor. The book moves from a height of 5 feet to a height of 1 foot, measured from the floor.",The jar is below the book.,The jar is above the book.,Target1,Target2,1,5,3,3,5,1,3,3,37,37,6,6
target_cross_full__book_jar__measured_height__standard__target_first__target_first,1.1,applied,target_crosses,full_crossing,target_cross_full,book_jar,book,jar,measured_height,standard,target_first,target_first,above,below,up,down,still,still,"In the room, the heights of both objects are measured from the same floor. The book moves from a height of 1 foot to a height of 5 feet, measured from the floor. The jar remains at a height of 3 feet from the floor.","In the room, the heights of both objects are measured from the same floor. The book moves from a height of 5 feet to a height of 1 foot, measured from the floor. The jar remains at a height of 3 feet from the floor.",The book is above the jar.,The book is below the jar.,Target1,Target2,1,5,3,3,5,1,3,3,45,45,6,6
target_cross_full__book_jar__measured_height__standard__target_first__reference_first,1.1,applied,target_crosses,full_crossing,target_cross_full,book_jar,book,jar,measured_height,standard,target_first,reference_first,below,above,up,down,still,still,"In the room, the heights of both objects are measured from the same floor. The book moves from a height of 1 foot to a height of 5 feet, measured from the floor. The jar remains at a height of 3 feet from the floor.","In the room, the heights of both objects are measured from the same floor. The book moves from a height of 5 feet to a height of 1 foot, measured from the floor. The jar remains at a height of 3 feet from the floor.",The jar is below the book.,The jar is above the book.,Target1,Target2,1,5,3,3,5,1,3,3,45,45,6,6
target_cross_full__book_jar__measured_height__standard__reference_first__target_first,1.1,applied,target_crosses,full_crossing,target_cross_full,book_jar,book,jar,measured_height,standard,reference_first,target_first,above,below,up,down,still,still,"In the room, the heights of both objects are measured from the same floor. The jar remains at a height of 3 feet from the floor. The book moves from a height of 1 foot to a height of 5 feet, measured from the floor.","In the room, the heights of both objects are measured from the same floor. The jar remains at a height of 3 feet from the floor. The book moves from a height of 5 feet to a height of 1 foot, measured from the floor.",The book is above the jar.,The book is below the jar.,Target1,Target2,1,5,3,3,5,1,3,3,45,45,6,6
target_cross_full__book_jar__measured_height__standard__reference_first__reference_first,1.1,applied,target_crosses,full_crossing,target_cross_full,book_jar,book,jar,measured_height,standard,reference_first,reference_first,below,above,up,down,still,still,"In the room, the heights of both objects are measured from the same floor. The jar remains at a height of 3 feet from the floor. The book moves from a height of 1 foot to a height of 5 feet, measured from the floor.","In the room, the heights of both objects are measured from the same floor. The jar remains at a height of 3 feet from the floor. The book moves from a height of 5 feet to a height of 1 foot, measured from the floor.",The jar is below the book.,The jar is above the book.,Target1,Target2,1,5,3,3,5,1,3,3,45,45,6,6
target_cross_full__book_jar__measured_height__expanded__target_first__target_first,1.1,applied,target_crosses,full_crossing,target_cross_full,book_jar,book,jar,measured_height,expanded,target_first,target_first,above,below,up,down,still,still,"In the room, the heights of both objects are measured from the same level floor. The floor stays fixed while the objects move or remain still. The book moves from a height of 1 foot to a height of 5 feet, measured from the floor. The jar remains at a height of 3 feet from the floor.","In the room, the heights of both objects are measured from the same level floor. The floor stays fixed while the objects move or remain still. The book moves from a height of 5 feet to a height of 1 foot, measured from the floor. The jar remains at a height of 3 feet from the floor.",The book is above the jar.,The book is below the jar.,Target1,Target2,1,5,3,3,5,1,3,3,57,57,6,6
target_cross_full__book_jar__measured_height__expanded__target_first__reference_first,1.1,applied,target_crosses,full_crossing,target_cross_full,book_jar,book,jar,measured_height,expanded,target_first,reference_first,below,above,up,down,still,still,"In the room, the heights of both objects are measured from the same level floor. The floor stays fixed while the objects move or remain still. The book moves from a height of 1 foot to a height of 5 feet, measured from the floor. The jar remains at a height of 3 feet from the floor.","In the room, the heights of both objects are measured from the same level floor. The floor stays fixed while the objects move or remain still. The book moves from a height of 5 feet to a height of 1 foot, measured from the floor. The jar remains at a height of 3 feet from the floor.",The jar is below the book.,The jar is above the book.,Target1,Target2,1,5,3,3,5,1,3,3,57,57,6,6
target_cross_full__book_jar__measured_height__expanded__reference_first__target_first,1.1,applied,target_crosses,full_crossing,target_cross_full,book_jar,book,jar,measured_height,expanded,reference_first,target_first,above,below,up,down,still,still,"In the room, the heights of both objects are measured from the same level floor. The floor stays fixed while the objects move or remain still. The jar remains at a height of 3 feet from the floor. The book moves from a height of 1 foot to a height of 5 feet, measured from the floor.","In the room, the heights of both objects are measured from the same level floor. The floor stays fixed while the objects move or remain still. The jar remains at a height of 3 feet from the floor. The book moves from a height of 5 feet to a height of 1 foot, measured from the floor.",The book is above the jar.,The book is below the jar.,Target1,Target2,1,5,3,3,5,1,3,3,57,57,6,6
target_cross_full__book_jar__measured_height__expanded__reference_first__reference_first,1.1,applied,target_crosses,full_crossing,target_cross_full,book_jar,book,jar,measured_height,expanded,reference_first,reference_first,below,above,up,down,still,still,"In the room, the heights of both objects are measured from the same level floor. The floor stays fixed while the objects move or remain still. The jar remains at a height of 3 feet from the floor. The book moves from a height of 1 foot to a height of 5 feet, measured from the floor.","In the room, the heights of both objects are measured from the same level floor. The floor stays fixed while the objects move or remain still. The jar remains at a height of 3 feet from the floor. The book moves from a height of 5 feet to a height of 1 foot, measured from the floor.",The jar is below the book.,The jar is above the book.,Target1,Target2,1,5,3,3,5,1,3,3,57,57,6,6
target_cross_full__toy_key__named_shelves__compact__target_first__target_first,1.1,applied,target_crosses,full_crossing,target_cross_full,toy_key,toy,key,named_shelves,compact,target_first,target_first,above,below,up,down,still,still,"The rack's shelves run from bottom through lower, middle, and upper to top. The toy moves from the bottom shelf to the top shelf. The key remains on the middle shelf.","The rack's shelves run from bottom through lower, middle, and upper to top. The toy moves from the top shelf to the bottom shelf. The key remains on the middle shelf.",The toy is above the key.,The toy is below the key.,Target1,Target2,1,5,3,3,5,1,3,3,32,32,6,6
target_cross_full__toy_key__named_shelves__compact__target_first__reference_first,1.1,applied,target_crosses,full_crossing,target_cross_full,toy_key,toy,key,named_shelves,compact,target_first,reference_first,below,above,up,down,still,still,"The rack's shelves run from bottom through lower, middle, and upper to top. The toy moves from the bottom shelf to the top shelf. The key remains on the middle shelf.","The rack's shelves run from bottom through lower, middle, and upper to top. The toy moves from the top shelf to the bottom shelf. The key remains on the middle shelf.",The key is below the toy.,The key is above the toy.,Target1,Target2,1,5,3,3,5,1,3,3,32,32,6,6
target_cross_full__toy_key__named_shelves__compact__reference_first__target_first,1.1,applied,target_crosses,full_crossing,target_cross_full,toy_key,toy,key,named_shelves,compact,reference_first,target_first,above,below,up,down,still,still,"The rack's shelves run from bottom through lower, middle, and upper to top. The key remains on the middle shelf. The toy moves from the bottom shelf to the top shelf.","The rack's shelves run from bottom through lower, middle, and upper to top. The key remains on the middle shelf. The toy moves from the top shelf to the bottom shelf.",The toy is above the key.,The toy is below the key.,Target1,Target2,1,5,3,3,5,1,3,3,32,32,6,6
target_cross_full__toy_key__named_shelves__compact__reference_first__reference_first,1.1,applied,target_crosses,full_crossing,target_cross_full,toy_key,toy,key,named_shelves,compact,reference_first,reference_first,below,above,up,down,still,still,"The rack's shelves run from bottom through lower, middle, and upper to top. The key remains on the middle shelf. The toy moves from the bottom shelf to the top shelf.","The rack's shelves run from bottom through lower, middle, and upper to top. The key remains on the middle shelf. The toy moves from the top shelf to the bottom shelf.",The key is below the toy.,The key is above the toy.,Target1,Target2,1,5,3,3,5,1,3,3,32,32,6,6
target_cross_full__toy_key__named_shelves__standard__target_first__target_first,1.1,applied,target_crosses,full_crossing,target_cross_full,toy_key,toy,key,named_shelves,standard,target_first,target_first,above,below,up,down,still,still,"In the room, a five-tier rack has bottom, lower, middle, upper, and top shelves, in that vertical order. The toy moves from the bottom shelf to the top shelf. The key remains on the middle shelf.","In the room, a five-tier rack has bottom, lower, middle, upper, and top shelves, in that vertical order. The toy moves from the top shelf to the bottom shelf. The key remains on the middle shelf.",The toy is above the key.,The toy is below the key.,Target1,Target2,1,5,3,3,5,1,3,3,37,37,6,6
target_cross_full__toy_key__named_shelves__standard__target_first__reference_first,1.1,applied,target_crosses,full_crossing,target_cross_full,toy_key,toy,key,named_shelves,standard,target_first,reference_first,below,above,up,down,still,still,"In the room, a five-tier rack has bottom, lower, middle, upper, and top shelves, in that vertical order. The toy moves from the bottom shelf to the top shelf. The key remains on the middle shelf.","In the room, a five-tier rack has bottom, lower, middle, upper, and top shelves, in that vertical order. The toy moves from the top shelf to the bottom shelf. The key remains on the middle shelf.",The key is below the toy.,The key is above the toy.,Target1,Target2,1,5,3,3,5,1,3,3,37,37,6,6
target_cross_full__toy_key__named_shelves__standard__reference_first__target_first,1.1,applied,target_crosses,full_crossing,target_cross_full,toy_key,toy,key,named_shelves,standard,reference_first,target_first,above,below,up,down,still,still,"In the room, a five-tier rack has bottom, lower, middle, upper, and top shelves, in that vertical order. The key remains on the middle shelf. The toy moves from the bottom shelf to the top shelf.","In the room, a five-tier rack has bottom, lower, middle, upper, and top shelves, in that vertical order. The key remains on the middle shelf. The toy moves from the top shelf to the bottom shelf.",The toy is above the key.,The toy is below the key.,Target1,Target2,1,5,3,3,5,1,3,3,37,37,6,6
target_cross_full__toy_key__named_shelves__standard__reference_first__reference_first,1.1,applied,target_crosses,full_crossing,target_cross_full,toy_key,toy,key,named_shelves,standard,reference_first,reference_first,below,above,up,down,still,still,"In the room, a five-tier rack has bottom, lower, middle, upper, and top shelves, in that vertical order. The key remains on the middle shelf. The toy moves from the bottom shelf to the top shelf.","In the room, a five-tier rack has bottom, lower, middle, upper, and top shelves, in that vertical order. The key remains on the middle shelf. The toy moves from the top shelf to the bottom shelf.",The key is below the toy.,The key is above the toy.,Target1,Target2,1,5,3,3,5,1,3,3,37,37,6,6
target_cross_full__toy_key__named_shelves__expanded__target_first__target_first,1.1,applied,target_crosses,full_crossing,target_cross_full,toy_key,toy,key,named_shelves,expanded,target_first,target_first,above,below,up,down,still,still,"In the room, a fixed five-tier rack has bottom, lower, middle, upper, and top shelves, in that vertical order. Each shelf stays at its level throughout the scene. The toy moves from the bottom shelf to the top shelf. The key remains on the middle shelf.","In the room, a fixed five-tier rack has bottom, lower, middle, upper, and top shelves, in that vertical order. Each shelf stays at its level throughout the scene. The toy moves from the top shelf to the bottom shelf. The key remains on the middle shelf.",The toy is above the key.,The toy is below the key.,Target1,Target2,1,5,3,3,5,1,3,3,47,47,6,6
target_cross_full__toy_key__named_shelves__expanded__target_first__reference_first,1.1,applied,target_crosses,full_crossing,target_cross_full,toy_key,toy,key,named_shelves,expanded,target_first,reference_first,below,above,up,down,still,still,"In the room, a fixed five-tier rack has bottom, lower, middle, upper, and top shelves, in that vertical order. Each shelf stays at its level throughout the scene. The toy moves from the bottom shelf to the top shelf. The key remains on the middle shelf.","In the room, a fixed five-tier rack has bottom, lower, middle, upper, and top shelves, in that vertical order. Each shelf stays at its level throughout the scene. The toy moves from the top shelf to the bottom shelf. The key remains on the middle shelf.",The key is below the toy.,The key is above the toy.,Target1,Target2,1,5,3,3,5,1,3,3,47,47,6,6
target_cross_full__toy_key__named_shelves__expanded__reference_first__target_first,1.1,applied,target_crosses,full_crossing,target_cross_full,toy_key,toy,key,named_shelves,expanded,reference_first,target_first,above,below,up,down,still,still,"In the room, a fixed five-tier rack has bottom, lower, middle, upper, and top shelves, in that vertical order. Each shelf stays at its level throughout the scene. The key remains on the middle shelf. The toy moves from the bottom shelf to the top shelf.","In the room, a fixed five-tier rack has bottom, lower, middle, upper, and top shelves, in that vertical order. Each shelf stays at its level throughout the scene. The key remains on the middle shelf. The toy moves from the top shelf to the bottom shelf.",The toy is above the key.,The toy is below the key.,Target1,Target2,1,5,3,3,5,1,3,3,47,47,6,6
target_cross_full__toy_key__named_shelves__expanded__reference_first__reference_first,1.1,applied,target_crosses,full_crossing,target_cross_full,toy_key,toy,key,named_shelves,expanded,reference_first,reference_first,below,above,up,down,still,still,"In the room, a fixed five-tier rack has bottom, lower, middle, upper, and top shelves, in that vertical order. Each shelf stays at its level throughout the scene. The key remains on the middle shelf. The toy moves from the bottom shelf to the top shelf.","In the room, a fixed five-tier rack has bottom, lower, middle, upper, and top shelves, in that vertical order. Each shelf stays at its level throughout the scene. The key remains on the middle shelf. The toy moves from the top shelf to the bottom shelf.",The key is below the toy.,The key is above the toy.,Target1,Target2,1,5,3,3,5,1,3,3,47,47,6,6
target_cross_full__toy_key__measured_height__compact__target_first__target_first,1.1,applied,target_crosses,full_crossing,target_cross_full,toy_key,toy,key,measured_height,compact,target_first,target_first,above,below,up,down,still,still,"Heights are measured from the floor. The toy moves from a height of 1 foot to a height of 5 feet, measured from the floor. The key remains at a height of 3 feet from the floor.","Heights are measured from the floor. The toy moves from a height of 5 feet to a height of 1 foot, measured from the floor. The key remains at a height of 3 feet from the floor.",The toy is above the key.,The toy is below the key.,Target1,Target2,1,5,3,3,5,1,3,3,37,37,6,6
target_cross_full__toy_key__measured_height__compact__target_first__reference_first,1.1,applied,target_crosses,full_crossing,target_cross_full,toy_key,toy,key,measured_height,compact,target_first,reference_first,below,above,up,down,still,still,"Heights are measured from the floor. The toy moves from a height of 1 foot to a height of 5 feet, measured from the floor. The key remains at a height of 3 feet from the floor.","Heights are measured from the floor. The toy moves from a height of 5 feet to a height of 1 foot, measured from the floor. The key remains at a height of 3 feet from the floor.",The key is below the toy.,The key is above the toy.,Target1,Target2,1,5,3,3,5,1,3,3,37,37,6,6
target_cross_full__toy_key__measured_height__compact__reference_first__target_first,1.1,applied,target_crosses,full_crossing,target_cross_full,toy_key,toy,key,measured_height,compact,reference_first,target_first,above,below,up,down,still,still,"Heights are measured from the floor. The key remains at a height of 3 feet from the floor. The toy moves from a height of 1 foot to a height of 5 feet, measured from the floor.","Heights are measured from the floor. The key remains at a height of 3 feet from the floor. The toy moves from a height of 5 feet to a height of 1 foot, measured from the floor.",The toy is above the key.,The toy is below the key.,Target1,Target2,1,5,3,3,5,1,3,3,37,37,6,6
target_cross_full__toy_key__measured_height__compact__reference_first__reference_first,1.1,applied,target_crosses,full_crossing,target_cross_full,toy_key,toy,key,measured_height,compact,reference_first,reference_first,below,above,up,down,still,still,"Heights are measured from the floor. The key remains at a height of 3 feet from the floor. The toy moves from a height of 1 foot to a height of 5 feet, measured from the floor.","Heights are measured from the floor. The key remains at a height of 3 feet from the floor. The toy moves from a height of 5 feet to a height of 1 foot, measured from the floor.",The key is below the toy.,The key is above the toy.,Target1,Target2,1,5,3,3,5,1,3,3,37,37,6,6
target_cross_full__toy_key__measured_height__standard__target_first__target_first,1.1,applied,target_crosses,full_crossing,target_cross_full,toy_key,toy,key,measured_height,standard,target_first,target_first,above,below,up,down,still,still,"In the room, the heights of both objects are measured from the same floor. The toy moves from a height of 1 foot to a height of 5 feet, measured from the floor. The key remains at a height of 3 feet from the floor.","In the room, the heights of both objects are measured from the same floor. The toy moves from a height of 5 feet to a height of 1 foot, measured from the floor. The key remains at a height of 3 feet from the floor.",The toy is above the key.,The toy is below the key.,Target1,Target2,1,5,3,3,5,1,3,3,45,45,6,6
target_cross_full__toy_key__measured_height__standard__target_first__reference_first,1.1,applied,target_crosses,full_crossing,target_cross_full,toy_key,toy,key,measured_height,standard,target_first,reference_first,below,above,up,down,still,still,"In the room, the heights of both objects are measured from the same floor. The toy moves from a height of 1 foot to a height of 5 feet, measured from the floor. The key remains at a height of 3 feet from the floor.","In the room, the heights of both objects are measured from the same floor. The toy moves from a height of 5 feet to a height of 1 foot, measured from the floor. The key remains at a height of 3 feet from the floor.",The key is below the toy.,The key is above the toy.,Target1,Target2,1,5,3,3,5,1,3,3,45,45,6,6
target_cross_full__toy_key__measured_height__standard__reference_first__target_first,1.1,applied,target_crosses,full_crossing,target_cross_full,toy_key,toy,key,measured_height,standard,reference_first,target_first,above,below,up,down,still,still,"In the room, the heights of both objects are measured from the same floor. The key remains at a height of 3 feet from the floor. The toy moves from a height of 1 foot to a height of 5 feet, measured from the floor.","In the room, the heights of both objects are measured from the same floor. The key remains at a height of 3 feet from the floor. The toy moves from a height of 5 feet to a height of 1 foot, measured from the floor.",The toy is above the key.,The toy is below the key.,Target1,Target2,1,5,3,3,5,1,3,3,45,45,6,6
target_cross_full__toy_key__measured_height__standard__reference_first__reference_first,1.1,applied,target_crosses,full_crossing,target_cross_full,toy_key,toy,key,measured_height,standard,reference_first,reference_first,below,above,up,down,still,still,"In the room, the heights of both objects are measured from the same floor. The key remains at a height of 3 feet from the floor. The toy moves from a height of 1 foot to a height of 5 feet, measured from the floor.","In the room, the heights of both objects are measured from the same floor. The key remains at a height of 3 feet from the floor. The toy moves from a height of 5 feet to a height of 1 foot, measured from the floor.",The key is below the toy.,The key is above the toy.,Target1,Target2,1,5,3,3,5,1,3,3,45,45,6,6
target_cross_full__toy_key__measured_height__expanded__target_first__target_first,1.1,applied,target_crosses,full_crossing,target_cross_full,toy_key,toy,key,measured_height,expanded,target_first,target_first,above,below,up,down,still,still,"In the room, the heights of both objects are measured from the same level floor. The floor stays fixed while the objects move or remain still. The toy moves from a height of 1 foot to a height of 5 feet, measured from the floor. The key remains at a height of 3 feet from the floor.","In the room, the heights of both objects are measured from the same level floor. The floor stays fixed while the objects move or remain still. The toy moves from a height of 5 feet to a height of 1 foot, measured from the floor. The key remains at a height of 3 feet from the floor.",The toy is above the key.,The toy is below the key.,Target1,Target2,1,5,3,3,5,1,3,3,57,57,6,6
target_cross_full__toy_key__measured_height__expanded__target_first__reference_first,1.1,applied,target_crosses,full_crossing,target_cross_full,toy_key,toy,key,measured_height,expanded,target_first,reference_first,below,above,up,down,still,still,"In the room, the heights of both objects are measured from the same level floor. The floor stays fixed while the objects move or remain still. The toy moves from a height of 1 foot to a height of 5 feet, measured from the floor. The key remains at a height of 3 feet from the floor.","In the room, the heights of both objects are measured from the same level floor. The floor stays fixed while the objects move or remain still. The toy moves from a height of 5 feet to a height of 1 foot, measured from the floor. The key remains at a height of 3 feet from the floor.",The key is below the toy.,The key is above the toy.,Target1,Target2,1,5,3,3,5,1,3,3,57,57,6,6
target_cross_full__toy_key__measured_height__expanded__reference_first__target_first,1.1,applied,target_crosses,full_crossing,target_cross_full,toy_key,toy,key,measured_height,expanded,reference_first,target_first,above,below,up,down,still,still,"In the room, the heights of both objects are measured from the same level floor. The floor stays fixed while the objects move or remain still. The key remains at a height of 3 feet from the floor. The toy moves from a height of 1 foot to a height of 5 feet, measured from the floor.","In the room, the heights of both objects are measured from the same level floor. The floor stays fixed while the objects move or remain still. The key remains at a height of 3 feet from the floor. The toy moves from a height of 5 feet to a height of 1 foot, measured from the floor.",The toy is above the key.,The toy is below the key.,Target1,Target2,1,5,3,3,5,1,3,3,57,57,6,6
target_cross_full__toy_key__measured_height__expanded__reference_first__reference_first,1.1,applied,target_crosses,full_crossing,target_cross_full,toy_key,toy,key,measured_height,expanded,reference_first,reference_first,below,above,up,down,still,still,"In the room, the heights of both objects are measured from the same level floor. The floor stays fixed while the objects move or remain still. The key remains at a height of 3 feet from the floor. The toy moves from a height of 1 foot to a height of 5 feet, measured from the floor.","In the room, the heights of both objects are measured from the same level floor. The floor stays fixed while the objects move or remain still. The key remains at a height of 3 feet from the floor. The toy moves from a height of 5 feet to a height of 1 foot, measured from the floor.",The key is below the toy.,The key is above the toy.,Target1,Target2,1,5,3,3,5,1,3,3,57,57,6,6
target_cross_inner__ball_cone__named_shelves__compact__target_first__target_first,1.1,applied,target_crosses,inner_crossing,target_cross_inner,ball_cone,ball,cone,named_shelves,compact,target_first,target_first,above,below,up,down,still,still,"The rack's shelves run from bottom through lower, middle, and upper to top. The ball moves from the lower shelf to the upper shelf. The cone remains on the middle shelf.","The rack's shelves run from bottom through lower, middle, and upper to top. The ball moves from the upper shelf to the lower shelf. The cone remains on the middle shelf.",The ball is above the cone.,The ball is below the cone.,Target1,Target2,2,4,3,3,4,2,3,3,32,32,6,6
target_cross_inner__ball_cone__named_shelves__compact__target_first__reference_first,1.1,applied,target_crosses,inner_crossing,target_cross_inner,ball_cone,ball,cone,named_shelves,compact,target_first,reference_first,below,above,up,down,still,still,"The rack's shelves run from bottom through lower, middle, and upper to top. The ball moves from the lower shelf to the upper shelf. The cone remains on the middle shelf.","The rack's shelves run from bottom through lower, middle, and upper to top. The ball moves from the upper shelf to the lower shelf. The cone remains on the middle shelf.",The cone is below the ball.,The cone is above the ball.,Target1,Target2,2,4,3,3,4,2,3,3,32,32,6,6
target_cross_inner__ball_cone__named_shelves__compact__reference_first__target_first,1.1,applied,target_crosses,inner_crossing,target_cross_inner,ball_cone,ball,cone,named_shelves,compact,reference_first,target_first,above,below,up,down,still,still,"The rack's shelves run from bottom through lower, middle, and upper to top. The cone remains on the middle shelf. The ball moves from the lower shelf to the upper shelf.","The rack's shelves run from bottom through lower, middle, and upper to top. The cone remains on the middle shelf. The ball moves from the upper shelf to the lower shelf.",The ball is above the cone.,The ball is below the cone.,Target1,Target2,2,4,3,3,4,2,3,3,32,32,6,6
target_cross_inner__ball_cone__named_shelves__compact__reference_first__reference_first,1.1,applied,target_crosses,inner_crossing,target_cross_inner,ball_cone,ball,cone,named_shelves,compact,reference_first,reference_first,below,above,up,down,still,still,"The rack's shelves run from bottom through lower, middle, and upper to top. The cone remains on the middle shelf. The ball moves from the lower shelf to the upper shelf.","The rack's shelves run from bottom through lower, middle, and upper to top. The cone remains on the middle shelf. The ball moves from the upper shelf to the lower shelf.",The cone is below the ball.,The cone is above the ball.,Target1,Target2,2,4,3,3,4,2,3,3,32,32,6,6
target_cross_inner__ball_cone__named_shelves__standard__target_first__target_first,1.1,applied,target_crosses,inner_crossing,target_cross_inner,ball_cone,ball,cone,named_shelves,standard,target_first,target_first,above,below,up,down,still,still,"In the room, a five-tier rack has bottom, lower, middle, upper, and top shelves, in that vertical order. The ball moves from the lower shelf to the upper shelf. The cone remains on the middle shelf.","In the room, a five-tier rack has bottom, lower, middle, upper, and top shelves, in that vertical order. The ball moves from the upper shelf to the lower shelf. The cone remains on the middle shelf.",The ball is above the cone.,The ball is below the cone.,Target1,Target2,2,4,3,3,4,2,3,3,37,37,6,6
target_cross_inner__ball_cone__named_shelves__standard__target_first__reference_first,1.1,applied,target_crosses,inner_crossing,target_cross_inner,ball_cone,ball,cone,named_shelves,standard,target_first,reference_first,below,above,up,down,still,still,"In the room, a five-tier rack has bottom, lower, middle, upper, and top shelves, in that vertical order. The ball moves from the lower shelf to the upper shelf. The cone remains on the middle shelf.","In the room, a five-tier rack has bottom, lower, middle, upper, and top shelves, in that vertical order. The ball moves from the upper shelf to the lower shelf. The cone remains on the middle shelf.",The cone is below the ball.,The cone is above the ball.,Target1,Target2,2,4,3,3,4,2,3,3,37,37,6,6
target_cross_inner__ball_cone__named_shelves__standard__reference_first__target_first,1.1,applied,target_crosses,inner_crossing,target_cross_inner,ball_cone,ball,cone,named_shelves,standard,reference_first,target_first,above,below,up,down,still,still,"In the room, a five-tier rack has bottom, lower, middle, upper, and top shelves, in that vertical order. The cone remains on the middle shelf. The ball moves from the lower shelf to the upper shelf.","In the room, a five-tier rack has bottom, lower, middle, upper, and top shelves, in that vertical order. The cone remains on the middle shelf. The ball moves from the upper shelf to the lower shelf.",The ball is above the cone.,The ball is below the cone.,Target1,Target2,2,4,3,3,4,2,3,3,37,37,6,6
target_cross_inner__ball_cone__named_shelves__standard__reference_first__reference_first,1.1,applied,target_crosses,inner_crossing,target_cross_inner,ball_cone,ball,cone,named_shelves,standard,reference_first,reference_first,below,above,up,down,still,still,"In the room, a five-tier rack has bottom, lower, middle, upper, and top shelves, in that vertical order. The cone remains on the middle shelf. The ball moves from the lower shelf to the upper shelf.","In the room, a five-tier rack has bottom, lower, middle, upper, and top shelves, in that vertical order. The cone remains on the middle shelf. The ball moves from the upper shelf to the lower shelf.",The cone is below the ball.,The cone is above the ball.,Target1,Target2,2,4,3,3,4,2,3,3,37,37,6,6
target_cross_inner__ball_cone__named_shelves__expanded__target_first__target_first,1.1,applied,target_crosses,inner_crossing,target_cross_inner,ball_cone,ball,cone,named_shelves,expanded,target_first,target_first,above,below,up,down,still,still,"In the room, a fixed five-tier rack has bottom, lower, middle, upper, and top shelves, in that vertical order. Each shelf stays at its level throughout the scene. The ball moves from the lower shelf to the upper shelf. The cone remains on the middle shelf.","In the room, a fixed five-tier rack has bottom, lower, middle, upper, and top shelves, in that vertical order. Each shelf stays at its level throughout the scene. The ball moves from the upper shelf to the lower shelf. The cone remains on the middle shelf.",The ball is above the cone.,The ball is below the cone.,Target1,Target2,2,4,3,3,4,2,3,3,47,47,6,6
target_cross_inner__ball_cone__named_shelves__expanded__target_first__reference_first,1.1,applied,target_crosses,inner_crossing,target_cross_inner,ball_cone,ball,cone,named_shelves,expanded,target_first,reference_first,below,above,up,down,still,still,"In the room, a fixed five-tier rack has bottom, lower, middle, upper, and top shelves, in that vertical order. Each shelf stays at its level throughout the scene. The ball moves from the lower shelf to the upper shelf. The cone remains on the middle shelf.","In the room, a fixed five-tier rack has bottom, lower, middle, upper, and top shelves, in that vertical order. Each shelf stays at its level throughout the scene. The ball moves from the upper shelf to the lower shelf. The cone remains on the middle shelf.",The cone is below the ball.,The cone is above the ball.,Target1,Target2,2,4,3,3,4,2,3,3,47,47,6,6
target_cross_inner__ball_cone__named_shelves__expanded__reference_first__target_first,1.1,applied,target_crosses,inner_crossing,target_cross_inner,ball_cone,ball,cone,named_shelves,expanded,reference_first,target_first,above,below,up,down,still,still,"In the room, a fixed five-tier rack has bottom, lower, middle, upper, and top shelves, in that vertical order. Each shelf stays at its level throughout the scene. The cone remains on the middle shelf. The ball moves from the lower shelf to the upper shelf.","In the room, a fixed five-tier rack has bottom, lower, middle, upper, and top shelves, in that vertical order. Each shelf stays at its level throughout the scene. The cone remains on the middle shelf. The ball moves from the upper shelf to the lower shelf.",The ball is above the cone.,The ball is below the cone.,Target1,Target2,2,4,3,3,4,2,3,3,47,47,6,6
target_cross_inner__ball_cone__named_shelves__expanded__reference_first__reference_first,1.1,applied,target_crosses,inner_crossing,target_cross_inner,ball_cone,ball,cone,named_shelves,expanded,reference_first,reference_first,below,above,up,down,still,still,"In the room, a fixed five-tier rack has bottom, lower, middle, upper, and top shelves, in that vertical order. Each shelf stays at its level throughout the scene. The cone remains on the middle shelf. The ball moves from the lower shelf to the upper shelf.","In the room, a fixed five-tier rack has bottom, lower, middle, upper, and top shelves, in that vertical order. Each shelf stays at its level throughout the scene. The cone remains on the middle shelf. The ball moves from the upper shelf to the lower shelf.",The cone is below the ball.,The cone is above the ball.,Target1,Target2,2,4,3,3,4,2,3,3,47,47,6,6
target_cross_inner__ball_cone__measured_height__compact__target_first__target_first,1.1,applied,target_crosses,inner_crossing,target_cross_inner,ball_cone,ball,cone,measured_height,compact,target_first,target_first,above,below,up,down,still,still,"Heights are measured from the floor. The ball moves from a height of 2 feet to a height of 4 feet, measured from the floor. The cone remains at a height of 3 feet from the floor.","Heights are measured from the floor. The ball moves from a height of 4 feet to a height of 2 feet, measured from the floor. The cone remains at a height of 3 feet from the floor.",The ball is above the cone.,The ball is below the cone.,Target1,Target2,2,4,3,3,4,2,3,3,37,37,6,6
target_cross_inner__ball_cone__measured_height__compact__target_first__reference_first,1.1,applied,target_crosses,inner_crossing,target_cross_inner,ball_cone,ball,cone,measured_height,compact,target_first,reference_first,below,above,up,down,still,still,"Heights are measured from the floor. The ball moves from a height of 2 feet to a height of 4 feet, measured from the floor. The cone remains at a height of 3 feet from the floor.","Heights are measured from the floor. The ball moves from a height of 4 feet to a height of 2 feet, measured from the floor. The cone remains at a height of 3 feet from the floor.",The cone is below the ball.,The cone is above the ball.,Target1,Target2,2,4,3,3,4,2,3,3,37,37,6,6
target_cross_inner__ball_cone__measured_height__compact__reference_first__target_first,1.1,applied,target_crosses,inner_crossing,target_cross_inner,ball_cone,ball,cone,measured_height,compact,reference_first,target_first,above,below,up,down,still,still,"Heights are measured from the floor. The cone remains at a height of 3 feet from the floor. The ball moves from a height of 2 feet to a height of 4 feet, measured from the floor.","Heights are measured from the floor. The cone remains at a height of 3 feet from the floor. The ball moves from a height of 4 feet to a height of 2 feet, measured from the floor.",The ball is above the cone.,The ball is below the cone.,Target1,Target2,2,4,3,3,4,2,3,3,37,37,6,6
target_cross_inner__ball_cone__measured_height__compact__reference_first__reference_first,1.1,applied,target_crosses,inner_crossing,target_cross_inner,ball_cone,ball,cone,measured_height,compact,reference_first,reference_first,below,above,up,down,still,still,"Heights are measured from the floor. The cone remains at a height of 3 feet from the floor. The ball moves from a height of 2 feet to a height of 4 feet, measured from the floor.","Heights are measured from the floor. The cone remains at a height of 3 feet from the floor. The ball moves from a height of 4 feet to a height of 2 feet, measured from the floor.",The cone is below the ball.,The cone is above the ball.,Target1,Target2,2,4,3,3,4,2,3,3,37,37,6,6
target_cross_inner__ball_cone__measured_height__standard__target_first__target_first,1.1,applied,target_crosses,inner_crossing,target_cross_inner,ball_cone,ball,cone,measured_height,standard,target_first,target_first,above,below,up,down,still,still,"In the room, the heights of both objects are measured from the same floor. The ball moves from a height of 2 feet to a height of 4 feet, measured from the floor. The cone remains at a height of 3 feet from the floor.","In the room, the heights of both objects are measured from the same floor. The ball moves from a height of 4 feet to a height of 2 feet, measured from the floor. The cone remains at a height of 3 feet from the floor.",The ball is above the cone.,The ball is below the cone.,Target1,Target2,2,4,3,3,4,2,3,3,45,45,6,6
target_cross_inner__ball_cone__measured_height__standard__target_first__reference_first,1.1,applied,target_crosses,inner_crossing,target_cross_inner,ball_cone,ball,cone,measured_height,standard,target_first,reference_first,below,above,up,down,still,still,"In the room, the heights of both objects are measured from the same floor. The ball moves from a height of 2 feet to a height of 4 feet, measured from the floor. The cone remains at a height of 3 feet from the floor.","In the room, the heights of both objects are measured from the same floor. The ball moves from a height of 4 feet to a height of 2 feet, measured from the floor. The cone remains at a height of 3 feet from the floor.",The cone is below the ball.,The cone is above the ball.,Target1,Target2,2,4,3,3,4,2,3,3,45,45,6,6
target_cross_inner__ball_cone__measured_height__standard__reference_first__target_first,1.1,applied,target_crosses,inner_crossing,target_cross_inner,ball_cone,ball,cone,measured_height,standard,reference_first,target_first,above,below,up,down,still,still,"In the room, the heights of both objects are measured from the same floor. The cone remains at a height of 3 feet from the floor. The ball moves from a height of 2 feet to a height of 4 feet, measured from the floor.","In the room, the heights of both objects are measured from the same floor. The cone remains at a height of 3 feet from the floor. The ball moves from a height of 4 feet to a height of 2 feet, measured from the floor.",The ball is above the cone.,The ball is below the cone.,Target1,Target2,2,4,3,3,4,2,3,3,45,45,6,6
target_cross_inner__ball_cone__measured_height__standard__reference_first__reference_first,1.1,applied,target_crosses,inner_crossing,target_cross_inner,ball_cone,ball,cone,measured_height,standard,reference_first,reference_first,below,above,up,down,still,still,"In the room, the heights of both objects are measured from the same floor. The cone remains at a height of 3 feet from the floor. The ball moves from a height of 2 feet to a height of 4 feet, measured from the floor.","In the room, the heights of both objects are measured from the same floor. The cone remains at a height of 3 feet from the floor. The ball moves from a height of 4 feet to a height of 2 feet, measured from the floor.",The cone is below the ball.,The cone is above the ball.,Target1,Target2,2,4,3,3,4,2,3,3,45,45,6,6
target_cross_inner__ball_cone__measured_height__expanded__target_first__target_first,1.1,applied,target_crosses,inner_crossing,target_cross_inner,ball_cone,ball,cone,measured_height,expanded,target_first,target_first,above,below,up,down,still,still,"In the room, the heights of both objects are measured from the same level floor. The floor stays fixed while the objects move or remain still. The ball moves from a height of 2 feet to a height of 4 feet, measured from the floor. The cone remains at a height of 3 feet from the floor.","In the room, the heights of both objects are measured from the same level floor. The floor stays fixed while the objects move or remain still. The ball moves from a height of 4 feet to a height of 2 feet, measured from the floor. The cone remains at a height of 3 feet from the floor.",The ball is above the cone.,The ball is below the cone.,Target1,Target2,2,4,3,3,4,2,3,3,57,57,6,6
target_cross_inner__ball_cone__measured_height__expanded__target_first__reference_first,1.1,applied,target_crosses,inner_crossing,target_cross_inner,ball_cone,ball,cone,measured_height,expanded,target_first,reference_first,below,above,up,down,still,still,"In the room, the heights of both objects are measured from the same level floor. The floor stays fixed while the objects move or remain still. The ball moves from a height of 2 feet to a height of 4 feet, measured from the floor. The cone remains at a height of 3 feet from the floor.","In the room, the heights of both objects are measured from the same level floor. The floor stays fixed while the objects move or remain still. The ball moves from a height of 4 feet to a height of 2 feet, measured from the floor. The cone remains at a height of 3 feet from the floor.",The cone is below the ball.,The cone is above the ball.,Target1,Target2,2,4,3,3,4,2,3,3,57,57,6,6
target_cross_inner__ball_cone__measured_height__expanded__reference_first__target_first,1.1,applied,target_crosses,inner_crossing,target_cross_inner,ball_cone,ball,cone,measured_height,expanded,reference_first,target_first,above,below,up,down,still,still,"In the room, the heights of both objects are measured from the same level floor. The floor stays fixed while the objects move or remain still. The cone remains at a height of 3 feet from the floor. The ball moves from a height of 2 feet to a height of 4 feet, measured from the floor.","In the room, the heights of both objects are measured from the same level floor. The floor stays fixed while the objects move or remain still. The cone remains at a height of 3 feet from the floor. The ball moves from a height of 4 feet to a height of 2 feet, measured from the floor.",The ball is above the cone.,The ball is below the cone.,Target1,Target2,2,4,3,3,4,2,3,3,57,57,6,6
target_cross_inner__ball_cone__measured_height__expanded__reference_first__reference_first,1.1,applied,target_crosses,inner_crossing,target_cross_inner,ball_cone,ball,cone,measured_height,expanded,reference_first,reference_first,below,above,up,down,still,still,"In the room, the heights of both objects are measured from the same level floor. The floor stays fixed while the objects move or remain still. The cone remains at a height of 3 feet from the floor. The ball moves from a height of 2 feet to a height of 4 feet, measured from the floor.","In the room, the heights of both objects are measured from the same level floor. The floor stays fixed while the objects move or remain still. The cone remains at a height of 3 feet from the floor. The ball moves from a height of 4 feet to a height of 2 feet, measured from the floor.",The cone is below the ball.,The cone is above the ball.,Target1,Target2,2,4,3,3,4,2,3,3,57,57,6,6
target_cross_inner__cup_box__named_shelves__compact__target_first__target_first,1.1,applied,target_crosses,inner_crossing,target_cross_inner,cup_box,cup,box,named_shelves,compact,target_first,target_first,above,below,up,down,still,still,"The rack's shelves run from bottom through lower, middle, and upper to top. The cup moves from the lower shelf to the upper shelf. The box remains on the middle shelf.","The rack's shelves run from bottom through lower, middle, and upper to top. The cup moves from the upper shelf to the lower shelf. The box remains on the middle shelf.",The cup is above the box.,The cup is below the box.,Target1,Target2,2,4,3,3,4,2,3,3,32,32,6,6
target_cross_inner__cup_box__named_shelves__compact__target_first__reference_first,1.1,applied,target_crosses,inner_crossing,target_cross_inner,cup_box,cup,box,named_shelves,compact,target_first,reference_first,below,above,up,down,still,still,"The rack's shelves run from bottom through lower, middle, and upper to top. The cup moves from the lower shelf to the upper shelf. The box remains on the middle shelf.","The rack's shelves run from bottom through lower, middle, and upper to top. The cup moves from the upper shelf to the lower shelf. The box remains on the middle shelf.",The box is below the cup.,The box is above the cup.,Target1,Target2,2,4,3,3,4,2,3,3,32,32,6,6
target_cross_inner__cup_box__named_shelves__compact__reference_first__target_first,1.1,applied,target_crosses,inner_crossing,target_cross_inner,cup_box,cup,box,named_shelves,compact,reference_first,target_first,above,below,up,down,still,still,"The rack's shelves run from bottom through lower, middle, and upper to top. The box remains on the middle shelf. The cup moves from the lower shelf to the upper shelf.","The rack's shelves run from bottom through lower, middle, and upper to top. The box remains on the middle shelf. The cup moves from the upper shelf to the lower shelf.",The cup is above the box.,The cup is below the box.,Target1,Target2,2,4,3,3,4,2,3,3,32,32,6,6
target_cross_inner__cup_box__named_shelves__compact__reference_first__reference_first,1.1,applied,target_crosses,inner_crossing,target_cross_inner,cup_box,cup,box,named_shelves,compact,reference_first,reference_first,below,above,up,down,still,still,"The rack's shelves run from bottom through lower, middle, and upper to top. The box remains on the middle shelf. The cup moves from the lower shelf to the upper shelf.","The rack's shelves run from bottom through lower, middle, and upper to top. The box remains on the middle shelf. The cup moves from the upper shelf to the lower shelf.",The box is below the cup.,The box is above the cup.,Target1,Target2,2,4,3,3,4,2,3,3,32,32,6,6
target_cross_inner__cup_box__named_shelves__standard__target_first__target_first,1.1,applied,target_crosses,inner_crossing,target_cross_inner,cup_box,cup,box,named_shelves,standard,target_first,target_first,above,below,up,down,still,still,"In the room, a five-tier rack has bottom, lower, middle, upper, and top shelves, in that vertical order. The cup moves from the lower shelf to the upper shelf. The box remains on the middle shelf.","In the room, a five-tier rack has bottom, lower, middle, upper, and top shelves, in that vertical order. The cup moves from the upper shelf to the lower shelf. The box remains on the middle shelf.",The cup is above the box.,The cup is below the box.,Target1,Target2,2,4,3,3,4,2,3,3,37,37,6,6
target_cross_inner__cup_box__named_shelves__standard__target_first__reference_first,1.1,applied,target_crosses,inner_crossing,target_cross_inner,cup_box,cup,box,named_shelves,standard,target_first,reference_first,below,above,up,down,still,still,"In the room, a five-tier rack has bottom, lower, middle, upper, and top shelves, in that vertical order. The cup moves from the lower shelf to the upper shelf. The box remains on the middle shelf.","In the room, a five-tier rack has bottom, lower, middle, upper, and top shelves, in that vertical order. The cup moves from the upper shelf to the lower shelf. The box remains on the middle shelf.",The box is below the cup.,The box is above the cup.,Target1,Target2,2,4,3,3,4,2,3,3,37,37,6,6
target_cross_inner__cup_box__named_shelves__standard__reference_first__target_first,1.1,applied,target_crosses,inner_crossing,target_cross_inner,cup_box,cup,box,named_shelves,standard,reference_first,target_first,above,below,up,down,still,still,"In the room, a five-tier rack has bottom, lower, middle, upper, and top shelves, in that vertical order. The box remains on the middle shelf. The cup moves from the lower shelf to the upper shelf.","In the room, a five-tier rack has bottom, lower, middle, upper, and top shelves, in that vertical order. The box remains on the middle shelf. The cup moves from the upper shelf to the lower shelf.",The cup is above the box.,The cup is below the box.,Target1,Target2,2,4,3,3,4,2,3,3,37,37,6,6
target_cross_inner__cup_box__named_shelves__standard__reference_first__reference_first,1.1,applied,target_crosses,inner_crossing,target_cross_inner,cup_box,cup,box,named_shelves,standard,reference_first,reference_first,below,above,up,down,still,still,"In the room, a five-tier rack has bottom, lower, middle, upper, and top shelves, in that vertical order. The box remains on the middle shelf. The cup moves from the lower shelf to the upper shelf.","In the room, a five-tier rack has bottom, lower, middle, upper, and top shelves, in that vertical order. The box remains on the middle shelf. The cup moves from the upper shelf to the lower shelf.",The box is below the cup.,The box is above the cup.,Target1,Target2,2,4,3,3,4,2,3,3,37,37,6,6
target_cross_inner__cup_box__named_shelves__expanded__target_first__target_first,1.1,applied,target_crosses,inner_crossing,target_cross_inner,cup_box,cup,box,named_shelves,expanded,target_first,target_first,above,below,up,down,still,still,"In the room, a fixed five-tier rack has bottom, lower, middle, upper, and top shelves, in that vertical order. Each shelf stays at its level throughout the scene. The cup moves from the lower shelf to the upper shelf. The box remains on the middle shelf.","In the room, a fixed five-tier rack has bottom, lower, middle, upper, and top shelves, in that vertical order. Each shelf stays at its level throughout the scene. The cup moves from the upper shelf to the lower shelf. The box remains on the middle shelf.",The cup is above the box.,The cup is below the box.,Target1,Target2,2,4,3,3,4,2,3,3,47,47,6,6
target_cross_inner__cup_box__named_shelves__expanded__target_first__reference_first,1.1,applied,target_crosses,inner_crossing,target_cross_inner,cup_box,cup,box,named_shelves,expanded,target_first,reference_first,below,above,up,down,still,still,"In the room, a fixed five-tier rack has bottom, lower, middle, upper, and top shelves, in that vertical order. Each shelf stays at its level throughout the scene. The cup moves from the lower shelf to the upper shelf. The box remains on the middle shelf.","In the room, a fixed five-tier rack has bottom, lower, middle, upper, and top shelves, in that vertical order. Each shelf stays at its level throughout the scene. The cup moves from the upper shelf to the lower shelf. The box remains on the middle shelf.",The box is below the cup.,The box is above the cup.,Target1,Target2,2,4,3,3,4,2,3,3,47,47,6,6
target_cross_inner__cup_box__named_shelves__expanded__reference_first__target_first,1.1,applied,target_crosses,inner_crossing,target_cross_inner,cup_box,cup,box,named_shelves,expanded,reference_first,target_first,above,below,up,down,still,still,"In the room, a fixed five-tier rack has bottom, lower, middle, upper, and top shelves, in that vertical order. Each shelf stays at its level throughout the scene. The box remains on the middle shelf. The cup moves from the lower shelf to the upper shelf.","In the room, a fixed five-tier rack has bottom, lower, middle, upper, and top shelves, in that vertical order. Each shelf stays at its level throughout the scene. The box remains on the middle shelf. The cup moves from the upper shelf to the lower shelf.",The cup is above the box.,The cup is below the box.,Target1,Target2,2,4,3,3,4,2,3,3,47,47,6,6
target_cross_inner__cup_box__named_shelves__expanded__reference_first__reference_first,1.1,applied,target_crosses,inner_crossing,target_cross_inner,cup_box,cup,box,named_shelves,expanded,reference_first,reference_first,below,above,up,down,still,still,"In the room, a fixed five-tier rack has bottom, lower, middle, upper, and top shelves, in that vertical order. Each shelf stays at its level throughout the scene. The box remains on the middle shelf. The cup moves from the lower shelf to the upper shelf.","In the room, a fixed five-tier rack has bottom, lower, middle, upper, and top shelves, in that vertical order. Each shelf stays at its level throughout the scene. The box remains on the middle shelf. The cup moves from the upper shelf to the lower shelf.",The box is below the cup.,The box is above the cup.,Target1,Target2,2,4,3,3,4,2,3,3,47,47,6,6
target_cross_inner__cup_box__measured_height__compact__target_first__target_first,1.1,applied,target_crosses,inner_crossing,target_cross_inner,cup_box,cup,box,measured_height,compact,target_first,target_first,above,below,up,down,still,still,"Heights are measured from the floor. The cup moves from a height of 2 feet to a height of 4 feet, measured from the floor. The box remains at a height of 3 feet from the floor.","Heights are measured from the floor. The cup moves from a height of 4 feet to a height of 2 feet, measured from the floor. The box remains at a height of 3 feet from the floor.",The cup is above the box.,The cup is below the box.,Target1,Target2,2,4,3,3,4,2,3,3,37,37,6,6
target_cross_inner__cup_box__measured_height__compact__target_first__reference_first,1.1,applied,target_crosses,inner_crossing,target_cross_inner,cup_box,cup,box,measured_height,compact,target_first,reference_first,below,above,up,down,still,still,"Heights are measured from the floor. The cup moves from a height of 2 feet to a height of 4 feet, measured from the floor. The box remains at a height of 3 feet from the floor.","Heights are measured from the floor. The cup moves from a height of 4 feet to a height of 2 feet, measured from the floor. The box remains at a height of 3 feet from the floor.",The box is below the cup.,The box is above the cup.,Target1,Target2,2,4,3,3,4,2,3,3,37,37,6,6
target_cross_inner__cup_box__measured_height__compact__reference_first__target_first,1.1,applied,target_crosses,inner_crossing,target_cross_inner,cup_box,cup,box,measured_height,compact,reference_first,target_first,above,below,up,down,still,still,"Heights are measured from the floor. The box remains at a height of 3 feet from the floor. The cup moves from a height of 2 feet to a height of 4 feet, measured from the floor.","Heights are measured from the floor. The box remains at a height of 3 feet from the floor. The cup moves from a height of 4 feet to a height of 2 feet, measured from the floor.",The cup is above the box.,The cup is below the box.,Target1,Target2,2,4,3,3,4,2,3,3,37,37,6,6
target_cross_inner__cup_box__measured_height__compact__reference_first__reference_first,1.1,applied,target_crosses,inner_crossing,target_cross_inner,cup_box,cup,box,measured_height,compact,reference_first,reference_first,below,above,up,down,still,still,"Heights are measured from the floor. The box remains at a height of 3 feet from the floor. The cup moves from a height of 2 feet to a height of 4 feet, measured from the floor.","Heights are measured from the floor. The box remains at a height of 3 feet from the floor. The cup moves from a height of 4 feet to a height of 2 feet, measured from the floor.",The box is below the cup.,The box is above the cup.,Target1,Target2,2,4,3,3,4,2,3,3,37,37,6,6
target_cross_inner__cup_box__measured_height__standard__target_first__target_first,1.1,applied,target_crosses,inner_crossing,target_cross_inner,cup_box,cup,box,measured_height,standard,target_first,target_first,above,below,up,down,still,still,"In the room, the heights of both objects are measured from the same floor. The cup moves from a height of 2 feet to a height of 4 feet, measured from the floor. The box remains at a height of 3 feet from the floor.","In the room, the heights of both objects are measured from the same floor. The cup moves from a height of 4 feet to a height of 2 feet, measured from the floor. The box remains at a height of 3 feet from the floor.",The cup is above the box.,The cup is below the box.,Target1,Target2,2,4,3,3,4,2,3,3,45,45,6,6
target_cross_inner__cup_box__measured_height__standard__target_first__reference_first,1.1,applied,target_crosses,inner_crossing,target_cross_inner,cup_box,cup,box,measured_height,standard,target_first,reference_first,below,above,up,down,still,still,"In the room, the heights of both objects are measured from the same floor. The cup moves from a height of 2 feet to a height of 4 feet, measured from the floor. The box remains at a height of 3 feet from the floor.","In the room, the heights of both objects are measured from the same floor. The cup moves from a height of 4 feet to a height of 2 feet, measured from the floor. The box remains at a height of 3 feet from the floor.",The box is below the cup.,The box is above the cup.,Target1,Target2,2,4,3,3,4,2,3,3,45,45,6,6
target_cross_inner__cup_box__measured_height__standard__reference_first__target_first,1.1,applied,target_crosses,inner_crossing,target_cross_inner,cup_box,cup,box,measured_height,standard,reference_first,target_first,above,below,up,down,still,still,"In the room, the heights of both objects are measured from the same floor. The box remains at a height of 3 feet from the floor. The cup moves from a height of 2 feet to a height of 4 feet, measured from the floor.","In the room, the heights of both objects are measured from the same floor. The box remains at a height of 3 feet from the floor. The cup moves from a height of 4 feet to a height of 2 feet, measured from the floor.",The cup is above the box.,The cup is below the box.,Target1,Target2,2,4,3,3,4,2,3,3,45,45,6,6
target_cross_inner__cup_box__measured_height__standard__reference_first__reference_first,1.1,applied,target_crosses,inner_crossing,target_cross_inner,cup_box,cup,box,measured_height,standard,reference_first,reference_first,below,above,up,down,still,still,"In the room, the heights of both objects are measured from the same floor. The box remains at a height of 3 feet from the floor. The cup moves from a height of 2 feet to a height of 4 feet, measured from the floor.","In the room, the heights of both objects are measured from the same floor. The box remains at a height of 3 feet from the floor. The cup moves from a height of 4 feet to a height of 2 feet, measured from the floor.",The box is below the cup.,The box is above the cup.,Target1,Target2,2,4,3,3,4,2,3,3,45,45,6,6
target_cross_inner__cup_box__measured_height__expanded__target_first__target_first,1.1,applied,target_crosses,inner_crossing,target_cross_inner,cup_box,cup,box,measured_height,expanded,target_first,target_first,above,below,up,down,still,still,"In the room, the heights of both objects are measured from the same level floor. The floor stays fixed while the objects move or remain still. The cup moves from a height of 2 feet to a height of 4 feet, measured from the floor. The box remains at a height of 3 feet from the floor.","In the room, the heights of both objects are measured from the same level floor. The floor stays fixed while the objects move or remain still. The cup moves from a height of 4 feet to a height of 2 feet, measured from the floor. The box remains at a height of 3 feet from the floor.",The cup is above the box.,The cup is below the box.,Target1,Target2,2,4,3,3,4,2,3,3,57,57,6,6
target_cross_inner__cup_box__measured_height__expanded__target_first__reference_first,1.1,applied,target_crosses,inner_crossing,target_cross_inner,cup_box,cup,box,measured_height,expanded,target_first,reference_first,below,above,up,down,still,still,"In the room, the heights of both objects are measured from the same level floor. The floor stays fixed while the objects move or remain still. The cup moves from a height of 2 feet to a height of 4 feet, measured from the floor. The box remains at a height of 3 feet from the floor.","In the room, the heights of both objects are measured from the same level floor. The floor stays fixed while the objects move or remain still. The cup moves from a height of 4 feet to a height of 2 feet, measured from the floor. The box remains at a height of 3 feet from the floor.",The box is below the cup.,The box is above the cup.,Target1,Target2,2,4,3,3,4,2,3,3,57,57,6,6
target_cross_inner__cup_box__measured_height__expanded__reference_first__target_first,1.1,applied,target_crosses,inner_crossing,target_cross_inner,cup_box,cup,box,measured_height,expanded,reference_first,target_first,above,below,up,down,still,still,"In the room, the heights of both objects are measured from the same level floor. The floor stays fixed while the objects move or remain still. The box remains at a height of 3 feet from the floor. The cup moves from a height of 2 feet to a height of 4 feet, measured from the floor.","In the room, the heights of both objects are measured from the same level floor. The floor stays fixed while the objects move or remain still. The box remains at a height of 3 feet from the floor. The cup moves from a height of 4 feet to a height of 2 feet, measured from the floor.",The cup is above the box.,The cup is below the box.,Target1,Target2,2,4,3,3,4,2,3,3,57,57,6,6
target_cross_inner__cup_box__measured_height__expanded__reference_first__reference_first,1.1,applied,target_crosses,inner_crossing,target_cross_inner,cup_box,cup,box,measured_height,expanded,reference_first,reference_first,below,above,up,down,still,still,"In the room, the heights of both objects are measured from the same level floor. The floor stays fixed while the objects move or remain still. The box remains at a height of 3 feet from the floor. The cup moves from a height of 2 feet to a height of 4 feet, measured from the floor.","In the room, the heights of both objects are measured from the same level floor. The floor stays fixed while the objects move or remain still. The box remains at a height of 3 feet from the floor. The cup moves from a height of 4 feet to a height of 2 feet, measured from the floor.",The box is below the cup.,The box is above the cup.,Target1,Target2,2,4,3,3,4,2,3,3,57,57,6,6
target_cross_inner__book_jar__named_shelves__compact__target_first__target_first,1.1,applied,target_crosses,inner_crossing,target_cross_inner,book_jar,book,jar,named_shelves,compact,target_first,target_first,above,below,up,down,still,still,"The rack's shelves run from bottom through lower, middle, and upper to top. The book moves from the lower shelf to the upper shelf. The jar remains on the middle shelf.","The rack's shelves run from bottom through lower, middle, and upper to top. The book moves from the upper shelf to the lower shelf. The jar remains on the middle shelf.",The book is above the jar.,The book is below the jar.,Target1,Target2,2,4,3,3,4,2,3,3,32,32,6,6
target_cross_inner__book_jar__named_shelves__compact__target_first__reference_first,1.1,applied,target_crosses,inner_crossing,target_cross_inner,book_jar,book,jar,named_shelves,compact,target_first,reference_first,below,above,up,down,still,still,"The rack's shelves run from bottom through lower, middle, and upper to top. The book moves from the lower shelf to the upper shelf. The jar remains on the middle shelf.","The rack's shelves run from bottom through lower, middle, and upper to top. The book moves from the upper shelf to the lower shelf. The jar remains on the middle shelf.",The jar is below the book.,The jar is above the book.,Target1,Target2,2,4,3,3,4,2,3,3,32,32,6,6
target_cross_inner__book_jar__named_shelves__compact__reference_first__target_first,1.1,applied,target_crosses,inner_crossing,target_cross_inner,book_jar,book,jar,named_shelves,compact,reference_first,target_first,above,below,up,down,still,still,"The rack's shelves run from bottom through lower, middle, and upper to top. The jar remains on the middle shelf. The book moves from the lower shelf to the upper shelf.","The rack's shelves run from bottom through lower, middle, and upper to top. The jar remains on the middle shelf. The book moves from the upper shelf to the lower shelf.",The book is above the jar.,The book is below the jar.,Target1,Target2,2,4,3,3,4,2,3,3,32,32,6,6
target_cross_inner__book_jar__named_shelves__compact__reference_first__reference_first,1.1,applied,target_crosses,inner_crossing,target_cross_inner,book_jar,book,jar,named_shelves,compact,reference_first,reference_first,below,above,up,down,still,still,"The rack's shelves run from bottom through lower, middle, and upper to top. The jar remains on the middle shelf. The book moves from the lower shelf to the upper shelf.","The rack's shelves run from bottom through lower, middle, and upper to top. The jar remains on the middle shelf. The book moves from the upper shelf to the lower shelf.",The jar is below the book.,The jar is above the book.,Target1,Target2,2,4,3,3,4,2,3,3,32,32,6,6
target_cross_inner__book_jar__named_shelves__standard__target_first__target_first,1.1,applied,target_crosses,inner_crossing,target_cross_inner,book_jar,book,jar,named_shelves,standard,target_first,target_first,above,below,up,down,still,still,"In the room, a five-tier rack has bottom, lower, middle, upper, and top shelves, in that vertical order. The book moves from the lower shelf to the upper shelf. The jar remains on the middle shelf.","In the room, a five-tier rack has bottom, lower, middle, upper, and top shelves, in that vertical order. The book moves from the upper shelf to the lower shelf. The jar remains on the middle shelf.",The book is above the jar.,The book is below the jar.,Target1,Target2,2,4,3,3,4,2,3,3,37,37,6,6
target_cross_inner__book_jar__named_shelves__standard__target_first__reference_first,1.1,applied,target_crosses,inner_crossing,target_cross_inner,book_jar,book,jar,named_shelves,standard,target_first,reference_first,below,above,up,down,still,still,"In the room, a five-tier rack has bottom, lower, middle, upper, and top shelves, in that vertical order. The book moves from the lower shelf to the upper shelf. The jar remains on the middle shelf.","In the room, a five-tier rack has bottom, lower, middle, upper, and top shelves, in that vertical order. The book moves from the upper shelf to the lower shelf. The jar remains on the middle shelf.",The jar is below the book.,The jar is above the book.,Target1,Target2,2,4,3,3,4,2,3,3,37,37,6,6
target_cross_inner__book_jar__named_shelves__standard__reference_first__target_first,1.1,applied,target_crosses,inner_crossing,target_cross_inner,book_jar,book,jar,named_shelves,standard,reference_first,target_first,above,below,up,down,still,still,"In the room, a five-tier rack has bottom, lower, middle, upper, and top shelves, in that vertical order. The jar remains on the middle shelf. The book moves from the lower shelf to the upper shelf.","In the room, a five-tier rack has bottom, lower, middle, upper, and top shelves, in that vertical order. The jar remains on the middle shelf. The book moves from the upper shelf to the lower shelf.",The book is above the jar.,The book is below the jar.,Target1,Target2,2,4,3,3,4,2,3,3,37,37,6,6
target_cross_inner__book_jar__named_shelves__standard__reference_first__reference_first,1.1,applied,target_crosses,inner_crossing,target_cross_inner,book_jar,book,jar,named_shelves,standard,reference_first,reference_first,below,above,up,down,still,still,"In the room, a five-tier rack has bottom, lower, middle, upper, and top shelves, in that vertical order. The jar remains on the middle shelf. The book moves from the lower shelf to the upper shelf.","In the room, a five-tier rack has bottom, lower, middle, upper, and top shelves, in that vertical order. The jar remains on the middle shelf. The book moves from the upper shelf to the lower shelf.",The jar is below the book.,The jar is above the book.,Target1,Target2,2,4,3,3,4,2,3,3,37,37,6,6
target_cross_inner__book_jar__named_shelves__expanded__target_first__target_first,1.1,applied,target_crosses,inner_crossing,target_cross_inner,book_jar,book,jar,named_shelves,expanded,target_first,target_first,above,below,up,down,still,still,"In the room, a fixed five-tier rack has bottom, lower, middle, upper, and top shelves, in that vertical order. Each shelf stays at its level throughout the scene. The book moves from the lower shelf to the upper shelf. The jar remains on the middle shelf.","In the room, a fixed five-tier rack has bottom, lower, middle, upper, and top shelves, in that vertical order. Each shelf stays at its level throughout the scene. The book moves from the upper shelf to the lower shelf. The jar remains on the middle shelf.",The book is above the jar.,The book is below the jar.,Target1,Target2,2,4,3,3,4,2,3,3,47,47,6,6
target_cross_inner__book_jar__named_shelves__expanded__target_first__reference_first,1.1,applied,target_crosses,inner_crossing,target_cross_inner,book_jar,book,jar,named_shelves,expanded,target_first,reference_first,below,above,up,down,still,still,"In the room, a fixed five-tier rack has bottom, lower, middle, upper, and top shelves, in that vertical order. Each shelf stays at its level throughout the scene. The book moves from the lower shelf to the upper shelf. The jar remains on the middle shelf.","In the room, a fixed five-tier rack has bottom, lower, middle, upper, and top shelves, in that vertical order. Each shelf stays at its level throughout the scene. The book moves from the upper shelf to the lower shelf. The jar remains on the middle shelf.",The jar is below the book.,The jar is above the book.,Target1,Target2,2,4,3,3,4,2,3,3,47,47,6,6
target_cross_inner__book_jar__named_shelves__expanded__reference_first__target_first,1.1,applied,target_crosses,inner_crossing,target_cross_inner,book_jar,book,jar,named_shelves,expanded,reference_first,target_first,above,below,up,down,still,still,"In the room, a fixed five-tier rack has bottom, lower, middle, upper, and top shelves, in that vertical order. Each shelf stays at its level throughout the scene. The jar remains on the middle shelf. The book moves from the lower shelf to the upper shelf.","In the room, a fixed five-tier rack has bottom, lower, middle, upper, and top shelves, in that vertical order. Each shelf stays at its level throughout the scene. The jar remains on the middle shelf. The book moves from the upper shelf to the lower shelf.",The book is above the jar.,The book is below the jar.,Target1,Target2,2,4,3,3,4,2,3,3,47,47,6,6
target_cross_inner__book_jar__named_shelves__expanded__reference_first__reference_first,1.1,applied,target_crosses,inner_crossing,target_cross_inner,book_jar,book,jar,named_shelves,expanded,reference_first,reference_first,below,above,up,down,still,still,"In the room, a fixed five-tier rack has bottom, lower, middle, upper, and top shelves, in that vertical order. Each shelf stays at its level throughout the scene. The jar remains on the middle shelf. The book moves from the lower shelf to the upper shelf.","In the room, a fixed five-tier rack has bottom, lower, middle, upper, and top shelves, in that vertical order. Each shelf stays at its level throughout the scene. The jar remains on the middle shelf. The book moves from the upper shelf to the lower shelf.",The jar is below the book.,The jar is above the book.,Target1,Target2,2,4,3,3,4,2,3,3,47,47,6,6
target_cross_inner__book_jar__measured_height__compact__target_first__target_first,1.1,applied,target_crosses,inner_crossing,target_cross_inner,book_jar,book,jar,measured_height,compact,target_first,target_first,above,below,up,down,still,still,"Heights are measured from the floor. The book moves from a height of 2 feet to a height of 4 feet, measured from the floor. The jar remains at a height of 3 feet from the floor.","Heights are measured from the floor. The book moves from a height of 4 feet to a height of 2 feet, measured from the floor. The jar remains at a height of 3 feet from the floor.",The book is above the jar.,The book is below the jar.,Target1,Target2,2,4,3,3,4,2,3,3,37,37,6,6
target_cross_inner__book_jar__measured_height__compact__target_first__reference_first,1.1,applied,target_crosses,inner_crossing,target_cross_inner,book_jar,book,jar,measured_height,compact,target_first,reference_first,below,above,up,down,still,still,"Heights are measured from the floor. The book moves from a height of 2 feet to a height of 4 feet, measured from the floor. The jar remains at a height of 3 feet from the floor.","Heights are measured from the floor. The book moves from a height of 4 feet to a height of 2 feet, measured from the floor. The jar remains at a height of 3 feet from the floor.",The jar is below the book.,The jar is above the book.,Target1,Target2,2,4,3,3,4,2,3,3,37,37,6,6
target_cross_inner__book_jar__measured_height__compact__reference_first__target_first,1.1,applied,target_crosses,inner_crossing,target_cross_inner,book_jar,book,jar,measured_height,compact,reference_first,target_first,above,below,up,down,still,still,"Heights are measured from the floor. The jar remains at a height of 3 feet from the floor. The book moves from a height of 2 feet to a height of 4 feet, measured from the floor.","Heights are measured from the floor. The jar remains at a height of 3 feet from the floor. The book moves from a height of 4 feet to a height of 2 feet, measured from the floor.",The book is above the jar.,The book is below the jar.,Target1,Target2,2,4,3,3,4,2,3,3,37,37,6,6
target_cross_inner__book_jar__measured_height__compact__reference_first__reference_first,1.1,applied,target_crosses,inner_crossing,target_cross_inner,book_jar,book,jar,measured_height,compact,reference_first,reference_first,below,above,up,down,still,still,"Heights are measured from the floor. The jar remains at a height of 3 feet from the floor. The book moves from a height of 2 feet to a height of 4 feet, measured from the floor.","Heights are measured from the floor. The jar remains at a height of 3 feet from the floor. The book moves from a height of 4 feet to a height of 2 feet, measured from the floor.",The jar is below the book.,The jar is above the book.,Target1,Target2,2,4,3,3,4,2,3,3,37,37,6,6
target_cross_inner__book_jar__measured_height__standard__target_first__target_first,1.1,applied,target_crosses,inner_crossing,target_cross_inner,book_jar,book,jar,measured_height,standard,target_first,target_first,above,below,up,down,still,still,"In the room, the heights of both objects are measured from the same floor. The book moves from a height of 2 feet to a height of 4 feet, measured from the floor. The jar remains at a height of 3 feet from the floor.","In the room, the heights of both objects are measured from the same floor. The book moves from a height of 4 feet to a height of 2 feet, measured from the floor. The jar remains at a height of 3 feet from the floor.",The book is above the jar.,The book is below the jar.,Target1,Target2,2,4,3,3,4,2,3,3,45,45,6,6
target_cross_inner__book_jar__measured_height__standard__target_first__reference_first,1.1,applied,target_crosses,inner_crossing,target_cross_inner,book_jar,book,jar,measured_height,standard,target_first,reference_first,below,above,up,down,still,still,"In the room, the heights of both objects are measured from the same floor. The book moves from a height of 2 feet to a height of 4 feet, measured from the floor. The jar remains at a height of 3 feet from the floor.","In the room, the heights of both objects are measured from the same floor. The book moves from a height of 4 feet to a height of 2 feet, measured from the floor. The jar remains at a height of 3 feet from the floor.",The jar is below the book.,The jar is above the book.,Target1,Target2,2,4,3,3,4,2,3,3,45,45,6,6
target_cross_inner__book_jar__measured_height__standard__reference_first__target_first,1.1,applied,target_crosses,inner_crossing,target_cross_inner,book_jar,book,jar,measured_height,standard,reference_first,target_first,above,below,up,down,still,still,"In the room, the heights of both objects are measured from the same floor. The jar remains at a height of 3 feet from the floor. The book moves from a height of 2 feet to a height of 4 feet, measured from the floor.","In the room, the heights of both objects are measured from the same floor. The jar remains at a height of 3 feet from the floor. The book moves from a height of 4 feet to a height of 2 feet, measured from the floor.",The book is above the jar.,The book is below the jar.,Target1,Target2,2,4,3,3,4,2,3,3,45,45,6,6
target_cross_inner__book_jar__measured_height__standard__reference_first__reference_first,1.1,applied,target_crosses,inner_crossing,target_cross_inner,book_jar,book,jar,measured_height,standard,reference_first,reference_first,below,above,up,down,still,still,"In the room, the heights of both objects are measured from the same floor. The jar remains at a height of 3 feet from the floor. The book moves from a height of 2 feet to a height of 4 feet, measured from the floor.","In the room, the heights of both objects are measured from the same floor. The jar remains at a height of 3 feet from the floor. The book moves from a height of 4 feet to a height of 2 feet, measured from the floor.",The jar is below the book.,The jar is above the book.,Target1,Target2,2,4,3,3,4,2,3,3,45,45,6,6
target_cross_inner__book_jar__measured_height__expanded__target_first__target_first,1.1,applied,target_crosses,inner_crossing,target_cross_inner,book_jar,book,jar,measured_height,expanded,target_first,target_first,above,below,up,down,still,still,"In the room, the heights of both objects are measured from the same level floor. The floor stays fixed while the objects move or remain still. The book moves from a height of 2 feet to a height of 4 feet, measured from the floor. The jar remains at a height of 3 feet from the floor.","In the room, the heights of both objects are measured from the same level floor. The floor stays fixed while the objects move or remain still. The book moves from a height of 4 feet to a height of 2 feet, measured from the floor. The jar remains at a height of 3 feet from the floor.",The book is above the jar.,The book is below the jar.,Target1,Target2,2,4,3,3,4,2,3,3,57,57,6,6
target_cross_inner__book_jar__measured_height__expanded__target_first__reference_first,1.1,applied,target_crosses,inner_crossing,target_cross_inner,book_jar,book,jar,measured_height,expanded,target_first,reference_first,below,above,up,down,still,still,"In the room, the heights of both objects are measured from the same level floor. The floor stays fixed while the objects move or remain still. The book moves from a height of 2 feet to a height of 4 feet, measured from the floor. The jar remains at a height of 3 feet from the floor.","In the room, the heights of both objects are measured from the same level floor. The floor stays fixed while the objects move or remain still. The book moves from a height of 4 feet to a height of 2 feet, measured from the floor. The jar remains at a height of 3 feet from the floor.",The jar is below the book.,The jar is above the book.,Target1,Target2,2,4,3,3,4,2,3,3,57,57,6,6
target_cross_inner__book_jar__measured_height__expanded__reference_first__target_first,1.1,applied,target_crosses,inner_crossing,target_cross_inner,book_jar,book,jar,measured_height,expanded,reference_first,target_first,above,below,up,down,still,still,"In the room, the heights of both objects are measured from the same level floor. The floor stays fixed while the objects move or remain still. The jar remains at a height of 3 feet from the floor. The book moves from a height of 2 feet to a height of 4 feet, measured from the floor.","In the room, the heights of both objects are measured from the same level floor. The floor stays fixed while the objects move or remain still. The jar remains at a height of 3 feet from the floor. The book moves from a height of 4 feet to a height of 2 feet, measured from the floor.",The book is above the jar.,The book is below the jar.,Target1,Target2,2,4,3,3,4,2,3,3,57,57,6,6
target_cross_inner__book_jar__measured_height__expanded__reference_first__reference_first,1.1,applied,target_crosses,inner_crossing,target_cross_inner,book_jar,book,jar,measured_height,expanded,reference_first,reference_first,below,above,up,down,still,still,"In the room, the heights of both objects are measured from the same level floor. The floor stays fixed while the objects move or remain still. The jar remains at a height of 3 feet from the floor. The book moves from a height of 2 feet to a height of 4 feet, measured from the floor.","In the room, the heights of both objects are measured from the same level floor. The floor stays fixed while the objects move or remain still. The jar remains at a height of 3 feet from the floor. The book moves from a height of 4 feet to a height of 2 feet, measured from the floor.",The jar is below the book.,The jar is above the book.,Target1,Target2,2,4,3,3,4,2,3,3,57,57,6,6
target_cross_inner__toy_key__named_shelves__compact__target_first__target_first,1.1,applied,target_crosses,inner_crossing,target_cross_inner,toy_key,toy,key,named_shelves,compact,target_first,target_first,above,below,up,down,still,still,"The rack's shelves run from bottom through lower, middle, and upper to top. The toy moves from the lower shelf to the upper shelf. The key remains on the middle shelf.","The rack's shelves run from bottom through lower, middle, and upper to top. The toy moves from the upper shelf to the lower shelf. The key remains on the middle shelf.",The toy is above the key.,The toy is below the key.,Target1,Target2,2,4,3,3,4,2,3,3,32,32,6,6
target_cross_inner__toy_key__named_shelves__compact__target_first__reference_first,1.1,applied,target_crosses,inner_crossing,target_cross_inner,toy_key,toy,key,named_shelves,compact,target_first,reference_first,below,above,up,down,still,still,"The rack's shelves run from bottom through lower, middle, and upper to top. The toy moves from the lower shelf to the upper shelf. The key remains on the middle shelf.","The rack's shelves run from bottom through lower, middle, and upper to top. The toy moves from the upper shelf to the lower shelf. The key remains on the middle shelf.",The key is below the toy.,The key is above the toy.,Target1,Target2,2,4,3,3,4,2,3,3,32,32,6,6
target_cross_inner__toy_key__named_shelves__compact__reference_first__target_first,1.1,applied,target_crosses,inner_crossing,target_cross_inner,toy_key,toy,key,named_shelves,compact,reference_first,target_first,above,below,up,down,still,still,"The rack's shelves run from bottom through lower, middle, and upper to top. The key remains on the middle shelf. The toy moves from the lower shelf to the upper shelf.","The rack's shelves run from bottom through lower, middle, and upper to top. The key remains on the middle shelf. The toy moves from the upper shelf to the lower shelf.",The toy is above the key.,The toy is below the key.,Target1,Target2,2,4,3,3,4,2,3,3,32,32,6,6
target_cross_inner__toy_key__named_shelves__compact__reference_first__reference_first,1.1,applied,target_crosses,inner_crossing,target_cross_inner,toy_key,toy,key,named_shelves,compact,reference_first,reference_first,below,above,up,down,still,still,"The rack's shelves run from bottom through lower, middle, and upper to top. The key remains on the middle shelf. The toy moves from the lower shelf to the upper shelf.","The rack's shelves run from bottom through lower, middle, and upper to top. The key remains on the middle shelf. The toy moves from the upper shelf to the lower shelf.",The key is below the toy.,The key is above the toy.,Target1,Target2,2,4,3,3,4,2,3,3,32,32,6,6
target_cross_inner__toy_key__named_shelves__standard__target_first__target_first,1.1,applied,target_crosses,inner_crossing,target_cross_inner,toy_key,toy,key,named_shelves,standard,target_first,target_first,above,below,up,down,still,still,"In the room, a five-tier rack has bottom, lower, middle, upper, and top shelves, in that vertical order. The toy moves from the lower shelf to the upper shelf. The key remains on the middle shelf.","In the room, a five-tier rack has bottom, lower, middle, upper, and top shelves, in that vertical order. The toy moves from the upper shelf to the lower shelf. The key remains on the middle shelf.",The toy is above the key.,The toy is below the key.,Target1,Target2,2,4,3,3,4,2,3,3,37,37,6,6
target_cross_inner__toy_key__named_shelves__standard__target_first__reference_first,1.1,applied,target_crosses,inner_crossing,target_cross_inner,toy_key,toy,key,named_shelves,standard,target_first,reference_first,below,above,up,down,still,still,"In the room, a five-tier rack has bottom, lower, middle, upper, and top shelves, in that vertical order. The toy moves from the lower shelf to the upper shelf. The key remains on the middle shelf.","In the room, a five-tier rack has bottom, lower, middle, upper, and top shelves, in that vertical order. The toy moves from the upper shelf to the lower shelf. The key remains on the middle shelf.",The key is below the toy.,The key is above the toy.,Target1,Target2,2,4,3,3,4,2,3,3,37,37,6,6
target_cross_inner__toy_key__named_shelves__standard__reference_first__target_first,1.1,applied,target_crosses,inner_crossing,target_cross_inner,toy_key,toy,key,named_shelves,standard,reference_first,target_first,above,below,up,down,still,still,"In the room, a five-tier rack has bottom, lower, middle, upper, and top shelves, in that vertical order. The key remains on the middle shelf. The toy moves from the lower shelf to the upper shelf.","In the room, a five-tier rack has bottom, lower, middle, upper, and top shelves, in that vertical order. The key remains on the middle shelf. The toy moves from the upper shelf to the lower shelf.",The toy is above the key.,The toy is below the key.,Target1,Target2,2,4,3,3,4,2,3,3,37,37,6,6
target_cross_inner__toy_key__named_shelves__standard__reference_first__reference_first,1.1,applied,target_crosses,inner_crossing,target_cross_inner,toy_key,toy,key,named_shelves,standard,reference_first,reference_first,below,above,up,down,still,still,"In the room, a five-tier rack has bottom, lower, middle, upper, and top shelves, in that vertical order. The key remains on the middle shelf. The toy moves from the lower shelf to the upper shelf.","In the room, a five-tier rack has bottom, lower, middle, upper, and top shelves, in that vertical order. The key remains on the middle shelf. The toy moves from the upper shelf to the lower shelf.",The key is below the toy.,The key is above the toy.,Target1,Target2,2,4,3,3,4,2,3,3,37,37,6,6
target_cross_inner__toy_key__named_shelves__expanded__target_first__target_first,1.1,applied,target_crosses,inner_crossing,target_cross_inner,toy_key,toy,key,named_shelves,expanded,target_first,target_first,above,below,up,down,still,still,"In the room, a fixed five-tier rack has bottom, lower, middle, upper, and top shelves, in that vertical order. Each shelf stays at its level throughout the scene. The toy moves from the lower shelf to the upper shelf. The key remains on the middle shelf.","In the room, a fixed five-tier rack has bottom, lower, middle, upper, and top shelves, in that vertical order. Each shelf stays at its level throughout the scene. The toy moves from the upper shelf to the lower shelf. The key remains on the middle shelf.",The toy is above the key.,The toy is below the key.,Target1,Target2,2,4,3,3,4,2,3,3,47,47,6,6
target_cross_inner__toy_key__named_shelves__expanded__target_first__reference_first,1.1,applied,target_crosses,inner_crossing,target_cross_inner,toy_key,toy,key,named_shelves,expanded,target_first,reference_first,below,above,up,down,still,still,"In the room, a fixed five-tier rack has bottom, lower, middle, upper, and top shelves, in that vertical order. Each shelf stays at its level throughout the scene. The toy moves from the lower shelf to the upper shelf. The key remains on the middle shelf.","In the room, a fixed five-tier rack has bottom, lower, middle, upper, and top shelves, in that vertical order. Each shelf stays at its level throughout the scene. The toy moves from the upper shelf to the lower shelf. The key remains on the middle shelf.",The key is below the toy.,The key is above the toy.,Target1,Target2,2,4,3,3,4,2,3,3,47,47,6,6
target_cross_inner__toy_key__named_shelves__expanded__reference_first__target_first,1.1,applied,target_crosses,inner_crossing,target_cross_inner,toy_key,toy,key,named_shelves,expanded,reference_first,target_first,above,below,up,down,still,still,"In the room, a fixed five-tier rack has bottom, lower, middle, upper, and top shelves, in that vertical order. Each shelf stays at its level throughout the scene. The key remains on the middle shelf. The toy moves from the lower shelf to the upper shelf.","In the room, a fixed five-tier rack has bottom, lower, middle, upper, and top shelves, in that vertical order. Each shelf stays at its level throughout the scene. The key remains on the middle shelf. The toy moves from the upper shelf to the lower shelf.",The toy is above the key.,The toy is below the key.,Target1,Target2,2,4,3,3,4,2,3,3,47,47,6,6
target_cross_inner__toy_key__named_shelves__expanded__reference_first__reference_first,1.1,applied,target_crosses,inner_crossing,target_cross_inner,toy_key,toy,key,named_shelves,expanded,reference_first,reference_first,below,above,up,down,still,still,"In the room, a fixed five-tier rack has bottom, lower, middle, upper, and top shelves, in that vertical order. Each shelf stays at its level throughout the scene. The key remains on the middle shelf. The toy moves from the lower shelf to the upper shelf.","In the room, a fixed five-tier rack has bottom, lower, middle, upper, and top shelves, in that vertical order. Each shelf stays at its level throughout the scene. The key remains on the middle shelf. The toy moves from the upper shelf to the lower shelf.",The key is below the toy.,The key is above the toy.,Target1,Target2,2,4,3,3,4,2,3,3,47,47,6,6
target_cross_inner__toy_key__measured_height__compact__target_first__target_first,1.1,applied,target_crosses,inner_crossing,target_cross_inner,toy_key,toy,key,measured_height,compact,target_first,target_first,above,below,up,down,still,still,"Heights are measured from the floor. The toy moves from a height of 2 feet to a height of 4 feet, measured from the floor. The key remains at a height of 3 feet from the floor.","Heights are measured from the floor. The toy moves from a height of 4 feet to a height of 2 feet, measured from the floor. The key remains at a height of 3 feet from the floor.",The toy is above the key.,The toy is below the key.,Target1,Target2,2,4,3,3,4,2,3,3,37,37,6,6
target_cross_inner__toy_key__measured_height__compact__target_first__reference_first,1.1,applied,target_crosses,inner_crossing,target_cross_inner,toy_key,toy,key,measured_height,compact,target_first,reference_first,below,above,up,down,still,still,"Heights are measured from the floor. The toy moves from a height of 2 feet to a height of 4 feet, measured from the floor. The key remains at a height of 3 feet from the floor.","Heights are measured from the floor. The toy moves from a height of 4 feet to a height of 2 feet, measured from the floor. The key remains at a height of 3 feet from the floor.",The key is below the toy.,The key is above the toy.,Target1,Target2,2,4,3,3,4,2,3,3,37,37,6,6
target_cross_inner__toy_key__measured_height__compact__reference_first__target_first,1.1,applied,target_crosses,inner_crossing,target_cross_inner,toy_key,toy,key,measured_height,compact,reference_first,target_first,above,below,up,down,still,still,"Heights are measured from the floor. The key remains at a height of 3 feet from the floor. The toy moves from a height of 2 feet to a height of 4 feet, measured from the floor.","Heights are measured from the floor. The key remains at a height of 3 feet from the floor. The toy moves from a height of 4 feet to a height of 2 feet, measured from the floor.",The toy is above the key.,The toy is below the key.,Target1,Target2,2,4,3,3,4,2,3,3,37,37,6,6
target_cross_inner__toy_key__measured_height__compact__reference_first__reference_first,1.1,applied,target_crosses,inner_crossing,target_cross_inner,toy_key,toy,key,measured_height,compact,reference_first,reference_first,below,above,up,down,still,still,"Heights are measured from the floor. The key remains at a height of 3 feet from the floor. The toy moves from a height of 2 feet to a height of 4 feet, measured from the floor.","Heights are measured from the floor. The key remains at a height of 3 feet from the floor. The toy moves from a height of 4 feet to a height of 2 feet, measured from the floor.",The key is below the toy.,The key is above the toy.,Target1,Target2,2,4,3,3,4,2,3,3,37,37,6,6
target_cross_inner__toy_key__measured_height__standard__target_first__target_first,1.1,applied,target_crosses,inner_crossing,target_cross_inner,toy_key,toy,key,measured_height,standard,target_first,target_first,above,below,up,down,still,still,"In the room, the heights of both objects are measured from the same floor. The toy moves from a height of 2 feet to a height of 4 feet, measured from the floor. The key remains at a height of 3 feet from the floor.","In the room, the heights of both objects are measured from the same floor. The toy moves from a height of 4 feet to a height of 2 feet, measured from the floor. The key remains at a height of 3 feet from the floor.",The toy is above the key.,The toy is below the key.,Target1,Target2,2,4,3,3,4,2,3,3,45,45,6,6
target_cross_inner__toy_key__measured_height__standard__target_first__reference_first,1.1,applied,target_crosses,inner_crossing,target_cross_inner,toy_key,toy,key,measured_height,standard,target_first,reference_first,below,above,up,down,still,still,"In the room, the heights of both objects are measured from the same floor. The toy moves from a height of 2 feet to a height of 4 feet, measured from the floor. The key remains at a height of 3 feet from the floor.","In the room, the heights of both objects are measured from the same floor. The toy moves from a height of 4 feet to a height of 2 feet, measured from the floor. The key remains at a height of 3 feet from the floor.",The key is below the toy.,The key is above the toy.,Target1,Target2,2,4,3,3,4,2,3,3,45,45,6,6
target_cross_inner__toy_key__measured_height__standard__reference_first__target_first,1.1,applied,target_crosses,inner_crossing,target_cross_inner,toy_key,toy,key,measured_height,standard,reference_first,target_first,above,below,up,down,still,still,"In the room, the heights of both objects are measured from the same floor. The key remains at a height of 3 feet from the floor. The toy moves from a height of 2 feet to a height of 4 feet, measured from the floor.","In the room, the heights of both objects are measured from the same floor. The key remains at a height of 3 feet from the floor. The toy moves from a height of 4 feet to a height of 2 feet, measured from the floor.",The toy is above the key.,The toy is below the key.,Target1,Target2,2,4,3,3,4,2,3,3,45,45,6,6
target_cross_inner__toy_key__measured_height__standard__reference_first__reference_first,1.1,applied,target_crosses,inner_crossing,target_cross_inner,toy_key,toy,key,measured_height,standard,reference_first,reference_first,below,above,up,down,still,still,"In the room, the heights of both objects are measured from the same floor. The key remains at a height of 3 feet from the floor. The toy moves from a height of 2 feet to a height of 4 feet, measured from the floor.","In the room, the heights of both objects are measured from the same floor. The key remains at a height of 3 feet from the floor. The toy moves from a height of 4 feet to a height of 2 feet, measured from the floor.",The key is below the toy.,The key is above the toy.,Target1,Target2,2,4,3,3,4,2,3,3,45,45,6,6
target_cross_inner__toy_key__measured_height__expanded__target_first__target_first,1.1,applied,target_crosses,inner_crossing,target_cross_inner,toy_key,toy,key,measured_height,expanded,target_first,target_first,above,below,up,down,still,still,"In the room, the heights of both objects are measured from the same level floor. The floor stays fixed while the objects move or remain still. The toy moves from a height of 2 feet to a height of 4 feet, measured from the floor. The key remains at a height of 3 feet from the floor.","In the room, the heights of both objects are measured from the same level floor. The floor stays fixed while the objects move or remain still. The toy moves from a height of 4 feet to a height of 2 feet, measured from the floor. The key remains at a height of 3 feet from the floor.",The toy is above the key.,The toy is below the key.,Target1,Target2,2,4,3,3,4,2,3,3,57,57,6,6
target_cross_inner__toy_key__measured_height__expanded__target_first__reference_first,1.1,applied,target_crosses,inner_crossing,target_cross_inner,toy_key,toy,key,measured_height,expanded,target_first,reference_first,below,above,up,down,still,still,"In the room, the heights of both objects are measured from the same level floor. The floor stays fixed while the objects move or remain still. The toy moves from a height of 2 feet to a height of 4 feet, measured from the floor. The key remains at a height of 3 feet from the floor.","In the room, the heights of both objects are measured from the same level floor. The floor stays fixed while the objects move or remain still. The toy moves from a height of 4 feet to a height of 2 feet, measured from the floor. The key remains at a height of 3 feet from the floor.",The key is below the toy.,The key is above the toy.,Target1,Target2,2,4,3,3,4,2,3,3,57,57,6,6
target_cross_inner__toy_key__measured_height__expanded__reference_first__target_first,1.1,applied,target_crosses,inner_crossing,target_cross_inner,toy_key,toy,key,measured_height,expanded,reference_first,target_first,above,below,up,down,still,still,"In the room, the heights of both objects are measured from the same level floor. The floor stays fixed while the objects move or remain still. The key remains at a height of 3 feet from the floor. The toy moves from a height of 2 feet to a height of 4 feet, measured from the floor.","In the room, the heights of both objects are measured from the same level floor. The floor stays fixed while the objects move or remain still. The key remains at a height of 3 feet from the floor. The toy moves from a height of 4 feet to a height of 2 feet, measured from the floor.",The toy is above the key.,The toy is below the key.,Target1,Target2,2,4,3,3,4,2,3,3,57,57,6,6
target_cross_inner__toy_key__measured_height__expanded__reference_first__reference_first,1.1,applied,target_crosses,inner_crossing,target_cross_inner,toy_key,toy,key,measured_height,expanded,reference_first,reference_first,below,above,up,down,still,still,"In the room, the heights of both objects are measured from the same level floor. The floor stays fixed while the objects move or remain still. The key remains at a height of 3 feet from the floor. The toy moves from a height of 2 feet to a height of 4 feet, measured from the floor.","In the room, the heights of both objects are measured from the same level floor. The floor stays fixed while the objects move or remain still. The key remains at a height of 3 feet from the floor. The toy moves from a height of 4 feet to a height of 2 feet, measured from the floor.",The key is below the toy.,The key is above the toy.,Target1,Target2,2,4,3,3,4,2,3,3,57,57,6,6
reference_cross_full__ball_cone__named_shelves__compact__target_first__target_first,1.1,applied,reference_crosses,full_crossing,reference_cross_full,ball_cone,ball,cone,named_shelves,compact,target_first,target_first,above,below,still,still,down,up,"The rack's shelves run from bottom through lower, middle, and upper to top. The ball remains on the middle shelf. The cone moves from the top shelf to the bottom shelf.","The rack's shelves run from bottom through lower, middle, and upper to top. The ball remains on the middle shelf. The cone moves from the bottom shelf to the top shelf.",The ball is above the cone.,The ball is below the cone.,Target1,Target2,3,3,5,1,3,3,1,5,32,32,6,6
reference_cross_full__ball_cone__named_shelves__compact__target_first__reference_first,1.1,applied,reference_crosses,full_crossing,reference_cross_full,ball_cone,ball,cone,named_shelves,compact,target_first,reference_first,below,above,still,still,down,up,"The rack's shelves run from bottom through lower, middle, and upper to top. The ball remains on the middle shelf. The cone moves from the top shelf to the bottom shelf.","The rack's shelves run from bottom through lower, middle, and upper to top. The ball remains on the middle shelf. The cone moves from the bottom shelf to the top shelf.",The cone is below the ball.,The cone is above the ball.,Target1,Target2,3,3,5,1,3,3,1,5,32,32,6,6
reference_cross_full__ball_cone__named_shelves__compact__reference_first__target_first,1.1,applied,reference_crosses,full_crossing,reference_cross_full,ball_cone,ball,cone,named_shelves,compact,reference_first,target_first,above,below,still,still,down,up,"The rack's shelves run from bottom through lower, middle, and upper to top. The cone moves from the top shelf to the bottom shelf. The ball remains on the middle shelf.","The rack's shelves run from bottom through lower, middle, and upper to top. The cone moves from the bottom shelf to the top shelf. The ball remains on the middle shelf.",The ball is above the cone.,The ball is below the cone.,Target1,Target2,3,3,5,1,3,3,1,5,32,32,6,6
reference_cross_full__ball_cone__named_shelves__compact__reference_first__reference_first,1.1,applied,reference_crosses,full_crossing,reference_cross_full,ball_cone,ball,cone,named_shelves,compact,reference_first,reference_first,below,above,still,still,down,up,"The rack's shelves run from bottom through lower, middle, and upper to top. The cone moves from the top shelf to the bottom shelf. The ball remains on the middle shelf.","The rack's shelves run from bottom through lower, middle, and upper to top. The cone moves from the bottom shelf to the top shelf. The ball remains on the middle shelf.",The cone is below the ball.,The cone is above the ball.,Target1,Target2,3,3,5,1,3,3,1,5,32,32,6,6
reference_cross_full__ball_cone__named_shelves__standard__target_first__target_first,1.1,applied,reference_crosses,full_crossing,reference_cross_full,ball_cone,ball,cone,named_shelves,standard,target_first,target_first,above,below,still,still,down,up,"In the room, a five-tier rack has bottom, lower, middle, upper, and top shelves, in that vertical order. The ball remains on the middle shelf. The cone moves from the top shelf to the bottom shelf.","In the room, a five-tier rack has bottom, lower, middle, upper, and top shelves, in that vertical order. The ball remains on the middle shelf. The cone moves from the bottom shelf to the top shelf.",The ball is above the cone.,The ball is below the cone.,Target1,Target2,3,3,5,1,3,3,1,5,37,37,6,6
reference_cross_full__ball_cone__named_shelves__standard__target_first__reference_first,1.1,applied,reference_crosses,full_crossing,reference_cross_full,ball_cone,ball,cone,named_shelves,standard,target_first,reference_first,below,above,still,still,down,up,"In the room, a five-tier rack has bottom, lower, middle, upper, and top shelves, in that vertical order. The ball remains on the middle shelf. The cone moves from the top shelf to the bottom shelf.","In the room, a five-tier rack has bottom, lower, middle, upper, and top shelves, in that vertical order. The ball remains on the middle shelf. The cone moves from the bottom shelf to the top shelf.",The cone is below the ball.,The cone is above the ball.,Target1,Target2,3,3,5,1,3,3,1,5,37,37,6,6
reference_cross_full__ball_cone__named_shelves__standard__reference_first__target_first,1.1,applied,reference_crosses,full_crossing,reference_cross_full,ball_cone,ball,cone,named_shelves,standard,reference_first,target_first,above,below,still,still,down,up,"In the room, a five-tier rack has bottom, lower, middle, upper, and top shelves, in that vertical order. The cone moves from the top shelf to the bottom shelf. The ball remains on the middle shelf.","In the room, a five-tier rack has bottom, lower, middle, upper, and top shelves, in that vertical order. The cone moves from the bottom shelf to the top shelf. The ball remains on the middle shelf.",The ball is above the cone.,The ball is below the cone.,Target1,Target2,3,3,5,1,3,3,1,5,37,37,6,6
reference_cross_full__ball_cone__named_shelves__standard__reference_first__reference_first,1.1,applied,reference_crosses,full_crossing,reference_cross_full,ball_cone,ball,cone,named_shelves,standard,reference_first,reference_first,below,above,still,still,down,up,"In the room, a five-tier rack has bottom, lower, middle, upper, and top shelves, in that vertical order. The cone moves from the top shelf to the bottom shelf. The ball remains on the middle shelf.","In the room, a five-tier rack has bottom, lower, middle, upper, and top shelves, in that vertical order. The cone moves from the bottom shelf to the top shelf. The ball remains on the middle shelf.",The cone is below the ball.,The cone is above the ball.,Target1,Target2,3,3,5,1,3,3,1,5,37,37,6,6
reference_cross_full__ball_cone__named_shelves__expanded__target_first__target_first,1.1,applied,reference_crosses,full_crossing,reference_cross_full,ball_cone,ball,cone,named_shelves,expanded,target_first,target_first,above,below,still,still,down,up,"In the room, a fixed five-tier rack has bottom, lower, middle, upper, and top shelves, in that vertical order. Each shelf stays at its level throughout the scene. The ball remains on the middle shelf. The cone moves from the top shelf to the bottom shelf.","In the room, a fixed five-tier rack has bottom, lower, middle, upper, and top shelves, in that vertical order. Each shelf stays at its level throughout the scene. The ball remains on the middle shelf. The cone moves from the bottom shelf to the top shelf.",The ball is above the cone.,The ball is below the cone.,Target1,Target2,3,3,5,1,3,3,1,5,47,47,6,6
reference_cross_full__ball_cone__named_shelves__expanded__target_first__reference_first,1.1,applied,reference_crosses,full_crossing,reference_cross_full,ball_cone,ball,cone,named_shelves,expanded,target_first,reference_first,below,above,still,still,down,up,"In the room, a fixed five-tier rack has bottom, lower, middle, upper, and top shelves, in that vertical order. Each shelf stays at its level throughout the scene. The ball remains on the middle shelf. The cone moves from the top shelf to the bottom shelf.","In the room, a fixed five-tier rack has bottom, lower, middle, upper, and top shelves, in that vertical order. Each shelf stays at its level throughout the scene. The ball remains on the middle shelf. The cone moves from the bottom shelf to the top shelf.",The cone is below the ball.,The cone is above the ball.,Target1,Target2,3,3,5,1,3,3,1,5,47,47,6,6
reference_cross_full__ball_cone__named_shelves__expanded__reference_first__target_first,1.1,applied,reference_crosses,full_crossing,reference_cross_full,ball_cone,ball,cone,named_shelves,expanded,reference_first,target_first,above,below,still,still,down,up,"In the room, a fixed five-tier rack has bottom, lower, middle, upper, and top shelves, in that vertical order. Each shelf stays at its level throughout the scene. The cone moves from the top shelf to the bottom shelf. The ball remains on the middle shelf.","In the room, a fixed five-tier rack has bottom, lower, middle, upper, and top shelves, in that vertical order. Each shelf stays at its level throughout the scene. The cone moves from the bottom shelf to the top shelf. The ball remains on the middle shelf.",The ball is above the cone.,The ball is below the cone.,Target1,Target2,3,3,5,1,3,3,1,5,47,47,6,6
reference_cross_full__ball_cone__named_shelves__expanded__reference_first__reference_first,1.1,applied,reference_crosses,full_crossing,reference_cross_full,ball_cone,ball,cone,named_shelves,expanded,reference_first,reference_first,below,above,still,still,down,up,"In the room, a fixed five-tier rack has bottom, lower, middle, upper, and top shelves, in that vertical order. Each shelf stays at its level throughout the scene. The cone moves from the top shelf to the bottom shelf. The ball remains on the middle shelf.","In the room, a fixed five-tier rack has bottom, lower, middle, upper, and top shelves, in that vertical order. Each shelf stays at its level throughout the scene. The cone moves from the bottom shelf to the top shelf. The ball remains on the middle shelf.",The cone is below the ball.,The cone is above the ball.,Target1,Target2,3,3,5,1,3,3,1,5,47,47,6,6
reference_cross_full__ball_cone__measured_height__compact__target_first__target_first,1.1,applied,reference_crosses,full_crossing,reference_cross_full,ball_cone,ball,cone,measured_height,compact,target_first,target_first,above,below,still,still,down,up,"Heights are measured from the floor. The ball remains at a height of 3 feet from the floor. The cone moves from a height of 5 feet to a height of 1 foot, measured from the floor.","Heights are measured from the floor. The ball remains at a height of 3 feet from the floor. The cone moves from a height of 1 foot to a height of 5 feet, measured from the floor.",The ball is above the cone.,The ball is below the cone.,Target1,Target2,3,3,5,1,3,3,1,5,37,37,6,6
reference_cross_full__ball_cone__measured_height__compact__target_first__reference_first,1.1,applied,reference_crosses,full_crossing,reference_cross_full,ball_cone,ball,cone,measured_height,compact,target_first,reference_first,below,above,still,still,down,up,"Heights are measured from the floor. The ball remains at a height of 3 feet from the floor. The cone moves from a height of 5 feet to a height of 1 foot, measured from the floor.","Heights are measured from the floor. The ball remains at a height of 3 feet from the floor. The cone moves from a height of 1 foot to a height of 5 feet, measured from the floor.",The cone is below the ball.,The cone is above the ball.,Target1,Target2,3,3,5,1,3,3,1,5,37,37,6,6
reference_cross_full__ball_cone__measured_height__compact__reference_first__target_first,1.1,applied,reference_crosses,full_crossing,reference_cross_full,ball_cone,ball,cone,measured_height,compact,reference_first,target_first,above,below,still,still,down,up,"Heights are measured from the floor. The cone moves from a height of 5 feet to a height of 1 foot, measured from the floor. The ball remains at a height of 3 feet from the floor.","Heights are measured from the floor. The cone moves from a height of 1 foot to a height of 5 feet, measured from the floor. The ball remains at a height of 3 feet from the floor.",The ball is above the cone.,The ball is below the cone.,Target1,Target2,3,3,5,1,3,3,1,5,37,37,6,6
reference_cross_full__ball_cone__measured_height__compact__reference_first__reference_first,1.1,applied,reference_crosses,full_crossing,reference_cross_full,ball_cone,ball,cone,measured_height,compact,reference_first,reference_first,below,above,still,still,down,up,"Heights are measured from the floor. The cone moves from a height of 5 feet to a height of 1 foot, measured from the floor. The ball remains at a height of 3 feet from the floor.","Heights are measured from the floor. The cone moves from a height of 1 foot to a height of 5 feet, measured from the floor. The ball remains at a height of 3 feet from the floor.",The cone is below the ball.,The cone is above the ball.,Target1,Target2,3,3,5,1,3,3,1,5,37,37,6,6
reference_cross_full__ball_cone__measured_height__standard__target_first__target_first,1.1,applied,reference_crosses,full_crossing,reference_cross_full,ball_cone,ball,cone,measured_height,standard,target_first,target_first,above,below,still,still,down,up,"In the room, the heights of both objects are measured from the same floor. The ball remains at a height of 3 feet from the floor. The cone moves from a height of 5 feet to a height of 1 foot, measured from the floor.","In the room, the heights of both objects are measured from the same floor. The ball remains at a height of 3 feet from the floor. The cone moves from a height of 1 foot to a height of 5 feet, measured from the floor.",The ball is above the cone.,The ball is below the cone.,Target1,Target2,3,3,5,1,3,3,1,5,45,45,6,6
reference_cross_full__ball_cone__measured_height__standard__target_first__reference_first,1.1,applied,reference_crosses,full_crossing,reference_cross_full,ball_cone,ball,cone,measured_height,standard,target_first,reference_first,below,above,still,still,down,up,"In the room, the heights of both objects are measured from the same floor. The ball remains at a height of 3 feet from the floor. The cone moves from a height of 5 feet to a height of 1 foot, measured from the floor.","In the room, the heights of both objects are measured from the same floor. The ball remains at a height of 3 feet from the floor. The cone moves from a height of 1 foot to a height of 5 feet, measured from the floor.",The cone is below the ball.,The cone is above the ball.,Target1,Target2,3,3,5,1,3,3,1,5,45,45,6,6
reference_cross_full__ball_cone__measured_height__standard__reference_first__target_first,1.1,applied,reference_crosses,full_crossing,reference_cross_full,ball_cone,ball,cone,measured_height,standard,reference_first,target_first,above,below,still,still,down,up,"In the room, the heights of both objects are measured from the same floor. The cone moves from a height of 5 feet to a height of 1 foot, measured from the floor. The ball remains at a height of 3 feet from the floor.","In the room, the heights of both objects are measured from the same floor. The cone moves from a height of 1 foot to a height of 5 feet, measured from the floor. The ball remains at a height of 3 feet from the floor.",The ball is above the cone.,The ball is below the cone.,Target1,Target2,3,3,5,1,3,3,1,5,45,45,6,6
reference_cross_full__ball_cone__measured_height__standard__reference_first__reference_first,1.1,applied,reference_crosses,full_crossing,reference_cross_full,ball_cone,ball,cone,measured_height,standard,reference_first,reference_first,below,above,still,still,down,up,"In the room, the heights of both objects are measured from the same floor. The cone moves from a height of 5 feet to a height of 1 foot, measured from the floor. The ball remains at a height of 3 feet from the floor.","In the room, the heights of both objects are measured from the same floor. The cone moves from a height of 1 foot to a height of 5 feet, measured from the floor. The ball remains at a height of 3 feet from the floor.",The cone is below the ball.,The cone is above the ball.,Target1,Target2,3,3,5,1,3,3,1,5,45,45,6,6
reference_cross_full__ball_cone__measured_height__expanded__target_first__target_first,1.1,applied,reference_crosses,full_crossing,reference_cross_full,ball_cone,ball,cone,measured_height,expanded,target_first,target_first,above,below,still,still,down,up,"In the room, the heights of both objects are measured from the same level floor. The floor stays fixed while the objects move or remain still. The ball remains at a height of 3 feet from the floor. The cone moves from a height of 5 feet to a height of 1 foot, measured from the floor.","In the room, the heights of both objects are measured from the same level floor. The floor stays fixed while the objects move or remain still. The ball remains at a height of 3 feet from the floor. The cone moves from a height of 1 foot to a height of 5 feet, measured from the floor.",The ball is above the cone.,The ball is below the cone.,Target1,Target2,3,3,5,1,3,3,1,5,57,57,6,6
reference_cross_full__ball_cone__measured_height__expanded__target_first__reference_first,1.1,applied,reference_crosses,full_crossing,reference_cross_full,ball_cone,ball,cone,measured_height,expanded,target_first,reference_first,below,above,still,still,down,up,"In the room, the heights of both objects are measured from the same level floor. The floor stays fixed while the objects move or remain still. The ball remains at a height of 3 feet from the floor. The cone moves from a height of 5 feet to a height of 1 foot, measured from the floor.","In the room, the heights of both objects are measured from the same level floor. The floor stays fixed while the objects move or remain still. The ball remains at a height of 3 feet from the floor. The cone moves from a height of 1 foot to a height of 5 feet, measured from the floor.",The cone is below the ball.,The cone is above the ball.,Target1,Target2,3,3,5,1,3,3,1,5,57,57,6,6
reference_cross_full__ball_cone__measured_height__expanded__reference_first__target_first,1.1,applied,reference_crosses,full_crossing,reference_cross_full,ball_cone,ball,cone,measured_height,expanded,reference_first,target_first,above,below,still,still,down,up,"In the room, the heights of both objects are measured from the same level floor. The floor stays fixed while the objects move or remain still. The cone moves from a height of 5 feet to a height of 1 foot, measured from the floor. The ball remains at a height of 3 feet from the floor.","In the room, the heights of both objects are measured from the same level floor. The floor stays fixed while the objects move or remain still. The cone moves from a height of 1 foot to a height of 5 feet, measured from the floor. The ball remains at a height of 3 feet from the floor.",The ball is above the cone.,The ball is below the cone.,Target1,Target2,3,3,5,1,3,3,1,5,57,57,6,6
reference_cross_full__ball_cone__measured_height__expanded__reference_first__reference_first,1.1,applied,reference_crosses,full_crossing,reference_cross_full,ball_cone,ball,cone,measured_height,expanded,reference_first,reference_first,below,above,still,still,down,up,"In the room, the heights of both objects are measured from the same level floor. The floor stays fixed while the objects move or remain still. The cone moves from a height of 5 feet to a height of 1 foot, measured from the floor. The ball remains at a height of 3 feet from the floor.","In the room, the heights of both objects are measured from the same level floor. The floor stays fixed while the objects move or remain still. The cone moves from a height of 1 foot to a height of 5 feet, measured from the floor. The ball remains at a height of 3 feet from the floor.",The cone is below the ball.,The cone is above the ball.,Target1,Target2,3,3,5,1,3,3,1,5,57,57,6,6
reference_cross_full__cup_box__named_shelves__compact__target_first__target_first,1.1,applied,reference_crosses,full_crossing,reference_cross_full,cup_box,cup,box,named_shelves,compact,target_first,target_first,above,below,still,still,down,up,"The rack's shelves run from bottom through lower, middle, and upper to top. The cup remains on the middle shelf. The box moves from the top shelf to the bottom shelf.","The rack's shelves run from bottom through lower, middle, and upper to top. The cup remains on the middle shelf. The box moves from the bottom shelf to the top shelf.",The cup is above the box.,The cup is below the box.,Target1,Target2,3,3,5,1,3,3,1,5,32,32,6,6
reference_cross_full__cup_box__named_shelves__compact__target_first__reference_first,1.1,applied,reference_crosses,full_crossing,reference_cross_full,cup_box,cup,box,named_shelves,compact,target_first,reference_first,below,above,still,still,down,up,"The rack's shelves run from bottom through lower, middle, and upper to top. The cup remains on the middle shelf. The box moves from the top shelf to the bottom shelf.","The rack's shelves run from bottom through lower, middle, and upper to top. The cup remains on the middle shelf. The box moves from the bottom shelf to the top shelf.",The box is below the cup.,The box is above the cup.,Target1,Target2,3,3,5,1,3,3,1,5,32,32,6,6
reference_cross_full__cup_box__named_shelves__compact__reference_first__target_first,1.1,applied,reference_crosses,full_crossing,reference_cross_full,cup_box,cup,box,named_shelves,compact,reference_first,target_first,above,below,still,still,down,up,"The rack's shelves run from bottom through lower, middle, and upper to top. The box moves from the top shelf to the bottom shelf. The cup remains on the middle shelf.","The rack's shelves run from bottom through lower, middle, and upper to top. The box moves from the bottom shelf to the top shelf. The cup remains on the middle shelf.",The cup is above the box.,The cup is below the box.,Target1,Target2,3,3,5,1,3,3,1,5,32,32,6,6
reference_cross_full__cup_box__named_shelves__compact__reference_first__reference_first,1.1,applied,reference_crosses,full_crossing,reference_cross_full,cup_box,cup,box,named_shelves,compact,reference_first,reference_first,below,above,still,still,down,up,"The rack's shelves run from bottom through lower, middle, and upper to top. The box moves from the top shelf to the bottom shelf. The cup remains on the middle shelf.","The rack's shelves run from bottom through lower, middle, and upper to top. The box moves from the bottom shelf to the top shelf. The cup remains on the middle shelf.",The box is below the cup.,The box is above the cup.,Target1,Target2,3,3,5,1,3,3,1,5,32,32,6,6
reference_cross_full__cup_box__named_shelves__standard__target_first__target_first,1.1,applied,reference_crosses,full_crossing,reference_cross_full,cup_box,cup,box,named_shelves,standard,target_first,target_first,above,below,still,still,down,up,"In the room, a five-tier rack has bottom, lower, middle, upper, and top shelves, in that vertical order. The cup remains on the middle shelf. The box moves from the top shelf to the bottom shelf.","In the room, a five-tier rack has bottom, lower, middle, upper, and top shelves, in that vertical order. The cup remains on the middle shelf. The box moves from the bottom shelf to the top shelf.",The cup is above the box.,The cup is below the box.,Target1,Target2,3,3,5,1,3,3,1,5,37,37,6,6
reference_cross_full__cup_box__named_shelves__standard__target_first__reference_first,1.1,applied,reference_crosses,full_crossing,reference_cross_full,cup_box,cup,box,named_shelves,standard,target_first,reference_first,below,above,still,still,down,up,"In the room, a five-tier rack has bottom, lower, middle, upper, and top shelves, in that vertical order. The cup remains on the middle shelf. The box moves from the top shelf to the bottom shelf.","In the room, a five-tier rack has bottom, lower, middle, upper, and top shelves, in that vertical order. The cup remains on the middle shelf. The box moves from the bottom shelf to the top shelf.",The box is below the cup.,The box is above the cup.,Target1,Target2,3,3,5,1,3,3,1,5,37,37,6,6
reference_cross_full__cup_box__named_shelves__standard__reference_first__target_first,1.1,applied,reference_crosses,full_crossing,reference_cross_full,cup_box,cup,box,named_shelves,standard,reference_first,target_first,above,below,still,still,down,up,"In the room, a five-tier rack has bottom, lower, middle, upper, and top shelves, in that vertical order. The box moves from the top shelf to the bottom shelf. The cup remains on the middle shelf.","In the room, a five-tier rack has bottom, lower, middle, upper, and top shelves, in that vertical order. The box moves from the bottom shelf to the top shelf. The cup remains on the middle shelf.",The cup is above the box.,The cup is below the box.,Target1,Target2,3,3,5,1,3,3,1,5,37,37,6,6
reference_cross_full__cup_box__named_shelves__standard__reference_first__reference_first,1.1,applied,reference_crosses,full_crossing,reference_cross_full,cup_box,cup,box,named_shelves,standard,reference_first,reference_first,below,above,still,still,down,up,"In the room, a five-tier rack has bottom, lower, middle, upper, and top shelves, in that vertical order. The box moves from the top shelf to the bottom shelf. The cup remains on the middle shelf.","In the room, a five-tier rack has bottom, lower, middle, upper, and top shelves, in that vertical order. The box moves from the bottom shelf to the top shelf. The cup remains on the middle shelf.",The box is below the cup.,The box is above the cup.,Target1,Target2,3,3,5,1,3,3,1,5,37,37,6,6
reference_cross_full__cup_box__named_shelves__expanded__target_first__target_first,1.1,applied,reference_crosses,full_crossing,reference_cross_full,cup_box,cup,box,named_shelves,expanded,target_first,target_first,above,below,still,still,down,up,"In the room, a fixed five-tier rack has bottom, lower, middle, upper, and top shelves, in that vertical order. Each shelf stays at its level throughout the scene. The cup remains on the middle shelf. The box moves from the top shelf to the bottom shelf.","In the room, a fixed five-tier rack has bottom, lower, middle, upper, and top shelves, in that vertical order. Each shelf stays at its level throughout the scene. The cup remains on the middle shelf. The box moves from the bottom shelf to the top shelf.",The cup is above the box.,The cup is below the box.,Target1,Target2,3,3,5,1,3,3,1,5,47,47,6,6
reference_cross_full__cup_box__named_shelves__expanded__target_first__reference_first,1.1,applied,reference_crosses,full_crossing,reference_cross_full,cup_box,cup,box,named_shelves,expanded,target_first,reference_first,below,above,still,still,down,up,"In the room, a fixed five-tier rack has bottom, lower, middle, upper, and top shelves, in that vertical order. Each shelf stays at its level throughout the scene. The cup remains on the middle shelf. The box moves from the top shelf to the bottom shelf.","In the room, a fixed five-tier rack has bottom, lower, middle, upper, and top shelves, in that vertical order. Each shelf stays at its level throughout the scene. The cup remains on the middle shelf. The box moves from the bottom shelf to the top shelf.",The box is below the cup.,The box is above the cup.,Target1,Target2,3,3,5,1,3,3,1,5,47,47,6,6
reference_cross_full__cup_box__named_shelves__expanded__reference_first__target_first,1.1,applied,reference_crosses,full_crossing,reference_cross_full,cup_box,cup,box,named_shelves,expanded,reference_first,target_first,above,below,still,still,down,up,"In the room, a fixed five-tier rack has bottom, lower, middle, upper, and top shelves, in that vertical order. Each shelf stays at its level throughout the scene. The box moves from the top shelf to the bottom shelf. The cup remains on the middle shelf.","In the room, a fixed five-tier rack has bottom, lower, middle, upper, and top shelves, in that vertical order. Each shelf stays at its level throughout the scene. The box moves from the bottom shelf to the top shelf. The cup remains on the middle shelf.",The cup is above the box.,The cup is below the box.,Target1,Target2,3,3,5,1,3,3,1,5,47,47,6,6
reference_cross_full__cup_box__named_shelves__expanded__reference_first__reference_first,1.1,applied,reference_crosses,full_crossing,reference_cross_full,cup_box,cup,box,named_shelves,expanded,reference_first,reference_first,below,above,still,still,down,up,"In the room, a fixed five-tier rack has bottom, lower, middle, upper, and top shelves, in that vertical order. Each shelf stays at its level throughout the scene. The box moves from the top shelf to the bottom shelf. The cup remains on the middle shelf.","In the room, a fixed five-tier rack has bottom, lower, middle, upper, and top shelves, in that vertical order. Each shelf stays at its level throughout the scene. The box moves from the bottom shelf to the top shelf. The cup remains on the middle shelf.",The box is below the cup.,The box is above the cup.,Target1,Target2,3,3,5,1,3,3,1,5,47,47,6,6
reference_cross_full__cup_box__measured_height__compact__target_first__target_first,1.1,applied,reference_crosses,full_crossing,reference_cross_full,cup_box,cup,box,measured_height,compact,target_first,target_first,above,below,still,still,down,up,"Heights are measured from the floor. The cup remains at a height of 3 feet from the floor. The box moves from a height of 5 feet to a height of 1 foot, measured from the floor.","Heights are measured from the floor. The cup remains at a height of 3 feet from the floor. The box moves from a height of 1 foot to a height of 5 feet, measured from the floor.",The cup is above the box.,The cup is below the box.,Target1,Target2,3,3,5,1,3,3,1,5,37,37,6,6
reference_cross_full__cup_box__measured_height__compact__target_first__reference_first,1.1,applied,reference_crosses,full_crossing,reference_cross_full,cup_box,cup,box,measured_height,compact,target_first,reference_first,below,above,still,still,down,up,"Heights are measured from the floor. The cup remains at a height of 3 feet from the floor. The box moves from a height of 5 feet to a height of 1 foot, measured from the floor.","Heights are measured from the floor. The cup remains at a height of 3 feet from the floor. The box moves from a height of 1 foot to a height of 5 feet, measured from the floor.",The box is below the cup.,The box is above the cup.,Target1,Target2,3,3,5,1,3,3,1,5,37,37,6,6
reference_cross_full__cup_box__measured_height__compact__reference_first__target_first,1.1,applied,reference_crosses,full_crossing,reference_cross_full,cup_box,cup,box,measured_height,compact,reference_first,target_first,above,below,still,still,down,up,"Heights are measured from the floor. The box moves from a height of 5 feet to a height of 1 foot, measured from the floor. The cup remains at a height of 3 feet from the floor.","Heights are measured from the floor. The box moves from a height of 1 foot to a height of 5 feet, measured from the floor. The cup remains at a height of 3 feet from the floor.",The cup is above the box.,The cup is below the box.,Target1,Target2,3,3,5,1,3,3,1,5,37,37,6,6
reference_cross_full__cup_box__measured_height__compact__reference_first__reference_first,1.1,applied,reference_crosses,full_crossing,reference_cross_full,cup_box,cup,box,measured_height,compact,reference_first,reference_first,below,above,still,still,down,up,"Heights are measured from the floor. The box moves from a height of 5 feet to a height of 1 foot, measured from the floor. The cup remains at a height of 3 feet from the floor.","Heights are measured from the floor. The box moves from a height of 1 foot to a height of 5 feet, measured from the floor. The cup remains at a height of 3 feet from the floor.",The box is below the cup.,The box is above the cup.,Target1,Target2,3,3,5,1,3,3,1,5,37,37,6,6
reference_cross_full__cup_box__measured_height__standard__target_first__target_first,1.1,applied,reference_crosses,full_crossing,reference_cross_full,cup_box,cup,box,measured_height,standard,target_first,target_first,above,below,still,still,down,up,"In the room, the heights of both objects are measured from the same floor. The cup remains at a height of 3 feet from the floor. The box moves from a height of 5 feet to a height of 1 foot, measured from the floor.","In the room, the heights of both objects are measured from the same floor. The cup remains at a height of 3 feet from the floor. The box moves from a height of 1 foot to a height of 5 feet, measured from the floor.",The cup is above the box.,The cup is below the box.,Target1,Target2,3,3,5,1,3,3,1,5,45,45,6,6
reference_cross_full__cup_box__measured_height__standard__target_first__reference_first,1.1,applied,reference_crosses,full_crossing,reference_cross_full,cup_box,cup,box,measured_height,standard,target_first,reference_first,below,above,still,still,down,up,"In the room, the heights of both objects are measured from the same floor. The cup remains at a height of 3 feet from the floor. The box moves from a height of 5 feet to a height of 1 foot, measured from the floor.","In the room, the heights of both objects are measured from the same floor. The cup remains at a height of 3 feet from the floor. The box moves from a height of 1 foot to a height of 5 feet, measured from the floor.",The box is below the cup.,The box is above the cup.,Target1,Target2,3,3,5,1,3,3,1,5,45,45,6,6
reference_cross_full__cup_box__measured_height__standard__reference_first__target_first,1.1,applied,reference_crosses,full_crossing,reference_cross_full,cup_box,cup,box,measured_height,standard,reference_first,target_first,above,below,still,still,down,up,"In the room, the heights of both objects are measured from the same floor. The box moves from a height of 5 feet to a height of 1 foot, measured from the floor. The cup remains at a height of 3 feet from the floor.","In the room, the heights of both objects are measured from the same floor. The box moves from a height of 1 foot to a height of 5 feet, measured from the floor. The cup remains at a height of 3 feet from the floor.",The cup is above the box.,The cup is below the box.,Target1,Target2,3,3,5,1,3,3,1,5,45,45,6,6
reference_cross_full__cup_box__measured_height__standard__reference_first__reference_first,1.1,applied,reference_crosses,full_crossing,reference_cross_full,cup_box,cup,box,measured_height,standard,reference_first,reference_first,below,above,still,still,down,up,"In the room, the heights of both objects are measured from the same floor. The box moves from a height of 5 feet to a height of 1 foot, measured from the floor. The cup remains at a height of 3 feet from the floor.","In the room, the heights of both objects are measured from the same floor. The box moves from a height of 1 foot to a height of 5 feet, measured from the floor. The cup remains at a height of 3 feet from the floor.",The box is below the cup.,The box is above the cup.,Target1,Target2,3,3,5,1,3,3,1,5,45,45,6,6
reference_cross_full__cup_box__measured_height__expanded__target_first__target_first,1.1,applied,reference_crosses,full_crossing,reference_cross_full,cup_box,cup,box,measured_height,expanded,target_first,target_first,above,below,still,still,down,up,"In the room, the heights of both objects are measured from the same level floor. The floor stays fixed while the objects move or remain still. The cup remains at a height of 3 feet from the floor. The box moves from a height of 5 feet to a height of 1 foot, measured from the floor.","In the room, the heights of both objects are measured from the same level floor. The floor stays fixed while the objects move or remain still. The cup remains at a height of 3 feet from the floor. The box moves from a height of 1 foot to a height of 5 feet, measured from the floor.",The cup is above the box.,The cup is below the box.,Target1,Target2,3,3,5,1,3,3,1,5,57,57,6,6
reference_cross_full__cup_box__measured_height__expanded__target_first__reference_first,1.1,applied,reference_crosses,full_crossing,reference_cross_full,cup_box,cup,box,measured_height,expanded,target_first,reference_first,below,above,still,still,down,up,"In the room, the heights of both objects are measured from the same level floor. The floor stays fixed while the objects move or remain still. The cup remains at a height of 3 feet from the floor. The box moves from a height of 5 feet to a height of 1 foot, measured from the floor.","In the room, the heights of both objects are measured from the same level floor. The floor stays fixed while the objects move or remain still. The cup remains at a height of 3 feet from the floor. The box moves from a height of 1 foot to a height of 5 feet, measured from the floor.",The box is below the cup.,The box is above the cup.,Target1,Target2,3,3,5,1,3,3,1,5,57,57,6,6
reference_cross_full__cup_box__measured_height__expanded__reference_first__target_first,1.1,applied,reference_crosses,full_crossing,reference_cross_full,cup_box,cup,box,measured_height,expanded,reference_first,target_first,above,below,still,still,down,up,"In the room, the heights of both objects are measured from the same level floor. The floor stays fixed while the objects move or remain still. The box moves from a height of 5 feet to a height of 1 foot, measured from the floor. The cup remains at a height of 3 feet from the floor.","In the room, the heights of both objects are measured from the same level floor. The floor stays fixed while the objects move or remain still. The box moves from a height of 1 foot to a height of 5 feet, measured from the floor. The cup remains at a height of 3 feet from the floor.",The cup is above the box.,The cup is below the box.,Target1,Target2,3,3,5,1,3,3,1,5,57,57,6,6
reference_cross_full__cup_box__measured_height__expanded__reference_first__reference_first,1.1,applied,reference_crosses,full_crossing,reference_cross_full,cup_box,cup,box,measured_height,expanded,reference_first,reference_first,below,above,still,still,down,up,"In the room, the heights of both objects are measured from the same level floor. The floor stays fixed while the objects move or remain still. The box moves from a height of 5 feet to a height of 1 foot, measured from the floor. The cup remains at a height of 3 feet from the floor.","In the room, the heights of both objects are measured from the same level floor. The floor stays fixed while the objects move or remain still. The box moves from a height of 1 foot to a height of 5 feet, measured from the floor. The cup remains at a height of 3 feet from the floor.",The box is below the cup.,The box is above the cup.,Target1,Target2,3,3,5,1,3,3,1,5,57,57,6,6
reference_cross_full__book_jar__named_shelves__compact__target_first__target_first,1.1,applied,reference_crosses,full_crossing,reference_cross_full,book_jar,book,jar,named_shelves,compact,target_first,target_first,above,below,still,still,down,up,"The rack's shelves run from bottom through lower, middle, and upper to top. The book remains on the middle shelf. The jar moves from the top shelf to the bottom shelf.","The rack's shelves run from bottom through lower, middle, and upper to top. The book remains on the middle shelf. The jar moves from the bottom shelf to the top shelf.",The book is above the jar.,The book is below the jar.,Target1,Target2,3,3,5,1,3,3,1,5,32,32,6,6
reference_cross_full__book_jar__named_shelves__compact__target_first__reference_first,1.1,applied,reference_crosses,full_crossing,reference_cross_full,book_jar,book,jar,named_shelves,compact,target_first,reference_first,below,above,still,still,down,up,"The rack's shelves run from bottom through lower, middle, and upper to top. The book remains on the middle shelf. The jar moves from the top shelf to the bottom shelf.","The rack's shelves run from bottom through lower, middle, and upper to top. The book remains on the middle shelf. The jar moves from the bottom shelf to the top shelf.",The jar is below the book.,The jar is above the book.,Target1,Target2,3,3,5,1,3,3,1,5,32,32,6,6
reference_cross_full__book_jar__named_shelves__compact__reference_first__target_first,1.1,applied,reference_crosses,full_crossing,reference_cross_full,book_jar,book,jar,named_shelves,compact,reference_first,target_first,above,below,still,still,down,up,"The rack's shelves run from bottom through lower, middle, and upper to top. The jar moves from the top shelf to the bottom shelf. The book remains on the middle shelf.","The rack's shelves run from bottom through lower, middle, and upper to top. The jar moves from the bottom shelf to the top shelf. The book remains on the middle shelf.",The book is above the jar.,The book is below the jar.,Target1,Target2,3,3,5,1,3,3,1,5,32,32,6,6
reference_cross_full__book_jar__named_shelves__compact__reference_first__reference_first,1.1,applied,reference_crosses,full_crossing,reference_cross_full,book_jar,book,jar,named_shelves,compact,reference_first,reference_first,below,above,still,still,down,up,"The rack's shelves run from bottom through lower, middle, and upper to top. The jar moves from the top shelf to the bottom shelf. The book remains on the middle shelf.","The rack's shelves run from bottom through lower, middle, and upper to top. The jar moves from the bottom shelf to the top shelf. The book remains on the middle shelf.",The jar is below the book.,The jar is above the book.,Target1,Target2,3,3,5,1,3,3,1,5,32,32,6,6
reference_cross_full__book_jar__named_shelves__standard__target_first__target_first,1.1,applied,reference_crosses,full_crossing,reference_cross_full,book_jar,book,jar,named_shelves,standard,target_first,target_first,above,below,still,still,down,up,"In the room, a five-tier rack has bottom, lower, middle, upper, and top shelves, in that vertical order. The book remains on the middle shelf. The jar moves from the top shelf to the bottom shelf.","In the room, a five-tier rack has bottom, lower, middle, upper, and top shelves, in that vertical order. The book remains on the middle shelf. The jar moves from the bottom shelf to the top shelf.",The book is above the jar.,The book is below the jar.,Target1,Target2,3,3,5,1,3,3,1,5,37,37,6,6
reference_cross_full__book_jar__named_shelves__standard__target_first__reference_first,1.1,applied,reference_crosses,full_crossing,reference_cross_full,book_jar,book,jar,named_shelves,standard,target_first,reference_first,below,above,still,still,down,up,"In the room, a five-tier rack has bottom, lower, middle, upper, and top shelves, in that vertical order. The book remains on the middle shelf. The jar moves from the top shelf to the bottom shelf.","In the room, a five-tier rack has bottom, lower, middle, upper, and top shelves, in that vertical order. The book remains on the middle shelf. The jar moves from the bottom shelf to the top shelf.",The jar is below the book.,The jar is above the book.,Target1,Target2,3,3,5,1,3,3,1,5,37,37,6,6
reference_cross_full__book_jar__named_shelves__standard__reference_first__target_first,1.1,applied,reference_crosses,full_crossing,reference_cross_full,book_jar,book,jar,named_shelves,standard,reference_first,target_first,above,below,still,still,down,up,"In the room, a five-tier rack has bottom, lower, middle, upper, and top shelves, in that vertical order. The jar moves from the top shelf to the bottom shelf. The book remains on the middle shelf.","In the room, a five-tier rack has bottom, lower, middle, upper, and top shelves, in that vertical order. The jar moves from the bottom shelf to the top shelf. The book remains on the middle shelf.",The book is above the jar.,The book is below the jar.,Target1,Target2,3,3,5,1,3,3,1,5,37,37,6,6
reference_cross_full__book_jar__named_shelves__standard__reference_first__reference_first,1.1,applied,reference_crosses,full_crossing,reference_cross_full,book_jar,book,jar,named_shelves,standard,reference_first,reference_first,below,above,still,still,down,up,"In the room, a five-tier rack has bottom, lower, middle, upper, and top shelves, in that vertical order. The jar moves from the top shelf to the bottom shelf. The book remains on the middle shelf.","In the room, a five-tier rack has bottom, lower, middle, upper, and top shelves, in that vertical order. The jar moves from the bottom shelf to the top shelf. The book remains on the middle shelf.",The jar is below the book.,The jar is above the book.,Target1,Target2,3,3,5,1,3,3,1,5,37,37,6,6
reference_cross_full__book_jar__named_shelves__expanded__target_first__target_first,1.1,applied,reference_crosses,full_crossing,reference_cross_full,book_jar,book,jar,named_shelves,expanded,target_first,target_first,above,below,still,still,down,up,"In the room, a fixed five-tier rack has bottom, lower, middle, upper, and top shelves, in that vertical order. Each shelf stays at its level throughout the scene. The book remains on the middle shelf. The jar moves from the top shelf to the bottom shelf.","In the room, a fixed five-tier rack has bottom, lower, middle, upper, and top shelves, in that vertical order. Each shelf stays at its level throughout the scene. The book remains on the middle shelf. The jar moves from the bottom shelf to the top shelf.",The book is above the jar.,The book is below the jar.,Target1,Target2,3,3,5,1,3,3,1,5,47,47,6,6
reference_cross_full__book_jar__named_shelves__expanded__target_first__reference_first,1.1,applied,reference_crosses,full_crossing,reference_cross_full,book_jar,book,jar,named_shelves,expanded,target_first,reference_first,below,above,still,still,down,up,"In the room, a fixed five-tier rack has bottom, lower, middle, upper, and top shelves, in that vertical order. Each shelf stays at its level throughout the scene. The book remains on the middle shelf. The jar moves from the top shelf to the bottom shelf.","In the room, a fixed five-tier rack has bottom, lower, middle, upper, and top shelves, in that vertical order. Each shelf stays at its level throughout the scene. The book remains on the middle shelf. The jar moves from the bottom shelf to the top shelf.",The jar is below the book.,The jar is above the book.,Target1,Target2,3,3,5,1,3,3,1,5,47,47,6,6
reference_cross_full__book_jar__named_shelves__expanded__reference_first__target_first,1.1,applied,reference_crosses,full_crossing,reference_cross_full,book_jar,book,jar,named_shelves,expanded,reference_first,target_first,above,below,still,still,down,up,"In the room, a fixed five-tier rack has bottom, lower, middle, upper, and top shelves, in that vertical order. Each shelf stays at its level throughout the scene. The jar moves from the top shelf to the bottom shelf. The book remains on the middle shelf.","In the room, a fixed five-tier rack has bottom, lower, middle, upper, and top shelves, in that vertical order. Each shelf stays at its level throughout the scene. The jar moves from the bottom shelf to the top shelf. The book remains on the middle shelf.",The book is above the jar.,The book is below the jar.,Target1,Target2,3,3,5,1,3,3,1,5,47,47,6,6
reference_cross_full__book_jar__named_shelves__expanded__reference_first__reference_first,1.1,applied,reference_crosses,full_crossing,reference_cross_full,book_jar,book,jar,named_shelves,expanded,reference_first,reference_first,below,above,still,still,down,up,"In the room, a fixed five-tier rack has bottom, lower, middle, upper, and top shelves, in that vertical order. Each shelf stays at its level throughout the scene. The jar moves from the top shelf to the bottom shelf. The book remains on the middle shelf.","In the room, a fixed five-tier rack has bottom, lower, middle, upper, and top shelves, in that vertical order. Each shelf stays at its level throughout the scene. The jar moves from the bottom shelf to the top shelf. The book remains on the middle shelf.",The jar is below the book.,The jar is above the book.,Target1,Target2,3,3,5,1,3,3,1,5,47,47,6,6
reference_cross_full__book_jar__measured_height__compact__target_first__target_first,1.1,applied,reference_crosses,full_crossing,reference_cross_full,book_jar,book,jar,measured_height,compact,target_first,target_first,above,below,still,still,down,up,"Heights are measured from the floor. The book remains at a height of 3 feet from the floor. The jar moves from a height of 5 feet to a height of 1 foot, measured from the floor.","Heights are measured from the floor. The book remains at a height of 3 feet from the floor. The jar moves from a height of 1 foot to a height of 5 feet, measured from the floor.",The book is above the jar.,The book is below the jar.,Target1,Target2,3,3,5,1,3,3,1,5,37,37,6,6
reference_cross_full__book_jar__measured_height__compact__target_first__reference_first,1.1,applied,reference_crosses,full_crossing,reference_cross_full,book_jar,book,jar,measured_height,compact,target_first,reference_first,below,above,still,still,down,up,"Heights are measured from the floor. The book remains at a height of 3 feet from the floor. The jar moves from a height of 5 feet to a height of 1 foot, measured from the floor.","Heights are measured from the floor. The book remains at a height of 3 feet from the floor. The jar moves from a height of 1 foot to a height of 5 feet, measured from the floor.",The jar is below the book.,The jar is above the book.,Target1,Target2,3,3,5,1,3,3,1,5,37,37,6,6
reference_cross_full__book_jar__measured_height__compact__reference_first__target_first,1.1,applied,reference_crosses,full_crossing,reference_cross_full,book_jar,book,jar,measured_height,compact,reference_first,target_first,above,below,still,still,down,up,"Heights are measured from the floor. The jar moves from a height of 5 feet to a height of 1 foot, measured from the floor. The book remains at a height of 3 feet from the floor.","Heights are measured from the floor. The jar moves from a height of 1 foot to a height of 5 feet, measured from the floor. The book remains at a height of 3 feet from the floor.",The book is above the jar.,The book is below the jar.,Target1,Target2,3,3,5,1,3,3,1,5,37,37,6,6
reference_cross_full__book_jar__measured_height__compact__reference_first__reference_first,1.1,applied,reference_crosses,full_crossing,reference_cross_full,book_jar,book,jar,measured_height,compact,reference_first,reference_first,below,above,still,still,down,up,"Heights are measured from the floor. The jar moves from a height of 5 feet to a height of 1 foot, measured from the floor. The book remains at a height of 3 feet from the floor.","Heights are measured from the floor. The jar moves from a height of 1 foot to a height of 5 feet, measured from the floor. The book remains at a height of 3 feet from the floor.",The jar is below the book.,The jar is above the book.,Target1,Target2,3,3,5,1,3,3,1,5,37,37,6,6
reference_cross_full__book_jar__measured_height__standard__target_first__target_first,1.1,applied,reference_crosses,full_crossing,reference_cross_full,book_jar,book,jar,measured_height,standard,target_first,target_first,above,below,still,still,down,up,"In the room, the heights of both objects are measured from the same floor. The book remains at a height of 3 feet from the floor. The jar moves from a height of 5 feet to a height of 1 foot, measured from the floor.","In the room, the heights of both objects are measured from the same floor. The book remains at a height of 3 feet from the floor. The jar moves from a height of 1 foot to a height of 5 feet, measured from the floor.",The book is above the jar.,The book is below the jar.,Target1,Target2,3,3,5,1,3,3,1,5,45,45,6,6
reference_cross_full__book_jar__measured_height__standard__target_first__reference_first,1.1,applied,reference_crosses,full_crossing,reference_cross_full,book_jar,book,jar,measured_height,standard,target_first,reference_first,below,above,still,still,down,up,"In the room, the heights of both objects are measured from the same floor. The book remains at a height of 3 feet from the floor. The jar moves from a height of 5 feet to a height of 1 foot, measured from the floor.","In the room, the heights of both objects are measured from the same floor. The book remains at a height of 3 feet from the floor. The jar moves from a height of 1 foot to a height of 5 feet, measured from the floor.",The jar is below the book.,The jar is above the book.,Target1,Target2,3,3,5,1,3,3,1,5,45,45,6,6
reference_cross_full__book_jar__measured_height__standard__reference_first__target_first,1.1,applied,reference_crosses,full_crossing,reference_cross_full,book_jar,book,jar,measured_height,standard,reference_first,target_first,above,below,still,still,down,up,"In the room, the heights of both objects are measured from the same floor. The jar moves from a height of 5 feet to a height of 1 foot, measured from the floor. The book remains at a height of 3 feet from the floor.","In the room, the heights of both objects are measured from the same floor. The jar moves from a height of 1 foot to a height of 5 feet, measured from the floor. The book remains at a height of 3 feet from the floor.",The book is above the jar.,The book is below the jar.,Target1,Target2,3,3,5,1,3,3,1,5,45,45,6,6
reference_cross_full__book_jar__measured_height__standard__reference_first__reference_first,1.1,applied,reference_crosses,full_crossing,reference_cross_full,book_jar,book,jar,measured_height,standard,reference_first,reference_first,below,above,still,still,down,up,"In the room, the heights of both objects are measured from the same floor. The jar moves from a height of 5 feet to a height of 1 foot, measured from the floor. The book remains at a height of 3 feet from the floor.","In the room, the heights of both objects are measured from the same floor. The jar moves from a height of 1 foot to a height of 5 feet, measured from the floor. The book remains at a height of 3 feet from the floor.",The jar is below the book.,The jar is above the book.,Target1,Target2,3,3,5,1,3,3,1,5,45,45,6,6
reference_cross_full__book_jar__measured_height__expanded__target_first__target_first,1.1,applied,reference_crosses,full_crossing,reference_cross_full,book_jar,book,jar,measured_height,expanded,target_first,target_first,above,below,still,still,down,up,"In the room, the heights of both objects are measured from the same level floor. The floor stays fixed while the objects move or remain still. The book remains at a height of 3 feet from the floor. The jar moves from a height of 5 feet to a height of 1 foot, measured from the floor.","In the room, the heights of both objects are measured from the same level floor. The floor stays fixed while the objects move or remain still. The book remains at a height of 3 feet from the floor. The jar moves from a height of 1 foot to a height of 5 feet, measured from the floor.",The book is above the jar.,The book is below the jar.,Target1,Target2,3,3,5,1,3,3,1,5,57,57,6,6
reference_cross_full__book_jar__measured_height__expanded__target_first__reference_first,1.1,applied,reference_crosses,full_crossing,reference_cross_full,book_jar,book,jar,measured_height,expanded,target_first,reference_first,below,above,still,still,down,up,"In the room, the heights of both objects are measured from the same level floor. The floor stays fixed while the objects move or remain still. The book remains at a height of 3 feet from the floor. The jar moves from a height of 5 feet to a height of 1 foot, measured from the floor.","In the room, the heights of both objects are measured from the same level floor. The floor stays fixed while the objects move or remain still. The book remains at a height of 3 feet from the floor. The jar moves from a height of 1 foot to a height of 5 feet, measured from the floor.",The jar is below the book.,The jar is above the book.,Target1,Target2,3,3,5,1,3,3,1,5,57,57,6,6
reference_cross_full__book_jar__measured_height__expanded__reference_first__target_first,1.1,applied,reference_crosses,full_crossing,reference_cross_full,book_jar,book,jar,measured_height,expanded,reference_first,target_first,above,below,still,still,down,up,"In the room, the heights of both objects are measured from the same level floor. The floor stays fixed while the objects move or remain still. The jar moves from a height of 5 feet to a height of 1 foot, measured from the floor. The book remains at a height of 3 feet from the floor.","In the room, the heights of both objects are measured from the same level floor. The floor stays fixed while the objects move or remain still. The jar moves from a height of 1 foot to a height of 5 feet, measured from the floor. The book remains at a height of 3 feet from the floor.",The book is above the jar.,The book is below the jar.,Target1,Target2,3,3,5,1,3,3,1,5,57,57,6,6
reference_cross_full__book_jar__measured_height__expanded__reference_first__reference_first,1.1,applied,reference_crosses,full_crossing,reference_cross_full,book_jar,book,jar,measured_height,expanded,reference_first,reference_first,below,above,still,still,down,up,"In the room, the heights of both objects are measured from the same level floor. The floor stays fixed while the objects move or remain still. The jar moves from a height of 5 feet to a height of 1 foot, measured from the floor. The book remains at a height of 3 feet from the floor.","In the room, the heights of both objects are measured from the same level floor. The floor stays fixed while the objects move or remain still. The jar moves from a height of 1 foot to a height of 5 feet, measured from the floor. The book remains at a height of 3 feet from the floor.",The jar is below the book.,The jar is above the book.,Target1,Target2,3,3,5,1,3,3,1,5,57,57,6,6
reference_cross_full__toy_key__named_shelves__compact__target_first__target_first,1.1,applied,reference_crosses,full_crossing,reference_cross_full,toy_key,toy,key,named_shelves,compact,target_first,target_first,above,below,still,still,down,up,"The rack's shelves run from bottom through lower, middle, and upper to top. The toy remains on the middle shelf. The key moves from the top shelf to the bottom shelf.","The rack's shelves run from bottom through lower, middle, and upper to top. The toy remains on the middle shelf. The key moves from the bottom shelf to the top shelf.",The toy is above the key.,The toy is below the key.,Target1,Target2,3,3,5,1,3,3,1,5,32,32,6,6
reference_cross_full__toy_key__named_shelves__compact__target_first__reference_first,1.1,applied,reference_crosses,full_crossing,reference_cross_full,toy_key,toy,key,named_shelves,compact,target_first,reference_first,below,above,still,still,down,up,"The rack's shelves run from bottom through lower, middle, and upper to top. The toy remains on the middle shelf. The key moves from the top shelf to the bottom shelf.","The rack's shelves run from bottom through lower, middle, and upper to top. The toy remains on the middle shelf. The key moves from the bottom shelf to the top shelf.",The key is below the toy.,The key is above the toy.,Target1,Target2,3,3,5,1,3,3,1,5,32,32,6,6
reference_cross_full__toy_key__named_shelves__compact__reference_first__target_first,1.1,applied,reference_crosses,full_crossing,reference_cross_full,toy_key,toy,key,named_shelves,compact,reference_first,target_first,above,below,still,still,down,up,"The rack's shelves run from bottom through lower, middle, and upper to top. The key moves from the top shelf to the bottom shelf. The toy remains on the middle shelf.","The rack's shelves run from bottom through lower, middle, and upper to top. The key moves from the bottom shelf to the top shelf. The toy remains on the middle shelf.",The toy is above the key.,The toy is below the key.,Target1,Target2,3,3,5,1,3,3,1,5,32,32,6,6
reference_cross_full__toy_key__named_shelves__compact__reference_first__reference_first,1.1,applied,reference_crosses,full_crossing,reference_cross_full,toy_key,toy,key,named_shelves,compact,reference_first,reference_first,below,above,still,still,down,up,"The rack's shelves run from bottom through lower, middle, and upper to top. The key moves from the top shelf to the bottom shelf. The toy remains on the middle shelf.","The rack's shelves run from bottom through lower, middle, and upper to top. The key moves from the bottom shelf to the top shelf. The toy remains on the middle shelf.",The key is below the toy.,The key is above the toy.,Target1,Target2,3,3,5,1,3,3,1,5,32,32,6,6
reference_cross_full__toy_key__named_shelves__standard__target_first__target_first,1.1,applied,reference_crosses,full_crossing,reference_cross_full,toy_key,toy,key,named_shelves,standard,target_first,target_first,above,below,still,still,down,up,"In the room, a five-tier rack has bottom, lower, middle, upper, and top shelves, in that vertical order. The toy remains on the middle shelf. The key moves from the top shelf to the bottom shelf.","In the room, a five-tier rack has bottom, lower, middle, upper, and top shelves, in that vertical order. The toy remains on the middle shelf. The key moves from the bottom shelf to the top shelf.",The toy is above the key.,The toy is below the key.,Target1,Target2,3,3,5,1,3,3,1,5,37,37,6,6
reference_cross_full__toy_key__named_shelves__standard__target_first__reference_first,1.1,applied,reference_crosses,full_crossing,reference_cross_full,toy_key,toy,key,named_shelves,standard,target_first,reference_first,below,above,still,still,down,up,"In the room, a five-tier rack has bottom, lower, middle, upper, and top shelves, in that vertical order. The toy remains on the middle shelf. The key moves from the top shelf to the bottom shelf.","In the room, a five-tier rack has bottom, lower, middle, upper, and top shelves, in that vertical order. The toy remains on the middle shelf. The key moves from the bottom shelf to the top shelf.",The key is below the toy.,The key is above the toy.,Target1,Target2,3,3,5,1,3,3,1,5,37,37,6,6
reference_cross_full__toy_key__named_shelves__standard__reference_first__target_first,1.1,applied,reference_crosses,full_crossing,reference_cross_full,toy_key,toy,key,named_shelves,standard,reference_first,target_first,above,below,still,still,down,up,"In the room, a five-tier rack has bottom, lower, middle, upper, and top shelves, in that vertical order. The key moves from the top shelf to the bottom shelf. The toy remains on the middle shelf.","In the room, a five-tier rack has bottom, lower, middle, upper, and top shelves, in that vertical order. The key moves from the bottom shelf to the top shelf. The toy remains on the middle shelf.",The toy is above the key.,The toy is below the key.,Target1,Target2,3,3,5,1,3,3,1,5,37,37,6,6
reference_cross_full__toy_key__named_shelves__standard__reference_first__reference_first,1.1,applied,reference_crosses,full_crossing,reference_cross_full,toy_key,toy,key,named_shelves,standard,reference_first,reference_first,below,above,still,still,down,up,"In the room, a five-tier rack has bottom, lower, middle, upper, and top shelves, in that vertical order. The key moves from the top shelf to the bottom shelf. The toy remains on the middle shelf.","In the room, a five-tier rack has bottom, lower, middle, upper, and top shelves, in that vertical order. The key moves from the bottom shelf to the top shelf. The toy remains on the middle shelf.",The key is below the toy.,The key is above the toy.,Target1,Target2,3,3,5,1,3,3,1,5,37,37,6,6
reference_cross_full__toy_key__named_shelves__expanded__target_first__target_first,1.1,applied,reference_crosses,full_crossing,reference_cross_full,toy_key,toy,key,named_shelves,expanded,target_first,target_first,above,below,still,still,down,up,"In the room, a fixed five-tier rack has bottom, lower, middle, upper, and top shelves, in that vertical order. Each shelf stays at its level throughout the scene. The toy remains on the middle shelf. The key moves from the top shelf to the bottom shelf.","In the room, a fixed five-tier rack has bottom, lower, middle, upper, and top shelves, in that vertical order. Each shelf stays at its level throughout the scene. The toy remains on the middle shelf. The key moves from the bottom shelf to the top shelf.",The toy is above the key.,The toy is below the key.,Target1,Target2,3,3,5,1,3,3,1,5,47,47,6,6
reference_cross_full__toy_key__named_shelves__expanded__target_first__reference_first,1.1,applied,reference_crosses,full_crossing,reference_cross_full,toy_key,toy,key,named_shelves,expanded,target_first,reference_first,below,above,still,still,down,up,"In the room, a fixed five-tier rack has bottom, lower, middle, upper, and top shelves, in that vertical order. Each shelf stays at its level throughout the scene. The toy remains on the middle shelf. The key moves from the top shelf to the bottom shelf.","In the room, a fixed five-tier rack has bottom, lower, middle, upper, and top shelves, in that vertical order. Each shelf stays at its level throughout the scene. The toy remains on the middle shelf. The key moves from the bottom shelf to the top shelf.",The key is below the toy.,The key is above the toy.,Target1,Target2,3,3,5,1,3,3,1,5,47,47,6,6
reference_cross_full__toy_key__named_shelves__expanded__reference_first__target_first,1.1,applied,reference_crosses,full_crossing,reference_cross_full,toy_key,toy,key,named_shelves,expanded,reference_first,target_first,above,below,still,still,down,up,"In the room, a fixed five-tier rack has bottom, lower, middle, upper, and top shelves, in that vertical order. Each shelf stays at its level throughout the scene. The key moves from the top shelf to the bottom shelf. The toy remains on the middle shelf.","In the room, a fixed five-tier rack has bottom, lower, middle, upper, and top shelves, in that vertical order. Each shelf stays at its level throughout the scene. The key moves from the bottom shelf to the top shelf. The toy remains on the middle shelf.",The toy is above the key.,The toy is below the key.,Target1,Target2,3,3,5,1,3,3,1,5,47,47,6,6
reference_cross_full__toy_key__named_shelves__expanded__reference_first__reference_first,1.1,applied,reference_crosses,full_crossing,reference_cross_full,toy_key,toy,key,named_shelves,expanded,reference_first,reference_first,below,above,still,still,down,up,"In the room, a fixed five-tier rack has bottom, lower, middle, upper, and top shelves, in that vertical order. Each shelf stays at its level throughout the scene. The key moves from the top shelf to the bottom shelf. The toy remains on the middle shelf.","In the room, a fixed five-tier rack has bottom, lower, middle, upper, and top shelves, in that vertical order. Each shelf stays at its level throughout the scene. The key moves from the bottom shelf to the top shelf. The toy remains on the middle shelf.",The key is below the toy.,The key is above the toy.,Target1,Target2,3,3,5,1,3,3,1,5,47,47,6,6
reference_cross_full__toy_key__measured_height__compact__target_first__target_first,1.1,applied,reference_crosses,full_crossing,reference_cross_full,toy_key,toy,key,measured_height,compact,target_first,target_first,above,below,still,still,down,up,"Heights are measured from the floor. The toy remains at a height of 3 feet from the floor. The key moves from a height of 5 feet to a height of 1 foot, measured from the floor.","Heights are measured from the floor. The toy remains at a height of 3 feet from the floor. The key moves from a height of 1 foot to a height of 5 feet, measured from the floor.",The toy is above the key.,The toy is below the key.,Target1,Target2,3,3,5,1,3,3,1,5,37,37,6,6
reference_cross_full__toy_key__measured_height__compact__target_first__reference_first,1.1,applied,reference_crosses,full_crossing,reference_cross_full,toy_key,toy,key,measured_height,compact,target_first,reference_first,below,above,still,still,down,up,"Heights are measured from the floor. The toy remains at a height of 3 feet from the floor. The key moves from a height of 5 feet to a height of 1 foot, measured from the floor.","Heights are measured from the floor. The toy remains at a height of 3 feet from the floor. The key moves from a height of 1 foot to a height of 5 feet, measured from the floor.",The key is below the toy.,The key is above the toy.,Target1,Target2,3,3,5,1,3,3,1,5,37,37,6,6
reference_cross_full__toy_key__measured_height__compact__reference_first__target_first,1.1,applied,reference_crosses,full_crossing,reference_cross_full,toy_key,toy,key,measured_height,compact,reference_first,target_first,above,below,still,still,down,up,"Heights are measured from the floor. The key moves from a height of 5 feet to a height of 1 foot, measured from the floor. The toy remains at a height of 3 feet from the floor.","Heights are measured from the floor. The key moves from a height of 1 foot to a height of 5 feet, measured from the floor. The toy remains at a height of 3 feet from the floor.",The toy is above the key.,The toy is below the key.,Target1,Target2,3,3,5,1,3,3,1,5,37,37,6,6
reference_cross_full__toy_key__measured_height__compact__reference_first__reference_first,1.1,applied,reference_crosses,full_crossing,reference_cross_full,toy_key,toy,key,measured_height,compact,reference_first,reference_first,below,above,still,still,down,up,"Heights are measured from the floor. The key moves from a height of 5 feet to a height of 1 foot, measured from the floor. The toy remains at a height of 3 feet from the floor.","Heights are measured from the floor. The key moves from a height of 1 foot to a height of 5 feet, measured from the floor. The toy remains at a height of 3 feet from the floor.",The key is below the toy.,The key is above the toy.,Target1,Target2,3,3,5,1,3,3,1,5,37,37,6,6
reference_cross_full__toy_key__measured_height__standard__target_first__target_first,1.1,applied,reference_crosses,full_crossing,reference_cross_full,toy_key,toy,key,measured_height,standard,target_first,target_first,above,below,still,still,down,up,"In the room, the heights of both objects are measured from the same floor. The toy remains at a height of 3 feet from the floor. The key moves from a height of 5 feet to a height of 1 foot, measured from the floor.","In the room, the heights of both objects are measured from the same floor. The toy remains at a height of 3 feet from the floor. The key moves from a height of 1 foot to a height of 5 feet, measured from the floor.",The toy is above the key.,The toy is below the key.,Target1,Target2,3,3,5,1,3,3,1,5,45,45,6,6
reference_cross_full__toy_key__measured_height__standard__target_first__reference_first,1.1,applied,reference_crosses,full_crossing,reference_cross_full,toy_key,toy,key,measured_height,standard,target_first,reference_first,below,above,still,still,down,up,"In the room, the heights of both objects are measured from the same floor. The toy remains at a height of 3 feet from the floor. The key moves from a height of 5 feet to a height of 1 foot, measured from the floor.","In the room, the heights of both objects are measured from the same floor. The toy remains at a height of 3 feet from the floor. The key moves from a height of 1 foot to a height of 5 feet, measured from the floor.",The key is below the toy.,The key is above the toy.,Target1,Target2,3,3,5,1,3,3,1,5,45,45,6,6
reference_cross_full__toy_key__measured_height__standard__reference_first__target_first,1.1,applied,reference_crosses,full_crossing,reference_cross_full,toy_key,toy,key,measured_height,standard,reference_first,target_first,above,below,still,still,down,up,"In the room, the heights of both objects are measured from the same floor. The key moves from a height of 5 feet to a height of 1 foot, measured from the floor. The toy remains at a height of 3 feet from the floor.","In the room, the heights of both objects are measured from the same floor. The key moves from a height of 1 foot to a height of 5 feet, measured from the floor. The toy remains at a height of 3 feet from the floor.",The toy is above the key.,The toy is below the key.,Target1,Target2,3,3,5,1,3,3,1,5,45,45,6,6
reference_cross_full__toy_key__measured_height__standard__reference_first__reference_first,1.1,applied,reference_crosses,full_crossing,reference_cross_full,toy_key,toy,key,measured_height,standard,reference_first,reference_first,below,above,still,still,down,up,"In the room, the heights of both objects are measured from the same floor. The key moves from a height of 5 feet to a height of 1 foot, measured from the floor. The toy remains at a height of 3 feet from the floor.","In the room, the heights of both objects are measured from the same floor. The key moves from a height of 1 foot to a height of 5 feet, measured from the floor. The toy remains at a height of 3 feet from the floor.",The key is below the toy.,The key is above the toy.,Target1,Target2,3,3,5,1,3,3,1,5,45,45,6,6
reference_cross_full__toy_key__measured_height__expanded__target_first__target_first,1.1,applied,reference_crosses,full_crossing,reference_cross_full,toy_key,toy,key,measured_height,expanded,target_first,target_first,above,below,still,still,down,up,"In the room, the heights of both objects are measured from the same level floor. The floor stays fixed while the objects move or remain still. The toy remains at a height of 3 feet from the floor. The key moves from a height of 5 feet to a height of 1 foot, measured from the floor.","In the room, the heights of both objects are measured from the same level floor. The floor stays fixed while the objects move or remain still. The toy remains at a height of 3 feet from the floor. The key moves from a height of 1 foot to a height of 5 feet, measured from the floor.",The toy is above the key.,The toy is below the key.,Target1,Target2,3,3,5,1,3,3,1,5,57,57,6,6
reference_cross_full__toy_key__measured_height__expanded__target_first__reference_first,1.1,applied,reference_crosses,full_crossing,reference_cross_full,toy_key,toy,key,measured_height,expanded,target_first,reference_first,below,above,still,still,down,up,"In the room, the heights of both objects are measured from the same level floor. The floor stays fixed while the objects move or remain still. The toy remains at a height of 3 feet from the floor. The key moves from a height of 5 feet to a height of 1 foot, measured from the floor.","In the room, the heights of both objects are measured from the same level floor. The floor stays fixed while the objects move or remain still. The toy remains at a height of 3 feet from the floor. The key moves from a height of 1 foot to a height of 5 feet, measured from the floor.",The key is below the toy.,The key is above the toy.,Target1,Target2,3,3,5,1,3,3,1,5,57,57,6,6
reference_cross_full__toy_key__measured_height__expanded__reference_first__target_first,1.1,applied,reference_crosses,full_crossing,reference_cross_full,toy_key,toy,key,measured_height,expanded,reference_first,target_first,above,below,still,still,down,up,"In the room, the heights of both objects are measured from the same level floor. The floor stays fixed while the objects move or remain still. The key moves from a height of 5 feet to a height of 1 foot, measured from the floor. The toy remains at a height of 3 feet from the floor.","In the room, the heights of both objects are measured from the same level floor. The floor stays fixed while the objects move or remain still. The key moves from a height of 1 foot to a height of 5 feet, measured from the floor. The toy remains at a height of 3 feet from the floor.",The toy is above the key.,The toy is below the key.,Target1,Target2,3,3,5,1,3,3,1,5,57,57,6,6
reference_cross_full__toy_key__measured_height__expanded__reference_first__reference_first,1.1,applied,reference_crosses,full_crossing,reference_cross_full,toy_key,toy,key,measured_height,expanded,reference_first,reference_first,below,above,still,still,down,up,"In the room, the heights of both objects are measured from the same level floor. The floor stays fixed while the objects move or remain still. The key moves from a height of 5 feet to a height of 1 foot, measured from the floor. The toy remains at a height of 3 feet from the floor.","In the room, the heights of both objects are measured from the same level floor. The floor stays fixed while the objects move or remain still. The key moves from a height of 1 foot to a height of 5 feet, measured from the floor. The toy remains at a height of 3 feet from the floor.",The key is below the toy.,The key is above the toy.,Target1,Target2,3,3,5,1,3,3,1,5,57,57,6,6
reference_cross_inner__ball_cone__named_shelves__compact__target_first__target_first,1.1,applied,reference_crosses,inner_crossing,reference_cross_inner,ball_cone,ball,cone,named_shelves,compact,target_first,target_first,above,below,still,still,down,up,"The rack's shelves run from bottom through lower, middle, and upper to top. The ball remains on the middle shelf. The cone moves from the upper shelf to the lower shelf.","The rack's shelves run from bottom through lower, middle, and upper to top. The ball remains on the middle shelf. The cone moves from the lower shelf to the upper shelf.",The ball is above the cone.,The ball is below the cone.,Target1,Target2,3,3,4,2,3,3,2,4,32,32,6,6
reference_cross_inner__ball_cone__named_shelves__compact__target_first__reference_first,1.1,applied,reference_crosses,inner_crossing,reference_cross_inner,ball_cone,ball,cone,named_shelves,compact,target_first,reference_first,below,above,still,still,down,up,"The rack's shelves run from bottom through lower, middle, and upper to top. The ball remains on the middle shelf. The cone moves from the upper shelf to the lower shelf.","The rack's shelves run from bottom through lower, middle, and upper to top. The ball remains on the middle shelf. The cone moves from the lower shelf to the upper shelf.",The cone is below the ball.,The cone is above the ball.,Target1,Target2,3,3,4,2,3,3,2,4,32,32,6,6
reference_cross_inner__ball_cone__named_shelves__compact__reference_first__target_first,1.1,applied,reference_crosses,inner_crossing,reference_cross_inner,ball_cone,ball,cone,named_shelves,compact,reference_first,target_first,above,below,still,still,down,up,"The rack's shelves run from bottom through lower, middle, and upper to top. The cone moves from the upper shelf to the lower shelf. The ball remains on the middle shelf.","The rack's shelves run from bottom through lower, middle, and upper to top. The cone moves from the lower shelf to the upper shelf. The ball remains on the middle shelf.",The ball is above the cone.,The ball is below the cone.,Target1,Target2,3,3,4,2,3,3,2,4,32,32,6,6
reference_cross_inner__ball_cone__named_shelves__compact__reference_first__reference_first,1.1,applied,reference_crosses,inner_crossing,reference_cross_inner,ball_cone,ball,cone,named_shelves,compact,reference_first,reference_first,below,above,still,still,down,up,"The rack's shelves run from bottom through lower, middle, and upper to top. The cone moves from the upper shelf to the lower shelf. The ball remains on the middle shelf.","The rack's shelves run from bottom through lower, middle, and upper to top. The cone moves from the lower shelf to the upper shelf. The ball remains on the middle shelf.",The cone is below the ball.,The cone is above the ball.,Target1,Target2,3,3,4,2,3,3,2,4,32,32,6,6
reference_cross_inner__ball_cone__named_shelves__standard__target_first__target_first,1.1,applied,reference_crosses,inner_crossing,reference_cross_inner,ball_cone,ball,cone,named_shelves,standard,target_first,target_first,above,below,still,still,down,up,"In the room, a five-tier rack has bottom, lower, middle, upper, and top shelves, in that vertical order. The ball remains on the middle shelf. The cone moves from the upper shelf to the lower shelf.","In the room, a five-tier rack has bottom, lower, middle, upper, and top shelves, in that vertical order. The ball remains on the middle shelf. The cone moves from the lower shelf to the upper shelf.",The ball is above the cone.,The ball is below the cone.,Target1,Target2,3,3,4,2,3,3,2,4,37,37,6,6
reference_cross_inner__ball_cone__named_shelves__standard__target_first__reference_first,1.1,applied,reference_crosses,inner_crossing,reference_cross_inner,ball_cone,ball,cone,named_shelves,standard,target_first,reference_first,below,above,still,still,down,up,"In the room, a five-tier rack has bottom, lower, middle, upper, and top shelves, in that vertical order. The ball remains on the middle shelf. The cone moves from the upper shelf to the lower shelf.","In the room, a five-tier rack has bottom, lower, middle, upper, and top shelves, in that vertical order. The ball remains on the middle shelf. The cone moves from the lower shelf to the upper shelf.",The cone is below the ball.,The cone is above the ball.,Target1,Target2,3,3,4,2,3,3,2,4,37,37,6,6
reference_cross_inner__ball_cone__named_shelves__standard__reference_first__target_first,1.1,applied,reference_crosses,inner_crossing,reference_cross_inner,ball_cone,ball,cone,named_shelves,standard,reference_first,target_first,above,below,still,still,down,up,"In the room, a five-tier rack has bottom, lower, middle, upper, and top shelves, in that vertical order. The cone moves from the upper shelf to the lower shelf. The ball remains on the middle shelf.","In the room, a five-tier rack has bottom, lower, middle, upper, and top shelves, in that vertical order. The cone moves from the lower shelf to the upper shelf. The ball remains on the middle shelf.",The ball is above the cone.,The ball is below the cone.,Target1,Target2,3,3,4,2,3,3,2,4,37,37,6,6
reference_cross_inner__ball_cone__named_shelves__standard__reference_first__reference_first,1.1,applied,reference_crosses,inner_crossing,reference_cross_inner,ball_cone,ball,cone,named_shelves,standard,reference_first,reference_first,below,above,still,still,down,up,"In the room, a five-tier rack has bottom, lower, middle, upper, and top shelves, in that vertical order. The cone moves from the upper shelf to the lower shelf. The ball remains on the middle shelf.","In the room, a five-tier rack has bottom, lower, middle, upper, and top shelves, in that vertical order. The cone moves from the lower shelf to the upper shelf. The ball remains on the middle shelf.",The cone is below the ball.,The cone is above the ball.,Target1,Target2,3,3,4,2,3,3,2,4,37,37,6,6
reference_cross_inner__ball_cone__named_shelves__expanded__target_first__target_first,1.1,applied,reference_crosses,inner_crossing,reference_cross_inner,ball_cone,ball,cone,named_shelves,expanded,target_first,target_first,above,below,still,still,down,up,"In the room, a fixed five-tier rack has bottom, lower, middle, upper, and top shelves, in that vertical order. Each shelf stays at its level throughout the scene. The ball remains on the middle shelf. The cone moves from the upper shelf to the lower shelf.","In the room, a fixed five-tier rack has bottom, lower, middle, upper, and top shelves, in that vertical order. Each shelf stays at its level throughout the scene. The ball remains on the middle shelf. The cone moves from the lower shelf to the upper shelf.",The ball is above the cone.,The ball is below the cone.,Target1,Target2,3,3,4,2,3,3,2,4,47,47,6,6
reference_cross_inner__ball_cone__named_shelves__expanded__target_first__reference_first,1.1,applied,reference_crosses,inner_crossing,reference_cross_inner,ball_cone,ball,cone,named_shelves,expanded,target_first,reference_first,below,above,still,still,down,up,"In the room, a fixed five-tier rack has bottom, lower, middle, upper, and top shelves, in that vertical order. Each shelf stays at its level throughout the scene. The ball remains on the middle shelf. The cone moves from the upper shelf to the lower shelf.","In the room, a fixed five-tier rack has bottom, lower, middle, upper, and top shelves, in that vertical order. Each shelf stays at its level throughout the scene. The ball remains on the middle shelf. The cone moves from the lower shelf to the upper shelf.",The cone is below the ball.,The cone is above the ball.,Target1,Target2,3,3,4,2,3,3,2,4,47,47,6,6
reference_cross_inner__ball_cone__named_shelves__expanded__reference_first__target_first,1.1,applied,reference_crosses,inner_crossing,reference_cross_inner,ball_cone,ball,cone,named_shelves,expanded,reference_first,target_first,above,below,still,still,down,up,"In the room, a fixed five-tier rack has bottom, lower, middle, upper, and top shelves, in that vertical order. Each shelf stays at its level throughout the scene. The cone moves from the upper shelf to the lower shelf. The ball remains on the middle shelf.","In the room, a fixed five-tier rack has bottom, lower, middle, upper, and top shelves, in that vertical order. Each shelf stays at its level throughout the scene. The cone moves from the lower shelf to the upper shelf. The ball remains on the middle shelf.",The ball is above the cone.,The ball is below the cone.,Target1,Target2,3,3,4,2,3,3,2,4,47,47,6,6
reference_cross_inner__ball_cone__named_shelves__expanded__reference_first__reference_first,1.1,applied,reference_crosses,inner_crossing,reference_cross_inner,ball_cone,ball,cone,named_shelves,expanded,reference_first,reference_first,below,above,still,still,down,up,"In the room, a fixed five-tier rack has bottom, lower, middle, upper, and top shelves, in that vertical order. Each shelf stays at its level throughout the scene. The cone moves from the upper shelf to the lower shelf. The ball remains on the middle shelf.","In the room, a fixed five-tier rack has bottom, lower, middle, upper, and top shelves, in that vertical order. Each shelf stays at its level throughout the scene. The cone moves from the lower shelf to the upper shelf. The ball remains on the middle shelf.",The cone is below the ball.,The cone is above the ball.,Target1,Target2,3,3,4,2,3,3,2,4,47,47,6,6
reference_cross_inner__ball_cone__measured_height__compact__target_first__target_first,1.1,applied,reference_crosses,inner_crossing,reference_cross_inner,ball_cone,ball,cone,measured_height,compact,target_first,target_first,above,below,still,still,down,up,"Heights are measured from the floor. The ball remains at a height of 3 feet from the floor. The cone moves from a height of 4 feet to a height of 2 feet, measured from the floor.","Heights are measured from the floor. The ball remains at a height of 3 feet from the floor. The cone moves from a height of 2 feet to a height of 4 feet, measured from the floor.",The ball is above the cone.,The ball is below the cone.,Target1,Target2,3,3,4,2,3,3,2,4,37,37,6,6
reference_cross_inner__ball_cone__measured_height__compact__target_first__reference_first,1.1,applied,reference_crosses,inner_crossing,reference_cross_inner,ball_cone,ball,cone,measured_height,compact,target_first,reference_first,below,above,still,still,down,up,"Heights are measured from the floor. The ball remains at a height of 3 feet from the floor. The cone moves from a height of 4 feet to a height of 2 feet, measured from the floor.","Heights are measured from the floor. The ball remains at a height of 3 feet from the floor. The cone moves from a height of 2 feet to a height of 4 feet, measured from the floor.",The cone is below the ball.,The cone is above the ball.,Target1,Target2,3,3,4,2,3,3,2,4,37,37,6,6
reference_cross_inner__ball_cone__measured_height__compact__reference_first__target_first,1.1,applied,reference_crosses,inner_crossing,reference_cross_inner,ball_cone,ball,cone,measured_height,compact,reference_first,target_first,above,below,still,still,down,up,"Heights are measured from the floor. The cone moves from a height of 4 feet to a height of 2 feet, measured from the floor. The ball remains at a height of 3 feet from the floor.","Heights are measured from the floor. The cone moves from a height of 2 feet to a height of 4 feet, measured from the floor. The ball remains at a height of 3 feet from the floor.",The ball is above the cone.,The ball is below the cone.,Target1,Target2,3,3,4,2,3,3,2,4,37,37,6,6
reference_cross_inner__ball_cone__measured_height__compact__reference_first__reference_first,1.1,applied,reference_crosses,inner_crossing,reference_cross_inner,ball_cone,ball,cone,measured_height,compact,reference_first,reference_first,below,above,still,still,down,up,"Heights are measured from the floor. The cone moves from a height of 4 feet to a height of 2 feet, measured from the floor. The ball remains at a height of 3 feet from the floor.","Heights are measured from the floor. The cone moves from a height of 2 feet to a height of 4 feet, measured from the floor. The ball remains at a height of 3 feet from the floor.",The cone is below the ball.,The cone is above the ball.,Target1,Target2,3,3,4,2,3,3,2,4,37,37,6,6
reference_cross_inner__ball_cone__measured_height__standard__target_first__target_first,1.1,applied,reference_crosses,inner_crossing,reference_cross_inner,ball_cone,ball,cone,measured_height,standard,target_first,target_first,above,below,still,still,down,up,"In the room, the heights of both objects are measured from the same floor. The ball remains at a height of 3 feet from the floor. The cone moves from a height of 4 feet to a height of 2 feet, measured from the floor.","In the room, the heights of both objects are measured from the same floor. The ball remains at a height of 3 feet from the floor. The cone moves from a height of 2 feet to a height of 4 feet, measured from the floor.",The ball is above the cone.,The ball is below the cone.,Target1,Target2,3,3,4,2,3,3,2,4,45,45,6,6
reference_cross_inner__ball_cone__measured_height__standard__target_first__reference_first,1.1,applied,reference_crosses,inner_crossing,reference_cross_inner,ball_cone,ball,cone,measured_height,standard,target_first,reference_first,below,above,still,still,down,up,"In the room, the heights of both objects are measured from the same floor. The ball remains at a height of 3 feet from the floor. The cone moves from a height of 4 feet to a height of 2 feet, measured from the floor.","In the room, the heights of both objects are measured from the same floor. The ball remains at a height of 3 feet from the floor. The cone moves from a height of 2 feet to a height of 4 feet, measured from the floor.",The cone is below the ball.,The cone is above the ball.,Target1,Target2,3,3,4,2,3,3,2,4,45,45,6,6
reference_cross_inner__ball_cone__measured_height__standard__reference_first__target_first,1.1,applied,reference_crosses,inner_crossing,reference_cross_inner,ball_cone,ball,cone,measured_height,standard,reference_first,target_first,above,below,still,still,down,up,"In the room, the heights of both objects are measured from the same floor. The cone moves from a height of 4 feet to a height of 2 feet, measured from the floor. The ball remains at a height of 3 feet from the floor.","In the room, the heights of both objects are measured from the same floor. The cone moves from a height of 2 feet to a height of 4 feet, measured from the floor. The ball remains at a height of 3 feet from the floor.",The ball is above the cone.,The ball is below the cone.,Target1,Target2,3,3,4,2,3,3,2,4,45,45,6,6
reference_cross_inner__ball_cone__measured_height__standard__reference_first__reference_first,1.1,applied,reference_crosses,inner_crossing,reference_cross_inner,ball_cone,ball,cone,measured_height,standard,reference_first,reference_first,below,above,still,still,down,up,"In the room, the heights of both objects are measured from the same floor. The cone moves from a height of 4 feet to a height of 2 feet, measured from the floor. The ball remains at a height of 3 feet from the floor.","In the room, the heights of both objects are measured from the same floor. The cone moves from a height of 2 feet to a height of 4 feet, measured from the floor. The ball remains at a height of 3 feet from the floor.",The cone is below the ball.,The cone is above the ball.,Target1,Target2,3,3,4,2,3,3,2,4,45,45,6,6
reference_cross_inner__ball_cone__measured_height__expanded__target_first__target_first,1.1,applied,reference_crosses,inner_crossing,reference_cross_inner,ball_cone,ball,cone,measured_height,expanded,target_first,target_first,above,below,still,still,down,up,"In the room, the heights of both objects are measured from the same level floor. The floor stays fixed while the objects move or remain still. The ball remains at a height of 3 feet from the floor. The cone moves from a height of 4 feet to a height of 2 feet, measured from the floor.","In the room, the heights of both objects are measured from the same level floor. The floor stays fixed while the objects move or remain still. The ball remains at a height of 3 feet from the floor. The cone moves from a height of 2 feet to a height of 4 feet, measured from the floor.",The ball is above the cone.,The ball is below the cone.,Target1,Target2,3,3,4,2,3,3,2,4,57,57,6,6
reference_cross_inner__ball_cone__measured_height__expanded__target_first__reference_first,1.1,applied,reference_crosses,inner_crossing,reference_cross_inner,ball_cone,ball,cone,measured_height,expanded,target_first,reference_first,below,above,still,still,down,up,"In the room, the heights of both objects are measured from the same level floor. The floor stays fixed while the objects move or remain still. The ball remains at a height of 3 feet from the floor. The cone moves from a height of 4 feet to a height of 2 feet, measured from the floor.","In the room, the heights of both objects are measured from the same level floor. The floor stays fixed while the objects move or remain still. The ball remains at a height of 3 feet from the floor. The cone moves from a height of 2 feet to a height of 4 feet, measured from the floor.",The cone is below the ball.,The cone is above the ball.,Target1,Target2,3,3,4,2,3,3,2,4,57,57,6,6
reference_cross_inner__ball_cone__measured_height__expanded__reference_first__target_first,1.1,applied,reference_crosses,inner_crossing,reference_cross_inner,ball_cone,ball,cone,measured_height,expanded,reference_first,target_first,above,below,still,still,down,up,"In the room, the heights of both objects are measured from the same level floor. The floor stays fixed while the objects move or remain still. The cone moves from a height of 4 feet to a height of 2 feet, measured from the floor. The ball remains at a height of 3 feet from the floor.","In the room, the heights of both objects are measured from the same level floor. The floor stays fixed while the objects move or remain still. The cone moves from a height of 2 feet to a height of 4 feet, measured from the floor. The ball remains at a height of 3 feet from the floor.",The ball is above the cone.,The ball is below the cone.,Target1,Target2,3,3,4,2,3,3,2,4,57,57,6,6
reference_cross_inner__ball_cone__measured_height__expanded__reference_first__reference_first,1.1,applied,reference_crosses,inner_crossing,reference_cross_inner,ball_cone,ball,cone,measured_height,expanded,reference_first,reference_first,below,above,still,still,down,up,"In the room, the heights of both objects are measured from the same level floor. The floor stays fixed while the objects move or remain still. The cone moves from a height of 4 feet to a height of 2 feet, measured from the floor. The ball remains at a height of 3 feet from the floor.","In the room, the heights of both objects are measured from the same level floor. The floor stays fixed while the objects move or remain still. The cone moves from a height of 2 feet to a height of 4 feet, measured from the floor. The ball remains at a height of 3 feet from the floor.",The cone is below the ball.,The cone is above the ball.,Target1,Target2,3,3,4,2,3,3,2,4,57,57,6,6
reference_cross_inner__cup_box__named_shelves__compact__target_first__target_first,1.1,applied,reference_crosses,inner_crossing,reference_cross_inner,cup_box,cup,box,named_shelves,compact,target_first,target_first,above,below,still,still,down,up,"The rack's shelves run from bottom through lower, middle, and upper to top. The cup remains on the middle shelf. The box moves from the upper shelf to the lower shelf.","The rack's shelves run from bottom through lower, middle, and upper to top. The cup remains on the middle shelf. The box moves from the lower shelf to the upper shelf.",The cup is above the box.,The cup is below the box.,Target1,Target2,3,3,4,2,3,3,2,4,32,32,6,6
reference_cross_inner__cup_box__named_shelves__compact__target_first__reference_first,1.1,applied,reference_crosses,inner_crossing,reference_cross_inner,cup_box,cup,box,named_shelves,compact,target_first,reference_first,below,above,still,still,down,up,"The rack's shelves run from bottom through lower, middle, and upper to top. The cup remains on the middle shelf. The box moves from the upper shelf to the lower shelf.","The rack's shelves run from bottom through lower, middle, and upper to top. The cup remains on the middle shelf. The box moves from the lower shelf to the upper shelf.",The box is below the cup.,The box is above the cup.,Target1,Target2,3,3,4,2,3,3,2,4,32,32,6,6
reference_cross_inner__cup_box__named_shelves__compact__reference_first__target_first,1.1,applied,reference_crosses,inner_crossing,reference_cross_inner,cup_box,cup,box,named_shelves,compact,reference_first,target_first,above,below,still,still,down,up,"The rack's shelves run from bottom through lower, middle, and upper to top. The box moves from the upper shelf to the lower shelf. The cup remains on the middle shelf.","The rack's shelves run from bottom through lower, middle, and upper to top. The box moves from the lower shelf to the upper shelf. The cup remains on the middle shelf.",The cup is above the box.,The cup is below the box.,Target1,Target2,3,3,4,2,3,3,2,4,32,32,6,6
reference_cross_inner__cup_box__named_shelves__compact__reference_first__reference_first,1.1,applied,reference_crosses,inner_crossing,reference_cross_inner,cup_box,cup,box,named_shelves,compact,reference_first,reference_first,below,above,still,still,down,up,"The rack's shelves run from bottom through lower, middle, and upper to top. The box moves from the upper shelf to the lower shelf. The cup remains on the middle shelf.","The rack's shelves run from bottom through lower, middle, and upper to top. The box moves from the lower shelf to the upper shelf. The cup remains on the middle shelf.",The box is below the cup.,The box is above the cup.,Target1,Target2,3,3,4,2,3,3,2,4,32,32,6,6
reference_cross_inner__cup_box__named_shelves__standard__target_first__target_first,1.1,applied,reference_crosses,inner_crossing,reference_cross_inner,cup_box,cup,box,named_shelves,standard,target_first,target_first,above,below,still,still,down,up,"In the room, a five-tier rack has bottom, lower, middle, upper, and top shelves, in that vertical order. The cup remains on the middle shelf. The box moves from the upper shelf to the lower shelf.","In the room, a five-tier rack has bottom, lower, middle, upper, and top shelves, in that vertical order. The cup remains on the middle shelf. The box moves from the lower shelf to the upper shelf.",The cup is above the box.,The cup is below the box.,Target1,Target2,3,3,4,2,3,3,2,4,37,37,6,6
reference_cross_inner__cup_box__named_shelves__standard__target_first__reference_first,1.1,applied,reference_crosses,inner_crossing,reference_cross_inner,cup_box,cup,box,named_shelves,standard,target_first,reference_first,below,above,still,still,down,up,"In the room, a five-tier rack has bottom, lower, middle, upper, and top shelves, in that vertical order. The cup remains on the middle shelf. The box moves from the upper shelf to the lower shelf.","In the room, a five-tier rack has bottom, lower, middle, upper, and top shelves, in that vertical order. The cup remains on the middle shelf. The box moves from the lower shelf to the upper shelf.",The box is below the cup.,The box is above the cup.,Target1,Target2,3,3,4,2,3,3,2,4,37,37,6,6
reference_cross_inner__cup_box__named_shelves__standard__reference_first__target_first,1.1,applied,reference_crosses,inner_crossing,reference_cross_inner,cup_box,cup,box,named_shelves,standard,reference_first,target_first,above,below,still,still,down,up,"In the room, a five-tier rack has bottom, lower, middle, upper, and top shelves, in that vertical order. The box moves from the upper shelf to the lower shelf. The cup remains on the middle shelf.","In the room, a five-tier rack has bottom, lower, middle, upper, and top shelves, in that vertical order. The box moves from the lower shelf to the upper shelf. The cup remains on the middle shelf.",The cup is above the box.,The cup is below the box.,Target1,Target2,3,3,4,2,3,3,2,4,37,37,6,6
reference_cross_inner__cup_box__named_shelves__standard__reference_first__reference_first,1.1,applied,reference_crosses,inner_crossing,reference_cross_inner,cup_box,cup,box,named_shelves,standard,reference_first,reference_first,below,above,still,still,down,up,"In the room, a five-tier rack has bottom, lower, middle, upper, and top shelves, in that vertical order. The box moves from the upper shelf to the lower shelf. The cup remains on the middle shelf.","In the room, a five-tier rack has bottom, lower, middle, upper, and top shelves, in that vertical order. The box moves from the lower shelf to the upper shelf. The cup remains on the middle shelf.",The box is below the cup.,The box is above the cup.,Target1,Target2,3,3,4,2,3,3,2,4,37,37,6,6
reference_cross_inner__cup_box__named_shelves__expanded__target_first__target_first,1.1,applied,reference_crosses,inner_crossing,reference_cross_inner,cup_box,cup,box,named_shelves,expanded,target_first,target_first,above,below,still,still,down,up,"In the room, a fixed five-tier rack has bottom, lower, middle, upper, and top shelves, in that vertical order. Each shelf stays at its level throughout the scene. The cup remains on the middle shelf. The box moves from the upper shelf to the lower shelf.","In the room, a fixed five-tier rack has bottom, lower, middle, upper, and top shelves, in that vertical order. Each shelf stays at its level throughout the scene. The cup remains on the middle shelf. The box moves from the lower shelf to the upper shelf.",The cup is above the box.,The cup is below the box.,Target1,Target2,3,3,4,2,3,3,2,4,47,47,6,6
reference_cross_inner__cup_box__named_shelves__expanded__target_first__reference_first,1.1,applied,reference_crosses,inner_crossing,reference_cross_inner,cup_box,cup,box,named_shelves,expanded,target_first,reference_first,below,above,still,still,down,up,"In the room, a fixed five-tier rack has bottom, lower, middle, upper, and top shelves, in that vertical order. Each shelf stays at its level throughout the scene. The cup remains on the middle shelf. The box moves from the upper shelf to the lower shelf.","In the room, a fixed five-tier rack has bottom, lower, middle, upper, and top shelves, in that vertical order. Each shelf stays at its level throughout the scene. The cup remains on the middle shelf. The box moves from the lower shelf to the upper shelf.",The box is below the cup.,The box is above the cup.,Target1,Target2,3,3,4,2,3,3,2,4,47,47,6,6
reference_cross_inner__cup_box__named_shelves__expanded__reference_first__target_first,1.1,applied,reference_crosses,inner_crossing,reference_cross_inner,cup_box,cup,box,named_shelves,expanded,reference_first,target_first,above,below,still,still,down,up,"In the room, a fixed five-tier rack has bottom, lower, middle, upper, and top shelves, in that vertical order. Each shelf stays at its level throughout the scene. The box moves from the upper shelf to the lower shelf. The cup remains on the middle shelf.","In the room, a fixed five-tier rack has bottom, lower, middle, upper, and top shelves, in that vertical order. Each shelf stays at its level throughout the scene. The box moves from the lower shelf to the upper shelf. The cup remains on the middle shelf.",The cup is above the box.,The cup is below the box.,Target1,Target2,3,3,4,2,3,3,2,4,47,47,6,6
reference_cross_inner__cup_box__named_shelves__expanded__reference_first__reference_first,1.1,applied,reference_crosses,inner_crossing,reference_cross_inner,cup_box,cup,box,named_shelves,expanded,reference_first,reference_first,below,above,still,still,down,up,"In the room, a fixed five-tier rack has bottom, lower, middle, upper, and top shelves, in that vertical order. Each shelf stays at its level throughout the scene. The box moves from the upper shelf to the lower shelf. The cup remains on the middle shelf.","In the room, a fixed five-tier rack has bottom, lower, middle, upper, and top shelves, in that vertical order. Each shelf stays at its level throughout the scene. The box moves from the lower shelf to the upper shelf. The cup remains on the middle shelf.",The box is below the cup.,The box is above the cup.,Target1,Target2,3,3,4,2,3,3,2,4,47,47,6,6
reference_cross_inner__cup_box__measured_height__compact__target_first__target_first,1.1,applied,reference_crosses,inner_crossing,reference_cross_inner,cup_box,cup,box,measured_height,compact,target_first,target_first,above,below,still,still,down,up,"Heights are measured from the floor. The cup remains at a height of 3 feet from the floor. The box moves from a height of 4 feet to a height of 2 feet, measured from the floor.","Heights are measured from the floor. The cup remains at a height of 3 feet from the floor. The box moves from a height of 2 feet to a height of 4 feet, measured from the floor.",The cup is above the box.,The cup is below the box.,Target1,Target2,3,3,4,2,3,3,2,4,37,37,6,6
reference_cross_inner__cup_box__measured_height__compact__target_first__reference_first,1.1,applied,reference_crosses,inner_crossing,reference_cross_inner,cup_box,cup,box,measured_height,compact,target_first,reference_first,below,above,still,still,down,up,"Heights are measured from the floor. The cup remains at a height of 3 feet from the floor. The box moves from a height of 4 feet to a height of 2 feet, measured from the floor.","Heights are measured from the floor. The cup remains at a height of 3 feet from the floor. The box moves from a height of 2 feet to a height of 4 feet, measured from the floor.",The box is below the cup.,The box is above the cup.,Target1,Target2,3,3,4,2,3,3,2,4,37,37,6,6
reference_cross_inner__cup_box__measured_height__compact__reference_first__target_first,1.1,applied,reference_crosses,inner_crossing,reference_cross_inner,cup_box,cup,box,measured_height,compact,reference_first,target_first,above,below,still,still,down,up,"Heights are measured from the floor. The box moves from a height of 4 feet to a height of 2 feet, measured from the floor. The cup remains at a height of 3 feet from the floor.","Heights are measured from the floor. The box moves from a height of 2 feet to a height of 4 feet, measured from the floor. The cup remains at a height of 3 feet from the floor.",The cup is above the box.,The cup is below the box.,Target1,Target2,3,3,4,2,3,3,2,4,37,37,6,6
reference_cross_inner__cup_box__measured_height__compact__reference_first__reference_first,1.1,applied,reference_crosses,inner_crossing,reference_cross_inner,cup_box,cup,box,measured_height,compact,reference_first,reference_first,below,above,still,still,down,up,"Heights are measured from the floor. The box moves from a height of 4 feet to a height of 2 feet, measured from the floor. The cup remains at a height of 3 feet from the floor.","Heights are measured from the floor. The box moves from a height of 2 feet to a height of 4 feet, measured from the floor. The cup remains at a height of 3 feet from the floor.",The box is below the cup.,The box is above the cup.,Target1,Target2,3,3,4,2,3,3,2,4,37,37,6,6
reference_cross_inner__cup_box__measured_height__standard__target_first__target_first,1.1,applied,reference_crosses,inner_crossing,reference_cross_inner,cup_box,cup,box,measured_height,standard,target_first,target_first,above,below,still,still,down,up,"In the room, the heights of both objects are measured from the same floor. The cup remains at a height of 3 feet from the floor. The box moves from a height of 4 feet to a height of 2 feet, measured from the floor.","In the room, the heights of both objects are measured from the same floor. The cup remains at a height of 3 feet from the floor. The box moves from a height of 2 feet to a height of 4 feet, measured from the floor.",The cup is above the box.,The cup is below the box.,Target1,Target2,3,3,4,2,3,3,2,4,45,45,6,6
reference_cross_inner__cup_box__measured_height__standard__target_first__reference_first,1.1,applied,reference_crosses,inner_crossing,reference_cross_inner,cup_box,cup,box,measured_height,standard,target_first,reference_first,below,above,still,still,down,up,"In the room, the heights of both objects are measured from the same floor. The cup remains at a height of 3 feet from the floor. The box moves from a height of 4 feet to a height of 2 feet, measured from the floor.","In the room, the heights of both objects are measured from the same floor. The cup remains at a height of 3 feet from the floor. The box moves from a height of 2 feet to a height of 4 feet, measured from the floor.",The box is below the cup.,The box is above the cup.,Target1,Target2,3,3,4,2,3,3,2,4,45,45,6,6
reference_cross_inner__cup_box__measured_height__standard__reference_first__target_first,1.1,applied,reference_crosses,inner_crossing,reference_cross_inner,cup_box,cup,box,measured_height,standard,reference_first,target_first,above,below,still,still,down,up,"In the room, the heights of both objects are measured from the same floor. The box moves from a height of 4 feet to a height of 2 feet, measured from the floor. The cup remains at a height of 3 feet from the floor.","In the room, the heights of both objects are measured from the same floor. The box moves from a height of 2 feet to a height of 4 feet, measured from the floor. The cup remains at a height of 3 feet from the floor.",The cup is above the box.,The cup is below the box.,Target1,Target2,3,3,4,2,3,3,2,4,45,45,6,6
reference_cross_inner__cup_box__measured_height__standard__reference_first__reference_first,1.1,applied,reference_crosses,inner_crossing,reference_cross_inner,cup_box,cup,box,measured_height,standard,reference_first,reference_first,below,above,still,still,down,up,"In the room, the heights of both objects are measured from the same floor. The box moves from a height of 4 feet to a height of 2 feet, measured from the floor. The cup remains at a height of 3 feet from the floor.","In the room, the heights of both objects are measured from the same floor. The box moves from a height of 2 feet to a height of 4 feet, measured from the floor. The cup remains at a height of 3 feet from the floor.",The box is below the cup.,The box is above the cup.,Target1,Target2,3,3,4,2,3,3,2,4,45,45,6,6
reference_cross_inner__cup_box__measured_height__expanded__target_first__target_first,1.1,applied,reference_crosses,inner_crossing,reference_cross_inner,cup_box,cup,box,measured_height,expanded,target_first,target_first,above,below,still,still,down,up,"In the room, the heights of both objects are measured from the same level floor. The floor stays fixed while the objects move or remain still. The cup remains at a height of 3 feet from the floor. The box moves from a height of 4 feet to a height of 2 feet, measured from the floor.","In the room, the heights of both objects are measured from the same level floor. The floor stays fixed while the objects move or remain still. The cup remains at a height of 3 feet from the floor. The box moves from a height of 2 feet to a height of 4 feet, measured from the floor.",The cup is above the box.,The cup is below the box.,Target1,Target2,3,3,4,2,3,3,2,4,57,57,6,6
reference_cross_inner__cup_box__measured_height__expanded__target_first__reference_first,1.1,applied,reference_crosses,inner_crossing,reference_cross_inner,cup_box,cup,box,measured_height,expanded,target_first,reference_first,below,above,still,still,down,up,"In the room, the heights of both objects are measured from the same level floor. The floor stays fixed while the objects move or remain still. The cup remains at a height of 3 feet from the floor. The box moves from a height of 4 feet to a height of 2 feet, measured from the floor.","In the room, the heights of both objects are measured from the same level floor. The floor stays fixed while the objects move or remain still. The cup remains at a height of 3 feet from the floor. The box moves from a height of 2 feet to a height of 4 feet, measured from the floor.",The box is below the cup.,The box is above the cup.,Target1,Target2,3,3,4,2,3,3,2,4,57,57,6,6
reference_cross_inner__cup_box__measured_height__expanded__reference_first__target_first,1.1,applied,reference_crosses,inner_crossing,reference_cross_inner,cup_box,cup,box,measured_height,expanded,reference_first,target_first,above,below,still,still,down,up,"In the room, the heights of both objects are measured from the same level floor. The floor stays fixed while the objects move or remain still. The box moves from a height of 4 feet to a height of 2 feet, measured from the floor. The cup remains at a height of 3 feet from the floor.","In the room, the heights of both objects are measured from the same level floor. The floor stays fixed while the objects move or remain still. The box moves from a height of 2 feet to a height of 4 feet, measured from the floor. The cup remains at a height of 3 feet from the floor.",The cup is above the box.,The cup is below the box.,Target1,Target2,3,3,4,2,3,3,2,4,57,57,6,6
reference_cross_inner__cup_box__measured_height__expanded__reference_first__reference_first,1.1,applied,reference_crosses,inner_crossing,reference_cross_inner,cup_box,cup,box,measured_height,expanded,reference_first,reference_first,below,above,still,still,down,up,"In the room, the heights of both objects are measured from the same level floor. The floor stays fixed while the objects move or remain still. The box moves from a height of 4 feet to a height of 2 feet, measured from the floor. The cup remains at a height of 3 feet from the floor.","In the room, the heights of both objects are measured from the same level floor. The floor stays fixed while the objects move or remain still. The box moves from a height of 2 feet to a height of 4 feet, measured from the floor. The cup remains at a height of 3 feet from the floor.",The box is below the cup.,The box is above the cup.,Target1,Target2,3,3,4,2,3,3,2,4,57,57,6,6
reference_cross_inner__book_jar__named_shelves__compact__target_first__target_first,1.1,applied,reference_crosses,inner_crossing,reference_cross_inner,book_jar,book,jar,named_shelves,compact,target_first,target_first,above,below,still,still,down,up,"The rack's shelves run from bottom through lower, middle, and upper to top. The book remains on the middle shelf. The jar moves from the upper shelf to the lower shelf.","The rack's shelves run from bottom through lower, middle, and upper to top. The book remains on the middle shelf. The jar moves from the lower shelf to the upper shelf.",The book is above the jar.,The book is below the jar.,Target1,Target2,3,3,4,2,3,3,2,4,32,32,6,6
reference_cross_inner__book_jar__named_shelves__compact__target_first__reference_first,1.1,applied,reference_crosses,inner_crossing,reference_cross_inner,book_jar,book,jar,named_shelves,compact,target_first,reference_first,below,above,still,still,down,up,"The rack's shelves run from bottom through lower, middle, and upper to top. The book remains on the middle shelf. The jar moves from the upper shelf to the lower shelf.","The rack's shelves run from bottom through lower, middle, and upper to top. The book remains on the middle shelf. The jar moves from the lower shelf to the upper shelf.",The jar is below the book.,The jar is above the book.,Target1,Target2,3,3,4,2,3,3,2,4,32,32,6,6
reference_cross_inner__book_jar__named_shelves__compact__reference_first__target_first,1.1,applied,reference_crosses,inner_crossing,reference_cross_inner,book_jar,book,jar,named_shelves,compact,reference_first,target_first,above,below,still,still,down,up,"The rack's shelves run from bottom through lower, middle, and upper to top. The jar moves from the upper shelf to the lower shelf. The book remains on the middle shelf.","The rack's shelves run from bottom through lower, middle, and upper to top. The jar moves from the lower shelf to the upper shelf. The book remains on the middle shelf.",The book is above the jar.,The book is below the jar.,Target1,Target2,3,3,4,2,3,3,2,4,32,32,6,6
reference_cross_inner__book_jar__named_shelves__compact__reference_first__reference_first,1.1,applied,reference_crosses,inner_crossing,reference_cross_inner,book_jar,book,jar,named_shelves,compact,reference_first,reference_first,below,above,still,still,down,up,"The rack's shelves run from bottom through lower, middle, and upper to top. The jar moves from the upper shelf to the lower shelf. The book remains on the middle shelf.","The rack's shelves run from bottom through lower, middle, and upper to top. The jar moves from the lower shelf to the upper shelf. The book remains on the middle shelf.",The jar is below the book.,The jar is above the book.,Target1,Target2,3,3,4,2,3,3,2,4,32,32,6,6
reference_cross_inner__book_jar__named_shelves__standard__target_first__target_first,1.1,applied,reference_crosses,inner_crossing,reference_cross_inner,book_jar,book,jar,named_shelves,standard,target_first,target_first,above,below,still,still,down,up,"In the room, a five-tier rack has bottom, lower, middle, upper, and top shelves, in that vertical order. The book remains on the middle shelf. The jar moves from the upper shelf to the lower shelf.","In the room, a five-tier rack has bottom, lower, middle, upper, and top shelves, in that vertical order. The book remains on the middle shelf. The jar moves from the lower shelf to the upper shelf.",The book is above the jar.,The book is below the jar.,Target1,Target2,3,3,4,2,3,3,2,4,37,37,6,6
reference_cross_inner__book_jar__named_shelves__standard__target_first__reference_first,1.1,applied,reference_crosses,inner_crossing,reference_cross_inner,book_jar,book,jar,named_shelves,standard,target_first,reference_first,below,above,still,still,down,up,"In the room, a five-tier rack has bottom, lower, middle, upper, and top shelves, in that vertical order. The book remains on the middle shelf. The jar moves from the upper shelf to the lower shelf.","In the room, a five-tier rack has bottom, lower, middle, upper, and top shelves, in that vertical order. The book remains on the middle shelf. The jar moves from the lower shelf to the upper shelf.",The jar is below the book.,The jar is above the book.,Target1,Target2,3,3,4,2,3,3,2,4,37,37,6,6
reference_cross_inner__book_jar__named_shelves__standard__reference_first__target_first,1.1,applied,reference_crosses,inner_crossing,reference_cross_inner,book_jar,book,jar,named_shelves,standard,reference_first,target_first,above,below,still,still,down,up,"In the room, a five-tier rack has bottom, lower, middle, upper, and top shelves, in that vertical order. The jar moves from the upper shelf to the lower shelf. The book remains on the middle shelf.","In the room, a five-tier rack has bottom, lower, middle, upper, and top shelves, in that vertical order. The jar moves from the lower shelf to the upper shelf. The book remains on the middle shelf.",The book is above the jar.,The book is below the jar.,Target1,Target2,3,3,4,2,3,3,2,4,37,37,6,6
reference_cross_inner__book_jar__named_shelves__standard__reference_first__reference_first,1.1,applied,reference_crosses,inner_crossing,reference_cross_inner,book_jar,book,jar,named_shelves,standard,reference_first,reference_first,below,above,still,still,down,up,"In the room, a five-tier rack has bottom, lower, middle, upper, and top shelves, in that vertical order. The jar moves from the upper shelf to the lower shelf. The book remains on the middle shelf.","In the room, a five-tier rack has bottom, lower, middle, upper, and top shelves, in that vertical order. The jar moves from the lower shelf to the upper shelf. The book remains on the middle shelf.",The jar is below the book.,The jar is above the book.,Target1,Target2,3,3,4,2,3,3,2,4,37,37,6,6
reference_cross_inner__book_jar__named_shelves__expanded__target_first__target_first,1.1,applied,reference_crosses,inner_crossing,reference_cross_inner,book_jar,book,jar,named_shelves,expanded,target_first,target_first,above,below,still,still,down,up,"In the room, a fixed five-tier rack has bottom, lower, middle, upper, and top shelves, in that vertical order. Each shelf stays at its level throughout the scene. The book remains on the middle shelf. The jar moves from the upper shelf to the lower shelf.","In the room, a fixed five-tier rack has bottom, lower, middle, upper, and top shelves, in that vertical order. Each shelf stays at its level throughout the scene. The book remains on the middle shelf. The jar moves from the lower shelf to the upper shelf.",The book is above the jar.,The book is below the jar.,Target1,Target2,3,3,4,2,3,3,2,4,47,47,6,6
reference_cross_inner__book_jar__named_shelves__expanded__target_first__reference_first,1.1,applied,reference_crosses,inner_crossing,reference_cross_inner,book_jar,book,jar,named_shelves,expanded,target_first,reference_first,below,above,still,still,down,up,"In the room, a fixed five-tier rack has bottom, lower, middle, upper, and top shelves, in that vertical order. Each shelf stays at its level throughout the scene. The book remains on the middle shelf. The jar moves from the upper shelf to the lower shelf.","In the room, a fixed five-tier rack has bottom, lower, middle, upper, and top shelves, in that vertical order. Each shelf stays at its level throughout the scene. The book remains on the middle shelf. The jar moves from the lower shelf to the upper shelf.",The jar is below the book.,The jar is above the book.,Target1,Target2,3,3,4,2,3,3,2,4,47,47,6,6
reference_cross_inner__book_jar__named_shelves__expanded__reference_first__target_first,1.1,applied,reference_crosses,inner_crossing,reference_cross_inner,book_jar,book,jar,named_shelves,expanded,reference_first,target_first,above,below,still,still,down,up,"In the room, a fixed five-tier rack has bottom, lower, middle, upper, and top shelves, in that vertical order. Each shelf stays at its level throughout the scene. The jar moves from the upper shelf to the lower shelf. The book remains on the middle shelf.","In the room, a fixed five-tier rack has bottom, lower, middle, upper, and top shelves, in that vertical order. Each shelf stays at its level throughout the scene. The jar moves from the lower shelf to the upper shelf. The book remains on the middle shelf.",The book is above the jar.,The book is below the jar.,Target1,Target2,3,3,4,2,3,3,2,4,47,47,6,6
reference_cross_inner__book_jar__named_shelves__expanded__reference_first__reference_first,1.1,applied,reference_crosses,inner_crossing,reference_cross_inner,book_jar,book,jar,named_shelves,expanded,reference_first,reference_first,below,above,still,still,down,up,"In the room, a fixed five-tier rack has bottom, lower, middle, upper, and top shelves, in that vertical order. Each shelf stays at its level throughout the scene. The jar moves from the upper shelf to the lower shelf. The book remains on the middle shelf.","In the room, a fixed five-tier rack has bottom, lower, middle, upper, and top shelves, in that vertical order. Each shelf stays at its level throughout the scene. The jar moves from the lower shelf to the upper shelf. The book remains on the middle shelf.",The jar is below the book.,The jar is above the book.,Target1,Target2,3,3,4,2,3,3,2,4,47,47,6,6
reference_cross_inner__book_jar__measured_height__compact__target_first__target_first,1.1,applied,reference_crosses,inner_crossing,reference_cross_inner,book_jar,book,jar,measured_height,compact,target_first,target_first,above,below,still,still,down,up,"Heights are measured from the floor. The book remains at a height of 3 feet from the floor. The jar moves from a height of 4 feet to a height of 2 feet, measured from the floor.","Heights are measured from the floor. The book remains at a height of 3 feet from the floor. The jar moves from a height of 2 feet to a height of 4 feet, measured from the floor.",The book is above the jar.,The book is below the jar.,Target1,Target2,3,3,4,2,3,3,2,4,37,37,6,6
reference_cross_inner__book_jar__measured_height__compact__target_first__reference_first,1.1,applied,reference_crosses,inner_crossing,reference_cross_inner,book_jar,book,jar,measured_height,compact,target_first,reference_first,below,above,still,still,down,up,"Heights are measured from the floor. The book remains at a height of 3 feet from the floor. The jar moves from a height of 4 feet to a height of 2 feet, measured from the floor.","Heights are measured from the floor. The book remains at a height of 3 feet from the floor. The jar moves from a height of 2 feet to a height of 4 feet, measured from the floor.",The jar is below the book.,The jar is above the book.,Target1,Target2,3,3,4,2,3,3,2,4,37,37,6,6
reference_cross_inner__book_jar__measured_height__compact__reference_first__target_first,1.1,applied,reference_crosses,inner_crossing,reference_cross_inner,book_jar,book,jar,measured_height,compact,reference_first,target_first,above,below,still,still,down,up,"Heights are measured from the floor. The jar moves from a height of 4 feet to a height of 2 feet, measured from the floor. The book remains at a height of 3 feet from the floor.","Heights are measured from the floor. The jar moves from a height of 2 feet to a height of 4 feet, measured from the floor. The book remains at a height of 3 feet from the floor.",The book is above the jar.,The book is below the jar.,Target1,Target2,3,3,4,2,3,3,2,4,37,37,6,6
reference_cross_inner__book_jar__measured_height__compact__reference_first__reference_first,1.1,applied,reference_crosses,inner_crossing,reference_cross_inner,book_jar,book,jar,measured_height,compact,reference_first,reference_first,below,above,still,still,down,up,"Heights are measured from the floor. The jar moves from a height of 4 feet to a height of 2 feet, measured from the floor. The book remains at a height of 3 feet from the floor.","Heights are measured from the floor. The jar moves from a height of 2 feet to a height of 4 feet, measured from the floor. The book remains at a height of 3 feet from the floor.",The jar is below the book.,The jar is above the book.,Target1,Target2,3,3,4,2,3,3,2,4,37,37,6,6
reference_cross_inner__book_jar__measured_height__standard__target_first__target_first,1.1,applied,reference_crosses,inner_crossing,reference_cross_inner,book_jar,book,jar,measured_height,standard,target_first,target_first,above,below,still,still,down,up,"In the room, the heights of both objects are measured from the same floor. The book remains at a height of 3 feet from the floor. The jar moves from a height of 4 feet to a height of 2 feet, measured from the floor.","In the room, the heights of both objects are measured from the same floor. The book remains at a height of 3 feet from the floor. The jar moves from a height of 2 feet to a height of 4 feet, measured from the floor.",The book is above the jar.,The book is below the jar.,Target1,Target2,3,3,4,2,3,3,2,4,45,45,6,6
reference_cross_inner__book_jar__measured_height__standard__target_first__reference_first,1.1,applied,reference_crosses,inner_crossing,reference_cross_inner,book_jar,book,jar,measured_height,standard,target_first,reference_first,below,above,still,still,down,up,"In the room, the heights of both objects are measured from the same floor. The book remains at a height of 3 feet from the floor. The jar moves from a height of 4 feet to a height of 2 feet, measured from the floor.","In the room, the heights of both objects are measured from the same floor. The book remains at a height of 3 feet from the floor. The jar moves from a height of 2 feet to a height of 4 feet, measured from the floor.",The jar is below the book.,The jar is above the book.,Target1,Target2,3,3,4,2,3,3,2,4,45,45,6,6
reference_cross_inner__book_jar__measured_height__standard__reference_first__target_first,1.1,applied,reference_crosses,inner_crossing,reference_cross_inner,book_jar,book,jar,measured_height,standard,reference_first,target_first,above,below,still,still,down,up,"In the room, the heights of both objects are measured from the same floor. The jar moves from a height of 4 feet to a height of 2 feet, measured from the floor. The book remains at a height of 3 feet from the floor.","In the room, the heights of both objects are measured from the same floor. The jar moves from a height of 2 feet to a height of 4 feet, measured from the floor. The book remains at a height of 3 feet from the floor.",The book is above the jar.,The book is below the jar.,Target1,Target2,3,3,4,2,3,3,2,4,45,45,6,6
reference_cross_inner__book_jar__measured_height__standard__reference_first__reference_first,1.1,applied,reference_crosses,inner_crossing,reference_cross_inner,book_jar,book,jar,measured_height,standard,reference_first,reference_first,below,above,still,still,down,up,"In the room, the heights of both objects are measured from the same floor. The jar moves from a height of 4 feet to a height of 2 feet, measured from the floor. The book remains at a height of 3 feet from the floor.","In the room, the heights of both objects are measured from the same floor. The jar moves from a height of 2 feet to a height of 4 feet, measured from the floor. The book remains at a height of 3 feet from the floor.",The jar is below the book.,The jar is above the book.,Target1,Target2,3,3,4,2,3,3,2,4,45,45,6,6
reference_cross_inner__book_jar__measured_height__expanded__target_first__target_first,1.1,applied,reference_crosses,inner_crossing,reference_cross_inner,book_jar,book,jar,measured_height,expanded,target_first,target_first,above,below,still,still,down,up,"In the room, the heights of both objects are measured from the same level floor. The floor stays fixed while the objects move or remain still. The book remains at a height of 3 feet from the floor. The jar moves from a height of 4 feet to a height of 2 feet, measured from the floor.","In the room, the heights of both objects are measured from the same level floor. The floor stays fixed while the objects move or remain still. The book remains at a height of 3 feet from the floor. The jar moves from a height of 2 feet to a height of 4 feet, measured from the floor.",The book is above the jar.,The book is below the jar.,Target1,Target2,3,3,4,2,3,3,2,4,57,57,6,6
reference_cross_inner__book_jar__measured_height__expanded__target_first__reference_first,1.1,applied,reference_crosses,inner_crossing,reference_cross_inner,book_jar,book,jar,measured_height,expanded,target_first,reference_first,below,above,still,still,down,up,"In the room, the heights of both objects are measured from the same level floor. The floor stays fixed while the objects move or remain still. The book remains at a height of 3 feet from the floor. The jar moves from a height of 4 feet to a height of 2 feet, measured from the floor.","In the room, the heights of both objects are measured from the same level floor. The floor stays fixed while the objects move or remain still. The book remains at a height of 3 feet from the floor. The jar moves from a height of 2 feet to a height of 4 feet, measured from the floor.",The jar is below the book.,The jar is above the book.,Target1,Target2,3,3,4,2,3,3,2,4,57,57,6,6
reference_cross_inner__book_jar__measured_height__expanded__reference_first__target_first,1.1,applied,reference_crosses,inner_crossing,reference_cross_inner,book_jar,book,jar,measured_height,expanded,reference_first,target_first,above,below,still,still,down,up,"In the room, the heights of both objects are measured from the same level floor. The floor stays fixed while the objects move or remain still. The jar moves from a height of 4 feet to a height of 2 feet, measured from the floor. The book remains at a height of 3 feet from the floor.","In the room, the heights of both objects are measured from the same level floor. The floor stays fixed while the objects move or remain still. The jar moves from a height of 2 feet to a height of 4 feet, measured from the floor. The book remains at a height of 3 feet from the floor.",The book is above the jar.,The book is below the jar.,Target1,Target2,3,3,4,2,3,3,2,4,57,57,6,6
reference_cross_inner__book_jar__measured_height__expanded__reference_first__reference_first,1.1,applied,reference_crosses,inner_crossing,reference_cross_inner,book_jar,book,jar,measured_height,expanded,reference_first,reference_first,below,above,still,still,down,up,"In the room, the heights of both objects are measured from the same level floor. The floor stays fixed while the objects move or remain still. The jar moves from a height of 4 feet to a height of 2 feet, measured from the floor. The book remains at a height of 3 feet from the floor.","In the room, the heights of both objects are measured from the same level floor. The floor stays fixed while the objects move or remain still. The jar moves from a height of 2 feet to a height of 4 feet, measured from the floor. The book remains at a height of 3 feet from the floor.",The jar is below the book.,The jar is above the book.,Target1,Target2,3,3,4,2,3,3,2,4,57,57,6,6
reference_cross_inner__toy_key__named_shelves__compact__target_first__target_first,1.1,applied,reference_crosses,inner_crossing,reference_cross_inner,toy_key,toy,key,named_shelves,compact,target_first,target_first,above,below,still,still,down,up,"The rack's shelves run from bottom through lower, middle, and upper to top. The toy remains on the middle shelf. The key moves from the upper shelf to the lower shelf.","The rack's shelves run from bottom through lower, middle, and upper to top. The toy remains on the middle shelf. The key moves from the lower shelf to the upper shelf.",The toy is above the key.,The toy is below the key.,Target1,Target2,3,3,4,2,3,3,2,4,32,32,6,6
reference_cross_inner__toy_key__named_shelves__compact__target_first__reference_first,1.1,applied,reference_crosses,inner_crossing,reference_cross_inner,toy_key,toy,key,named_shelves,compact,target_first,reference_first,below,above,still,still,down,up,"The rack's shelves run from bottom through lower, middle, and upper to top. The toy remains on the middle shelf. The key moves from the upper shelf to the lower shelf.","The rack's shelves run from bottom through lower, middle, and upper to top. The toy remains on the middle shelf. The key moves from the lower shelf to the upper shelf.",The key is below the toy.,The key is above the toy.,Target1,Target2,3,3,4,2,3,3,2,4,32,32,6,6
reference_cross_inner__toy_key__named_shelves__compact__reference_first__target_first,1.1,applied,reference_crosses,inner_crossing,reference_cross_inner,toy_key,toy,key,named_shelves,compact,reference_first,target_first,above,below,still,still,down,up,"The rack's shelves run from bottom through lower, middle, and upper to top. The key moves from the upper shelf to the lower shelf. The toy remains on the middle shelf.","The rack's shelves run from bottom through lower, middle, and upper to top. The key moves from the lower shelf to the upper shelf. The toy remains on the middle shelf.",The toy is above the key.,The toy is below the key.,Target1,Target2,3,3,4,2,3,3,2,4,32,32,6,6
reference_cross_inner__toy_key__named_shelves__compact__reference_first__reference_first,1.1,applied,reference_crosses,inner_crossing,reference_cross_inner,toy_key,toy,key,named_shelves,compact,reference_first,reference_first,below,above,still,still,down,up,"The rack's shelves run from bottom through lower, middle, and upper to top. The key moves from the upper shelf to the lower shelf. The toy remains on the middle shelf.","The rack's shelves run from bottom through lower, middle, and upper to top. The key moves from the lower shelf to the upper shelf. The toy remains on the middle shelf.",The key is below the toy.,The key is above the toy.,Target1,Target2,3,3,4,2,3,3,2,4,32,32,6,6
reference_cross_inner__toy_key__named_shelves__standard__target_first__target_first,1.1,applied,reference_crosses,inner_crossing,reference_cross_inner,toy_key,toy,key,named_shelves,standard,target_first,target_first,above,below,still,still,down,up,"In the room, a five-tier rack has bottom, lower, middle, upper, and top shelves, in that vertical order. The toy remains on the middle shelf. The key moves from the upper shelf to the lower shelf.","In the room, a five-tier rack has bottom, lower, middle, upper, and top shelves, in that vertical order. The toy remains on the middle shelf. The key moves from the lower shelf to the upper shelf.",The toy is above the key.,The toy is below the key.,Target1,Target2,3,3,4,2,3,3,2,4,37,37,6,6
reference_cross_inner__toy_key__named_shelves__standard__target_first__reference_first,1.1,applied,reference_crosses,inner_crossing,reference_cross_inner,toy_key,toy,key,named_shelves,standard,target_first,reference_first,below,above,still,still,down,up,"In the room, a five-tier rack has bottom, lower, middle, upper, and top shelves, in that vertical order. The toy remains on the middle shelf. The key moves from the upper shelf to the lower shelf.","In the room, a five-tier rack has bottom, lower, middle, upper, and top shelves, in that vertical order. The toy remains on the middle shelf. The key moves from the lower shelf to the upper shelf.",The key is below the toy.,The key is above the toy.,Target1,Target2,3,3,4,2,3,3,2,4,37,37,6,6
reference_cross_inner__toy_key__named_shelves__standard__reference_first__target_first,1.1,applied,reference_crosses,inner_crossing,reference_cross_inner,toy_key,toy,key,named_shelves,standard,reference_first,target_first,above,below,still,still,down,up,"In the room, a five-tier rack has bottom, lower, middle, upper, and top shelves, in that vertical order. The key moves from the upper shelf to the lower shelf. The toy remains on the middle shelf.","In the room, a five-tier rack has bottom, lower, middle, upper, and top shelves, in that vertical order. The key moves from the lower shelf to the upper shelf. The toy remains on the middle shelf.",The toy is above the key.,The toy is below the key.,Target1,Target2,3,3,4,2,3,3,2,4,37,37,6,6
reference_cross_inner__toy_key__named_shelves__standard__reference_first__reference_first,1.1,applied,reference_crosses,inner_crossing,reference_cross_inner,toy_key,toy,key,named_shelves,standard,reference_first,reference_first,below,above,still,still,down,up,"In the room, a five-tier rack has bottom, lower, middle, upper, and top shelves, in that vertical order. The key moves from the upper shelf to the lower shelf. The toy remains on the middle shelf.","In the room, a five-tier rack has bottom, lower, middle, upper, and top shelves, in that vertical order. The key moves from the lower shelf to the upper shelf. The toy remains on the middle shelf.",The key is below the toy.,The key is above the toy.,Target1,Target2,3,3,4,2,3,3,2,4,37,37,6,6
reference_cross_inner__toy_key__named_shelves__expanded__target_first__target_first,1.1,applied,reference_crosses,inner_crossing,reference_cross_inner,toy_key,toy,key,named_shelves,expanded,target_first,target_first,above,below,still,still,down,up,"In the room, a fixed five-tier rack has bottom, lower, middle, upper, and top shelves, in that vertical order. Each shelf stays at its level throughout the scene. The toy remains on the middle shelf. The key moves from the upper shelf to the lower shelf.","In the room, a fixed five-tier rack has bottom, lower, middle, upper, and top shelves, in that vertical order. Each shelf stays at its level throughout the scene. The toy remains on the middle shelf. The key moves from the lower shelf to the upper shelf.",The toy is above the key.,The toy is below the key.,Target1,Target2,3,3,4,2,3,3,2,4,47,47,6,6
reference_cross_inner__toy_key__named_shelves__expanded__target_first__reference_first,1.1,applied,reference_crosses,inner_crossing,reference_cross_inner,toy_key,toy,key,named_shelves,expanded,target_first,reference_first,below,above,still,still,down,up,"In the room, a fixed five-tier rack has bottom, lower, middle, upper, and top shelves, in that vertical order. Each shelf stays at its level throughout the scene. The toy remains on the middle shelf. The key moves from the upper shelf to the lower shelf.","In the room, a fixed five-tier rack has bottom, lower, middle, upper, and top shelves, in that vertical order. Each shelf stays at its level throughout the scene. The toy remains on the middle shelf. The key moves from the lower shelf to the upper shelf.",The key is below the toy.,The key is above the toy.,Target1,Target2,3,3,4,2,3,3,2,4,47,47,6,6
reference_cross_inner__toy_key__named_shelves__expanded__reference_first__target_first,1.1,applied,reference_crosses,inner_crossing,reference_cross_inner,toy_key,toy,key,named_shelves,expanded,reference_first,target_first,above,below,still,still,down,up,"In the room, a fixed five-tier rack has bottom, lower, middle, upper, and top shelves, in that vertical order. Each shelf stays at its level throughout the scene. The key moves from the upper shelf to the lower shelf. The toy remains on the middle shelf.","In the room, a fixed five-tier rack has bottom, lower, middle, upper, and top shelves, in that vertical order. Each shelf stays at its level throughout the scene. The key moves from the lower shelf to the upper shelf. The toy remains on the middle shelf.",The toy is above the key.,The toy is below the key.,Target1,Target2,3,3,4,2,3,3,2,4,47,47,6,6
reference_cross_inner__toy_key__named_shelves__expanded__reference_first__reference_first,1.1,applied,reference_crosses,inner_crossing,reference_cross_inner,toy_key,toy,key,named_shelves,expanded,reference_first,reference_first,below,above,still,still,down,up,"In the room, a fixed five-tier rack has bottom, lower, middle, upper, and top shelves, in that vertical order. Each shelf stays at its level throughout the scene. The key moves from the upper shelf to the lower shelf. The toy remains on the middle shelf.","In the room, a fixed five-tier rack has bottom, lower, middle, upper, and top shelves, in that vertical order. Each shelf stays at its level throughout the scene. The key moves from the lower shelf to the upper shelf. The toy remains on the middle shelf.",The key is below the toy.,The key is above the toy.,Target1,Target2,3,3,4,2,3,3,2,4,47,47,6,6
reference_cross_inner__toy_key__measured_height__compact__target_first__target_first,1.1,applied,reference_crosses,inner_crossing,reference_cross_inner,toy_key,toy,key,measured_height,compact,target_first,target_first,above,below,still,still,down,up,"Heights are measured from the floor. The toy remains at a height of 3 feet from the floor. The key moves from a height of 4 feet to a height of 2 feet, measured from the floor.","Heights are measured from the floor. The toy remains at a height of 3 feet from the floor. The key moves from a height of 2 feet to a height of 4 feet, measured from the floor.",The toy is above the key.,The toy is below the key.,Target1,Target2,3,3,4,2,3,3,2,4,37,37,6,6
reference_cross_inner__toy_key__measured_height__compact__target_first__reference_first,1.1,applied,reference_crosses,inner_crossing,reference_cross_inner,toy_key,toy,key,measured_height,compact,target_first,reference_first,below,above,still,still,down,up,"Heights are measured from the floor. The toy remains at a height of 3 feet from the floor. The key moves from a height of 4 feet to a height of 2 feet, measured from the floor.","Heights are measured from the floor. The toy remains at a height of 3 feet from the floor. The key moves from a height of 2 feet to a height of 4 feet, measured from the floor.",The key is below the toy.,The key is above the toy.,Target1,Target2,3,3,4,2,3,3,2,4,37,37,6,6
reference_cross_inner__toy_key__measured_height__compact__reference_first__target_first,1.1,applied,reference_crosses,inner_crossing,reference_cross_inner,toy_key,toy,key,measured_height,compact,reference_first,target_first,above,below,still,still,down,up,"Heights are measured from the floor. The key moves from a height of 4 feet to a height of 2 feet, measured from the floor. The toy remains at a height of 3 feet from the floor.","Heights are measured from the floor. The key moves from a height of 2 feet to a height of 4 feet, measured from the floor. The toy remains at a height of 3 feet from the floor.",The toy is above the key.,The toy is below the key.,Target1,Target2,3,3,4,2,3,3,2,4,37,37,6,6
reference_cross_inner__toy_key__measured_height__compact__reference_first__reference_first,1.1,applied,reference_crosses,inner_crossing,reference_cross_inner,toy_key,toy,key,measured_height,compact,reference_first,reference_first,below,above,still,still,down,up,"Heights are measured from the floor. The key moves from a height of 4 feet to a height of 2 feet, measured from the floor. The toy remains at a height of 3 feet from the floor.","Heights are measured from the floor. The key moves from a height of 2 feet to a height of 4 feet, measured from the floor. The toy remains at a height of 3 feet from the floor.",The key is below the toy.,The key is above the toy.,Target1,Target2,3,3,4,2,3,3,2,4,37,37,6,6
reference_cross_inner__toy_key__measured_height__standard__target_first__target_first,1.1,applied,reference_crosses,inner_crossing,reference_cross_inner,toy_key,toy,key,measured_height,standard,target_first,target_first,above,below,still,still,down,up,"In the room, the heights of both objects are measured from the same floor. The toy remains at a height of 3 feet from the floor. The key moves from a height of 4 feet to a height of 2 feet, measured from the floor.","In the room, the heights of both objects are measured from the same floor. The toy remains at a height of 3 feet from the floor. The key moves from a height of 2 feet to a height of 4 feet, measured from the floor.",The toy is above the key.,The toy is below the key.,Target1,Target2,3,3,4,2,3,3,2,4,45,45,6,6
reference_cross_inner__toy_key__measured_height__standard__target_first__reference_first,1.1,applied,reference_crosses,inner_crossing,reference_cross_inner,toy_key,toy,key,measured_height,standard,target_first,reference_first,below,above,still,still,down,up,"In the room, the heights of both objects are measured from the same floor. The toy remains at a height of 3 feet from the floor. The key moves from a height of 4 feet to a height of 2 feet, measured from the floor.","In the room, the heights of both objects are measured from the same floor. The toy remains at a height of 3 feet from the floor. The key moves from a height of 2 feet to a height of 4 feet, measured from the floor.",The key is below the toy.,The key is above the toy.,Target1,Target2,3,3,4,2,3,3,2,4,45,45,6,6
reference_cross_inner__toy_key__measured_height__standard__reference_first__target_first,1.1,applied,reference_crosses,inner_crossing,reference_cross_inner,toy_key,toy,key,measured_height,standard,reference_first,target_first,above,below,still,still,down,up,"In the room, the heights of both objects are measured from the same floor. The key moves from a height of 4 feet to a height of 2 feet, measured from the floor. The toy remains at a height of 3 feet from the floor.","In the room, the heights of both objects are measured from the same floor. The key moves from a height of 2 feet to a height of 4 feet, measured from the floor. The toy remains at a height of 3 feet from the floor.",The toy is above the key.,The toy is below the key.,Target1,Target2,3,3,4,2,3,3,2,4,45,45,6,6
reference_cross_inner__toy_key__measured_height__standard__reference_first__reference_first,1.1,applied,reference_crosses,inner_crossing,reference_cross_inner,toy_key,toy,key,measured_height,standard,reference_first,reference_first,below,above,still,still,down,up,"In the room, the heights of both objects are measured from the same floor. The key moves from a height of 4 feet to a height of 2 feet, measured from the floor. The toy remains at a height of 3 feet from the floor.","In the room, the heights of both objects are measured from the same floor. The key moves from a height of 2 feet to a height of 4 feet, measured from the floor. The toy remains at a height of 3 feet from the floor.",The key is below the toy.,The key is above the toy.,Target1,Target2,3,3,4,2,3,3,2,4,45,45,6,6
reference_cross_inner__toy_key__measured_height__expanded__target_first__target_first,1.1,applied,reference_crosses,inner_crossing,reference_cross_inner,toy_key,toy,key,measured_height,expanded,target_first,target_first,above,below,still,still,down,up,"In the room, the heights of both objects are measured from the same level floor. The floor stays fixed while the objects move or remain still. The toy remains at a height of 3 feet from the floor. The key moves from a height of 4 feet to a height of 2 feet, measured from the floor.","In the room, the heights of both objects are measured from the same level floor. The floor stays fixed while the objects move or remain still. The toy remains at a height of 3 feet from the floor. The key moves from a height of 2 feet to a height of 4 feet, measured from the floor.",The toy is above the key.,The toy is below the key.,Target1,Target2,3,3,4,2,3,3,2,4,57,57,6,6
reference_cross_inner__toy_key__measured_height__expanded__target_first__reference_first,1.1,applied,reference_crosses,inner_crossing,reference_cross_inner,toy_key,toy,key,measured_height,expanded,target_first,reference_first,below,above,still,still,down,up,"In the room, the heights of both objects are measured from the same level floor. The floor stays fixed while the objects move or remain still. The toy remains at a height of 3 feet from the floor. The key moves from a height of 4 feet to a height of 2 feet, measured from the floor.","In the room, the heights of both objects are measured from the same level floor. The floor stays fixed while the objects move or remain still. The toy remains at a height of 3 feet from the floor. The key moves from a height of 2 feet to a height of 4 feet, measured from the floor.",The key is below the toy.,The key is above the toy.,Target1,Target2,3,3,4,2,3,3,2,4,57,57,6,6
reference_cross_inner__toy_key__measured_height__expanded__reference_first__target_first,1.1,applied,reference_crosses,inner_crossing,reference_cross_inner,toy_key,toy,key,measured_height,expanded,reference_first,target_first,above,below,still,still,down,up,"In the room, the heights of both objects are measured from the same level floor. The floor stays fixed while the objects move or remain still. The key moves from a height of 4 feet to a height of 2 feet, measured from the floor. The toy remains at a height of 3 feet from the floor.","In the room, the heights of both objects are measured from the same level floor. The floor stays fixed while the objects move or remain still. The key moves from a height of 2 feet to a height of 4 feet, measured from the floor. The toy remains at a height of 3 feet from the floor.",The toy is above the key.,The toy is below the key.,Target1,Target2,3,3,4,2,3,3,2,4,57,57,6,6
reference_cross_inner__toy_key__measured_height__expanded__reference_first__reference_first,1.1,applied,reference_crosses,inner_crossing,reference_cross_inner,toy_key,toy,key,measured_height,expanded,reference_first,reference_first,below,above,still,still,down,up,"In the room, the heights of both objects are measured from the same level floor. The floor stays fixed while the objects move or remain still. The key moves from a height of 4 feet to a height of 2 feet, measured from the floor. The toy remains at a height of 3 feet from the floor.","In the room, the heights of both objects are measured from the same level floor. The floor stays fixed while the objects move or remain still. The key moves from a height of 2 feet to a height of 4 feet, measured from the floor. The toy remains at a height of 3 feet from the floor.",The key is below the toy.,The key is above the toy.,Target1,Target2,3,3,4,2,3,3,2,4,57,57,6,6
no_cross_up__ball_cone__named_shelves__compact__target_first__target_first,1.1,applied,target_moves_without_crossing,upward_motion,no_cross_up,ball_cone,ball,cone,named_shelves,compact,target_first,target_first,above,below,up,up,still,still,"The rack's shelves run from bottom through lower, middle, and upper to top. The ball moves from the upper shelf to the top shelf. The cone remains on the bottom shelf.","The rack's shelves run from bottom through lower, middle, and upper to top. The ball moves from the bottom shelf to the lower shelf. The cone remains on the top shelf.",The ball is above the cone.,The ball is below the cone.,Target1,Target2,4,5,1,1,1,2,5,5,32,32,6,6
no_cross_up__ball_cone__named_shelves__compact__target_first__reference_first,1.1,applied,target_moves_without_crossing,upward_motion,no_cross_up,ball_cone,ball,cone,named_shelves,compact,target_first,reference_first,below,above,up,up,still,still,"The rack's shelves run from bottom through lower, middle, and upper to top. The ball moves from the upper shelf to the top shelf. The cone remains on the bottom shelf.","The rack's shelves run from bottom through lower, middle, and upper to top. The ball moves from the bottom shelf to the lower shelf. The cone remains on the top shelf.",The cone is below the ball.,The cone is above the ball.,Target1,Target2,4,5,1,1,1,2,5,5,32,32,6,6
no_cross_up__ball_cone__named_shelves__compact__reference_first__target_first,1.1,applied,target_moves_without_crossing,upward_motion,no_cross_up,ball_cone,ball,cone,named_shelves,compact,reference_first,target_first,above,below,up,up,still,still,"The rack's shelves run from bottom through lower, middle, and upper to top. The cone remains on the bottom shelf. The ball moves from the upper shelf to the top shelf.","The rack's shelves run from bottom through lower, middle, and upper to top. The cone remains on the top shelf. The ball moves from the bottom shelf to the lower shelf.",The ball is above the cone.,The ball is below the cone.,Target1,Target2,4,5,1,1,1,2,5,5,32,32,6,6
no_cross_up__ball_cone__named_shelves__compact__reference_first__reference_first,1.1,applied,target_moves_without_crossing,upward_motion,no_cross_up,ball_cone,ball,cone,named_shelves,compact,reference_first,reference_first,below,above,up,up,still,still,"The rack's shelves run from bottom through lower, middle, and upper to top. The cone remains on the bottom shelf. The ball moves from the upper shelf to the top shelf.","The rack's shelves run from bottom through lower, middle, and upper to top. The cone remains on the top shelf. The ball moves from the bottom shelf to the lower shelf.",The cone is below the ball.,The cone is above the ball.,Target1,Target2,4,5,1,1,1,2,5,5,32,32,6,6
no_cross_up__ball_cone__named_shelves__standard__target_first__target_first,1.1,applied,target_moves_without_crossing,upward_motion,no_cross_up,ball_cone,ball,cone,named_shelves,standard,target_first,target_first,above,below,up,up,still,still,"In the room, a five-tier rack has bottom, lower, middle, upper, and top shelves, in that vertical order. The ball moves from the upper shelf to the top shelf. The cone remains on the bottom shelf.","In the room, a five-tier rack has bottom, lower, middle, upper, and top shelves, in that vertical order. The ball moves from the bottom shelf to the lower shelf. The cone remains on the top shelf.",The ball is above the cone.,The ball is below the cone.,Target1,Target2,4,5,1,1,1,2,5,5,37,37,6,6
no_cross_up__ball_cone__named_shelves__standard__target_first__reference_first,1.1,applied,target_moves_without_crossing,upward_motion,no_cross_up,ball_cone,ball,cone,named_shelves,standard,target_first,reference_first,below,above,up,up,still,still,"In the room, a five-tier rack has bottom, lower, middle, upper, and top shelves, in that vertical order. The ball moves from the upper shelf to the top shelf. The cone remains on the bottom shelf.","In the room, a five-tier rack has bottom, lower, middle, upper, and top shelves, in that vertical order. The ball moves from the bottom shelf to the lower shelf. The cone remains on the top shelf.",The cone is below the ball.,The cone is above the ball.,Target1,Target2,4,5,1,1,1,2,5,5,37,37,6,6
no_cross_up__ball_cone__named_shelves__standard__reference_first__target_first,1.1,applied,target_moves_without_crossing,upward_motion,no_cross_up,ball_cone,ball,cone,named_shelves,standard,reference_first,target_first,above,below,up,up,still,still,"In the room, a five-tier rack has bottom, lower, middle, upper, and top shelves, in that vertical order. The cone remains on the bottom shelf. The ball moves from the upper shelf to the top shelf.","In the room, a five-tier rack has bottom, lower, middle, upper, and top shelves, in that vertical order. The cone remains on the top shelf. The ball moves from the bottom shelf to the lower shelf.",The ball is above the cone.,The ball is below the cone.,Target1,Target2,4,5,1,1,1,2,5,5,37,37,6,6
no_cross_up__ball_cone__named_shelves__standard__reference_first__reference_first,1.1,applied,target_moves_without_crossing,upward_motion,no_cross_up,ball_cone,ball,cone,named_shelves,standard,reference_first,reference_first,below,above,up,up,still,still,"In the room, a five-tier rack has bottom, lower, middle, upper, and top shelves, in that vertical order. The cone remains on the bottom shelf. The ball moves from the upper shelf to the top shelf.","In the room, a five-tier rack has bottom, lower, middle, upper, and top shelves, in that vertical order. The cone remains on the top shelf. The ball moves from the bottom shelf to the lower shelf.",The cone is below the ball.,The cone is above the ball.,Target1,Target2,4,5,1,1,1,2,5,5,37,37,6,6
no_cross_up__ball_cone__named_shelves__expanded__target_first__target_first,1.1,applied,target_moves_without_crossing,upward_motion,no_cross_up,ball_cone,ball,cone,named_shelves,expanded,target_first,target_first,above,below,up,up,still,still,"In the room, a fixed five-tier rack has bottom, lower, middle, upper, and top shelves, in that vertical order. Each shelf stays at its level throughout the scene. The ball moves from the upper shelf to the top shelf. The cone remains on the bottom shelf.","In the room, a fixed five-tier rack has bottom, lower, middle, upper, and top shelves, in that vertical order. Each shelf stays at its level throughout the scene. The ball moves from the bottom shelf to the lower shelf. The cone remains on the top shelf.",The ball is above the cone.,The ball is below the cone.,Target1,Target2,4,5,1,1,1,2,5,5,47,47,6,6
no_cross_up__ball_cone__named_shelves__expanded__target_first__reference_first,1.1,applied,target_moves_without_crossing,upward_motion,no_cross_up,ball_cone,ball,cone,named_shelves,expanded,target_first,reference_first,below,above,up,up,still,still,"In the room, a fixed five-tier rack has bottom, lower, middle, upper, and top shelves, in that vertical order. Each shelf stays at its level throughout the scene. The ball moves from the upper shelf to the top shelf. The cone remains on the bottom shelf.","In the room, a fixed five-tier rack has bottom, lower, middle, upper, and top shelves, in that vertical order. Each shelf stays at its level throughout the scene. The ball moves from the bottom shelf to the lower shelf. The cone remains on the top shelf.",The cone is below the ball.,The cone is above the ball.,Target1,Target2,4,5,1,1,1,2,5,5,47,47,6,6
no_cross_up__ball_cone__named_shelves__expanded__reference_first__target_first,1.1,applied,target_moves_without_crossing,upward_motion,no_cross_up,ball_cone,ball,cone,named_shelves,expanded,reference_first,target_first,above,below,up,up,still,still,"In the room, a fixed five-tier rack has bottom, lower, middle, upper, and top shelves, in that vertical order. Each shelf stays at its level throughout the scene. The cone remains on the bottom shelf. The ball moves from the upper shelf to the top shelf.","In the room, a fixed five-tier rack has bottom, lower, middle, upper, and top shelves, in that vertical order. Each shelf stays at its level throughout the scene. The cone remains on the top shelf. The ball moves from the bottom shelf to the lower shelf.",The ball is above the cone.,The ball is below the cone.,Target1,Target2,4,5,1,1,1,2,5,5,47,47,6,6
no_cross_up__ball_cone__named_shelves__expanded__reference_first__reference_first,1.1,applied,target_moves_without_crossing,upward_motion,no_cross_up,ball_cone,ball,cone,named_shelves,expanded,reference_first,reference_first,below,above,up,up,still,still,"In the room, a fixed five-tier rack has bottom, lower, middle, upper, and top shelves, in that vertical order. Each shelf stays at its level throughout the scene. The cone remains on the bottom shelf. The ball moves from the upper shelf to the top shelf.","In the room, a fixed five-tier rack has bottom, lower, middle, upper, and top shelves, in that vertical order. Each shelf stays at its level throughout the scene. The cone remains on the top shelf. The ball moves from the bottom shelf to the lower shelf.",The cone is below the ball.,The cone is above the ball.,Target1,Target2,4,5,1,1,1,2,5,5,47,47,6,6
no_cross_up__ball_cone__measured_height__compact__target_first__target_first,1.1,applied,target_moves_without_crossing,upward_motion,no_cross_up,ball_cone,ball,cone,measured_height,compact,target_first,target_first,above,below,up,up,still,still,"Heights are measured from the floor. The ball moves from a height of 4 feet to a height of 5 feet, measured from the floor. The cone remains at a height of 1 foot from the floor.","Heights are measured from the floor. The ball moves from a height of 1 foot to a height of 2 feet, measured from the floor. The cone remains at a height of 5 feet from the floor.",The ball is above the cone.,The ball is below the cone.,Target1,Target2,4,5,1,1,1,2,5,5,37,37,6,6
no_cross_up__ball_cone__measured_height__compact__target_first__reference_first,1.1,applied,target_moves_without_crossing,upward_motion,no_cross_up,ball_cone,ball,cone,measured_height,compact,target_first,reference_first,below,above,up,up,still,still,"Heights are measured from the floor. The ball moves from a height of 4 feet to a height of 5 feet, measured from the floor. The cone remains at a height of 1 foot from the floor.","Heights are measured from the floor. The ball moves from a height of 1 foot to a height of 2 feet, measured from the floor. The cone remains at a height of 5 feet from the floor.",The cone is below the ball.,The cone is above the ball.,Target1,Target2,4,5,1,1,1,2,5,5,37,37,6,6
no_cross_up__ball_cone__measured_height__compact__reference_first__target_first,1.1,applied,target_moves_without_crossing,upward_motion,no_cross_up,ball_cone,ball,cone,measured_height,compact,reference_first,target_first,above,below,up,up,still,still,"Heights are measured from the floor. The cone remains at a height of 1 foot from the floor. The ball moves from a height of 4 feet to a height of 5 feet, measured from the floor.","Heights are measured from the floor. The cone remains at a height of 5 feet from the floor. The ball moves from a height of 1 foot to a height of 2 feet, measured from the floor.",The ball is above the cone.,The ball is below the cone.,Target1,Target2,4,5,1,1,1,2,5,5,37,37,6,6
no_cross_up__ball_cone__measured_height__compact__reference_first__reference_first,1.1,applied,target_moves_without_crossing,upward_motion,no_cross_up,ball_cone,ball,cone,measured_height,compact,reference_first,reference_first,below,above,up,up,still,still,"Heights are measured from the floor. The cone remains at a height of 1 foot from the floor. The ball moves from a height of 4 feet to a height of 5 feet, measured from the floor.","Heights are measured from the floor. The cone remains at a height of 5 feet from the floor. The ball moves from a height of 1 foot to a height of 2 feet, measured from the floor.",The cone is below the ball.,The cone is above the ball.,Target1,Target2,4,5,1,1,1,2,5,5,37,37,6,6
no_cross_up__ball_cone__measured_height__standard__target_first__target_first,1.1,applied,target_moves_without_crossing,upward_motion,no_cross_up,ball_cone,ball,cone,measured_height,standard,target_first,target_first,above,below,up,up,still,still,"In the room, the heights of both objects are measured from the same floor. The ball moves from a height of 4 feet to a height of 5 feet, measured from the floor. The cone remains at a height of 1 foot from the floor.","In the room, the heights of both objects are measured from the same floor. The ball moves from a height of 1 foot to a height of 2 feet, measured from the floor. The cone remains at a height of 5 feet from the floor.",The ball is above the cone.,The ball is below the cone.,Target1,Target2,4,5,1,1,1,2,5,5,45,45,6,6
no_cross_up__ball_cone__measured_height__standard__target_first__reference_first,1.1,applied,target_moves_without_crossing,upward_motion,no_cross_up,ball_cone,ball,cone,measured_height,standard,target_first,reference_first,below,above,up,up,still,still,"In the room, the heights of both objects are measured from the same floor. The ball moves from a height of 4 feet to a height of 5 feet, measured from the floor. The cone remains at a height of 1 foot from the floor.","In the room, the heights of both objects are measured from the same floor. The ball moves from a height of 1 foot to a height of 2 feet, measured from the floor. The cone remains at a height of 5 feet from the floor.",The cone is below the ball.,The cone is above the ball.,Target1,Target2,4,5,1,1,1,2,5,5,45,45,6,6
no_cross_up__ball_cone__measured_height__standard__reference_first__target_first,1.1,applied,target_moves_without_crossing,upward_motion,no_cross_up,ball_cone,ball,cone,measured_height,standard,reference_first,target_first,above,below,up,up,still,still,"In the room, the heights of both objects are measured from the same floor. The cone remains at a height of 1 foot from the floor. The ball moves from a height of 4 feet to a height of 5 feet, measured from the floor.","In the room, the heights of both objects are measured from the same floor. The cone remains at a height of 5 feet from the floor. The ball moves from a height of 1 foot to a height of 2 feet, measured from the floor.",The ball is above the cone.,The ball is below the cone.,Target1,Target2,4,5,1,1,1,2,5,5,45,45,6,6
no_cross_up__ball_cone__measured_height__standard__reference_first__reference_first,1.1,applied,target_moves_without_crossing,upward_motion,no_cross_up,ball_cone,ball,cone,measured_height,standard,reference_first,reference_first,below,above,up,up,still,still,"In the room, the heights of both objects are measured from the same floor. The cone remains at a height of 1 foot from the floor. The ball moves from a height of 4 feet to a height of 5 feet, measured from the floor.","In the room, the heights of both objects are measured from the same floor. The cone remains at a height of 5 feet from the floor. The ball moves from a height of 1 foot to a height of 2 feet, measured from the floor.",The cone is below the ball.,The cone is above the ball.,Target1,Target2,4,5,1,1,1,2,5,5,45,45,6,6
no_cross_up__ball_cone__measured_height__expanded__target_first__target_first,1.1,applied,target_moves_without_crossing,upward_motion,no_cross_up,ball_cone,ball,cone,measured_height,expanded,target_first,target_first,above,below,up,up,still,still,"In the room, the heights of both objects are measured from the same level floor. The floor stays fixed while the objects move or remain still. The ball moves from a height of 4 feet to a height of 5 feet, measured from the floor. The cone remains at a height of 1 foot from the floor.","In the room, the heights of both objects are measured from the same level floor. The floor stays fixed while the objects move or remain still. The ball moves from a height of 1 foot to a height of 2 feet, measured from the floor. The cone remains at a height of 5 feet from the floor.",The ball is above the cone.,The ball is below the cone.,Target1,Target2,4,5,1,1,1,2,5,5,57,57,6,6
no_cross_up__ball_cone__measured_height__expanded__target_first__reference_first,1.1,applied,target_moves_without_crossing,upward_motion,no_cross_up,ball_cone,ball,cone,measured_height,expanded,target_first,reference_first,below,above,up,up,still,still,"In the room, the heights of both objects are measured from the same level floor. The floor stays fixed while the objects move or remain still. The ball moves from a height of 4 feet to a height of 5 feet, measured from the floor. The cone remains at a height of 1 foot from the floor.","In the room, the heights of both objects are measured from the same level floor. The floor stays fixed while the objects move or remain still. The ball moves from a height of 1 foot to a height of 2 feet, measured from the floor. The cone remains at a height of 5 feet from the floor.",The cone is below the ball.,The cone is above the ball.,Target1,Target2,4,5,1,1,1,2,5,5,57,57,6,6
no_cross_up__ball_cone__measured_height__expanded__reference_first__target_first,1.1,applied,target_moves_without_crossing,upward_motion,no_cross_up,ball_cone,ball,cone,measured_height,expanded,reference_first,target_first,above,below,up,up,still,still,"In the room, the heights of both objects are measured from the same level floor. The floor stays fixed while the objects move or remain still. The cone remains at a height of 1 foot from the floor. The ball moves from a height of 4 feet to a height of 5 feet, measured from the floor.","In the room, the heights of both objects are measured from the same level floor. The floor stays fixed while the objects move or remain still. The cone remains at a height of 5 feet from the floor. The ball moves from a height of 1 foot to a height of 2 feet, measured from the floor.",The ball is above the cone.,The ball is below the cone.,Target1,Target2,4,5,1,1,1,2,5,5,57,57,6,6
no_cross_up__ball_cone__measured_height__expanded__reference_first__reference_first,1.1,applied,target_moves_without_crossing,upward_motion,no_cross_up,ball_cone,ball,cone,measured_height,expanded,reference_first,reference_first,below,above,up,up,still,still,"In the room, the heights of both objects are measured from the same level floor. The floor stays fixed while the objects move or remain still. The cone remains at a height of 1 foot from the floor. The ball moves from a height of 4 feet to a height of 5 feet, measured from the floor.","In the room, the heights of both objects are measured from the same level floor. The floor stays fixed while the objects move or remain still. The cone remains at a height of 5 feet from the floor. The ball moves from a height of 1 foot to a height of 2 feet, measured from the floor.",The cone is below the ball.,The cone is above the ball.,Target1,Target2,4,5,1,1,1,2,5,5,57,57,6,6
no_cross_up__cup_box__named_shelves__compact__target_first__target_first,1.1,applied,target_moves_without_crossing,upward_motion,no_cross_up,cup_box,cup,box,named_shelves,compact,target_first,target_first,above,below,up,up,still,still,"The rack's shelves run from bottom through lower, middle, and upper to top. The cup moves from the upper shelf to the top shelf. The box remains on the bottom shelf.","The rack's shelves run from bottom through lower, middle, and upper to top. The cup moves from the bottom shelf to the lower shelf. The box remains on the top shelf.",The cup is above the box.,The cup is below the box.,Target1,Target2,4,5,1,1,1,2,5,5,32,32,6,6
no_cross_up__cup_box__named_shelves__compact__target_first__reference_first,1.1,applied,target_moves_without_crossing,upward_motion,no_cross_up,cup_box,cup,box,named_shelves,compact,target_first,reference_first,below,above,up,up,still,still,"The rack's shelves run from bottom through lower, middle, and upper to top. The cup moves from the upper shelf to the top shelf. The box remains on the bottom shelf.","The rack's shelves run from bottom through lower, middle, and upper to top. The cup moves from the bottom shelf to the lower shelf. The box remains on the top shelf.",The box is below the cup.,The box is above the cup.,Target1,Target2,4,5,1,1,1,2,5,5,32,32,6,6
no_cross_up__cup_box__named_shelves__compact__reference_first__target_first,1.1,applied,target_moves_without_crossing,upward_motion,no_cross_up,cup_box,cup,box,named_shelves,compact,reference_first,target_first,above,below,up,up,still,still,"The rack's shelves run from bottom through lower, middle, and upper to top. The box remains on the bottom shelf. The cup moves from the upper shelf to the top shelf.","The rack's shelves run from bottom through lower, middle, and upper to top. The box remains on the top shelf. The cup moves from the bottom shelf to the lower shelf.",The cup is above the box.,The cup is below the box.,Target1,Target2,4,5,1,1,1,2,5,5,32,32,6,6
no_cross_up__cup_box__named_shelves__compact__reference_first__reference_first,1.1,applied,target_moves_without_crossing,upward_motion,no_cross_up,cup_box,cup,box,named_shelves,compact,reference_first,reference_first,below,above,up,up,still,still,"The rack's shelves run from bottom through lower, middle, and upper to top. The box remains on the bottom shelf. The cup moves from the upper shelf to the top shelf.","The rack's shelves run from bottom through lower, middle, and upper to top. The box remains on the top shelf. The cup moves from the bottom shelf to the lower shelf.",The box is below the cup.,The box is above the cup.,Target1,Target2,4,5,1,1,1,2,5,5,32,32,6,6
no_cross_up__cup_box__named_shelves__standard__target_first__target_first,1.1,applied,target_moves_without_crossing,upward_motion,no_cross_up,cup_box,cup,box,named_shelves,standard,target_first,target_first,above,below,up,up,still,still,"In the room, a five-tier rack has bottom, lower, middle, upper, and top shelves, in that vertical order. The cup moves from the upper shelf to the top shelf. The box remains on the bottom shelf.","In the room, a five-tier rack has bottom, lower, middle, upper, and top shelves, in that vertical order. The cup moves from the bottom shelf to the lower shelf. The box remains on the top shelf.",The cup is above the box.,The cup is below the box.,Target1,Target2,4,5,1,1,1,2,5,5,37,37,6,6
no_cross_up__cup_box__named_shelves__standard__target_first__reference_first,1.1,applied,target_moves_without_crossing,upward_motion,no_cross_up,cup_box,cup,box,named_shelves,standard,target_first,reference_first,below,above,up,up,still,still,"In the room, a five-tier rack has bottom, lower, middle, upper, and top shelves, in that vertical order. The cup moves from the upper shelf to the top shelf. The box remains on the bottom shelf.","In the room, a five-tier rack has bottom, lower, middle, upper, and top shelves, in that vertical order. The cup moves from the bottom shelf to the lower shelf. The box remains on the top shelf.",The box is below the cup.,The box is above the cup.,Target1,Target2,4,5,1,1,1,2,5,5,37,37,6,6
no_cross_up__cup_box__named_shelves__standard__reference_first__target_first,1.1,applied,target_moves_without_crossing,upward_motion,no_cross_up,cup_box,cup,box,named_shelves,standard,reference_first,target_first,above,below,up,up,still,still,"In the room, a five-tier rack has bottom, lower, middle, upper, and top shelves, in that vertical order. The box remains on the bottom shelf. The cup moves from the upper shelf to the top shelf.","In the room, a five-tier rack has bottom, lower, middle, upper, and top shelves, in that vertical order. The box remains on the top shelf. The cup moves from the bottom shelf to the lower shelf.",The cup is above the box.,The cup is below the box.,Target1,Target2,4,5,1,1,1,2,5,5,37,37,6,6
no_cross_up__cup_box__named_shelves__standard__reference_first__reference_first,1.1,applied,target_moves_without_crossing,upward_motion,no_cross_up,cup_box,cup,box,named_shelves,standard,reference_first,reference_first,below,above,up,up,still,still,"In the room, a five-tier rack has bottom, lower, middle, upper, and top shelves, in that vertical order. The box remains on the bottom shelf. The cup moves from the upper shelf to the top shelf.","In the room, a five-tier rack has bottom, lower, middle, upper, and top shelves, in that vertical order. The box remains on the top shelf. The cup moves from the bottom shelf to the lower shelf.",The box is below the cup.,The box is above the cup.,Target1,Target2,4,5,1,1,1,2,5,5,37,37,6,6
no_cross_up__cup_box__named_shelves__expanded__target_first__target_first,1.1,applied,target_moves_without_crossing,upward_motion,no_cross_up,cup_box,cup,box,named_shelves,expanded,target_first,target_first,above,below,up,up,still,still,"In the room, a fixed five-tier rack has bottom, lower, middle, upper, and top shelves, in that vertical order. Each shelf stays at its level throughout the scene. The cup moves from the upper shelf to the top shelf. The box remains on the bottom shelf.","In the room, a fixed five-tier rack has bottom, lower, middle, upper, and top shelves, in that vertical order. Each shelf stays at its level throughout the scene. The cup moves from the bottom shelf to the lower shelf. The box remains on the top shelf.",The cup is above the box.,The cup is below the box.,Target1,Target2,4,5,1,1,1,2,5,5,47,47,6,6
no_cross_up__cup_box__named_shelves__expanded__target_first__reference_first,1.1,applied,target_moves_without_crossing,upward_motion,no_cross_up,cup_box,cup,box,named_shelves,expanded,target_first,reference_first,below,above,up,up,still,still,"In the room, a fixed five-tier rack has bottom, lower, middle, upper, and top shelves, in that vertical order. Each shelf stays at its level throughout the scene. The cup moves from the upper shelf to the top shelf. The box remains on the bottom shelf.","In the room, a fixed five-tier rack has bottom, lower, middle, upper, and top shelves, in that vertical order. Each shelf stays at its level throughout the scene. The cup moves from the bottom shelf to the lower shelf. The box remains on the top shelf.",The box is below the cup.,The box is above the cup.,Target1,Target2,4,5,1,1,1,2,5,5,47,47,6,6
no_cross_up__cup_box__named_shelves__expanded__reference_first__target_first,1.1,applied,target_moves_without_crossing,upward_motion,no_cross_up,cup_box,cup,box,named_shelves,expanded,reference_first,target_first,above,below,up,up,still,still,"In the room, a fixed five-tier rack has bottom, lower, middle, upper, and top shelves, in that vertical order. Each shelf stays at its level throughout the scene. The box remains on the bottom shelf. The cup moves from the upper shelf to the top shelf.","In the room, a fixed five-tier rack has bottom, lower, middle, upper, and top shelves, in that vertical order. Each shelf stays at its level throughout the scene. The box remains on the top shelf. The cup moves from the bottom shelf to the lower shelf.",The cup is above the box.,The cup is below the box.,Target1,Target2,4,5,1,1,1,2,5,5,47,47,6,6
no_cross_up__cup_box__named_shelves__expanded__reference_first__reference_first,1.1,applied,target_moves_without_crossing,upward_motion,no_cross_up,cup_box,cup,box,named_shelves,expanded,reference_first,reference_first,below,above,up,up,still,still,"In the room, a fixed five-tier rack has bottom, lower, middle, upper, and top shelves, in that vertical order. Each shelf stays at its level throughout the scene. The box remains on the bottom shelf. The cup moves from the upper shelf to the top shelf.","In the room, a fixed five-tier rack has bottom, lower, middle, upper, and top shelves, in that vertical order. Each shelf stays at its level throughout the scene. The box remains on the top shelf. The cup moves from the bottom shelf to the lower shelf.",The box is below the cup.,The box is above the cup.,Target1,Target2,4,5,1,1,1,2,5,5,47,47,6,6
no_cross_up__cup_box__measured_height__compact__target_first__target_first,1.1,applied,target_moves_without_crossing,upward_motion,no_cross_up,cup_box,cup,box,measured_height,compact,target_first,target_first,above,below,up,up,still,still,"Heights are measured from the floor. The cup moves from a height of 4 feet to a height of 5 feet, measured from the floor. The box remains at a height of 1 foot from the floor.","Heights are measured from the floor. The cup moves from a height of 1 foot to a height of 2 feet, measured from the floor. The box remains at a height of 5 feet from the floor.",The cup is above the box.,The cup is below the box.,Target1,Target2,4,5,1,1,1,2,5,5,37,37,6,6
no_cross_up__cup_box__measured_height__compact__target_first__reference_first,1.1,applied,target_moves_without_crossing,upward_motion,no_cross_up,cup_box,cup,box,measured_height,compact,target_first,reference_first,below,above,up,up,still,still,"Heights are measured from the floor. The cup moves from a height of 4 feet to a height of 5 feet, measured from the floor. The box remains at a height of 1 foot from the floor.","Heights are measured from the floor. The cup moves from a height of 1 foot to a height of 2 feet, measured from the floor. The box remains at a height of 5 feet from the floor.",The box is below the cup.,The box is above the cup.,Target1,Target2,4,5,1,1,1,2,5,5,37,37,6,6
no_cross_up__cup_box__measured_height__compact__reference_first__target_first,1.1,applied,target_moves_without_crossing,upward_motion,no_cross_up,cup_box,cup,box,measured_height,compact,reference_first,target_first,above,below,up,up,still,still,"Heights are measured from the floor. The box remains at a height of 1 foot from the floor. The cup moves from a height of 4 feet to a height of 5 feet, measured from the floor.","Heights are measured from the floor. The box remains at a height of 5 feet from the floor. The cup moves from a height of 1 foot to a height of 2 feet, measured from the floor.",The cup is above the box.,The cup is below the box.,Target1,Target2,4,5,1,1,1,2,5,5,37,37,6,6
no_cross_up__cup_box__measured_height__compact__reference_first__reference_first,1.1,applied,target_moves_without_crossing,upward_motion,no_cross_up,cup_box,cup,box,measured_height,compact,reference_first,reference_first,below,above,up,up,still,still,"Heights are measured from the floor. The box remains at a height of 1 foot from the floor. The cup moves from a height of 4 feet to a height of 5 feet, measured from the floor.","Heights are measured from the floor. The box remains at a height of 5 feet from the floor. The cup moves from a height of 1 foot to a height of 2 feet, measured from the floor.",The box is below the cup.,The box is above the cup.,Target1,Target2,4,5,1,1,1,2,5,5,37,37,6,6
no_cross_up__cup_box__measured_height__standard__target_first__target_first,1.1,applied,target_moves_without_crossing,upward_motion,no_cross_up,cup_box,cup,box,measured_height,standard,target_first,target_first,above,below,up,up,still,still,"In the room, the heights of both objects are measured from the same floor. The cup moves from a height of 4 feet to a height of 5 feet, measured from the floor. The box remains at a height of 1 foot from the floor.","In the room, the heights of both objects are measured from the same floor. The cup moves from a height of 1 foot to a height of 2 feet, measured from the floor. The box remains at a height of 5 feet from the floor.",The cup is above the box.,The cup is below the box.,Target1,Target2,4,5,1,1,1,2,5,5,45,45,6,6
no_cross_up__cup_box__measured_height__standard__target_first__reference_first,1.1,applied,target_moves_without_crossing,upward_motion,no_cross_up,cup_box,cup,box,measured_height,standard,target_first,reference_first,below,above,up,up,still,still,"In the room, the heights of both objects are measured from the same floor. The cup moves from a height of 4 feet to a height of 5 feet, measured from the floor. The box remains at a height of 1 foot from the floor.","In the room, the heights of both objects are measured from the same floor. The cup moves from a height of 1 foot to a height of 2 feet, measured from the floor. The box remains at a height of 5 feet from the floor.",The box is below the cup.,The box is above the cup.,Target1,Target2,4,5,1,1,1,2,5,5,45,45,6,6
no_cross_up__cup_box__measured_height__standard__reference_first__target_first,1.1,applied,target_moves_without_crossing,upward_motion,no_cross_up,cup_box,cup,box,measured_height,standard,reference_first,target_first,above,below,up,up,still,still,"In the room, the heights of both objects are measured from the same floor. The box remains at a height of 1 foot from the floor. The cup moves from a height of 4 feet to a height of 5 feet, measured from the floor.","In the room, the heights of both objects are measured from the same floor. The box remains at a height of 5 feet from the floor. The cup moves from a height of 1 foot to a height of 2 feet, measured from the floor.",The cup is above the box.,The cup is below the box.,Target1,Target2,4,5,1,1,1,2,5,5,45,45,6,6
no_cross_up__cup_box__measured_height__standard__reference_first__reference_first,1.1,applied,target_moves_without_crossing,upward_motion,no_cross_up,cup_box,cup,box,measured_height,standard,reference_first,reference_first,below,above,up,up,still,still,"In the room, the heights of both objects are measured from the same floor. The box remains at a height of 1 foot from the floor. The cup moves from a height of 4 feet to a height of 5 feet, measured from the floor.","In the room, the heights of both objects are measured from the same floor. The box remains at a height of 5 feet from the floor. The cup moves from a height of 1 foot to a height of 2 feet, measured from the floor.",The box is below the cup.,The box is above the cup.,Target1,Target2,4,5,1,1,1,2,5,5,45,45,6,6
no_cross_up__cup_box__measured_height__expanded__target_first__target_first,1.1,applied,target_moves_without_crossing,upward_motion,no_cross_up,cup_box,cup,box,measured_height,expanded,target_first,target_first,above,below,up,up,still,still,"In the room, the heights of both objects are measured from the same level floor. The floor stays fixed while the objects move or remain still. The cup moves from a height of 4 feet to a height of 5 feet, measured from the floor. The box remains at a height of 1 foot from the floor.","In the room, the heights of both objects are measured from the same level floor. The floor stays fixed while the objects move or remain still. The cup moves from a height of 1 foot to a height of 2 feet, measured from the floor. The box remains at a height of 5 feet from the floor.",The cup is above the box.,The cup is below the box.,Target1,Target2,4,5,1,1,1,2,5,5,57,57,6,6
no_cross_up__cup_box__measured_height__expanded__target_first__reference_first,1.1,applied,target_moves_without_crossing,upward_motion,no_cross_up,cup_box,cup,box,measured_height,expanded,target_first,reference_first,below,above,up,up,still,still,"In the room, the heights of both objects are measured from the same level floor. The floor stays fixed while the objects move or remain still. The cup moves from a height of 4 feet to a height of 5 feet, measured from the floor. The box remains at a height of 1 foot from the floor.","In the room, the heights of both objects are measured from the same level floor. The floor stays fixed while the objects move or remain still. The cup moves from a height of 1 foot to a height of 2 feet, measured from the floor. The box remains at a height of 5 feet from the floor.",The box is below the cup.,The box is above the cup.,Target1,Target2,4,5,1,1,1,2,5,5,57,57,6,6
no_cross_up__cup_box__measured_height__expanded__reference_first__target_first,1.1,applied,target_moves_without_crossing,upward_motion,no_cross_up,cup_box,cup,box,measured_height,expanded,reference_first,target_first,above,below,up,up,still,still,"In the room, the heights of both objects are measured from the same level floor. The floor stays fixed while the objects move or remain still. The box remains at a height of 1 foot from the floor. The cup moves from a height of 4 feet to a height of 5 feet, measured from the floor.","In the room, the heights of both objects are measured from the same level floor. The floor stays fixed while the objects move or remain still. The box remains at a height of 5 feet from the floor. The cup moves from a height of 1 foot to a height of 2 feet, measured from the floor.",The cup is above the box.,The cup is below the box.,Target1,Target2,4,5,1,1,1,2,5,5,57,57,6,6
no_cross_up__cup_box__measured_height__expanded__reference_first__reference_first,1.1,applied,target_moves_without_crossing,upward_motion,no_cross_up,cup_box,cup,box,measured_height,expanded,reference_first,reference_first,below,above,up,up,still,still,"In the room, the heights of both objects are measured from the same level floor. The floor stays fixed while the objects move or remain still. The box remains at a height of 1 foot from the floor. The cup moves from a height of 4 feet to a height of 5 feet, measured from the floor.","In the room, the heights of both objects are measured from the same level floor. The floor stays fixed while the objects move or remain still. The box remains at a height of 5 feet from the floor. The cup moves from a height of 1 foot to a height of 2 feet, measured from the floor.",The box is below the cup.,The box is above the cup.,Target1,Target2,4,5,1,1,1,2,5,5,57,57,6,6
no_cross_up__book_jar__named_shelves__compact__target_first__target_first,1.1,applied,target_moves_without_crossing,upward_motion,no_cross_up,book_jar,book,jar,named_shelves,compact,target_first,target_first,above,below,up,up,still,still,"The rack's shelves run from bottom through lower, middle, and upper to top. The book moves from the upper shelf to the top shelf. The jar remains on the bottom shelf.","The rack's shelves run from bottom through lower, middle, and upper to top. The book moves from the bottom shelf to the lower shelf. The jar remains on the top shelf.",The book is above the jar.,The book is below the jar.,Target1,Target2,4,5,1,1,1,2,5,5,32,32,6,6
no_cross_up__book_jar__named_shelves__compact__target_first__reference_first,1.1,applied,target_moves_without_crossing,upward_motion,no_cross_up,book_jar,book,jar,named_shelves,compact,target_first,reference_first,below,above,up,up,still,still,"The rack's shelves run from bottom through lower, middle, and upper to top. The book moves from the upper shelf to the top shelf. The jar remains on the bottom shelf.","The rack's shelves run from bottom through lower, middle, and upper to top. The book moves from the bottom shelf to the lower shelf. The jar remains on the top shelf.",The jar is below the book.,The jar is above the book.,Target1,Target2,4,5,1,1,1,2,5,5,32,32,6,6
no_cross_up__book_jar__named_shelves__compact__reference_first__target_first,1.1,applied,target_moves_without_crossing,upward_motion,no_cross_up,book_jar,book,jar,named_shelves,compact,reference_first,target_first,above,below,up,up,still,still,"The rack's shelves run from bottom through lower, middle, and upper to top. The jar remains on the bottom shelf. The book moves from the upper shelf to the top shelf.","The rack's shelves run from bottom through lower, middle, and upper to top. The jar remains on the top shelf. The book moves from the bottom shelf to the lower shelf.",The book is above the jar.,The book is below the jar.,Target1,Target2,4,5,1,1,1,2,5,5,32,32,6,6
no_cross_up__book_jar__named_shelves__compact__reference_first__reference_first,1.1,applied,target_moves_without_crossing,upward_motion,no_cross_up,book_jar,book,jar,named_shelves,compact,reference_first,reference_first,below,above,up,up,still,still,"The rack's shelves run from bottom through lower, middle, and upper to top. The jar remains on the bottom shelf. The book moves from the upper shelf to the top shelf.","The rack's shelves run from bottom through lower, middle, and upper to top. The jar remains on the top shelf. The book moves from the bottom shelf to the lower shelf.",The jar is below the book.,The jar is above the book.,Target1,Target2,4,5,1,1,1,2,5,5,32,32,6,6
no_cross_up__book_jar__named_shelves__standard__target_first__target_first,1.1,applied,target_moves_without_crossing,upward_motion,no_cross_up,book_jar,book,jar,named_shelves,standard,target_first,target_first,above,below,up,up,still,still,"In the room, a five-tier rack has bottom, lower, middle, upper, and top shelves, in that vertical order. The book moves from the upper shelf to the top shelf. The jar remains on the bottom shelf.","In the room, a five-tier rack has bottom, lower, middle, upper, and top shelves, in that vertical order. The book moves from the bottom shelf to the lower shelf. The jar remains on the top shelf.",The book is above the jar.,The book is below the jar.,Target1,Target2,4,5,1,1,1,2,5,5,37,37,6,6
no_cross_up__book_jar__named_shelves__standard__target_first__reference_first,1.1,applied,target_moves_without_crossing,upward_motion,no_cross_up,book_jar,book,jar,named_shelves,standard,target_first,reference_first,below,above,up,up,still,still,"In the room, a five-tier rack has bottom, lower, middle, upper, and top shelves, in that vertical order. The book moves from the upper shelf to the top shelf. The jar remains on the bottom shelf.","In the room, a five-tier rack has bottom, lower, middle, upper, and top shelves, in that vertical order. The book moves from the bottom shelf to the lower shelf. The jar remains on the top shelf.",The jar is below the book.,The jar is above the book.,Target1,Target2,4,5,1,1,1,2,5,5,37,37,6,6
no_cross_up__book_jar__named_shelves__standard__reference_first__target_first,1.1,applied,target_moves_without_crossing,upward_motion,no_cross_up,book_jar,book,jar,named_shelves,standard,reference_first,target_first,above,below,up,up,still,still,"In the room, a five-tier rack has bottom, lower, middle, upper, and top shelves, in that vertical order. The jar remains on the bottom shelf. The book moves from the upper shelf to the top shelf.","In the room, a five-tier rack has bottom, lower, middle, upper, and top shelves, in that vertical order. The jar remains on the top shelf. The book moves from the bottom shelf to the lower shelf.",The book is above the jar.,The book is below the jar.,Target1,Target2,4,5,1,1,1,2,5,5,37,37,6,6
no_cross_up__book_jar__named_shelves__standard__reference_first__reference_first,1.1,applied,target_moves_without_crossing,upward_motion,no_cross_up,book_jar,book,jar,named_shelves,standard,reference_first,reference_first,below,above,up,up,still,still,"In the room, a five-tier rack has bottom, lower, middle, upper, and top shelves, in that vertical order. The jar remains on the bottom shelf. The book moves from the upper shelf to the top shelf.","In the room, a five-tier rack has bottom, lower, middle, upper, and top shelves, in that vertical order. The jar remains on the top shelf. The book moves from the bottom shelf to the lower shelf.",The jar is below the book.,The jar is above the book.,Target1,Target2,4,5,1,1,1,2,5,5,37,37,6,6
no_cross_up__book_jar__named_shelves__expanded__target_first__target_first,1.1,applied,target_moves_without_crossing,upward_motion,no_cross_up,book_jar,book,jar,named_shelves,expanded,target_first,target_first,above,below,up,up,still,still,"In the room, a fixed five-tier rack has bottom, lower, middle, upper, and top shelves, in that vertical order. Each shelf stays at its level throughout the scene. The book moves from the upper shelf to the top shelf. The jar remains on the bottom shelf.","In the room, a fixed five-tier rack has bottom, lower, middle, upper, and top shelves, in that vertical order. Each shelf stays at its level throughout the scene. The book moves from the bottom shelf to the lower shelf. The jar remains on the top shelf.",The book is above the jar.,The book is below the jar.,Target1,Target2,4,5,1,1,1,2,5,5,47,47,6,6
no_cross_up__book_jar__named_shelves__expanded__target_first__reference_first,1.1,applied,target_moves_without_crossing,upward_motion,no_cross_up,book_jar,book,jar,named_shelves,expanded,target_first,reference_first,below,above,up,up,still,still,"In the room, a fixed five-tier rack has bottom, lower, middle, upper, and top shelves, in that vertical order. Each shelf stays at its level throughout the scene. The book moves from the upper shelf to the top shelf. The jar remains on the bottom shelf.","In the room, a fixed five-tier rack has bottom, lower, middle, upper, and top shelves, in that vertical order. Each shelf stays at its level throughout the scene. The book moves from the bottom shelf to the lower shelf. The jar remains on the top shelf.",The jar is below the book.,The jar is above the book.,Target1,Target2,4,5,1,1,1,2,5,5,47,47,6,6
no_cross_up__book_jar__named_shelves__expanded__reference_first__target_first,1.1,applied,target_moves_without_crossing,upward_motion,no_cross_up,book_jar,book,jar,named_shelves,expanded,reference_first,target_first,above,below,up,up,still,still,"In the room, a fixed five-tier rack has bottom, lower, middle, upper, and top shelves, in that vertical order. Each shelf stays at its level throughout the scene. The jar remains on the bottom shelf. The book moves from the upper shelf to the top shelf.","In the room, a fixed five-tier rack has bottom, lower, middle, upper, and top shelves, in that vertical order. Each shelf stays at its level throughout the scene. The jar remains on the top shelf. The book moves from the bottom shelf to the lower shelf.",The book is above the jar.,The book is below the jar.,Target1,Target2,4,5,1,1,1,2,5,5,47,47,6,6
no_cross_up__book_jar__named_shelves__expanded__reference_first__reference_first,1.1,applied,target_moves_without_crossing,upward_motion,no_cross_up,book_jar,book,jar,named_shelves,expanded,reference_first,reference_first,below,above,up,up,still,still,"In the room, a fixed five-tier rack has bottom, lower, middle, upper, and top shelves, in that vertical order. Each shelf stays at its level throughout the scene. The jar remains on the bottom shelf. The book moves from the upper shelf to the top shelf.","In the room, a fixed five-tier rack has bottom, lower, middle, upper, and top shelves, in that vertical order. Each shelf stays at its level throughout the scene. The jar remains on the top shelf. The book moves from the bottom shelf to the lower shelf.",The jar is below the book.,The jar is above the book.,Target1,Target2,4,5,1,1,1,2,5,5,47,47,6,6
no_cross_up__book_jar__measured_height__compact__target_first__target_first,1.1,applied,target_moves_without_crossing,upward_motion,no_cross_up,book_jar,book,jar,measured_height,compact,target_first,target_first,above,below,up,up,still,still,"Heights are measured from the floor. The book moves from a height of 4 feet to a height of 5 feet, measured from the floor. The jar remains at a height of 1 foot from the floor.","Heights are measured from the floor. The book moves from a height of 1 foot to a height of 2 feet, measured from the floor. The jar remains at a height of 5 feet from the floor.",The book is above the jar.,The book is below the jar.,Target1,Target2,4,5,1,1,1,2,5,5,37,37,6,6
no_cross_up__book_jar__measured_height__compact__target_first__reference_first,1.1,applied,target_moves_without_crossing,upward_motion,no_cross_up,book_jar,book,jar,measured_height,compact,target_first,reference_first,below,above,up,up,still,still,"Heights are measured from the floor. The book moves from a height of 4 feet to a height of 5 feet, measured from the floor. The jar remains at a height of 1 foot from the floor.","Heights are measured from the floor. The book moves from a height of 1 foot to a height of 2 feet, measured from the floor. The jar remains at a height of 5 feet from the floor.",The jar is below the book.,The jar is above the book.,Target1,Target2,4,5,1,1,1,2,5,5,37,37,6,6
no_cross_up__book_jar__measured_height__compact__reference_first__target_first,1.1,applied,target_moves_without_crossing,upward_motion,no_cross_up,book_jar,book,jar,measured_height,compact,reference_first,target_first,above,below,up,up,still,still,"Heights are measured from the floor. The jar remains at a height of 1 foot from the floor. The book moves from a height of 4 feet to a height of 5 feet, measured from the floor.","Heights are measured from the floor. The jar remains at a height of 5 feet from the floor. The book moves from a height of 1 foot to a height of 2 feet, measured from the floor.",The book is above the jar.,The book is below the jar.,Target1,Target2,4,5,1,1,1,2,5,5,37,37,6,6
no_cross_up__book_jar__measured_height__compact__reference_first__reference_first,1.1,applied,target_moves_without_crossing,upward_motion,no_cross_up,book_jar,book,jar,measured_height,compact,reference_first,reference_first,below,above,up,up,still,still,"Heights are measured from the floor. The jar remains at a height of 1 foot from the floor. The book moves from a height of 4 feet to a height of 5 feet, measured from the floor.","Heights are measured from the floor. The jar remains at a height of 5 feet from the floor. The book moves from a height of 1 foot to a height of 2 feet, measured from the floor.",The jar is below the book.,The jar is above the book.,Target1,Target2,4,5,1,1,1,2,5,5,37,37,6,6
no_cross_up__book_jar__measured_height__standard__target_first__target_first,1.1,applied,target_moves_without_crossing,upward_motion,no_cross_up,book_jar,book,jar,measured_height,standard,target_first,target_first,above,below,up,up,still,still,"In the room, the heights of both objects are measured from the same floor. The book moves from a height of 4 feet to a height of 5 feet, measured from the floor. The jar remains at a height of 1 foot from the floor.","In the room, the heights of both objects are measured from the same floor. The book moves from a height of 1 foot to a height of 2 feet, measured from the floor. The jar remains at a height of 5 feet from the floor.",The book is above the jar.,The book is below the jar.,Target1,Target2,4,5,1,1,1,2,5,5,45,45,6,6
no_cross_up__book_jar__measured_height__standard__target_first__reference_first,1.1,applied,target_moves_without_crossing,upward_motion,no_cross_up,book_jar,book,jar,measured_height,standard,target_first,reference_first,below,above,up,up,still,still,"In the room, the heights of both objects are measured from the same floor. The book moves from a height of 4 feet to a height of 5 feet, measured from the floor. The jar remains at a height of 1 foot from the floor.","In the room, the heights of both objects are measured from the same floor. The book moves from a height of 1 foot to a height of 2 feet, measured from the floor. The jar remains at a height of 5 feet from the floor.",The jar is below the book.,The jar is above the book.,Target1,Target2,4,5,1,1,1,2,5,5,45,45,6,6
no_cross_up__book_jar__measured_height__standard__reference_first__target_first,1.1,applied,target_moves_without_crossing,upward_motion,no_cross_up,book_jar,book,jar,measured_height,standard,reference_first,target_first,above,below,up,up,still,still,"In the room, the heights of both objects are measured from the same floor. The jar remains at a height of 1 foot from the floor. The book moves from a height of 4 feet to a height of 5 feet, measured from the floor.","In the room, the heights of both objects are measured from the same floor. The jar remains at a height of 5 feet from the floor. The book moves from a height of 1 foot to a height of 2 feet, measured from the floor.",The book is above the jar.,The book is below the jar.,Target1,Target2,4,5,1,1,1,2,5,5,45,45,6,6
no_cross_up__book_jar__measured_height__standard__reference_first__reference_first,1.1,applied,target_moves_without_crossing,upward_motion,no_cross_up,book_jar,book,jar,measured_height,standard,reference_first,reference_first,below,above,up,up,still,still,"In the room, the heights of both objects are measured from the same floor. The jar remains at a height of 1 foot from the floor. The book moves from a height of 4 feet to a height of 5 feet, measured from the floor.","In the room, the heights of both objects are measured from the same floor. The jar remains at a height of 5 feet from the floor. The book moves from a height of 1 foot to a height of 2 feet, measured from the floor.",The jar is below the book.,The jar is above the book.,Target1,Target2,4,5,1,1,1,2,5,5,45,45,6,6
no_cross_up__book_jar__measured_height__expanded__target_first__target_first,1.1,applied,target_moves_without_crossing,upward_motion,no_cross_up,book_jar,book,jar,measured_height,expanded,target_first,target_first,above,below,up,up,still,still,"In the room, the heights of both objects are measured from the same level floor. The floor stays fixed while the objects move or remain still. The book moves from a height of 4 feet to a height of 5 feet, measured from the floor. The jar remains at a height of 1 foot from the floor.","In the room, the heights of both objects are measured from the same level floor. The floor stays fixed while the objects move or remain still. The book moves from a height of 1 foot to a height of 2 feet, measured from the floor. The jar remains at a height of 5 feet from the floor.",The book is above the jar.,The book is below the jar.,Target1,Target2,4,5,1,1,1,2,5,5,57,57,6,6
no_cross_up__book_jar__measured_height__expanded__target_first__reference_first,1.1,applied,target_moves_without_crossing,upward_motion,no_cross_up,book_jar,book,jar,measured_height,expanded,target_first,reference_first,below,above,up,up,still,still,"In the room, the heights of both objects are measured from the same level floor. The floor stays fixed while the objects move or remain still. The book moves from a height of 4 feet to a height of 5 feet, measured from the floor. The jar remains at a height of 1 foot from the floor.","In the room, the heights of both objects are measured from the same level floor. The floor stays fixed while the objects move or remain still. The book moves from a height of 1 foot to a height of 2 feet, measured from the floor. The jar remains at a height of 5 feet from the floor.",The jar is below the book.,The jar is above the book.,Target1,Target2,4,5,1,1,1,2,5,5,57,57,6,6
no_cross_up__book_jar__measured_height__expanded__reference_first__target_first,1.1,applied,target_moves_without_crossing,upward_motion,no_cross_up,book_jar,book,jar,measured_height,expanded,reference_first,target_first,above,below,up,up,still,still,"In the room, the heights of both objects are measured from the same level floor. The floor stays fixed while the objects move or remain still. The jar remains at a height of 1 foot from the floor. The book moves from a height of 4 feet to a height of 5 feet, measured from the floor.","In the room, the heights of both objects are measured from the same level floor. The floor stays fixed while the objects move or remain still. The jar remains at a height of 5 feet from the floor. The book moves from a height of 1 foot to a height of 2 feet, measured from the floor.",The book is above the jar.,The book is below the jar.,Target1,Target2,4,5,1,1,1,2,5,5,57,57,6,6
no_cross_up__book_jar__measured_height__expanded__reference_first__reference_first,1.1,applied,target_moves_without_crossing,upward_motion,no_cross_up,book_jar,book,jar,measured_height,expanded,reference_first,reference_first,below,above,up,up,still,still,"In the room, the heights of both objects are measured from the same level floor. The floor stays fixed while the objects move or remain still. The jar remains at a height of 1 foot from the floor. The book moves from a height of 4 feet to a height of 5 feet, measured from the floor.","In the room, the heights of both objects are measured from the same level floor. The floor stays fixed while the objects move or remain still. The jar remains at a height of 5 feet from the floor. The book moves from a height of 1 foot to a height of 2 feet, measured from the floor.",The jar is below the book.,The jar is above the book.,Target1,Target2,4,5,1,1,1,2,5,5,57,57,6,6
no_cross_up__toy_key__named_shelves__compact__target_first__target_first,1.1,applied,target_moves_without_crossing,upward_motion,no_cross_up,toy_key,toy,key,named_shelves,compact,target_first,target_first,above,below,up,up,still,still,"The rack's shelves run from bottom through lower, middle, and upper to top. The toy moves from the upper shelf to the top shelf. The key remains on the bottom shelf.","The rack's shelves run from bottom through lower, middle, and upper to top. The toy moves from the bottom shelf to the lower shelf. The key remains on the top shelf.",The toy is above the key.,The toy is below the key.,Target1,Target2,4,5,1,1,1,2,5,5,32,32,6,6
no_cross_up__toy_key__named_shelves__compact__target_first__reference_first,1.1,applied,target_moves_without_crossing,upward_motion,no_cross_up,toy_key,toy,key,named_shelves,compact,target_first,reference_first,below,above,up,up,still,still,"The rack's shelves run from bottom through lower, middle, and upper to top. The toy moves from the upper shelf to the top shelf. The key remains on the bottom shelf.","The rack's shelves run from bottom through lower, middle, and upper to top. The toy moves from the bottom shelf to the lower shelf. The key remains on the top shelf.",The key is below the toy.,The key is above the toy.,Target1,Target2,4,5,1,1,1,2,5,5,32,32,6,6
no_cross_up__toy_key__named_shelves__compact__reference_first__target_first,1.1,applied,target_moves_without_crossing,upward_motion,no_cross_up,toy_key,toy,key,named_shelves,compact,reference_first,target_first,above,below,up,up,still,still,"The rack's shelves run from bottom through lower, middle, and upper to top. The key remains on the bottom shelf. The toy moves from the upper shelf to the top shelf.","The rack's shelves run from bottom through lower, middle, and upper to top. The key remains on the top shelf. The toy moves from the bottom shelf to the lower shelf.",The toy is above the key.,The toy is below the key.,Target1,Target2,4,5,1,1,1,2,5,5,32,32,6,6
no_cross_up__toy_key__named_shelves__compact__reference_first__reference_first,1.1,applied,target_moves_without_crossing,upward_motion,no_cross_up,toy_key,toy,key,named_shelves,compact,reference_first,reference_first,below,above,up,up,still,still,"The rack's shelves run from bottom through lower, middle, and upper to top. The key remains on the bottom shelf. The toy moves from the upper shelf to the top shelf.","The rack's shelves run from bottom through lower, middle, and upper to top. The key remains on the top shelf. The toy moves from the bottom shelf to the lower shelf.",The key is below the toy.,The key is above the toy.,Target1,Target2,4,5,1,1,1,2,5,5,32,32,6,6
no_cross_up__toy_key__named_shelves__standard__target_first__target_first,1.1,applied,target_moves_without_crossing,upward_motion,no_cross_up,toy_key,toy,key,named_shelves,standard,target_first,target_first,above,below,up,up,still,still,"In the room, a five-tier rack has bottom, lower, middle, upper, and top shelves, in that vertical order. The toy moves from the upper shelf to the top shelf. The key remains on the bottom shelf.","In the room, a five-tier rack has bottom, lower, middle, upper, and top shelves, in that vertical order. The toy moves from the bottom shelf to the lower shelf. The key remains on the top shelf.",The toy is above the key.,The toy is below the key.,Target1,Target2,4,5,1,1,1,2,5,5,37,37,6,6
no_cross_up__toy_key__named_shelves__standard__target_first__reference_first,1.1,applied,target_moves_without_crossing,upward_motion,no_cross_up,toy_key,toy,key,named_shelves,standard,target_first,reference_first,below,above,up,up,still,still,"In the room, a five-tier rack has bottom, lower, middle, upper, and top shelves, in that vertical order. The toy moves from the upper shelf to the top shelf. The key remains on the bottom shelf.","In the room, a five-tier rack has bottom, lower, middle, upper, and top shelves, in that vertical order. The toy moves from the bottom shelf to the lower shelf. The key remains on the top shelf.",The key is below the toy.,The key is above the toy.,Target1,Target2,4,5,1,1,1,2,5,5,37,37,6,6
no_cross_up__toy_key__named_shelves__standard__reference_first__target_first,1.1,applied,target_moves_without_crossing,upward_motion,no_cross_up,toy_key,toy,key,named_shelves,standard,reference_first,target_first,above,below,up,up,still,still,"In the room, a five-tier rack has bottom, lower, middle, upper, and top shelves, in that vertical order. The key remains on the bottom shelf. The toy moves from the upper shelf to the top shelf.","In the room, a five-tier rack has bottom, lower, middle, upper, and top shelves, in that vertical order. The key remains on the top shelf. The toy moves from the bottom shelf to the lower shelf.",The toy is above the key.,The toy is below the key.,Target1,Target2,4,5,1,1,1,2,5,5,37,37,6,6
no_cross_up__toy_key__named_shelves__standard__reference_first__reference_first,1.1,applied,target_moves_without_crossing,upward_motion,no_cross_up,toy_key,toy,key,named_shelves,standard,reference_first,reference_first,below,above,up,up,still,still,"In the room, a five-tier rack has bottom, lower, middle, upper, and top shelves, in that vertical order. The key remains on the bottom shelf. The toy moves from the upper shelf to the top shelf.","In the room, a five-tier rack has bottom, lower, middle, upper, and top shelves, in that vertical order. The key remains on the top shelf. The toy moves from the bottom shelf to the lower shelf.",The key is below the toy.,The key is above the toy.,Target1,Target2,4,5,1,1,1,2,5,5,37,37,6,6
no_cross_up__toy_key__named_shelves__expanded__target_first__target_first,1.1,applied,target_moves_without_crossing,upward_motion,no_cross_up,toy_key,toy,key,named_shelves,expanded,target_first,target_first,above,below,up,up,still,still,"In the room, a fixed five-tier rack has bottom, lower, middle, upper, and top shelves, in that vertical order. Each shelf stays at its level throughout the scene. The toy moves from the upper shelf to the top shelf. The key remains on the bottom shelf.","In the room, a fixed five-tier rack has bottom, lower, middle, upper, and top shelves, in that vertical order. Each shelf stays at its level throughout the scene. The toy moves from the bottom shelf to the lower shelf. The key remains on the top shelf.",The toy is above the key.,The toy is below the key.,Target1,Target2,4,5,1,1,1,2,5,5,47,47,6,6
no_cross_up__toy_key__named_shelves__expanded__target_first__reference_first,1.1,applied,target_moves_without_crossing,upward_motion,no_cross_up,toy_key,toy,key,named_shelves,expanded,target_first,reference_first,below,above,up,up,still,still,"In the room, a fixed five-tier rack has bottom, lower, middle, upper, and top shelves, in that vertical order. Each shelf stays at its level throughout the scene. The toy moves from the upper shelf to the top shelf. The key remains on the bottom shelf.","In the room, a fixed five-tier rack has bottom, lower, middle, upper, and top shelves, in that vertical order. Each shelf stays at its level throughout the scene. The toy moves from the bottom shelf to the lower shelf. The key remains on the top shelf.",The key is below the toy.,The key is above the toy.,Target1,Target2,4,5,1,1,1,2,5,5,47,47,6,6
no_cross_up__toy_key__named_shelves__expanded__reference_first__target_first,1.1,applied,target_moves_without_crossing,upward_motion,no_cross_up,toy_key,toy,key,named_shelves,expanded,reference_first,target_first,above,below,up,up,still,still,"In the room, a fixed five-tier rack has bottom, lower, middle, upper, and top shelves, in that vertical order. Each shelf stays at its level throughout the scene. The key remains on the bottom shelf. The toy moves from the upper shelf to the top shelf.","In the room, a fixed five-tier rack has bottom, lower, middle, upper, and top shelves, in that vertical order. Each shelf stays at its level throughout the scene. The key remains on the top shelf. The toy moves from the bottom shelf to the lower shelf.",The toy is above the key.,The toy is below the key.,Target1,Target2,4,5,1,1,1,2,5,5,47,47,6,6
no_cross_up__toy_key__named_shelves__expanded__reference_first__reference_first,1.1,applied,target_moves_without_crossing,upward_motion,no_cross_up,toy_key,toy,key,named_shelves,expanded,reference_first,reference_first,below,above,up,up,still,still,"In the room, a fixed five-tier rack has bottom, lower, middle, upper, and top shelves, in that vertical order. Each shelf stays at its level throughout the scene. The key remains on the bottom shelf. The toy moves from the upper shelf to the top shelf.","In the room, a fixed five-tier rack has bottom, lower, middle, upper, and top shelves, in that vertical order. Each shelf stays at its level throughout the scene. The key remains on the top shelf. The toy moves from the bottom shelf to the lower shelf.",The key is below the toy.,The key is above the toy.,Target1,Target2,4,5,1,1,1,2,5,5,47,47,6,6
no_cross_up__toy_key__measured_height__compact__target_first__target_first,1.1,applied,target_moves_without_crossing,upward_motion,no_cross_up,toy_key,toy,key,measured_height,compact,target_first,target_first,above,below,up,up,still,still,"Heights are measured from the floor. The toy moves from a height of 4 feet to a height of 5 feet, measured from the floor. The key remains at a height of 1 foot from the floor.","Heights are measured from the floor. The toy moves from a height of 1 foot to a height of 2 feet, measured from the floor. The key remains at a height of 5 feet from the floor.",The toy is above the key.,The toy is below the key.,Target1,Target2,4,5,1,1,1,2,5,5,37,37,6,6
no_cross_up__toy_key__measured_height__compact__target_first__reference_first,1.1,applied,target_moves_without_crossing,upward_motion,no_cross_up,toy_key,toy,key,measured_height,compact,target_first,reference_first,below,above,up,up,still,still,"Heights are measured from the floor. The toy moves from a height of 4 feet to a height of 5 feet, measured from the floor. The key remains at a height of 1 foot from the floor.","Heights are measured from the floor. The toy moves from a height of 1 foot to a height of 2 feet, measured from the floor. The key remains at a height of 5 feet from the floor.",The key is below the toy.,The key is above the toy.,Target1,Target2,4,5,1,1,1,2,5,5,37,37,6,6
no_cross_up__toy_key__measured_height__compact__reference_first__target_first,1.1,applied,target_moves_without_crossing,upward_motion,no_cross_up,toy_key,toy,key,measured_height,compact,reference_first,target_first,above,below,up,up,still,still,"Heights are measured from the floor. The key remains at a height of 1 foot from the floor. The toy moves from a height of 4 feet to a height of 5 feet, measured from the floor.","Heights are measured from the floor. The key remains at a height of 5 feet from the floor. The toy moves from a height of 1 foot to a height of 2 feet, measured from the floor.",The toy is above the key.,The toy is below the key.,Target1,Target2,4,5,1,1,1,2,5,5,37,37,6,6
no_cross_up__toy_key__measured_height__compact__reference_first__reference_first,1.1,applied,target_moves_without_crossing,upward_motion,no_cross_up,toy_key,toy,key,measured_height,compact,reference_first,reference_first,below,above,up,up,still,still,"Heights are measured from the floor. The key remains at a height of 1 foot from the floor. The toy moves from a height of 4 feet to a height of 5 feet, measured from the floor.","Heights are measured from the floor. The key remains at a height of 5 feet from the floor. The toy moves from a height of 1 foot to a height of 2 feet, measured from the floor.",The key is below the toy.,The key is above the toy.,Target1,Target2,4,5,1,1,1,2,5,5,37,37,6,6
no_cross_up__toy_key__measured_height__standard__target_first__target_first,1.1,applied,target_moves_without_crossing,upward_motion,no_cross_up,toy_key,toy,key,measured_height,standard,target_first,target_first,above,below,up,up,still,still,"In the room, the heights of both objects are measured from the same floor. The toy moves from a height of 4 feet to a height of 5 feet, measured from the floor. The key remains at a height of 1 foot from the floor.","In the room, the heights of both objects are measured from the same floor. The toy moves from a height of 1 foot to a height of 2 feet, measured from the floor. The key remains at a height of 5 feet from the floor.",The toy is above the key.,The toy is below the key.,Target1,Target2,4,5,1,1,1,2,5,5,45,45,6,6
no_cross_up__toy_key__measured_height__standard__target_first__reference_first,1.1,applied,target_moves_without_crossing,upward_motion,no_cross_up,toy_key,toy,key,measured_height,standard,target_first,reference_first,below,above,up,up,still,still,"In the room, the heights of both objects are measured from the same floor. The toy moves from a height of 4 feet to a height of 5 feet, measured from the floor. The key remains at a height of 1 foot from the floor.","In the room, the heights of both objects are measured from the same floor. The toy moves from a height of 1 foot to a height of 2 feet, measured from the floor. The key remains at a height of 5 feet from the floor.",The key is below the toy.,The key is above the toy.,Target1,Target2,4,5,1,1,1,2,5,5,45,45,6,6
no_cross_up__toy_key__measured_height__standard__reference_first__target_first,1.1,applied,target_moves_without_crossing,upward_motion,no_cross_up,toy_key,toy,key,measured_height,standard,reference_first,target_first,above,below,up,up,still,still,"In the room, the heights of both objects are measured from the same floor. The key remains at a height of 1 foot from the floor. The toy moves from a height of 4 feet to a height of 5 feet, measured from the floor.","In the room, the heights of both objects are measured from the same floor. The key remains at a height of 5 feet from the floor. The toy moves from a height of 1 foot to a height of 2 feet, measured from the floor.",The toy is above the key.,The toy is below the key.,Target1,Target2,4,5,1,1,1,2,5,5,45,45,6,6
no_cross_up__toy_key__measured_height__standard__reference_first__reference_first,1.1,applied,target_moves_without_crossing,upward_motion,no_cross_up,toy_key,toy,key,measured_height,standard,reference_first,reference_first,below,above,up,up,still,still,"In the room, the heights of both objects are measured from the same floor. The key remains at a height of 1 foot from the floor. The toy moves from a height of 4 feet to a height of 5 feet, measured from the floor.","In the room, the heights of both objects are measured from the same floor. The key remains at a height of 5 feet from the floor. The toy moves from a height of 1 foot to a height of 2 feet, measured from the floor.",The key is below the toy.,The key is above the toy.,Target1,Target2,4,5,1,1,1,2,5,5,45,45,6,6
no_cross_up__toy_key__measured_height__expanded__target_first__target_first,1.1,applied,target_moves_without_crossing,upward_motion,no_cross_up,toy_key,toy,key,measured_height,expanded,target_first,target_first,above,below,up,up,still,still,"In the room, the heights of both objects are measured from the same level floor. The floor stays fixed while the objects move or remain still. The toy moves from a height of 4 feet to a height of 5 feet, measured from the floor. The key remains at a height of 1 foot from the floor.","In the room, the heights of both objects are measured from the same level floor. The floor stays fixed while the objects move or remain still. The toy moves from a height of 1 foot to a height of 2 feet, measured from the floor. The key remains at a height of 5 feet from the floor.",The toy is above the key.,The toy is below the key.,Target1,Target2,4,5,1,1,1,2,5,5,57,57,6,6
no_cross_up__toy_key__measured_height__expanded__target_first__reference_first,1.1,applied,target_moves_without_crossing,upward_motion,no_cross_up,toy_key,toy,key,measured_height,expanded,target_first,reference_first,below,above,up,up,still,still,"In the room, the heights of both objects are measured from the same level floor. The floor stays fixed while the objects move or remain still. The toy moves from a height of 4 feet to a height of 5 feet, measured from the floor. The key remains at a height of 1 foot from the floor.","In the room, the heights of both objects are measured from the same level floor. The floor stays fixed while the objects move or remain still. The toy moves from a height of 1 foot to a height of 2 feet, measured from the floor. The key remains at a height of 5 feet from the floor.",The key is below the toy.,The key is above the toy.,Target1,Target2,4,5,1,1,1,2,5,5,57,57,6,6
no_cross_up__toy_key__measured_height__expanded__reference_first__target_first,1.1,applied,target_moves_without_crossing,upward_motion,no_cross_up,toy_key,toy,key,measured_height,expanded,reference_first,target_first,above,below,up,up,still,still,"In the room, the heights of both objects are measured from the same level floor. The floor stays fixed while the objects move or remain still. The key remains at a height of 1 foot from the floor. The toy moves from a height of 4 feet to a height of 5 feet, measured from the floor.","In the room, the heights of both objects are measured from the same level floor. The floor stays fixed while the objects move or remain still. The key remains at a height of 5 feet from the floor. The toy moves from a height of 1 foot to a height of 2 feet, measured from the floor.",The toy is above the key.,The toy is below the key.,Target1,Target2,4,5,1,1,1,2,5,5,57,57,6,6
no_cross_up__toy_key__measured_height__expanded__reference_first__reference_first,1.1,applied,target_moves_without_crossing,upward_motion,no_cross_up,toy_key,toy,key,measured_height,expanded,reference_first,reference_first,below,above,up,up,still,still,"In the room, the heights of both objects are measured from the same level floor. The floor stays fixed while the objects move or remain still. The key remains at a height of 1 foot from the floor. The toy moves from a height of 4 feet to a height of 5 feet, measured from the floor.","In the room, the heights of both objects are measured from the same level floor. The floor stays fixed while the objects move or remain still. The key remains at a height of 5 feet from the floor. The toy moves from a height of 1 foot to a height of 2 feet, measured from the floor.",The key is below the toy.,The key is above the toy.,Target1,Target2,4,5,1,1,1,2,5,5,57,57,6,6
no_cross_down__ball_cone__named_shelves__compact__target_first__target_first,1.1,applied,target_moves_without_crossing,downward_motion,no_cross_down,ball_cone,ball,cone,named_shelves,compact,target_first,target_first,above,below,down,down,still,still,"The rack's shelves run from bottom through lower, middle, and upper to top. The ball moves from the top shelf to the upper shelf. The cone remains on the bottom shelf.","The rack's shelves run from bottom through lower, middle, and upper to top. The ball moves from the lower shelf to the bottom shelf. The cone remains on the top shelf.",The ball is above the cone.,The ball is below the cone.,Target1,Target2,5,4,1,1,2,1,5,5,32,32,6,6
no_cross_down__ball_cone__named_shelves__compact__target_first__reference_first,1.1,applied,target_moves_without_crossing,downward_motion,no_cross_down,ball_cone,ball,cone,named_shelves,compact,target_first,reference_first,below,above,down,down,still,still,"The rack's shelves run from bottom through lower, middle, and upper to top. The ball moves from the top shelf to the upper shelf. The cone remains on the bottom shelf.","The rack's shelves run from bottom through lower, middle, and upper to top. The ball moves from the lower shelf to the bottom shelf. The cone remains on the top shelf.",The cone is below the ball.,The cone is above the ball.,Target1,Target2,5,4,1,1,2,1,5,5,32,32,6,6
no_cross_down__ball_cone__named_shelves__compact__reference_first__target_first,1.1,applied,target_moves_without_crossing,downward_motion,no_cross_down,ball_cone,ball,cone,named_shelves,compact,reference_first,target_first,above,below,down,down,still,still,"The rack's shelves run from bottom through lower, middle, and upper to top. The cone remains on the bottom shelf. The ball moves from the top shelf to the upper shelf.","The rack's shelves run from bottom through lower, middle, and upper to top. The cone remains on the top shelf. The ball moves from the lower shelf to the bottom shelf.",The ball is above the cone.,The ball is below the cone.,Target1,Target2,5,4,1,1,2,1,5,5,32,32,6,6
no_cross_down__ball_cone__named_shelves__compact__reference_first__reference_first,1.1,applied,target_moves_without_crossing,downward_motion,no_cross_down,ball_cone,ball,cone,named_shelves,compact,reference_first,reference_first,below,above,down,down,still,still,"The rack's shelves run from bottom through lower, middle, and upper to top. The cone remains on the bottom shelf. The ball moves from the top shelf to the upper shelf.","The rack's shelves run from bottom through lower, middle, and upper to top. The cone remains on the top shelf. The ball moves from the lower shelf to the bottom shelf.",The cone is below the ball.,The cone is above the ball.,Target1,Target2,5,4,1,1,2,1,5,5,32,32,6,6
no_cross_down__ball_cone__named_shelves__standard__target_first__target_first,1.1,applied,target_moves_without_crossing,downward_motion,no_cross_down,ball_cone,ball,cone,named_shelves,standard,target_first,target_first,above,below,down,down,still,still,"In the room, a five-tier rack has bottom, lower, middle, upper, and top shelves, in that vertical order. The ball moves from the top shelf to the upper shelf. The cone remains on the bottom shelf.","In the room, a five-tier rack has bottom, lower, middle, upper, and top shelves, in that vertical order. The ball moves from the lower shelf to the bottom shelf. The cone remains on the top shelf.",The ball is above the cone.,The ball is below the cone.,Target1,Target2,5,4,1,1,2,1,5,5,37,37,6,6
no_cross_down__ball_cone__named_shelves__standard__target_first__reference_first,1.1,applied,target_moves_without_crossing,downward_motion,no_cross_down,ball_cone,ball,cone,named_shelves,standard,target_first,reference_first,below,above,down,down,still,still,"In the room, a five-tier rack has bottom, lower, middle, upper, and top shelves, in that vertical order. The ball moves from the top shelf to the upper shelf. The cone remains on the bottom shelf.","In the room, a five-tier rack has bottom, lower, middle, upper, and top shelves, in that vertical order. The ball moves from the lower shelf to the bottom shelf. The cone remains on the top shelf.",The cone is below the ball.,The cone is above the ball.,Target1,Target2,5,4,1,1,2,1,5,5,37,37,6,6
no_cross_down__ball_cone__named_shelves__standard__reference_first__target_first,1.1,applied,target_moves_without_crossing,downward_motion,no_cross_down,ball_cone,ball,cone,named_shelves,standard,reference_first,target_first,above,below,down,down,still,still,"In the room, a five-tier rack has bottom, lower, middle, upper, and top shelves, in that vertical order. The cone remains on the bottom shelf. The ball moves from the top shelf to the upper shelf.","In the room, a five-tier rack has bottom, lower, middle, upper, and top shelves, in that vertical order. The cone remains on the top shelf. The ball moves from the lower shelf to the bottom shelf.",The ball is above the cone.,The ball is below the cone.,Target1,Target2,5,4,1,1,2,1,5,5,37,37,6,6
no_cross_down__ball_cone__named_shelves__standard__reference_first__reference_first,1.1,applied,target_moves_without_crossing,downward_motion,no_cross_down,ball_cone,ball,cone,named_shelves,standard,reference_first,reference_first,below,above,down,down,still,still,"In the room, a five-tier rack has bottom, lower, middle, upper, and top shelves, in that vertical order. The cone remains on the bottom shelf. The ball moves from the top shelf to the upper shelf.","In the room, a five-tier rack has bottom, lower, middle, upper, and top shelves, in that vertical order. The cone remains on the top shelf. The ball moves from the lower shelf to the bottom shelf.",The cone is below the ball.,The cone is above the ball.,Target1,Target2,5,4,1,1,2,1,5,5,37,37,6,6
no_cross_down__ball_cone__named_shelves__expanded__target_first__target_first,1.1,applied,target_moves_without_crossing,downward_motion,no_cross_down,ball_cone,ball,cone,named_shelves,expanded,target_first,target_first,above,below,down,down,still,still,"In the room, a fixed five-tier rack has bottom, lower, middle, upper, and top shelves, in that vertical order. Each shelf stays at its level throughout the scene. The ball moves from the top shelf to the upper shelf. The cone remains on the bottom shelf.","In the room, a fixed five-tier rack has bottom, lower, middle, upper, and top shelves, in that vertical order. Each shelf stays at its level throughout the scene. The ball moves from the lower shelf to the bottom shelf. The cone remains on the top shelf.",The ball is above the cone.,The ball is below the cone.,Target1,Target2,5,4,1,1,2,1,5,5,47,47,6,6
no_cross_down__ball_cone__named_shelves__expanded__target_first__reference_first,1.1,applied,target_moves_without_crossing,downward_motion,no_cross_down,ball_cone,ball,cone,named_shelves,expanded,target_first,reference_first,below,above,down,down,still,still,"In the room, a fixed five-tier rack has bottom, lower, middle, upper, and top shelves, in that vertical order. Each shelf stays at its level throughout the scene. The ball moves from the top shelf to the upper shelf. The cone remains on the bottom shelf.","In the room, a fixed five-tier rack has bottom, lower, middle, upper, and top shelves, in that vertical order. Each shelf stays at its level throughout the scene. The ball moves from the lower shelf to the bottom shelf. The cone remains on the top shelf.",The cone is below the ball.,The cone is above the ball.,Target1,Target2,5,4,1,1,2,1,5,5,47,47,6,6
no_cross_down__ball_cone__named_shelves__expanded__reference_first__target_first,1.1,applied,target_moves_without_crossing,downward_motion,no_cross_down,ball_cone,ball,cone,named_shelves,expanded,reference_first,target_first,above,below,down,down,still,still,"In the room, a fixed five-tier rack has bottom, lower, middle, upper, and top shelves, in that vertical order. Each shelf stays at its level throughout the scene. The cone remains on the bottom shelf. The ball moves from the top shelf to the upper shelf.","In the room, a fixed five-tier rack has bottom, lower, middle, upper, and top shelves, in that vertical order. Each shelf stays at its level throughout the scene. The cone remains on the top shelf. The ball moves from the lower shelf to the bottom shelf.",The ball is above the cone.,The ball is below the cone.,Target1,Target2,5,4,1,1,2,1,5,5,47,47,6,6
no_cross_down__ball_cone__named_shelves__expanded__reference_first__reference_first,1.1,applied,target_moves_without_crossing,downward_motion,no_cross_down,ball_cone,ball,cone,named_shelves,expanded,reference_first,reference_first,below,above,down,down,still,still,"In the room, a fixed five-tier rack has bottom, lower, middle, upper, and top shelves, in that vertical order. Each shelf stays at its level throughout the scene. The cone remains on the bottom shelf. The ball moves from the top shelf to the upper shelf.","In the room, a fixed five-tier rack has bottom, lower, middle, upper, and top shelves, in that vertical order. Each shelf stays at its level throughout the scene. The cone remains on the top shelf. The ball moves from the lower shelf to the bottom shelf.",The cone is below the ball.,The cone is above the ball.,Target1,Target2,5,4,1,1,2,1,5,5,47,47,6,6
no_cross_down__ball_cone__measured_height__compact__target_first__target_first,1.1,applied,target_moves_without_crossing,downward_motion,no_cross_down,ball_cone,ball,cone,measured_height,compact,target_first,target_first,above,below,down,down,still,still,"Heights are measured from the floor. The ball moves from a height of 5 feet to a height of 4 feet, measured from the floor. The cone remains at a height of 1 foot from the floor.","Heights are measured from the floor. The ball moves from a height of 2 feet to a height of 1 foot, measured from the floor. The cone remains at a height of 5 feet from the floor.",The ball is above the cone.,The ball is below the cone.,Target1,Target2,5,4,1,1,2,1,5,5,37,37,6,6
no_cross_down__ball_cone__measured_height__compact__target_first__reference_first,1.1,applied,target_moves_without_crossing,downward_motion,no_cross_down,ball_cone,ball,cone,measured_height,compact,target_first,reference_first,below,above,down,down,still,still,"Heights are measured from the floor. The ball moves from a height of 5 feet to a height of 4 feet, measured from the floor. The cone remains at a height of 1 foot from the floor.","Heights are measured from the floor. The ball moves from a height of 2 feet to a height of 1 foot, measured from the floor. The cone remains at a height of 5 feet from the floor.",The cone is below the ball.,The cone is above the ball.,Target1,Target2,5,4,1,1,2,1,5,5,37,37,6,6
no_cross_down__ball_cone__measured_height__compact__reference_first__target_first,1.1,applied,target_moves_without_crossing,downward_motion,no_cross_down,ball_cone,ball,cone,measured_height,compact,reference_first,target_first,above,below,down,down,still,still,"Heights are measured from the floor. The cone remains at a height of 1 foot from the floor. The ball moves from a height of 5 feet to a height of 4 feet, measured from the floor.","Heights are measured from the floor. The cone remains at a height of 5 feet from the floor. The ball moves from a height of 2 feet to a height of 1 foot, measured from the floor.",The ball is above the cone.,The ball is below the cone.,Target1,Target2,5,4,1,1,2,1,5,5,37,37,6,6
no_cross_down__ball_cone__measured_height__compact__reference_first__reference_first,1.1,applied,target_moves_without_crossing,downward_motion,no_cross_down,ball_cone,ball,cone,measured_height,compact,reference_first,reference_first,below,above,down,down,still,still,"Heights are measured from the floor. The cone remains at a height of 1 foot from the floor. The ball moves from a height of 5 feet to a height of 4 feet, measured from the floor.","Heights are measured from the floor. The cone remains at a height of 5 feet from the floor. The ball moves from a height of 2 feet to a height of 1 foot, measured from the floor.",The cone is below the ball.,The cone is above the ball.,Target1,Target2,5,4,1,1,2,1,5,5,37,37,6,6
no_cross_down__ball_cone__measured_height__standard__target_first__target_first,1.1,applied,target_moves_without_crossing,downward_motion,no_cross_down,ball_cone,ball,cone,measured_height,standard,target_first,target_first,above,below,down,down,still,still,"In the room, the heights of both objects are measured from the same floor. The ball moves from a height of 5 feet to a height of 4 feet, measured from the floor. The cone remains at a height of 1 foot from the floor.","In the room, the heights of both objects are measured from the same floor. The ball moves from a height of 2 feet to a height of 1 foot, measured from the floor. The cone remains at a height of 5 feet from the floor.",The ball is above the cone.,The ball is below the cone.,Target1,Target2,5,4,1,1,2,1,5,5,45,45,6,6
no_cross_down__ball_cone__measured_height__standard__target_first__reference_first,1.1,applied,target_moves_without_crossing,downward_motion,no_cross_down,ball_cone,ball,cone,measured_height,standard,target_first,reference_first,below,above,down,down,still,still,"In the room, the heights of both objects are measured from the same floor. The ball moves from a height of 5 feet to a height of 4 feet, measured from the floor. The cone remains at a height of 1 foot from the floor.","In the room, the heights of both objects are measured from the same floor. The ball moves from a height of 2 feet to a height of 1 foot, measured from the floor. The cone remains at a height of 5 feet from the floor.",The cone is below the ball.,The cone is above the ball.,Target1,Target2,5,4,1,1,2,1,5,5,45,45,6,6
no_cross_down__ball_cone__measured_height__standard__reference_first__target_first,1.1,applied,target_moves_without_crossing,downward_motion,no_cross_down,ball_cone,ball,cone,measured_height,standard,reference_first,target_first,above,below,down,down,still,still,"In the room, the heights of both objects are measured from the same floor. The cone remains at a height of 1 foot from the floor. The ball moves from a height of 5 feet to a height of 4 feet, measured from the floor.","In the room, the heights of both objects are measured from the same floor. The cone remains at a height of 5 feet from the floor. The ball moves from a height of 2 feet to a height of 1 foot, measured from the floor.",The ball is above the cone.,The ball is below the cone.,Target1,Target2,5,4,1,1,2,1,5,5,45,45,6,6
no_cross_down__ball_cone__measured_height__standard__reference_first__reference_first,1.1,applied,target_moves_without_crossing,downward_motion,no_cross_down,ball_cone,ball,cone,measured_height,standard,reference_first,reference_first,below,above,down,down,still,still,"In the room, the heights of both objects are measured from the same floor. The cone remains at a height of 1 foot from the floor. The ball moves from a height of 5 feet to a height of 4 feet, measured from the floor.","In the room, the heights of both objects are measured from the same floor. The cone remains at a height of 5 feet from the floor. The ball moves from a height of 2 feet to a height of 1 foot, measured from the floor.",The cone is below the ball.,The cone is above the ball.,Target1,Target2,5,4,1,1,2,1,5,5,45,45,6,6
no_cross_down__ball_cone__measured_height__expanded__target_first__target_first,1.1,applied,target_moves_without_crossing,downward_motion,no_cross_down,ball_cone,ball,cone,measured_height,expanded,target_first,target_first,above,below,down,down,still,still,"In the room, the heights of both objects are measured from the same level floor. The floor stays fixed while the objects move or remain still. The ball moves from a height of 5 feet to a height of 4 feet, measured from the floor. The cone remains at a height of 1 foot from the floor.","In the room, the heights of both objects are measured from the same level floor. The floor stays fixed while the objects move or remain still. The ball moves from a height of 2 feet to a height of 1 foot, measured from the floor. The cone remains at a height of 5 feet from the floor.",The ball is above the cone.,The ball is below the cone.,Target1,Target2,5,4,1,1,2,1,5,5,57,57,6,6
no_cross_down__ball_cone__measured_height__expanded__target_first__reference_first,1.1,applied,target_moves_without_crossing,downward_motion,no_cross_down,ball_cone,ball,cone,measured_height,expanded,target_first,reference_first,below,above,down,down,still,still,"In the room, the heights of both objects are measured from the same level floor. The floor stays fixed while the objects move or remain still. The ball moves from a height of 5 feet to a height of 4 feet, measured from the floor. The cone remains at a height of 1 foot from the floor.","In the room, the heights of both objects are measured from the same level floor. The floor stays fixed while the objects move or remain still. The ball moves from a height of 2 feet to a height of 1 foot, measured from the floor. The cone remains at a height of 5 feet from the floor.",The cone is below the ball.,The cone is above the ball.,Target1,Target2,5,4,1,1,2,1,5,5,57,57,6,6
no_cross_down__ball_cone__measured_height__expanded__reference_first__target_first,1.1,applied,target_moves_without_crossing,downward_motion,no_cross_down,ball_cone,ball,cone,measured_height,expanded,reference_first,target_first,above,below,down,down,still,still,"In the room, the heights of both objects are measured from the same level floor. The floor stays fixed while the objects move or remain still. The cone remains at a height of 1 foot from the floor. The ball moves from a height of 5 feet to a height of 4 feet, measured from the floor.","In the room, the heights of both objects are measured from the same level floor. The floor stays fixed while the objects move or remain still. The cone remains at a height of 5 feet from the floor. The ball moves from a height of 2 feet to a height of 1 foot, measured from the floor.",The ball is above the cone.,The ball is below the cone.,Target1,Target2,5,4,1,1,2,1,5,5,57,57,6,6
no_cross_down__ball_cone__measured_height__expanded__reference_first__reference_first,1.1,applied,target_moves_without_crossing,downward_motion,no_cross_down,ball_cone,ball,cone,measured_height,expanded,reference_first,reference_first,below,above,down,down,still,still,"In the room, the heights of both objects are measured from the same level floor. The floor stays fixed while the objects move or remain still. The cone remains at a height of 1 foot from the floor. The ball moves from a height of 5 feet to a height of 4 feet, measured from the floor.","In the room, the heights of both objects are measured from the same level floor. The floor stays fixed while the objects move or remain still. The cone remains at a height of 5 feet from the floor. The ball moves from a height of 2 feet to a height of 1 foot, measured from the floor.",The cone is below the ball.,The cone is above the ball.,Target1,Target2,5,4,1,1,2,1,5,5,57,57,6,6
no_cross_down__cup_box__named_shelves__compact__target_first__target_first,1.1,applied,target_moves_without_crossing,downward_motion,no_cross_down,cup_box,cup,box,named_shelves,compact,target_first,target_first,above,below,down,down,still,still,"The rack's shelves run from bottom through lower, middle, and upper to top. The cup moves from the top shelf to the upper shelf. The box remains on the bottom shelf.","The rack's shelves run from bottom through lower, middle, and upper to top. The cup moves from the lower shelf to the bottom shelf. The box remains on the top shelf.",The cup is above the box.,The cup is below the box.,Target1,Target2,5,4,1,1,2,1,5,5,32,32,6,6
no_cross_down__cup_box__named_shelves__compact__target_first__reference_first,1.1,applied,target_moves_without_crossing,downward_motion,no_cross_down,cup_box,cup,box,named_shelves,compact,target_first,reference_first,below,above,down,down,still,still,"The rack's shelves run from bottom through lower, middle, and upper to top. The cup moves from the top shelf to the upper shelf. The box remains on the bottom shelf.","The rack's shelves run from bottom through lower, middle, and upper to top. The cup moves from the lower shelf to the bottom shelf. The box remains on the top shelf.",The box is below the cup.,The box is above the cup.,Target1,Target2,5,4,1,1,2,1,5,5,32,32,6,6
no_cross_down__cup_box__named_shelves__compact__reference_first__target_first,1.1,applied,target_moves_without_crossing,downward_motion,no_cross_down,cup_box,cup,box,named_shelves,compact,reference_first,target_first,above,below,down,down,still,still,"The rack's shelves run from bottom through lower, middle, and upper to top. The box remains on the bottom shelf. The cup moves from the top shelf to the upper shelf.","The rack's shelves run from bottom through lower, middle, and upper to top. The box remains on the top shelf. The cup moves from the lower shelf to the bottom shelf.",The cup is above the box.,The cup is below the box.,Target1,Target2,5,4,1,1,2,1,5,5,32,32,6,6
no_cross_down__cup_box__named_shelves__compact__reference_first__reference_first,1.1,applied,target_moves_without_crossing,downward_motion,no_cross_down,cup_box,cup,box,named_shelves,compact,reference_first,reference_first,below,above,down,down,still,still,"The rack's shelves run from bottom through lower, middle, and upper to top. The box remains on the bottom shelf. The cup moves from the top shelf to the upper shelf.","The rack's shelves run from bottom through lower, middle, and upper to top. The box remains on the top shelf. The cup moves from the lower shelf to the bottom shelf.",The box is below the cup.,The box is above the cup.,Target1,Target2,5,4,1,1,2,1,5,5,32,32,6,6
no_cross_down__cup_box__named_shelves__standard__target_first__target_first,1.1,applied,target_moves_without_crossing,downward_motion,no_cross_down,cup_box,cup,box,named_shelves,standard,target_first,target_first,above,below,down,down,still,still,"In the room, a five-tier rack has bottom, lower, middle, upper, and top shelves, in that vertical order. The cup moves from the top shelf to the upper shelf. The box remains on the bottom shelf.","In the room, a five-tier rack has bottom, lower, middle, upper, and top shelves, in that vertical order. The cup moves from the lower shelf to the bottom shelf. The box remains on the top shelf.",The cup is above the box.,The cup is below the box.,Target1,Target2,5,4,1,1,2,1,5,5,37,37,6,6
no_cross_down__cup_box__named_shelves__standard__target_first__reference_first,1.1,applied,target_moves_without_crossing,downward_motion,no_cross_down,cup_box,cup,box,named_shelves,standard,target_first,reference_first,below,above,down,down,still,still,"In the room, a five-tier rack has bottom, lower, middle, upper, and top shelves, in that vertical order. The cup moves from the top shelf to the upper shelf. The box remains on the bottom shelf.","In the room, a five-tier rack has bottom, lower, middle, upper, and top shelves, in that vertical order. The cup moves from the lower shelf to the bottom shelf. The box remains on the top shelf.",The box is below the cup.,The box is above the cup.,Target1,Target2,5,4,1,1,2,1,5,5,37,37,6,6
no_cross_down__cup_box__named_shelves__standard__reference_first__target_first,1.1,applied,target_moves_without_crossing,downward_motion,no_cross_down,cup_box,cup,box,named_shelves,standard,reference_first,target_first,above,below,down,down,still,still,"In the room, a five-tier rack has bottom, lower, middle, upper, and top shelves, in that vertical order. The box remains on the bottom shelf. The cup moves from the top shelf to the upper shelf.","In the room, a five-tier rack has bottom, lower, middle, upper, and top shelves, in that vertical order. The box remains on the top shelf. The cup moves from the lower shelf to the bottom shelf.",The cup is above the box.,The cup is below the box.,Target1,Target2,5,4,1,1,2,1,5,5,37,37,6,6
no_cross_down__cup_box__named_shelves__standard__reference_first__reference_first,1.1,applied,target_moves_without_crossing,downward_motion,no_cross_down,cup_box,cup,box,named_shelves,standard,reference_first,reference_first,below,above,down,down,still,still,"In the room, a five-tier rack has bottom, lower, middle, upper, and top shelves, in that vertical order. The box remains on the bottom shelf. The cup moves from the top shelf to the upper shelf.","In the room, a five-tier rack has bottom, lower, middle, upper, and top shelves, in that vertical order. The box remains on the top shelf. The cup moves from the lower shelf to the bottom shelf.",The box is below the cup.,The box is above the cup.,Target1,Target2,5,4,1,1,2,1,5,5,37,37,6,6
no_cross_down__cup_box__named_shelves__expanded__target_first__target_first,1.1,applied,target_moves_without_crossing,downward_motion,no_cross_down,cup_box,cup,box,named_shelves,expanded,target_first,target_first,above,below,down,down,still,still,"In the room, a fixed five-tier rack has bottom, lower, middle, upper, and top shelves, in that vertical order. Each shelf stays at its level throughout the scene. The cup moves from the top shelf to the upper shelf. The box remains on the bottom shelf.","In the room, a fixed five-tier rack has bottom, lower, middle, upper, and top shelves, in that vertical order. Each shelf stays at its level throughout the scene. The cup moves from the lower shelf to the bottom shelf. The box remains on the top shelf.",The cup is above the box.,The cup is below the box.,Target1,Target2,5,4,1,1,2,1,5,5,47,47,6,6
no_cross_down__cup_box__named_shelves__expanded__target_first__reference_first,1.1,applied,target_moves_without_crossing,downward_motion,no_cross_down,cup_box,cup,box,named_shelves,expanded,target_first,reference_first,below,above,down,down,still,still,"In the room, a fixed five-tier rack has bottom, lower, middle, upper, and top shelves, in that vertical order. Each shelf stays at its level throughout the scene. The cup moves from the top shelf to the upper shelf. The box remains on the bottom shelf.","In the room, a fixed five-tier rack has bottom, lower, middle, upper, and top shelves, in that vertical order. Each shelf stays at its level throughout the scene. The cup moves from the lower shelf to the bottom shelf. The box remains on the top shelf.",The box is below the cup.,The box is above the cup.,Target1,Target2,5,4,1,1,2,1,5,5,47,47,6,6
no_cross_down__cup_box__named_shelves__expanded__reference_first__target_first,1.1,applied,target_moves_without_crossing,downward_motion,no_cross_down,cup_box,cup,box,named_shelves,expanded,reference_first,target_first,above,below,down,down,still,still,"In the room, a fixed five-tier rack has bottom, lower, middle, upper, and top shelves, in that vertical order. Each shelf stays at its level throughout the scene. The box remains on the bottom shelf. The cup moves from the top shelf to the upper shelf.","In the room, a fixed five-tier rack has bottom, lower, middle, upper, and top shelves, in that vertical order. Each shelf stays at its level throughout the scene. The box remains on the top shelf. The cup moves from the lower shelf to the bottom shelf.",The cup is above the box.,The cup is below the box.,Target1,Target2,5,4,1,1,2,1,5,5,47,47,6,6
no_cross_down__cup_box__named_shelves__expanded__reference_first__reference_first,1.1,applied,target_moves_without_crossing,downward_motion,no_cross_down,cup_box,cup,box,named_shelves,expanded,reference_first,reference_first,below,above,down,down,still,still,"In the room, a fixed five-tier rack has bottom, lower, middle, upper, and top shelves, in that vertical order. Each shelf stays at its level throughout the scene. The box remains on the bottom shelf. The cup moves from the top shelf to the upper shelf.","In the room, a fixed five-tier rack has bottom, lower, middle, upper, and top shelves, in that vertical order. Each shelf stays at its level throughout the scene. The box remains on the top shelf. The cup moves from the lower shelf to the bottom shelf.",The box is below the cup.,The box is above the cup.,Target1,Target2,5,4,1,1,2,1,5,5,47,47,6,6
no_cross_down__cup_box__measured_height__compact__target_first__target_first,1.1,applied,target_moves_without_crossing,downward_motion,no_cross_down,cup_box,cup,box,measured_height,compact,target_first,target_first,above,below,down,down,still,still,"Heights are measured from the floor. The cup moves from a height of 5 feet to a height of 4 feet, measured from the floor. The box remains at a height of 1 foot from the floor.","Heights are measured from the floor. The cup moves from a height of 2 feet to a height of 1 foot, measured from the floor. The box remains at a height of 5 feet from the floor.",The cup is above the box.,The cup is below the box.,Target1,Target2,5,4,1,1,2,1,5,5,37,37,6,6
no_cross_down__cup_box__measured_height__compact__target_first__reference_first,1.1,applied,target_moves_without_crossing,downward_motion,no_cross_down,cup_box,cup,box,measured_height,compact,target_first,reference_first,below,above,down,down,still,still,"Heights are measured from the floor. The cup moves from a height of 5 feet to a height of 4 feet, measured from the floor. The box remains at a height of 1 foot from the floor.","Heights are measured from the floor. The cup moves from a height of 2 feet to a height of 1 foot, measured from the floor. The box remains at a height of 5 feet from the floor.",The box is below the cup.,The box is above the cup.,Target1,Target2,5,4,1,1,2,1,5,5,37,37,6,6
no_cross_down__cup_box__measured_height__compact__reference_first__target_first,1.1,applied,target_moves_without_crossing,downward_motion,no_cross_down,cup_box,cup,box,measured_height,compact,reference_first,target_first,above,below,down,down,still,still,"Heights are measured from the floor. The box remains at a height of 1 foot from the floor. The cup moves from a height of 5 feet to a height of 4 feet, measured from the floor.","Heights are measured from the floor. The box remains at a height of 5 feet from the floor. The cup moves from a height of 2 feet to a height of 1 foot, measured from the floor.",The cup is above the box.,The cup is below the box.,Target1,Target2,5,4,1,1,2,1,5,5,37,37,6,6
no_cross_down__cup_box__measured_height__compact__reference_first__reference_first,1.1,applied,target_moves_without_crossing,downward_motion,no_cross_down,cup_box,cup,box,measured_height,compact,reference_first,reference_first,below,above,down,down,still,still,"Heights are measured from the floor. The box remains at a height of 1 foot from the floor. The cup moves from a height of 5 feet to a height of 4 feet, measured from the floor.","Heights are measured from the floor. The box remains at a height of 5 feet from the floor. The cup moves from a height of 2 feet to a height of 1 foot, measured from the floor.",The box is below the cup.,The box is above the cup.,Target1,Target2,5,4,1,1,2,1,5,5,37,37,6,6
no_cross_down__cup_box__measured_height__standard__target_first__target_first,1.1,applied,target_moves_without_crossing,downward_motion,no_cross_down,cup_box,cup,box,measured_height,standard,target_first,target_first,above,below,down,down,still,still,"In the room, the heights of both objects are measured from the same floor. The cup moves from a height of 5 feet to a height of 4 feet, measured from the floor. The box remains at a height of 1 foot from the floor.","In the room, the heights of both objects are measured from the same floor. The cup moves from a height of 2 feet to a height of 1 foot, measured from the floor. The box remains at a height of 5 feet from the floor.",The cup is above the box.,The cup is below the box.,Target1,Target2,5,4,1,1,2,1,5,5,45,45,6,6
no_cross_down__cup_box__measured_height__standard__target_first__reference_first,1.1,applied,target_moves_without_crossing,downward_motion,no_cross_down,cup_box,cup,box,measured_height,standard,target_first,reference_first,below,above,down,down,still,still,"In the room, the heights of both objects are measured from the same floor. The cup moves from a height of 5 feet to a height of 4 feet, measured from the floor. The box remains at a height of 1 foot from the floor.","In the room, the heights of both objects are measured from the same floor. The cup moves from a height of 2 feet to a height of 1 foot, measured from the floor. The box remains at a height of 5 feet from the floor.",The box is below the cup.,The box is above the cup.,Target1,Target2,5,4,1,1,2,1,5,5,45,45,6,6
no_cross_down__cup_box__measured_height__standard__reference_first__target_first,1.1,applied,target_moves_without_crossing,downward_motion,no_cross_down,cup_box,cup,box,measured_height,standard,reference_first,target_first,above,below,down,down,still,still,"In the room, the heights of both objects are measured from the same floor. The box remains at a height of 1 foot from the floor. The cup moves from a height of 5 feet to a height of 4 feet, measured from the floor.","In the room, the heights of both objects are measured from the same floor. The box remains at a height of 5 feet from the floor. The cup moves from a height of 2 feet to a height of 1 foot, measured from the floor.",The cup is above the box.,The cup is below the box.,Target1,Target2,5,4,1,1,2,1,5,5,45,45,6,6
no_cross_down__cup_box__measured_height__standard__reference_first__reference_first,1.1,applied,target_moves_without_crossing,downward_motion,no_cross_down,cup_box,cup,box,measured_height,standard,reference_first,reference_first,below,above,down,down,still,still,"In the room, the heights of both objects are measured from the same floor. The box remains at a height of 1 foot from the floor. The cup moves from a height of 5 feet to a height of 4 feet, measured from the floor.","In the room, the heights of both objects are measured from the same floor. The box remains at a height of 5 feet from the floor. The cup moves from a height of 2 feet to a height of 1 foot, measured from the floor.",The box is below the cup.,The box is above the cup.,Target1,Target2,5,4,1,1,2,1,5,5,45,45,6,6
no_cross_down__cup_box__measured_height__expanded__target_first__target_first,1.1,applied,target_moves_without_crossing,downward_motion,no_cross_down,cup_box,cup,box,measured_height,expanded,target_first,target_first,above,below,down,down,still,still,"In the room, the heights of both objects are measured from the same level floor. The floor stays fixed while the objects move or remain still. The cup moves from a height of 5 feet to a height of 4 feet, measured from the floor. The box remains at a height of 1 foot from the floor.","In the room, the heights of both objects are measured from the same level floor. The floor stays fixed while the objects move or remain still. The cup moves from a height of 2 feet to a height of 1 foot, measured from the floor. The box remains at a height of 5 feet from the floor.",The cup is above the box.,The cup is below the box.,Target1,Target2,5,4,1,1,2,1,5,5,57,57,6,6
no_cross_down__cup_box__measured_height__expanded__target_first__reference_first,1.1,applied,target_moves_without_crossing,downward_motion,no_cross_down,cup_box,cup,box,measured_height,expanded,target_first,reference_first,below,above,down,down,still,still,"In the room, the heights of both objects are measured from the same level floor. The floor stays fixed while the objects move or remain still. The cup moves from a height of 5 feet to a height of 4 feet, measured from the floor. The box remains at a height of 1 foot from the floor.","In the room, the heights of both objects are measured from the same level floor. The floor stays fixed while the objects move or remain still. The cup moves from a height of 2 feet to a height of 1 foot, measured from the floor. The box remains at a height of 5 feet from the floor.",The box is below the cup.,The box is above the cup.,Target1,Target2,5,4,1,1,2,1,5,5,57,57,6,6
no_cross_down__cup_box__measured_height__expanded__reference_first__target_first,1.1,applied,target_moves_without_crossing,downward_motion,no_cross_down,cup_box,cup,box,measured_height,expanded,reference_first,target_first,above,below,down,down,still,still,"In the room, the heights of both objects are measured from the same level floor. The floor stays fixed while the objects move or remain still. The box remains at a height of 1 foot from the floor. The cup moves from a height of 5 feet to a height of 4 feet, measured from the floor.","In the room, the heights of both objects are measured from the same level floor. The floor stays fixed while the objects move or remain still. The box remains at a height of 5 feet from the floor. The cup moves from a height of 2 feet to a height of 1 foot, measured from the floor.",The cup is above the box.,The cup is below the box.,Target1,Target2,5,4,1,1,2,1,5,5,57,57,6,6
no_cross_down__cup_box__measured_height__expanded__reference_first__reference_first,1.1,applied,target_moves_without_crossing,downward_motion,no_cross_down,cup_box,cup,box,measured_height,expanded,reference_first,reference_first,below,above,down,down,still,still,"In the room, the heights of both objects are measured from the same level floor. The floor stays fixed while the objects move or remain still. The box remains at a height of 1 foot from the floor. The cup moves from a height of 5 feet to a height of 4 feet, measured from the floor.","In the room, the heights of both objects are measured from the same level floor. The floor stays fixed while the objects move or remain still. The box remains at a height of 5 feet from the floor. The cup moves from a height of 2 feet to a height of 1 foot, measured from the floor.",The box is below the cup.,The box is above the cup.,Target1,Target2,5,4,1,1,2,1,5,5,57,57,6,6
no_cross_down__book_jar__named_shelves__compact__target_first__target_first,1.1,applied,target_moves_without_crossing,downward_motion,no_cross_down,book_jar,book,jar,named_shelves,compact,target_first,target_first,above,below,down,down,still,still,"The rack's shelves run from bottom through lower, middle, and upper to top. The book moves from the top shelf to the upper shelf. The jar remains on the bottom shelf.","The rack's shelves run from bottom through lower, middle, and upper to top. The book moves from the lower shelf to the bottom shelf. The jar remains on the top shelf.",The book is above the jar.,The book is below the jar.,Target1,Target2,5,4,1,1,2,1,5,5,32,32,6,6
no_cross_down__book_jar__named_shelves__compact__target_first__reference_first,1.1,applied,target_moves_without_crossing,downward_motion,no_cross_down,book_jar,book,jar,named_shelves,compact,target_first,reference_first,below,above,down,down,still,still,"The rack's shelves run from bottom through lower, middle, and upper to top. The book moves from the top shelf to the upper shelf. The jar remains on the bottom shelf.","The rack's shelves run from bottom through lower, middle, and upper to top. The book moves from the lower shelf to the bottom shelf. The jar remains on the top shelf.",The jar is below the book.,The jar is above the book.,Target1,Target2,5,4,1,1,2,1,5,5,32,32,6,6
no_cross_down__book_jar__named_shelves__compact__reference_first__target_first,1.1,applied,target_moves_without_crossing,downward_motion,no_cross_down,book_jar,book,jar,named_shelves,compact,reference_first,target_first,above,below,down,down,still,still,"The rack's shelves run from bottom through lower, middle, and upper to top. The jar remains on the bottom shelf. The book moves from the top shelf to the upper shelf.","The rack's shelves run from bottom through lower, middle, and upper to top. The jar remains on the top shelf. The book moves from the lower shelf to the bottom shelf.",The book is above the jar.,The book is below the jar.,Target1,Target2,5,4,1,1,2,1,5,5,32,32,6,6
no_cross_down__book_jar__named_shelves__compact__reference_first__reference_first,1.1,applied,target_moves_without_crossing,downward_motion,no_cross_down,book_jar,book,jar,named_shelves,compact,reference_first,reference_first,below,above,down,down,still,still,"The rack's shelves run from bottom through lower, middle, and upper to top. The jar remains on the bottom shelf. The book moves from the top shelf to the upper shelf.","The rack's shelves run from bottom through lower, middle, and upper to top. The jar remains on the top shelf. The book moves from the lower shelf to the bottom shelf.",The jar is below the book.,The jar is above the book.,Target1,Target2,5,4,1,1,2,1,5,5,32,32,6,6
no_cross_down__book_jar__named_shelves__standard__target_first__target_first,1.1,applied,target_moves_without_crossing,downward_motion,no_cross_down,book_jar,book,jar,named_shelves,standard,target_first,target_first,above,below,down,down,still,still,"In the room, a five-tier rack has bottom, lower, middle, upper, and top shelves, in that vertical order. The book moves from the top shelf to the upper shelf. The jar remains on the bottom shelf.","In the room, a five-tier rack has bottom, lower, middle, upper, and top shelves, in that vertical order. The book moves from the lower shelf to the bottom shelf. The jar remains on the top shelf.",The book is above the jar.,The book is below the jar.,Target1,Target2,5,4,1,1,2,1,5,5,37,37,6,6
no_cross_down__book_jar__named_shelves__standard__target_first__reference_first,1.1,applied,target_moves_without_crossing,downward_motion,no_cross_down,book_jar,book,jar,named_shelves,standard,target_first,reference_first,below,above,down,down,still,still,"In the room, a five-tier rack has bottom, lower, middle, upper, and top shelves, in that vertical order. The book moves from the top shelf to the upper shelf. The jar remains on the bottom shelf.","In the room, a five-tier rack has bottom, lower, middle, upper, and top shelves, in that vertical order. The book moves from the lower shelf to the bottom shelf. The jar remains on the top shelf.",The jar is below the book.,The jar is above the book.,Target1,Target2,5,4,1,1,2,1,5,5,37,37,6,6
no_cross_down__book_jar__named_shelves__standard__reference_first__target_first,1.1,applied,target_moves_without_crossing,downward_motion,no_cross_down,book_jar,book,jar,named_shelves,standard,reference_first,target_first,above,below,down,down,still,still,"In the room, a five-tier rack has bottom, lower, middle, upper, and top shelves, in that vertical order. The jar remains on the bottom shelf. The book moves from the top shelf to the upper shelf.","In the room, a five-tier rack has bottom, lower, middle, upper, and top shelves, in that vertical order. The jar remains on the top shelf. The book moves from the lower shelf to the bottom shelf.",The book is above the jar.,The book is below the jar.,Target1,Target2,5,4,1,1,2,1,5,5,37,37,6,6
no_cross_down__book_jar__named_shelves__standard__reference_first__reference_first,1.1,applied,target_moves_without_crossing,downward_motion,no_cross_down,book_jar,book,jar,named_shelves,standard,reference_first,reference_first,below,above,down,down,still,still,"In the room, a five-tier rack has bottom, lower, middle, upper, and top shelves, in that vertical order. The jar remains on the bottom shelf. The book moves from the top shelf to the upper shelf.","In the room, a five-tier rack has bottom, lower, middle, upper, and top shelves, in that vertical order. The jar remains on the top shelf. The book moves from the lower shelf to the bottom shelf.",The jar is below the book.,The jar is above the book.,Target1,Target2,5,4,1,1,2,1,5,5,37,37,6,6
no_cross_down__book_jar__named_shelves__expanded__target_first__target_first,1.1,applied,target_moves_without_crossing,downward_motion,no_cross_down,book_jar,book,jar,named_shelves,expanded,target_first,target_first,above,below,down,down,still,still,"In the room, a fixed five-tier rack has bottom, lower, middle, upper, and top shelves, in that vertical order. Each shelf stays at its level throughout the scene. The book moves from the top shelf to the upper shelf. The jar remains on the bottom shelf.","In the room, a fixed five-tier rack has bottom, lower, middle, upper, and top shelves, in that vertical order. Each shelf stays at its level throughout the scene. The book moves from the lower shelf to the bottom shelf. The jar remains on the top shelf.",The book is above the jar.,The book is below the jar.,Target1,Target2,5,4,1,1,2,1,5,5,47,47,6,6
no_cross_down__book_jar__named_shelves__expanded__target_first__reference_first,1.1,applied,target_moves_without_crossing,downward_motion,no_cross_down,book_jar,book,jar,named_shelves,expanded,target_first,reference_first,below,above,down,down,still,still,"In the room, a fixed five-tier rack has bottom, lower, middle, upper, and top shelves, in that vertical order. Each shelf stays at its level throughout the scene. The book moves from the top shelf to the upper shelf. The jar remains on the bottom shelf.","In the room, a fixed five-tier rack has bottom, lower, middle, upper, and top shelves, in that vertical order. Each shelf stays at its level throughout the scene. The book moves from the lower shelf to the bottom shelf. The jar remains on the top shelf.",The jar is below the book.,The jar is above the book.,Target1,Target2,5,4,1,1,2,1,5,5,47,47,6,6
no_cross_down__book_jar__named_shelves__expanded__reference_first__target_first,1.1,applied,target_moves_without_crossing,downward_motion,no_cross_down,book_jar,book,jar,named_shelves,expanded,reference_first,target_first,above,below,down,down,still,still,"In the room, a fixed five-tier rack has bottom, lower, middle, upper, and top shelves, in that vertical order. Each shelf stays at its level throughout the scene. The jar remains on the bottom shelf. The book moves from the top shelf to the upper shelf.","In the room, a fixed five-tier rack has bottom, lower, middle, upper, and top shelves, in that vertical order. Each shelf stays at its level throughout the scene. The jar remains on the top shelf. The book moves from the lower shelf to the bottom shelf.",The book is above the jar.,The book is below the jar.,Target1,Target2,5,4,1,1,2,1,5,5,47,47,6,6
no_cross_down__book_jar__named_shelves__expanded__reference_first__reference_first,1.1,applied,target_moves_without_crossing,downward_motion,no_cross_down,book_jar,book,jar,named_shelves,expanded,reference_first,reference_first,below,above,down,down,still,still,"In the room, a fixed five-tier rack has bottom, lower, middle, upper, and top shelves, in that vertical order. Each shelf stays at its level throughout the scene. The jar remains on the bottom shelf. The book moves from the top shelf to the upper shelf.","In the room, a fixed five-tier rack has bottom, lower, middle, upper, and top shelves, in that vertical order. Each shelf stays at its level throughout the scene. The jar remains on the top shelf. The book moves from the lower shelf to the bottom shelf.",The jar is below the book.,The jar is above the book.,Target1,Target2,5,4,1,1,2,1,5,5,47,47,6,6
no_cross_down__book_jar__measured_height__compact__target_first__target_first,1.1,applied,target_moves_without_crossing,downward_motion,no_cross_down,book_jar,book,jar,measured_height,compact,target_first,target_first,above,below,down,down,still,still,"Heights are measured from the floor. The book moves from a height of 5 feet to a height of 4 feet, measured from the floor. The jar remains at a height of 1 foot from the floor.","Heights are measured from the floor. The book moves from a height of 2 feet to a height of 1 foot, measured from the floor. The jar remains at a height of 5 feet from the floor.",The book is above the jar.,The book is below the jar.,Target1,Target2,5,4,1,1,2,1,5,5,37,37,6,6
no_cross_down__book_jar__measured_height__compact__target_first__reference_first,1.1,applied,target_moves_without_crossing,downward_motion,no_cross_down,book_jar,book,jar,measured_height,compact,target_first,reference_first,below,above,down,down,still,still,"Heights are measured from the floor. The book moves from a height of 5 feet to a height of 4 feet, measured from the floor. The jar remains at a height of 1 foot from the floor.","Heights are measured from the floor. The book moves from a height of 2 feet to a height of 1 foot, measured from the floor. The jar remains at a height of 5 feet from the floor.",The jar is below the book.,The jar is above the book.,Target1,Target2,5,4,1,1,2,1,5,5,37,37,6,6
no_cross_down__book_jar__measured_height__compact__reference_first__target_first,1.1,applied,target_moves_without_crossing,downward_motion,no_cross_down,book_jar,book,jar,measured_height,compact,reference_first,target_first,above,below,down,down,still,still,"Heights are measured from the floor. The jar remains at a height of 1 foot from the floor. The book moves from a height of 5 feet to a height of 4 feet, measured from the floor.","Heights are measured from the floor. The jar remains at a height of 5 feet from the floor. The book moves from a height of 2 feet to a height of 1 foot, measured from the floor.",The book is above the jar.,The book is below the jar.,Target1,Target2,5,4,1,1,2,1,5,5,37,37,6,6
no_cross_down__book_jar__measured_height__compact__reference_first__reference_first,1.1,applied,target_moves_without_crossing,downward_motion,no_cross_down,book_jar,book,jar,measured_height,compact,reference_first,reference_first,below,above,down,down,still,still,"Heights are measured from the floor. The jar remains at a height of 1 foot from the floor. The book moves from a height of 5 feet to a height of 4 feet, measured from the floor.","Heights are measured from the floor. The jar remains at a height of 5 feet from the floor. The book moves from a height of 2 feet to a height of 1 foot, measured from the floor.",The jar is below the book.,The jar is above the book.,Target1,Target2,5,4,1,1,2,1,5,5,37,37,6,6
no_cross_down__book_jar__measured_height__standard__target_first__target_first,1.1,applied,target_moves_without_crossing,downward_motion,no_cross_down,book_jar,book,jar,measured_height,standard,target_first,target_first,above,below,down,down,still,still,"In the room, the heights of both objects are measured from the same floor. The book moves from a height of 5 feet to a height of 4 feet, measured from the floor. The jar remains at a height of 1 foot from the floor.","In the room, the heights of both objects are measured from the same floor. The book moves from a height of 2 feet to a height of 1 foot, measured from the floor. The jar remains at a height of 5 feet from the floor.",The book is above the jar.,The book is below the jar.,Target1,Target2,5,4,1,1,2,1,5,5,45,45,6,6
no_cross_down__book_jar__measured_height__standard__target_first__reference_first,1.1,applied,target_moves_without_crossing,downward_motion,no_cross_down,book_jar,book,jar,measured_height,standard,target_first,reference_first,below,above,down,down,still,still,"In the room, the heights of both objects are measured from the same floor. The book moves from a height of 5 feet to a height of 4 feet, measured from the floor. The jar remains at a height of 1 foot from the floor.","In the room, the heights of both objects are measured from the same floor. The book moves from a height of 2 feet to a height of 1 foot, measured from the floor. The jar remains at a height of 5 feet from the floor.",The jar is below the book.,The jar is above the book.,Target1,Target2,5,4,1,1,2,1,5,5,45,45,6,6
no_cross_down__book_jar__measured_height__standard__reference_first__target_first,1.1,applied,target_moves_without_crossing,downward_motion,no_cross_down,book_jar,book,jar,measured_height,standard,reference_first,target_first,above,below,down,down,still,still,"In the room, the heights of both objects are measured from the same floor. The jar remains at a height of 1 foot from the floor. The book moves from a height of 5 feet to a height of 4 feet, measured from the floor.","In the room, the heights of both objects are measured from the same floor. The jar remains at a height of 5 feet from the floor. The book moves from a height of 2 feet to a height of 1 foot, measured from the floor.",The book is above the jar.,The book is below the jar.,Target1,Target2,5,4,1,1,2,1,5,5,45,45,6,6
no_cross_down__book_jar__measured_height__standard__reference_first__reference_first,1.1,applied,target_moves_without_crossing,downward_motion,no_cross_down,book_jar,book,jar,measured_height,standard,reference_first,reference_first,below,above,down,down,still,still,"In the room, the heights of both objects are measured from the same floor. The jar remains at a height of 1 foot from the floor. The book moves from a height of 5 feet to a height of 4 feet, measured from the floor.","In the room, the heights of both objects are measured from the same floor. The jar remains at a height of 5 feet from the floor. The book moves from a height of 2 feet to a height of 1 foot, measured from the floor.",The jar is below the book.,The jar is above the book.,Target1,Target2,5,4,1,1,2,1,5,5,45,45,6,6
no_cross_down__book_jar__measured_height__expanded__target_first__target_first,1.1,applied,target_moves_without_crossing,downward_motion,no_cross_down,book_jar,book,jar,measured_height,expanded,target_first,target_first,above,below,down,down,still,still,"In the room, the heights of both objects are measured from the same level floor. The floor stays fixed while the objects move or remain still. The book moves from a height of 5 feet to a height of 4 feet, measured from the floor. The jar remains at a height of 1 foot from the floor.","In the room, the heights of both objects are measured from the same level floor. The floor stays fixed while the objects move or remain still. The book moves from a height of 2 feet to a height of 1 foot, measured from the floor. The jar remains at a height of 5 feet from the floor.",The book is above the jar.,The book is below the jar.,Target1,Target2,5,4,1,1,2,1,5,5,57,57,6,6
no_cross_down__book_jar__measured_height__expanded__target_first__reference_first,1.1,applied,target_moves_without_crossing,downward_motion,no_cross_down,book_jar,book,jar,measured_height,expanded,target_first,reference_first,below,above,down,down,still,still,"In the room, the heights of both objects are measured from the same level floor. The floor stays fixed while the objects move or remain still. The book moves from a height of 5 feet to a height of 4 feet, measured from the floor. The jar remains at a height of 1 foot from the floor.","In the room, the heights of both objects are measured from the same level floor. The floor stays fixed while the objects move or remain still. The book moves from a height of 2 feet to a height of 1 foot, measured from the floor. The jar remains at a height of 5 feet from the floor.",The jar is below the book.,The jar is above the book.,Target1,Target2,5,4,1,1,2,1,5,5,57,57,6,6
no_cross_down__book_jar__measured_height__expanded__reference_first__target_first,1.1,applied,target_moves_without_crossing,downward_motion,no_cross_down,book_jar,book,jar,measured_height,expanded,reference_first,target_first,above,below,down,down,still,still,"In the room, the heights of both objects are measured from the same level floor. The floor stays fixed while the objects move or remain still. The jar remains at a height of 1 foot from the floor. The book moves from a height of 5 feet to a height of 4 feet, measured from the floor.","In the room, the heights of both objects are measured from the same level floor. The floor stays fixed while the objects move or remain still. The jar remains at a height of 5 feet from the floor. The book moves from a height of 2 feet to a height of 1 foot, measured from the floor.",The book is above the jar.,The book is below the jar.,Target1,Target2,5,4,1,1,2,1,5,5,57,57,6,6
no_cross_down__book_jar__measured_height__expanded__reference_first__reference_first,1.1,applied,target_moves_without_crossing,downward_motion,no_cross_down,book_jar,book,jar,measured_height,expanded,reference_first,reference_first,below,above,down,down,still,still,"In the room, the heights of both objects are measured from the same level floor. The floor stays fixed while the objects move or remain still. The jar remains at a height of 1 foot from the floor. The book moves from a height of 5 feet to a height of 4 feet, measured from the floor.","In the room, the heights of both objects are measured from the same level floor. The floor stays fixed while the objects move or remain still. The jar remains at a height of 5 feet from the floor. The book moves from a height of 2 feet to a height of 1 foot, measured from the floor.",The jar is below the book.,The jar is above the book.,Target1,Target2,5,4,1,1,2,1,5,5,57,57,6,6
no_cross_down__toy_key__named_shelves__compact__target_first__target_first,1.1,applied,target_moves_without_crossing,downward_motion,no_cross_down,toy_key,toy,key,named_shelves,compact,target_first,target_first,above,below,down,down,still,still,"The rack's shelves run from bottom through lower, middle, and upper to top. The toy moves from the top shelf to the upper shelf. The key remains on the bottom shelf.","The rack's shelves run from bottom through lower, middle, and upper to top. The toy moves from the lower shelf to the bottom shelf. The key remains on the top shelf.",The toy is above the key.,The toy is below the key.,Target1,Target2,5,4,1,1,2,1,5,5,32,32,6,6
no_cross_down__toy_key__named_shelves__compact__target_first__reference_first,1.1,applied,target_moves_without_crossing,downward_motion,no_cross_down,toy_key,toy,key,named_shelves,compact,target_first,reference_first,below,above,down,down,still,still,"The rack's shelves run from bottom through lower, middle, and upper to top. The toy moves from the top shelf to the upper shelf. The key remains on the bottom shelf.","The rack's shelves run from bottom through lower, middle, and upper to top. The toy moves from the lower shelf to the bottom shelf. The key remains on the top shelf.",The key is below the toy.,The key is above the toy.,Target1,Target2,5,4,1,1,2,1,5,5,32,32,6,6
no_cross_down__toy_key__named_shelves__compact__reference_first__target_first,1.1,applied,target_moves_without_crossing,downward_motion,no_cross_down,toy_key,toy,key,named_shelves,compact,reference_first,target_first,above,below,down,down,still,still,"The rack's shelves run from bottom through lower, middle, and upper to top. The key remains on the bottom shelf. The toy moves from the top shelf to the upper shelf.","The rack's shelves run from bottom through lower, middle, and upper to top. The key remains on the top shelf. The toy moves from the lower shelf to the bottom shelf.",The toy is above the key.,The toy is below the key.,Target1,Target2,5,4,1,1,2,1,5,5,32,32,6,6
no_cross_down__toy_key__named_shelves__compact__reference_first__reference_first,1.1,applied,target_moves_without_crossing,downward_motion,no_cross_down,toy_key,toy,key,named_shelves,compact,reference_first,reference_first,below,above,down,down,still,still,"The rack's shelves run from bottom through lower, middle, and upper to top. The key remains on the bottom shelf. The toy moves from the top shelf to the upper shelf.","The rack's shelves run from bottom through lower, middle, and upper to top. The key remains on the top shelf. The toy moves from the lower shelf to the bottom shelf.",The key is below the toy.,The key is above the toy.,Target1,Target2,5,4,1,1,2,1,5,5,32,32,6,6
no_cross_down__toy_key__named_shelves__standard__target_first__target_first,1.1,applied,target_moves_without_crossing,downward_motion,no_cross_down,toy_key,toy,key,named_shelves,standard,target_first,target_first,above,below,down,down,still,still,"In the room, a five-tier rack has bottom, lower, middle, upper, and top shelves, in that vertical order. The toy moves from the top shelf to the upper shelf. The key remains on the bottom shelf.","In the room, a five-tier rack has bottom, lower, middle, upper, and top shelves, in that vertical order. The toy moves from the lower shelf to the bottom shelf. The key remains on the top shelf.",The toy is above the key.,The toy is below the key.,Target1,Target2,5,4,1,1,2,1,5,5,37,37,6,6
no_cross_down__toy_key__named_shelves__standard__target_first__reference_first,1.1,applied,target_moves_without_crossing,downward_motion,no_cross_down,toy_key,toy,key,named_shelves,standard,target_first,reference_first,below,above,down,down,still,still,"In the room, a five-tier rack has bottom, lower, middle, upper, and top shelves, in that vertical order. The toy moves from the top shelf to the upper shelf. The key remains on the bottom shelf.","In the room, a five-tier rack has bottom, lower, middle, upper, and top shelves, in that vertical order. The toy moves from the lower shelf to the bottom shelf. The key remains on the top shelf.",The key is below the toy.,The key is above the toy.,Target1,Target2,5,4,1,1,2,1,5,5,37,37,6,6
no_cross_down__toy_key__named_shelves__standard__reference_first__target_first,1.1,applied,target_moves_without_crossing,downward_motion,no_cross_down,toy_key,toy,key,named_shelves,standard,reference_first,target_first,above,below,down,down,still,still,"In the room, a five-tier rack has bottom, lower, middle, upper, and top shelves, in that vertical order. The key remains on the bottom shelf. The toy moves from the top shelf to the upper shelf.","In the room, a five-tier rack has bottom, lower, middle, upper, and top shelves, in that vertical order. The key remains on the top shelf. The toy moves from the lower shelf to the bottom shelf.",The toy is above the key.,The toy is below the key.,Target1,Target2,5,4,1,1,2,1,5,5,37,37,6,6
no_cross_down__toy_key__named_shelves__standard__reference_first__reference_first,1.1,applied,target_moves_without_crossing,downward_motion,no_cross_down,toy_key,toy,key,named_shelves,standard,reference_first,reference_first,below,above,down,down,still,still,"In the room, a five-tier rack has bottom, lower, middle, upper, and top shelves, in that vertical order. The key remains on the bottom shelf. The toy moves from the top shelf to the upper shelf.","In the room, a five-tier rack has bottom, lower, middle, upper, and top shelves, in that vertical order. The key remains on the top shelf. The toy moves from the lower shelf to the bottom shelf.",The key is below the toy.,The key is above the toy.,Target1,Target2,5,4,1,1,2,1,5,5,37,37,6,6
no_cross_down__toy_key__named_shelves__expanded__target_first__target_first,1.1,applied,target_moves_without_crossing,downward_motion,no_cross_down,toy_key,toy,key,named_shelves,expanded,target_first,target_first,above,below,down,down,still,still,"In the room, a fixed five-tier rack has bottom, lower, middle, upper, and top shelves, in that vertical order. Each shelf stays at its level throughout the scene. The toy moves from the top shelf to the upper shelf. The key remains on the bottom shelf.","In the room, a fixed five-tier rack has bottom, lower, middle, upper, and top shelves, in that vertical order. Each shelf stays at its level throughout the scene. The toy moves from the lower shelf to the bottom shelf. The key remains on the top shelf.",The toy is above the key.,The toy is below the key.,Target1,Target2,5,4,1,1,2,1,5,5,47,47,6,6
no_cross_down__toy_key__named_shelves__expanded__target_first__reference_first,1.1,applied,target_moves_without_crossing,downward_motion,no_cross_down,toy_key,toy,key,named_shelves,expanded,target_first,reference_first,below,above,down,down,still,still,"In the room, a fixed five-tier rack has bottom, lower, middle, upper, and top shelves, in that vertical order. Each shelf stays at its level throughout the scene. The toy moves from the top shelf to the upper shelf. The key remains on the bottom shelf.","In the room, a fixed five-tier rack has bottom, lower, middle, upper, and top shelves, in that vertical order. Each shelf stays at its level throughout the scene. The toy moves from the lower shelf to the bottom shelf. The key remains on the top shelf.",The key is below the toy.,The key is above the toy.,Target1,Target2,5,4,1,1,2,1,5,5,47,47,6,6
no_cross_down__toy_key__named_shelves__expanded__reference_first__target_first,1.1,applied,target_moves_without_crossing,downward_motion,no_cross_down,toy_key,toy,key,named_shelves,expanded,reference_first,target_first,above,below,down,down,still,still,"In the room, a fixed five-tier rack has bottom, lower, middle, upper, and top shelves, in that vertical order. Each shelf stays at its level throughout the scene. The key remains on the bottom shelf. The toy moves from the top shelf to the upper shelf.","In the room, a fixed five-tier rack has bottom, lower, middle, upper, and top shelves, in that vertical order. Each shelf stays at its level throughout the scene. The key remains on the top shelf. The toy moves from the lower shelf to the bottom shelf.",The toy is above the key.,The toy is below the key.,Target1,Target2,5,4,1,1,2,1,5,5,47,47,6,6
no_cross_down__toy_key__named_shelves__expanded__reference_first__reference_first,1.1,applied,target_moves_without_crossing,downward_motion,no_cross_down,toy_key,toy,key,named_shelves,expanded,reference_first,reference_first,below,above,down,down,still,still,"In the room, a fixed five-tier rack has bottom, lower, middle, upper, and top shelves, in that vertical order. Each shelf stays at its level throughout the scene. The key remains on the bottom shelf. The toy moves from the top shelf to the upper shelf.","In the room, a fixed five-tier rack has bottom, lower, middle, upper, and top shelves, in that vertical order. Each shelf stays at its level throughout the scene. The key remains on the top shelf. The toy moves from the lower shelf to the bottom shelf.",The key is below the toy.,The key is above the toy.,Target1,Target2,5,4,1,1,2,1,5,5,47,47,6,6
no_cross_down__toy_key__measured_height__compact__target_first__target_first,1.1,applied,target_moves_without_crossing,downward_motion,no_cross_down,toy_key,toy,key,measured_height,compact,target_first,target_first,above,below,down,down,still,still,"Heights are measured from the floor. The toy moves from a height of 5 feet to a height of 4 feet, measured from the floor. The key remains at a height of 1 foot from the floor.","Heights are measured from the floor. The toy moves from a height of 2 feet to a height of 1 foot, measured from the floor. The key remains at a height of 5 feet from the floor.",The toy is above the key.,The toy is below the key.,Target1,Target2,5,4,1,1,2,1,5,5,37,37,6,6
no_cross_down__toy_key__measured_height__compact__target_first__reference_first,1.1,applied,target_moves_without_crossing,downward_motion,no_cross_down,toy_key,toy,key,measured_height,compact,target_first,reference_first,below,above,down,down,still,still,"Heights are measured from the floor. The toy moves from a height of 5 feet to a height of 4 feet, measured from the floor. The key remains at a height of 1 foot from the floor.","Heights are measured from the floor. The toy moves from a height of 2 feet to a height of 1 foot, measured from the floor. The key remains at a height of 5 feet from the floor.",The key is below the toy.,The key is above the toy.,Target1,Target2,5,4,1,1,2,1,5,5,37,37,6,6
no_cross_down__toy_key__measured_height__compact__reference_first__target_first,1.1,applied,target_moves_without_crossing,downward_motion,no_cross_down,toy_key,toy,key,measured_height,compact,reference_first,target_first,above,below,down,down,still,still,"Heights are measured from the floor. The key remains at a height of 1 foot from the floor. The toy moves from a height of 5 feet to a height of 4 feet, measured from the floor.","Heights are measured from the floor. The key remains at a height of 5 feet from the floor. The toy moves from a height of 2 feet to a height of 1 foot, measured from the floor.",The toy is above the key.,The toy is below the key.,Target1,Target2,5,4,1,1,2,1,5,5,37,37,6,6
no_cross_down__toy_key__measured_height__compact__reference_first__reference_first,1.1,applied,target_moves_without_crossing,downward_motion,no_cross_down,toy_key,toy,key,measured_height,compact,reference_first,reference_first,below,above,down,down,still,still,"Heights are measured from the floor. The key remains at a height of 1 foot from the floor. The toy moves from a height of 5 feet to a height of 4 feet, measured from the floor.","Heights are measured from the floor. The key remains at a height of 5 feet from the floor. The toy moves from a height of 2 feet to a height of 1 foot, measured from the floor.",The key is below the toy.,The key is above the toy.,Target1,Target2,5,4,1,1,2,1,5,5,37,37,6,6
no_cross_down__toy_key__measured_height__standard__target_first__target_first,1.1,applied,target_moves_without_crossing,downward_motion,no_cross_down,toy_key,toy,key,measured_height,standard,target_first,target_first,above,below,down,down,still,still,"In the room, the heights of both objects are measured from the same floor. The toy moves from a height of 5 feet to a height of 4 feet, measured from the floor. The key remains at a height of 1 foot from the floor.","In the room, the heights of both objects are measured from the same floor. The toy moves from a height of 2 feet to a height of 1 foot, measured from the floor. The key remains at a height of 5 feet from the floor.",The toy is above the key.,The toy is below the key.,Target1,Target2,5,4,1,1,2,1,5,5,45,45,6,6
no_cross_down__toy_key__measured_height__standard__target_first__reference_first,1.1,applied,target_moves_without_crossing,downward_motion,no_cross_down,toy_key,toy,key,measured_height,standard,target_first,reference_first,below,above,down,down,still,still,"In the room, the heights of both objects are measured from the same floor. The toy moves from a height of 5 feet to a height of 4 feet, measured from the floor. The key remains at a height of 1 foot from the floor.","In the room, the heights of both objects are measured from the same floor. The toy moves from a height of 2 feet to a height of 1 foot, measured from the floor. The key remains at a height of 5 feet from the floor.",The key is below the toy.,The key is above the toy.,Target1,Target2,5,4,1,1,2,1,5,5,45,45,6,6
no_cross_down__toy_key__measured_height__standard__reference_first__target_first,1.1,applied,target_moves_without_crossing,downward_motion,no_cross_down,toy_key,toy,key,measured_height,standard,reference_first,target_first,above,below,down,down,still,still,"In the room, the heights of both objects are measured from the same floor. The key remains at a height of 1 foot from the floor. The toy moves from a height of 5 feet to a height of 4 feet, measured from the floor.","In the room, the heights of both objects are measured from the same floor. The key remains at a height of 5 feet from the floor. The toy moves from a height of 2 feet to a height of 1 foot, measured from the floor.",The toy is above the key.,The toy is below the key.,Target1,Target2,5,4,1,1,2,1,5,5,45,45,6,6
no_cross_down__toy_key__measured_height__standard__reference_first__reference_first,1.1,applied,target_moves_without_crossing,downward_motion,no_cross_down,toy_key,toy,key,measured_height,standard,reference_first,reference_first,below,above,down,down,still,still,"In the room, the heights of both objects are measured from the same floor. The key remains at a height of 1 foot from the floor. The toy moves from a height of 5 feet to a height of 4 feet, measured from the floor.","In the room, the heights of both objects are measured from the same floor. The key remains at a height of 5 feet from the floor. The toy moves from a height of 2 feet to a height of 1 foot, measured from the floor.",The key is below the toy.,The key is above the toy.,Target1,Target2,5,4,1,1,2,1,5,5,45,45,6,6
no_cross_down__toy_key__measured_height__expanded__target_first__target_first,1.1,applied,target_moves_without_crossing,downward_motion,no_cross_down,toy_key,toy,key,measured_height,expanded,target_first,target_first,above,below,down,down,still,still,"In the room, the heights of both objects are measured from the same level floor. The floor stays fixed while the objects move or remain still. The toy moves from a height of 5 feet to a height of 4 feet, measured from the floor. The key remains at a height of 1 foot from the floor.","In the room, the heights of both objects are measured from the same level floor. The floor stays fixed while the objects move or remain still. The toy moves from a height of 2 feet to a height of 1 foot, measured from the floor. The key remains at a height of 5 feet from the floor.",The toy is above the key.,The toy is below the key.,Target1,Target2,5,4,1,1,2,1,5,5,57,57,6,6
no_cross_down__toy_key__measured_height__expanded__target_first__reference_first,1.1,applied,target_moves_without_crossing,downward_motion,no_cross_down,toy_key,toy,key,measured_height,expanded,target_first,reference_first,below,above,down,down,still,still,"In the room, the heights of both objects are measured from the same level floor. The floor stays fixed while the objects move or remain still. The toy moves from a height of 5 feet to a height of 4 feet, measured from the floor. The key remains at a height of 1 foot from the floor.","In the room, the heights of both objects are measured from the same level floor. The floor stays fixed while the objects move or remain still. The toy moves from a height of 2 feet to a height of 1 foot, measured from the floor. The key remains at a height of 5 feet from the floor.",The key is below the toy.,The key is above the toy.,Target1,Target2,5,4,1,1,2,1,5,5,57,57,6,6
no_cross_down__toy_key__measured_height__expanded__reference_first__target_first,1.1,applied,target_moves_without_crossing,downward_motion,no_cross_down,toy_key,toy,key,measured_height,expanded,reference_first,target_first,above,below,down,down,still,still,"In the room, the heights of both objects are measured from the same level floor. The floor stays fixed while the objects move or remain still. The key remains at a height of 1 foot from the floor. The toy moves from a height of 5 feet to a height of 4 feet, measured from the floor.","In the room, the heights of both objects are measured from the same level floor. The floor stays fixed while the objects move or remain still. The key remains at a height of 5 feet from the floor. The toy moves from a height of 2 feet to a height of 1 foot, measured from the floor.",The toy is above the key.,The toy is below the key.,Target1,Target2,5,4,1,1,2,1,5,5,57,57,6,6
no_cross_down__toy_key__measured_height__expanded__reference_first__reference_first,1.1,applied,target_moves_without_crossing,downward_motion,no_cross_down,toy_key,toy,key,measured_height,expanded,reference_first,reference_first,below,above,down,down,still,still,"In the room, the heights of both objects are measured from the same level floor. The floor stays fixed while the objects move or remain still. The key remains at a height of 1 foot from the floor. The toy moves from a height of 5 feet to a height of 4 feet, measured from the floor.","In the room, the heights of both objects are measured from the same level floor. The floor stays fixed while the objects move or remain still. The key remains at a height of 5 feet from the floor. The toy moves from a height of 2 feet to a height of 1 foot, measured from the floor.",The key is below the toy.,The key is above the toy.,Target1,Target2,5,4,1,1,2,1,5,5,57,57,6,6
both_preserve_up__ball_cone__named_shelves__compact__target_first__target_first,1.1,applied,both_move,order_preserved_up,both_preserve_up,ball_cone,ball,cone,named_shelves,compact,target_first,target_first,above,below,up,up,up,up,"The rack's shelves run from bottom through lower, middle, and upper to top. The ball moves from the upper shelf to the top shelf. The cone moves from the lower shelf to the middle shelf.","The rack's shelves run from bottom through lower, middle, and upper to top. The ball moves from the lower shelf to the middle shelf. The cone moves from the upper shelf to the top shelf.",The ball is above the cone.,The ball is below the cone.,Target1,Target2,4,5,2,3,2,3,4,5,36,36,6,6
both_preserve_up__ball_cone__named_shelves__compact__target_first__reference_first,1.1,applied,both_move,order_preserved_up,both_preserve_up,ball_cone,ball,cone,named_shelves,compact,target_first,reference_first,below,above,up,up,up,up,"The rack's shelves run from bottom through lower, middle, and upper to top. The ball moves from the upper shelf to the top shelf. The cone moves from the lower shelf to the middle shelf.","The rack's shelves run from bottom through lower, middle, and upper to top. The ball moves from the lower shelf to the middle shelf. The cone moves from the upper shelf to the top shelf.",The cone is below the ball.,The cone is above the ball.,Target1,Target2,4,5,2,3,2,3,4,5,36,36,6,6
both_preserve_up__ball_cone__named_shelves__compact__reference_first__target_first,1.1,applied,both_move,order_preserved_up,both_preserve_up,ball_cone,ball,cone,named_shelves,compact,reference_first,target_first,above,below,up,up,up,up,"The rack's shelves run from bottom through lower, middle, and upper to top. The cone moves from the lower shelf to the middle shelf. The ball moves from the upper shelf to the top shelf.","The rack's shelves run from bottom through lower, middle, and upper to top. The cone moves from the upper shelf to the top shelf. The ball moves from the lower shelf to the middle shelf.",The ball is above the cone.,The ball is below the cone.,Target1,Target2,4,5,2,3,2,3,4,5,36,36,6,6
both_preserve_up__ball_cone__named_shelves__compact__reference_first__reference_first,1.1,applied,both_move,order_preserved_up,both_preserve_up,ball_cone,ball,cone,named_shelves,compact,reference_first,reference_first,below,above,up,up,up,up,"The rack's shelves run from bottom through lower, middle, and upper to top. The cone moves from the lower shelf to the middle shelf. The ball moves from the upper shelf to the top shelf.","The rack's shelves run from bottom through lower, middle, and upper to top. The cone moves from the upper shelf to the top shelf. The ball moves from the lower shelf to the middle shelf.",The cone is below the ball.,The cone is above the ball.,Target1,Target2,4,5,2,3,2,3,4,5,36,36,6,6
both_preserve_up__ball_cone__named_shelves__standard__target_first__target_first,1.1,applied,both_move,order_preserved_up,both_preserve_up,ball_cone,ball,cone,named_shelves,standard,target_first,target_first,above,below,up,up,up,up,"In the room, a five-tier rack has bottom, lower, middle, upper, and top shelves, in that vertical order. The ball moves from the upper shelf to the top shelf. The cone moves from the lower shelf to the middle shelf.","In the room, a five-tier rack has bottom, lower, middle, upper, and top shelves, in that vertical order. The ball moves from the lower shelf to the middle shelf. The cone moves from the upper shelf to the top shelf.",The ball is above the cone.,The ball is below the cone.,Target1,Target2,4,5,2,3,2,3,4,5,41,41,6,6
both_preserve_up__ball_cone__named_shelves__standard__target_first__reference_first,1.1,applied,both_move,order_preserved_up,both_preserve_up,ball_cone,ball,cone,named_shelves,standard,target_first,reference_first,below,above,up,up,up,up,"In the room, a five-tier rack has bottom, lower, middle, upper, and top shelves, in that vertical order. The ball moves from the upper shelf to the top shelf. The cone moves from the lower shelf to the middle shelf.","In the room, a five-tier rack has bottom, lower, middle, upper, and top shelves, in that vertical order. The ball moves from the lower shelf to the middle shelf. The cone moves from the upper shelf to the top shelf.",The cone is below the ball.,The cone is above the ball.,Target1,Target2,4,5,2,3,2,3,4,5,41,41,6,6
both_preserve_up__ball_cone__named_shelves__standard__reference_first__target_first,1.1,applied,both_move,order_preserved_up,both_preserve_up,ball_cone,ball,cone,named_shelves,standard,reference_first,target_first,above,below,up,up,up,up,"In the room, a five-tier rack has bottom, lower, middle, upper, and top shelves, in that vertical order. The cone moves from the lower shelf to the middle shelf. The ball moves from the upper shelf to the top shelf.","In the room, a five-tier rack has bottom, lower, middle, upper, and top shelves, in that vertical order. The cone moves from the upper shelf to the top shelf. The ball moves from the lower shelf to the middle shelf.",The ball is above the cone.,The ball is below the cone.,Target1,Target2,4,5,2,3,2,3,4,5,41,41,6,6
both_preserve_up__ball_cone__named_shelves__standard__reference_first__reference_first,1.1,applied,both_move,order_preserved_up,both_preserve_up,ball_cone,ball,cone,named_shelves,standard,reference_first,reference_first,below,above,up,up,up,up,"In the room, a five-tier rack has bottom, lower, middle, upper, and top shelves, in that vertical order. The cone moves from the lower shelf to the middle shelf. The ball moves from the upper shelf to the top shelf.","In the room, a five-tier rack has bottom, lower, middle, upper, and top shelves, in that vertical order. The cone moves from the upper shelf to the top shelf. The ball moves from the lower shelf to the middle shelf.",The cone is below the ball.,The cone is above the ball.,Target1,Target2,4,5,2,3,2,3,4,5,41,41,6,6
both_preserve_up__ball_cone__named_shelves__expanded__target_first__target_first,1.1,applied,both_move,order_preserved_up,both_preserve_up,ball_cone,ball,cone,named_shelves,expanded,target_first,target_first,above,below,up,up,up,up,"In the room, a fixed five-tier rack has bottom, lower, middle, upper, and top shelves, in that vertical order. Each shelf stays at its level throughout the scene. The ball moves from the upper shelf to the top shelf. The cone moves from the lower shelf to the middle shelf.","In the room, a fixed five-tier rack has bottom, lower, middle, upper, and top shelves, in that vertical order. Each shelf stays at its level throughout the scene. The ball moves from the lower shelf to the middle shelf. The cone moves from the upper shelf to the top shelf.",The ball is above the cone.,The ball is below the cone.,Target1,Target2,4,5,2,3,2,3,4,5,51,51,6,6
both_preserve_up__ball_cone__named_shelves__expanded__target_first__reference_first,1.1,applied,both_move,order_preserved_up,both_preserve_up,ball_cone,ball,cone,named_shelves,expanded,target_first,reference_first,below,above,up,up,up,up,"In the room, a fixed five-tier rack has bottom, lower, middle, upper, and top shelves, in that vertical order. Each shelf stays at its level throughout the scene. The ball moves from the upper shelf to the top shelf. The cone moves from the lower shelf to the middle shelf.","In the room, a fixed five-tier rack has bottom, lower, middle, upper, and top shelves, in that vertical order. Each shelf stays at its level throughout the scene. The ball moves from the lower shelf to the middle shelf. The cone moves from the upper shelf to the top shelf.",The cone is below the ball.,The cone is above the ball.,Target1,Target2,4,5,2,3,2,3,4,5,51,51,6,6
both_preserve_up__ball_cone__named_shelves__expanded__reference_first__target_first,1.1,applied,both_move,order_preserved_up,both_preserve_up,ball_cone,ball,cone,named_shelves,expanded,reference_first,target_first,above,below,up,up,up,up,"In the room, a fixed five-tier rack has bottom, lower, middle, upper, and top shelves, in that vertical order. Each shelf stays at its level throughout the scene. The cone moves from the lower shelf to the middle shelf. The ball moves from the upper shelf to the top shelf.","In the room, a fixed five-tier rack has bottom, lower, middle, upper, and top shelves, in that vertical order. Each shelf stays at its level throughout the scene. The cone moves from the upper shelf to the top shelf. The ball moves from the lower shelf to the middle shelf.",The ball is above the cone.,The ball is below the cone.,Target1,Target2,4,5,2,3,2,3,4,5,51,51,6,6
both_preserve_up__ball_cone__named_shelves__expanded__reference_first__reference_first,1.1,applied,both_move,order_preserved_up,both_preserve_up,ball_cone,ball,cone,named_shelves,expanded,reference_first,reference_first,below,above,up,up,up,up,"In the room, a fixed five-tier rack has bottom, lower, middle, upper, and top shelves, in that vertical order. Each shelf stays at its level throughout the scene. The cone moves from the lower shelf to the middle shelf. The ball moves from the upper shelf to the top shelf.","In the room, a fixed five-tier rack has bottom, lower, middle, upper, and top shelves, in that vertical order. Each shelf stays at its level throughout the scene. The cone moves from the upper shelf to the top shelf. The ball moves from the lower shelf to the middle shelf.",The cone is below the ball.,The cone is above the ball.,Target1,Target2,4,5,2,3,2,3,4,5,51,51,6,6
both_preserve_up__ball_cone__measured_height__compact__target_first__target_first,1.1,applied,both_move,order_preserved_up,both_preserve_up,ball_cone,ball,cone,measured_height,compact,target_first,target_first,above,below,up,up,up,up,"Heights are measured from the floor. The ball moves from a height of 4 feet to a height of 5 feet, measured from the floor. The cone moves from a height of 2 feet to a height of 3 feet, measured from the floor.","Heights are measured from the floor. The ball moves from a height of 2 feet to a height of 3 feet, measured from the floor. The cone moves from a height of 4 feet to a height of 5 feet, measured from the floor.",The ball is above the cone.,The ball is below the cone.,Target1,Target2,4,5,2,3,2,3,4,5,44,44,6,6
both_preserve_up__ball_cone__measured_height__compact__target_first__reference_first,1.1,applied,both_move,order_preserved_up,both_preserve_up,ball_cone,ball,cone,measured_height,compact,target_first,reference_first,below,above,up,up,up,up,"Heights are measured from the floor. The ball moves from a height of 4 feet to a height of 5 feet, measured from the floor. The cone moves from a height of 2 feet to a height of 3 feet, measured from the floor.","Heights are measured from the floor. The ball moves from a height of 2 feet to a height of 3 feet, measured from the floor. The cone moves from a height of 4 feet to a height of 5 feet, measured from the floor.",The cone is below the ball.,The cone is above the ball.,Target1,Target2,4,5,2,3,2,3,4,5,44,44,6,6
both_preserve_up__ball_cone__measured_height__compact__reference_first__target_first,1.1,applied,both_move,order_preserved_up,both_preserve_up,ball_cone,ball,cone,measured_height,compact,reference_first,target_first,above,below,up,up,up,up,"Heights are measured from the floor. The cone moves from a height of 2 feet to a height of 3 feet, measured from the floor. The ball moves from a height of 4 feet to a height of 5 feet, measured from the floor.","Heights are measured from the floor. The cone moves from a height of 4 feet to a height of 5 feet, measured from the floor. The ball moves from a height of 2 feet to a height of 3 feet, measured from the floor.",The ball is above the cone.,The ball is below the cone.,Target1,Target2,4,5,2,3,2,3,4,5,44,44,6,6
both_preserve_up__ball_cone__measured_height__compact__reference_first__reference_first,1.1,applied,both_move,order_preserved_up,both_preserve_up,ball_cone,ball,cone,measured_height,compact,reference_first,reference_first,below,above,up,up,up,up,"Heights are measured from the floor. The cone moves from a height of 2 feet to a height of 3 feet, measured from the floor. The ball moves from a height of 4 feet to a height of 5 feet, measured from the floor.","Heights are measured from the floor. The cone moves from a height of 4 feet to a height of 5 feet, measured from the floor. The ball moves from a height of 2 feet to a height of 3 feet, measured from the floor.",The cone is below the ball.,The cone is above the ball.,Target1,Target2,4,5,2,3,2,3,4,5,44,44,6,6
both_preserve_up__ball_cone__measured_height__standard__target_first__target_first,1.1,applied,both_move,order_preserved_up,both_preserve_up,ball_cone,ball,cone,measured_height,standard,target_first,target_first,above,below,up,up,up,up,"In the room, the heights of both objects are measured from the same floor. The ball moves from a height of 4 feet to a height of 5 feet, measured from the floor. The cone moves from a height of 2 feet to a height of 3 feet, measured from the floor.","In the room, the heights of both objects are measured from the same floor. The ball moves from a height of 2 feet to a height of 3 feet, measured from the floor. The cone moves from a height of 4 feet to a height of 5 feet, measured from the floor.",The ball is above the cone.,The ball is below the cone.,Target1,Target2,4,5,2,3,2,3,4,5,52,52,6,6
both_preserve_up__ball_cone__measured_height__standard__target_first__reference_first,1.1,applied,both_move,order_preserved_up,both_preserve_up,ball_cone,ball,cone,measured_height,standard,target_first,reference_first,below,above,up,up,up,up,"In the room, the heights of both objects are measured from the same floor. The ball moves from a height of 4 feet to a height of 5 feet, measured from the floor. The cone moves from a height of 2 feet to a height of 3 feet, measured from the floor.","In the room, the heights of both objects are measured from the same floor. The ball moves from a height of 2 feet to a height of 3 feet, measured from the floor. The cone moves from a height of 4 feet to a height of 5 feet, measured from the floor.",The cone is below the ball.,The cone is above the ball.,Target1,Target2,4,5,2,3,2,3,4,5,52,52,6,6
both_preserve_up__ball_cone__measured_height__standard__reference_first__target_first,1.1,applied,both_move,order_preserved_up,both_preserve_up,ball_cone,ball,cone,measured_height,standard,reference_first,target_first,above,below,up,up,up,up,"In the room, the heights of both objects are measured from the same floor. The cone moves from a height of 2 feet to a height of 3 feet, measured from the floor. The ball moves from a height of 4 feet to a height of 5 feet, measured from the floor.","In the room, the heights of both objects are measured from the same floor. The cone moves from a height of 4 feet to a height of 5 feet, measured from the floor. The ball moves from a height of 2 feet to a height of 3 feet, measured from the floor.",The ball is above the cone.,The ball is below the cone.,Target1,Target2,4,5,2,3,2,3,4,5,52,52,6,6
both_preserve_up__ball_cone__measured_height__standard__reference_first__reference_first,1.1,applied,both_move,order_preserved_up,both_preserve_up,ball_cone,ball,cone,measured_height,standard,reference_first,reference_first,below,above,up,up,up,up,"In the room, the heights of both objects are measured from the same floor. The cone moves from a height of 2 feet to a height of 3 feet, measured from the floor. The ball moves from a height of 4 feet to a height of 5 feet, measured from the floor.","In the room, the heights of both objects are measured from the same floor. The cone moves from a height of 4 feet to a height of 5 feet, measured from the floor. The ball moves from a height of 2 feet to a height of 3 feet, measured from the floor.",The cone is below the ball.,The cone is above the ball.,Target1,Target2,4,5,2,3,2,3,4,5,52,52,6,6
both_preserve_up__ball_cone__measured_height__expanded__target_first__target_first,1.1,applied,both_move,order_preserved_up,both_preserve_up,ball_cone,ball,cone,measured_height,expanded,target_first,target_first,above,below,up,up,up,up,"In the room, the heights of both objects are measured from the same level floor. The floor stays fixed while the objects move or remain still. The ball moves from a height of 4 feet to a height of 5 feet, measured from the floor. The cone moves from a height of 2 feet to a height of 3 feet, measured from the floor.","In the room, the heights of both objects are measured from the same level floor. The floor stays fixed while the objects move or remain still. The ball moves from a height of 2 feet to a height of 3 feet, measured from the floor. The cone moves from a height of 4 feet to a height of 5 feet, measured from the floor.",The ball is above the cone.,The ball is below the cone.,Target1,Target2,4,5,2,3,2,3,4,5,64,64,6,6
both_preserve_up__ball_cone__measured_height__expanded__target_first__reference_first,1.1,applied,both_move,order_preserved_up,both_preserve_up,ball_cone,ball,cone,measured_height,expanded,target_first,reference_first,below,above,up,up,up,up,"In the room, the heights of both objects are measured from the same level floor. The floor stays fixed while the objects move or remain still. The ball moves from a height of 4 feet to a height of 5 feet, measured from the floor. The cone moves from a height of 2 feet to a height of 3 feet, measured from the floor.","In the room, the heights of both objects are measured from the same level floor. The floor stays fixed while the objects move or remain still. The ball moves from a height of 2 feet to a height of 3 feet, measured from the floor. The cone moves from a height of 4 feet to a height of 5 feet, measured from the floor.",The cone is below the ball.,The cone is above the ball.,Target1,Target2,4,5,2,3,2,3,4,5,64,64,6,6
both_preserve_up__ball_cone__measured_height__expanded__reference_first__target_first,1.1,applied,both_move,order_preserved_up,both_preserve_up,ball_cone,ball,cone,measured_height,expanded,reference_first,target_first,above,below,up,up,up,up,"In the room, the heights of both objects are measured from the same level floor. The floor stays fixed while the objects move or remain still. The cone moves from a height of 2 feet to a height of 3 feet, measured from the floor. The ball moves from a height of 4 feet to a height of 5 feet, measured from the floor.","In the room, the heights of both objects are measured from the same level floor. The floor stays fixed while the objects move or remain still. The cone moves from a height of 4 feet to a height of 5 feet, measured from the floor. The ball moves from a height of 2 feet to a height of 3 feet, measured from the floor.",The ball is above the cone.,The ball is below the cone.,Target1,Target2,4,5,2,3,2,3,4,5,64,64,6,6
both_preserve_up__ball_cone__measured_height__expanded__reference_first__reference_first,1.1,applied,both_move,order_preserved_up,both_preserve_up,ball_cone,ball,cone,measured_height,expanded,reference_first,reference_first,below,above,up,up,up,up,"In the room, the heights of both objects are measured from the same level floor. The floor stays fixed while the objects move or remain still. The cone moves from a height of 2 feet to a height of 3 feet, measured from the floor. The ball moves from a height of 4 feet to a height of 5 feet, measured from the floor.","In the room, the heights of both objects are measured from the same level floor. The floor stays fixed while the objects move or remain still. The cone moves from a height of 4 feet to a height of 5 feet, measured from the floor. The ball moves from a height of 2 feet to a height of 3 feet, measured from the floor.",The cone is below the ball.,The cone is above the ball.,Target1,Target2,4,5,2,3,2,3,4,5,64,64,6,6
both_preserve_up__cup_box__named_shelves__compact__target_first__target_first,1.1,applied,both_move,order_preserved_up,both_preserve_up,cup_box,cup,box,named_shelves,compact,target_first,target_first,above,below,up,up,up,up,"The rack's shelves run from bottom through lower, middle, and upper to top. The cup moves from the upper shelf to the top shelf. The box moves from the lower shelf to the middle shelf.","The rack's shelves run from bottom through lower, middle, and upper to top. The cup moves from the lower shelf to the middle shelf. The box moves from the upper shelf to the top shelf.",The cup is above the box.,The cup is below the box.,Target1,Target2,4,5,2,3,2,3,4,5,36,36,6,6
both_preserve_up__cup_box__named_shelves__compact__target_first__reference_first,1.1,applied,both_move,order_preserved_up,both_preserve_up,cup_box,cup,box,named_shelves,compact,target_first,reference_first,below,above,up,up,up,up,"The rack's shelves run from bottom through lower, middle, and upper to top. The cup moves from the upper shelf to the top shelf. The box moves from the lower shelf to the middle shelf.","The rack's shelves run from bottom through lower, middle, and upper to top. The cup moves from the lower shelf to the middle shelf. The box moves from the upper shelf to the top shelf.",The box is below the cup.,The box is above the cup.,Target1,Target2,4,5,2,3,2,3,4,5,36,36,6,6
both_preserve_up__cup_box__named_shelves__compact__reference_first__target_first,1.1,applied,both_move,order_preserved_up,both_preserve_up,cup_box,cup,box,named_shelves,compact,reference_first,target_first,above,below,up,up,up,up,"The rack's shelves run from bottom through lower, middle, and upper to top. The box moves from the lower shelf to the middle shelf. The cup moves from the upper shelf to the top shelf.","The rack's shelves run from bottom through lower, middle, and upper to top. The box moves from the upper shelf to the top shelf. The cup moves from the lower shelf to the middle shelf.",The cup is above the box.,The cup is below the box.,Target1,Target2,4,5,2,3,2,3,4,5,36,36,6,6
both_preserve_up__cup_box__named_shelves__compact__reference_first__reference_first,1.1,applied,both_move,order_preserved_up,both_preserve_up,cup_box,cup,box,named_shelves,compact,reference_first,reference_first,below,above,up,up,up,up,"The rack's shelves run from bottom through lower, middle, and upper to top. The box moves from the lower shelf to the middle shelf. The cup moves from the upper shelf to the top shelf.","The rack's shelves run from bottom through lower, middle, and upper to top. The box moves from the upper shelf to the top shelf. The cup moves from the lower shelf to the middle shelf.",The box is below the cup.,The box is above the cup.,Target1,Target2,4,5,2,3,2,3,4,5,36,36,6,6
both_preserve_up__cup_box__named_shelves__standard__target_first__target_first,1.1,applied,both_move,order_preserved_up,both_preserve_up,cup_box,cup,box,named_shelves,standard,target_first,target_first,above,below,up,up,up,up,"In the room, a five-tier rack has bottom, lower, middle, upper, and top shelves, in that vertical order. The cup moves from the upper shelf to the top shelf. The box moves from the lower shelf to the middle shelf.","In the room, a five-tier rack has bottom, lower, middle, upper, and top shelves, in that vertical order. The cup moves from the lower shelf to the middle shelf. The box moves from the upper shelf to the top shelf.",The cup is above the box.,The cup is below the box.,Target1,Target2,4,5,2,3,2,3,4,5,41,41,6,6
both_preserve_up__cup_box__named_shelves__standard__target_first__reference_first,1.1,applied,both_move,order_preserved_up,both_preserve_up,cup_box,cup,box,named_shelves,standard,target_first,reference_first,below,above,up,up,up,up,"In the room, a five-tier rack has bottom, lower, middle, upper, and top shelves, in that vertical order. The cup moves from the upper shelf to the top shelf. The box moves from the lower shelf to the middle shelf.","In the room, a five-tier rack has bottom, lower, middle, upper, and top shelves, in that vertical order. The cup moves from the lower shelf to the middle shelf. The box moves from the upper shelf to the top shelf.",The box is below the cup.,The box is above the cup.,Target1,Target2,4,5,2,3,2,3,4,5,41,41,6,6
both_preserve_up__cup_box__named_shelves__standard__reference_first__target_first,1.1,applied,both_move,order_preserved_up,both_preserve_up,cup_box,cup,box,named_shelves,standard,reference_first,target_first,above,below,up,up,up,up,"In the room, a five-tier rack has bottom, lower, middle, upper, and top shelves, in that vertical order. The box moves from the lower shelf to the middle shelf. The cup moves from the upper shelf to the top shelf.","In the room, a five-tier rack has bottom, lower, middle, upper, and top shelves, in that vertical order. The box moves from the upper shelf to the top shelf. The cup moves from the lower shelf to the middle shelf.",The cup is above the box.,The cup is below the box.,Target1,Target2,4,5,2,3,2,3,4,5,41,41,6,6
both_preserve_up__cup_box__named_shelves__standard__reference_first__reference_first,1.1,applied,both_move,order_preserved_up,both_preserve_up,cup_box,cup,box,named_shelves,standard,reference_first,reference_first,below,above,up,up,up,up,"In the room, a five-tier rack has bottom, lower, middle, upper, and top shelves, in that vertical order. The box moves from the lower shelf to the middle shelf. The cup moves from the upper shelf to the top shelf.","In the room, a five-tier rack has bottom, lower, middle, upper, and top shelves, in that vertical order. The box moves from the upper shelf to the top shelf. The cup moves from the lower shelf to the middle shelf.",The box is below the cup.,The box is above the cup.,Target1,Target2,4,5,2,3,2,3,4,5,41,41,6,6
both_preserve_up__cup_box__named_shelves__expanded__target_first__target_first,1.1,applied,both_move,order_preserved_up,both_preserve_up,cup_box,cup,box,named_shelves,expanded,target_first,target_first,above,below,up,up,up,up,"In the room, a fixed five-tier rack has bottom, lower, middle, upper, and top shelves, in that vertical order. Each shelf stays at its level throughout the scene. The cup moves from the upper shelf to the top shelf. The box moves from the lower shelf to the middle shelf.","In the room, a fixed five-tier rack has bottom, lower, middle, upper, and top shelves, in that vertical order. Each shelf stays at its level throughout the scene. The cup moves from the lower shelf to the middle shelf. The box moves from the upper shelf to the top shelf.",The cup is above the box.,The cup is below the box.,Target1,Target2,4,5,2,3,2,3,4,5,51,51,6,6
both_preserve_up__cup_box__named_shelves__expanded__target_first__reference_first,1.1,applied,both_move,order_preserved_up,both_preserve_up,cup_box,cup,box,named_shelves,expanded,target_first,reference_first,below,above,up,up,up,up,"In the room, a fixed five-tier rack has bottom, lower, middle, upper, and top shelves, in that vertical order. Each shelf stays at its level throughout the scene. The cup moves from the upper shelf to the top shelf. The box moves from the lower shelf to the middle shelf.","In the room, a fixed five-tier rack has bottom, lower, middle, upper, and top shelves, in that vertical order. Each shelf stays at its level throughout the scene. The cup moves from the lower shelf to the middle shelf. The box moves from the upper shelf to the top shelf.",The box is below the cup.,The box is above the cup.,Target1,Target2,4,5,2,3,2,3,4,5,51,51,6,6
both_preserve_up__cup_box__named_shelves__expanded__reference_first__target_first,1.1,applied,both_move,order_preserved_up,both_preserve_up,cup_box,cup,box,named_shelves,expanded,reference_first,target_first,above,below,up,up,up,up,"In the room, a fixed five-tier rack has bottom, lower, middle, upper, and top shelves, in that vertical order. Each shelf stays at its level throughout the scene. The box moves from the lower shelf to the middle shelf. The cup moves from the upper shelf to the top shelf.","In the room, a fixed five-tier rack has bottom, lower, middle, upper, and top shelves, in that vertical order. Each shelf stays at its level throughout the scene. The box moves from the upper shelf to the top shelf. The cup moves from the lower shelf to the middle shelf.",The cup is above the box.,The cup is below the box.,Target1,Target2,4,5,2,3,2,3,4,5,51,51,6,6
both_preserve_up__cup_box__named_shelves__expanded__reference_first__reference_first,1.1,applied,both_move,order_preserved_up,both_preserve_up,cup_box,cup,box,named_shelves,expanded,reference_first,reference_first,below,above,up,up,up,up,"In the room, a fixed five-tier rack has bottom, lower, middle, upper, and top shelves, in that vertical order. Each shelf stays at its level throughout the scene. The box moves from the lower shelf to the middle shelf. The cup moves from the upper shelf to the top shelf.","In the room, a fixed five-tier rack has bottom, lower, middle, upper, and top shelves, in that vertical order. Each shelf stays at its level throughout the scene. The box moves from the upper shelf to the top shelf. The cup moves from the lower shelf to the middle shelf.",The box is below the cup.,The box is above the cup.,Target1,Target2,4,5,2,3,2,3,4,5,51,51,6,6
both_preserve_up__cup_box__measured_height__compact__target_first__target_first,1.1,applied,both_move,order_preserved_up,both_preserve_up,cup_box,cup,box,measured_height,compact,target_first,target_first,above,below,up,up,up,up,"Heights are measured from the floor. The cup moves from a height of 4 feet to a height of 5 feet, measured from the floor. The box moves from a height of 2 feet to a height of 3 feet, measured from the floor.","Heights are measured from the floor. The cup moves from a height of 2 feet to a height of 3 feet, measured from the floor. The box moves from a height of 4 feet to a height of 5 feet, measured from the floor.",The cup is above the box.,The cup is below the box.,Target1,Target2,4,5,2,3,2,3,4,5,44,44,6,6
both_preserve_up__cup_box__measured_height__compact__target_first__reference_first,1.1,applied,both_move,order_preserved_up,both_preserve_up,cup_box,cup,box,measured_height,compact,target_first,reference_first,below,above,up,up,up,up,"Heights are measured from the floor. The cup moves from a height of 4 feet to a height of 5 feet, measured from the floor. The box moves from a height of 2 feet to a height of 3 feet, measured from the floor.","Heights are measured from the floor. The cup moves from a height of 2 feet to a height of 3 feet, measured from the floor. The box moves from a height of 4 feet to a height of 5 feet, measured from the floor.",The box is below the cup.,The box is above the cup.,Target1,Target2,4,5,2,3,2,3,4,5,44,44,6,6
both_preserve_up__cup_box__measured_height__compact__reference_first__target_first,1.1,applied,both_move,order_preserved_up,both_preserve_up,cup_box,cup,box,measured_height,compact,reference_first,target_first,above,below,up,up,up,up,"Heights are measured from the floor. The box moves from a height of 2 feet to a height of 3 feet, measured from the floor. The cup moves from a height of 4 feet to a height of 5 feet, measured from the floor.","Heights are measured from the floor. The box moves from a height of 4 feet to a height of 5 feet, measured from the floor. The cup moves from a height of 2 feet to a height of 3 feet, measured from the floor.",The cup is above the box.,The cup is below the box.,Target1,Target2,4,5,2,3,2,3,4,5,44,44,6,6
both_preserve_up__cup_box__measured_height__compact__reference_first__reference_first,1.1,applied,both_move,order_preserved_up,both_preserve_up,cup_box,cup,box,measured_height,compact,reference_first,reference_first,below,above,up,up,up,up,"Heights are measured from the floor. The box moves from a height of 2 feet to a height of 3 feet, measured from the floor. The cup moves from a height of 4 feet to a height of 5 feet, measured from the floor.","Heights are measured from the floor. The box moves from a height of 4 feet to a height of 5 feet, measured from the floor. The cup moves from a height of 2 feet to a height of 3 feet, measured from the floor.",The box is below the cup.,The box is above the cup.,Target1,Target2,4,5,2,3,2,3,4,5,44,44,6,6
both_preserve_up__cup_box__measured_height__standard__target_first__target_first,1.1,applied,both_move,order_preserved_up,both_preserve_up,cup_box,cup,box,measured_height,standard,target_first,target_first,above,below,up,up,up,up,"In the room, the heights of both objects are measured from the same floor. The cup moves from a height of 4 feet to a height of 5 feet, measured from the floor. The box moves from a height of 2 feet to a height of 3 feet, measured from the floor.","In the room, the heights of both objects are measured from the same floor. The cup moves from a height of 2 feet to a height of 3 feet, measured from the floor. The box moves from a height of 4 feet to a height of 5 feet, measured from the floor.",The cup is above the box.,The cup is below the box.,Target1,Target2,4,5,2,3,2,3,4,5,52,52,6,6
both_preserve_up__cup_box__measured_height__standard__target_first__reference_first,1.1,applied,both_move,order_preserved_up,both_preserve_up,cup_box,cup,box,measured_height,standard,target_first,reference_first,below,above,up,up,up,up,"In the room, the heights of both objects are measured from the same floor. The cup moves from a height of 4 feet to a height of 5 feet, measured from the floor. The box moves from a height of 2 feet to a height of 3 feet, measured from the floor.","In the room, the heights of both objects are measured from the same floor. The cup moves from a height of 2 feet to a height of 3 feet, measured from the floor. The box moves from a height of 4 feet to a height of 5 feet, measured from the floor.",The box is below the cup.,The box is above the cup.,Target1,Target2,4,5,2,3,2,3,4,5,52,52,6,6
both_preserve_up__cup_box__measured_height__standard__reference_first__target_first,1.1,applied,both_move,order_preserved_up,both_preserve_up,cup_box,cup,box,measured_height,standard,reference_first,target_first,above,below,up,up,up,up,"In the room, the heights of both objects are measured from the same floor. The box moves from a height of 2 feet to a height of 3 feet, measured from the floor. The cup moves from a height of 4 feet to a height of 5 feet, measured from the floor.","In the room, the heights of both objects are measured from the same floor. The box moves from a height of 4 feet to a height of 5 feet, measured from the floor. The cup moves from a height of 2 feet to a height of 3 feet, measured from the floor.",The cup is above the box.,The cup is below the box.,Target1,Target2,4,5,2,3,2,3,4,5,52,52,6,6
both_preserve_up__cup_box__measured_height__standard__reference_first__reference_first,1.1,applied,both_move,order_preserved_up,both_preserve_up,cup_box,cup,box,measured_height,standard,reference_first,reference_first,below,above,up,up,up,up,"In the room, the heights of both objects are measured from the same floor. The box moves from a height of 2 feet to a height of 3 feet, measured from the floor. The cup moves from a height of 4 feet to a height of 5 feet, measured from the floor.","In the room, the heights of both objects are measured from the same floor. The box moves from a height of 4 feet to a height of 5 feet, measured from the floor. The cup moves from a height of 2 feet to a height of 3 feet, measured from the floor.",The box is below the cup.,The box is above the cup.,Target1,Target2,4,5,2,3,2,3,4,5,52,52,6,6
both_preserve_up__cup_box__measured_height__expanded__target_first__target_first,1.1,applied,both_move,order_preserved_up,both_preserve_up,cup_box,cup,box,measured_height,expanded,target_first,target_first,above,below,up,up,up,up,"In the room, the heights of both objects are measured from the same level floor. The floor stays fixed while the objects move or remain still. The cup moves from a height of 4 feet to a height of 5 feet, measured from the floor. The box moves from a height of 2 feet to a height of 3 feet, measured from the floor.","In the room, the heights of both objects are measured from the same level floor. The floor stays fixed while the objects move or remain still. The cup moves from a height of 2 feet to a height of 3 feet, measured from the floor. The box moves from a height of 4 feet to a height of 5 feet, measured from the floor.",The cup is above the box.,The cup is below the box.,Target1,Target2,4,5,2,3,2,3,4,5,64,64,6,6
both_preserve_up__cup_box__measured_height__expanded__target_first__reference_first,1.1,applied,both_move,order_preserved_up,both_preserve_up,cup_box,cup,box,measured_height,expanded,target_first,reference_first,below,above,up,up,up,up,"In the room, the heights of both objects are measured from the same level floor. The floor stays fixed while the objects move or remain still. The cup moves from a height of 4 feet to a height of 5 feet, measured from the floor. The box moves from a height of 2 feet to a height of 3 feet, measured from the floor.","In the room, the heights of both objects are measured from the same level floor. The floor stays fixed while the objects move or remain still. The cup moves from a height of 2 feet to a height of 3 feet, measured from the floor. The box moves from a height of 4 feet to a height of 5 feet, measured from the floor.",The box is below the cup.,The box is above the cup.,Target1,Target2,4,5,2,3,2,3,4,5,64,64,6,6
both_preserve_up__cup_box__measured_height__expanded__reference_first__target_first,1.1,applied,both_move,order_preserved_up,both_preserve_up,cup_box,cup,box,measured_height,expanded,reference_first,target_first,above,below,up,up,up,up,"In the room, the heights of both objects are measured from the same level floor. The floor stays fixed while the objects move or remain still. The box moves from a height of 2 feet to a height of 3 feet, measured from the floor. The cup moves from a height of 4 feet to a height of 5 feet, measured from the floor.","In the room, the heights of both objects are measured from the same level floor. The floor stays fixed while the objects move or remain still. The box moves from a height of 4 feet to a height of 5 feet, measured from the floor. The cup moves from a height of 2 feet to a height of 3 feet, measured from the floor.",The cup is above the box.,The cup is below the box.,Target1,Target2,4,5,2,3,2,3,4,5,64,64,6,6
both_preserve_up__cup_box__measured_height__expanded__reference_first__reference_first,1.1,applied,both_move,order_preserved_up,both_preserve_up,cup_box,cup,box,measured_height,expanded,reference_first,reference_first,below,above,up,up,up,up,"In the room, the heights of both objects are measured from the same level floor. The floor stays fixed while the objects move or remain still. The box moves from a height of 2 feet to a height of 3 feet, measured from the floor. The cup moves from a height of 4 feet to a height of 5 feet, measured from the floor.","In the room, the heights of both objects are measured from the same level floor. The floor stays fixed while the objects move or remain still. The box moves from a height of 4 feet to a height of 5 feet, measured from the floor. The cup moves from a height of 2 feet to a height of 3 feet, measured from the floor.",The box is below the cup.,The box is above the cup.,Target1,Target2,4,5,2,3,2,3,4,5,64,64,6,6
both_preserve_up__book_jar__named_shelves__compact__target_first__target_first,1.1,applied,both_move,order_preserved_up,both_preserve_up,book_jar,book,jar,named_shelves,compact,target_first,target_first,above,below,up,up,up,up,"The rack's shelves run from bottom through lower, middle, and upper to top. The book moves from the upper shelf to the top shelf. The jar moves from the lower shelf to the middle shelf.","The rack's shelves run from bottom through lower, middle, and upper to top. The book moves from the lower shelf to the middle shelf. The jar moves from the upper shelf to the top shelf.",The book is above the jar.,The book is below the jar.,Target1,Target2,4,5,2,3,2,3,4,5,36,36,6,6
both_preserve_up__book_jar__named_shelves__compact__target_first__reference_first,1.1,applied,both_move,order_preserved_up,both_preserve_up,book_jar,book,jar,named_shelves,compact,target_first,reference_first,below,above,up,up,up,up,"The rack's shelves run from bottom through lower, middle, and upper to top. The book moves from the upper shelf to the top shelf. The jar moves from the lower shelf to the middle shelf.","The rack's shelves run from bottom through lower, middle, and upper to top. The book moves from the lower shelf to the middle shelf. The jar moves from the upper shelf to the top shelf.",The jar is below the book.,The jar is above the book.,Target1,Target2,4,5,2,3,2,3,4,5,36,36,6,6
both_preserve_up__book_jar__named_shelves__compact__reference_first__target_first,1.1,applied,both_move,order_preserved_up,both_preserve_up,book_jar,book,jar,named_shelves,compact,reference_first,target_first,above,below,up,up,up,up,"The rack's shelves run from bottom through lower, middle, and upper to top. The jar moves from the lower shelf to the middle shelf. The book moves from the upper shelf to the top shelf.","The rack's shelves run from bottom through lower, middle, and upper to top. The jar moves from the upper shelf to the top shelf. The book moves from the lower shelf to the middle shelf.",The book is above the jar.,The book is below the jar.,Target1,Target2,4,5,2,3,2,3,4,5,36,36,6,6
both_preserve_up__book_jar__named_shelves__compact__reference_first__reference_first,1.1,applied,both_move,order_preserved_up,both_preserve_up,book_jar,book,jar,named_shelves,compact,reference_first,reference_first,below,above,up,up,up,up,"The rack's shelves run from bottom through lower, middle, and upper to top. The jar moves from the lower shelf to the middle shelf. The book moves from the upper shelf to the top shelf.","The rack's shelves run from bottom through lower, middle, and upper to top. The jar moves from the upper shelf to the top shelf. The book moves from the lower shelf to the middle shelf.",The jar is below the book.,The jar is above the book.,Target1,Target2,4,5,2,3,2,3,4,5,36,36,6,6
both_preserve_up__book_jar__named_shelves__standard__target_first__target_first,1.1,applied,both_move,order_preserved_up,both_preserve_up,book_jar,book,jar,named_shelves,standard,target_first,target_first,above,below,up,up,up,up,"In the room, a five-tier rack has bottom, lower, middle, upper, and top shelves, in that vertical order. The book moves from the upper shelf to the top shelf. The jar moves from the lower shelf to the middle shelf.","In the room, a five-tier rack has bottom, lower, middle, upper, and top shelves, in that vertical order. The book moves from the lower shelf to the middle shelf. The jar moves from the upper shelf to the top shelf.",The book is above the jar.,The book is below the jar.,Target1,Target2,4,5,2,3,2,3,4,5,41,41,6,6
both_preserve_up__book_jar__named_shelves__standard__target_first__reference_first,1.1,applied,both_move,order_preserved_up,both_preserve_up,book_jar,book,jar,named_shelves,standard,target_first,reference_first,below,above,up,up,up,up,"In the room, a five-tier rack has bottom, lower, middle, upper, and top shelves, in that vertical order. The book moves from the upper shelf to the top shelf. The jar moves from the lower shelf to the middle shelf.","In the room, a five-tier rack has bottom, lower, middle, upper, and top shelves, in that vertical order. The book moves from the lower shelf to the middle shelf. The jar moves from the upper shelf to the top shelf.",The jar is below the book.,The jar is above the book.,Target1,Target2,4,5,2,3,2,3,4,5,41,41,6,6
both_preserve_up__book_jar__named_shelves__standard__reference_first__target_first,1.1,applied,both_move,order_preserved_up,both_preserve_up,book_jar,book,jar,named_shelves,standard,reference_first,target_first,above,below,up,up,up,up,"In the room, a five-tier rack has bottom, lower, middle, upper, and top shelves, in that vertical order. The jar moves from the lower shelf to the middle shelf. The book moves from the upper shelf to the top shelf.","In the room, a five-tier rack has bottom, lower, middle, upper, and top shelves, in that vertical order. The jar moves from the upper shelf to the top shelf. The book moves from the lower shelf to the middle shelf.",The book is above the jar.,The book is below the jar.,Target1,Target2,4,5,2,3,2,3,4,5,41,41,6,6
both_preserve_up__book_jar__named_shelves__standard__reference_first__reference_first,1.1,applied,both_move,order_preserved_up,both_preserve_up,book_jar,book,jar,named_shelves,standard,reference_first,reference_first,below,above,up,up,up,up,"In the room, a five-tier rack has bottom, lower, middle, upper, and top shelves, in that vertical order. The jar moves from the lower shelf to the middle shelf. The book moves from the upper shelf to the top shelf.","In the room, a five-tier rack has bottom, lower, middle, upper, and top shelves, in that vertical order. The jar moves from the upper shelf to the top shelf. The book moves from the lower shelf to the middle shelf.",The jar is below the book.,The jar is above the book.,Target1,Target2,4,5,2,3,2,3,4,5,41,41,6,6
both_preserve_up__book_jar__named_shelves__expanded__target_first__target_first,1.1,applied,both_move,order_preserved_up,both_preserve_up,book_jar,book,jar,named_shelves,expanded,target_first,target_first,above,below,up,up,up,up,"In the room, a fixed five-tier rack has bottom, lower, middle, upper, and top shelves, in that vertical order. Each shelf stays at its level throughout the scene. The book moves from the upper shelf to the top shelf. The jar moves from the lower shelf to the middle shelf.","In the room, a fixed five-tier rack has bottom, lower, middle, upper, and top shelves, in that vertical order. Each shelf stays at its level throughout the scene. The book moves from the lower shelf to the middle shelf. The jar moves from the upper shelf to the top shelf.",The book is above the jar.,The book is below the jar.,Target1,Target2,4,5,2,3,2,3,4,5,51,51,6,6
both_preserve_up__book_jar__named_shelves__expanded__target_first__reference_first,1.1,applied,both_move,order_preserved_up,both_preserve_up,book_jar,book,jar,named_shelves,expanded,target_first,reference_first,below,above,up,up,up,up,"In the room, a fixed five-tier rack has bottom, lower, middle, upper, and top shelves, in that vertical order. Each shelf stays at its level throughout the scene. The book moves from the upper shelf to the top shelf. The jar moves from the lower shelf to the middle shelf.","In the room, a fixed five-tier rack has bottom, lower, middle, upper, and top shelves, in that vertical order. Each shelf stays at its level throughout the scene. The book moves from the lower shelf to the middle shelf. The jar moves from the upper shelf to the top shelf.",The jar is below the book.,The jar is above the book.,Target1,Target2,4,5,2,3,2,3,4,5,51,51,6,6
both_preserve_up__book_jar__named_shelves__expanded__reference_first__target_first,1.1,applied,both_move,order_preserved_up,both_preserve_up,book_jar,book,jar,named_shelves,expanded,reference_first,target_first,above,below,up,up,up,up,"In the room, a fixed five-tier rack has bottom, lower, middle, upper, and top shelves, in that vertical order. Each shelf stays at its level throughout the scene. The jar moves from the lower shelf to the middle shelf. The book moves from the upper shelf to the top shelf.","In the room, a fixed five-tier rack has bottom, lower, middle, upper, and top shelves, in that vertical order. Each shelf stays at its level throughout the scene. The jar moves from the upper shelf to the top shelf. The book moves from the lower shelf to the middle shelf.",The book is above the jar.,The book is below the jar.,Target1,Target2,4,5,2,3,2,3,4,5,51,51,6,6
both_preserve_up__book_jar__named_shelves__expanded__reference_first__reference_first,1.1,applied,both_move,order_preserved_up,both_preserve_up,book_jar,book,jar,named_shelves,expanded,reference_first,reference_first,below,above,up,up,up,up,"In the room, a fixed five-tier rack has bottom, lower, middle, upper, and top shelves, in that vertical order. Each shelf stays at its level throughout the scene. The jar moves from the lower shelf to the middle shelf. The book moves from the upper shelf to the top shelf.","In the room, a fixed five-tier rack has bottom, lower, middle, upper, and top shelves, in that vertical order. Each shelf stays at its level throughout the scene. The jar moves from the upper shelf to the top shelf. The book moves from the lower shelf to the middle shelf.",The jar is below the book.,The jar is above the book.,Target1,Target2,4,5,2,3,2,3,4,5,51,51,6,6
both_preserve_up__book_jar__measured_height__compact__target_first__target_first,1.1,applied,both_move,order_preserved_up,both_preserve_up,book_jar,book,jar,measured_height,compact,target_first,target_first,above,below,up,up,up,up,"Heights are measured from the floor. The book moves from a height of 4 feet to a height of 5 feet, measured from the floor. The jar moves from a height of 2 feet to a height of 3 feet, measured from the floor.","Heights are measured from the floor. The book moves from a height of 2 feet to a height of 3 feet, measured from the floor. The jar moves from a height of 4 feet to a height of 5 feet, measured from the floor.",The book is above the jar.,The book is below the jar.,Target1,Target2,4,5,2,3,2,3,4,5,44,44,6,6
both_preserve_up__book_jar__measured_height__compact__target_first__reference_first,1.1,applied,both_move,order_preserved_up,both_preserve_up,book_jar,book,jar,measured_height,compact,target_first,reference_first,below,above,up,up,up,up,"Heights are measured from the floor. The book moves from a height of 4 feet to a height of 5 feet, measured from the floor. The jar moves from a height of 2 feet to a height of 3 feet, measured from the floor.","Heights are measured from the floor. The book moves from a height of 2 feet to a height of 3 feet, measured from the floor. The jar moves from a height of 4 feet to a height of 5 feet, measured from the floor.",The jar is below the book.,The jar is above the book.,Target1,Target2,4,5,2,3,2,3,4,5,44,44,6,6
both_preserve_up__book_jar__measured_height__compact__reference_first__target_first,1.1,applied,both_move,order_preserved_up,both_preserve_up,book_jar,book,jar,measured_height,compact,reference_first,target_first,above,below,up,up,up,up,"Heights are measured from the floor. The jar moves from a height of 2 feet to a height of 3 feet, measured from the floor. The book moves from a height of 4 feet to a height of 5 feet, measured from the floor.","Heights are measured from the floor. The jar moves from a height of 4 feet to a height of 5 feet, measured from the floor. The book moves from a height of 2 feet to a height of 3 feet, measured from the floor.",The book is above the jar.,The book is below the jar.,Target1,Target2,4,5,2,3,2,3,4,5,44,44,6,6
both_preserve_up__book_jar__measured_height__compact__reference_first__reference_first,1.1,applied,both_move,order_preserved_up,both_preserve_up,book_jar,book,jar,measured_height,compact,reference_first,reference_first,below,above,up,up,up,up,"Heights are measured from the floor. The jar moves from a height of 2 feet to a height of 3 feet, measured from the floor. The book moves from a height of 4 feet to a height of 5 feet, measured from the floor.","Heights are measured from the floor. The jar moves from a height of 4 feet to a height of 5 feet, measured from the floor. The book moves from a height of 2 feet to a height of 3 feet, measured from the floor.",The jar is below the book.,The jar is above the book.,Target1,Target2,4,5,2,3,2,3,4,5,44,44,6,6
both_preserve_up__book_jar__measured_height__standard__target_first__target_first,1.1,applied,both_move,order_preserved_up,both_preserve_up,book_jar,book,jar,measured_height,standard,target_first,target_first,above,below,up,up,up,up,"In the room, the heights of both objects are measured from the same floor. The book moves from a height of 4 feet to a height of 5 feet, measured from the floor. The jar moves from a height of 2 feet to a height of 3 feet, measured from the floor.","In the room, the heights of both objects are measured from the same floor. The book moves from a height of 2 feet to a height of 3 feet, measured from the floor. The jar moves from a height of 4 feet to a height of 5 feet, measured from the floor.",The book is above the jar.,The book is below the jar.,Target1,Target2,4,5,2,3,2,3,4,5,52,52,6,6
both_preserve_up__book_jar__measured_height__standard__target_first__reference_first,1.1,applied,both_move,order_preserved_up,both_preserve_up,book_jar,book,jar,measured_height,standard,target_first,reference_first,below,above,up,up,up,up,"In the room, the heights of both objects are measured from the same floor. The book moves from a height of 4 feet to a height of 5 feet, measured from the floor. The jar moves from a height of 2 feet to a height of 3 feet, measured from the floor.","In the room, the heights of both objects are measured from the same floor. The book moves from a height of 2 feet to a height of 3 feet, measured from the floor. The jar moves from a height of 4 feet to a height of 5 feet, measured from the floor.",The jar is below the book.,The jar is above the book.,Target1,Target2,4,5,2,3,2,3,4,5,52,52,6,6
both_preserve_up__book_jar__measured_height__standard__reference_first__target_first,1.1,applied,both_move,order_preserved_up,both_preserve_up,book_jar,book,jar,measured_height,standard,reference_first,target_first,above,below,up,up,up,up,"In the room, the heights of both objects are measured from the same floor. The jar moves from a height of 2 feet to a height of 3 feet, measured from the floor. The book moves from a height of 4 feet to a height of 5 feet, measured from the floor.","In the room, the heights of both objects are measured from the same floor. The jar moves from a height of 4 feet to a height of 5 feet, measured from the floor. The book moves from a height of 2 feet to a height of 3 feet, measured from the floor.",The book is above the jar.,The book is below the jar.,Target1,Target2,4,5,2,3,2,3,4,5,52,52,6,6
both_preserve_up__book_jar__measured_height__standard__reference_first__reference_first,1.1,applied,both_move,order_preserved_up,both_preserve_up,book_jar,book,jar,measured_height,standard,reference_first,reference_first,below,above,up,up,up,up,"In the room, the heights of both objects are measured from the same floor. The jar moves from a height of 2 feet to a height of 3 feet, measured from the floor. The book moves from a height of 4 feet to a height of 5 feet, measured from the floor.","In the room, the heights of both objects are measured from the same floor. The jar moves from a height of 4 feet to a height of 5 feet, measured from the floor. The book moves from a height of 2 feet to a height of 3 feet, measured from the floor.",The jar is below the book.,The jar is above the book.,Target1,Target2,4,5,2,3,2,3,4,5,52,52,6,6
both_preserve_up__book_jar__measured_height__expanded__target_first__target_first,1.1,applied,both_move,order_preserved_up,both_preserve_up,book_jar,book,jar,measured_height,expanded,target_first,target_first,above,below,up,up,up,up,"In the room, the heights of both objects are measured from the same level floor. The floor stays fixed while the objects move or remain still. The book moves from a height of 4 feet to a height of 5 feet, measured from the floor. The jar moves from a height of 2 feet to a height of 3 feet, measured from the floor.","In the room, the heights of both objects are measured from the same level floor. The floor stays fixed while the objects move or remain still. The book moves from a height of 2 feet to a height of 3 feet, measured from the floor. The jar moves from a height of 4 feet to a height of 5 feet, measured from the floor.",The book is above the jar.,The book is below the jar.,Target1,Target2,4,5,2,3,2,3,4,5,64,64,6,6
both_preserve_up__book_jar__measured_height__expanded__target_first__reference_first,1.1,applied,both_move,order_preserved_up,both_preserve_up,book_jar,book,jar,measured_height,expanded,target_first,reference_first,below,above,up,up,up,up,"In the room, the heights of both objects are measured from the same level floor. The floor stays fixed while the objects move or remain still. The book moves from a height of 4 feet to a height of 5 feet, measured from the floor. The jar moves from a height of 2 feet to a height of 3 feet, measured from the floor.","In the room, the heights of both objects are measured from the same level floor. The floor stays fixed while the objects move or remain still. The book moves from a height of 2 feet to a height of 3 feet, measured from the floor. The jar moves from a height of 4 feet to a height of 5 feet, measured from the floor.",The jar is below the book.,The jar is above the book.,Target1,Target2,4,5,2,3,2,3,4,5,64,64,6,6
both_preserve_up__book_jar__measured_height__expanded__reference_first__target_first,1.1,applied,both_move,order_preserved_up,both_preserve_up,book_jar,book,jar,measured_height,expanded,reference_first,target_first,above,below,up,up,up,up,"In the room, the heights of both objects are measured from the same level floor. The floor stays fixed while the objects move or remain still. The jar moves from a height of 2 feet to a height of 3 feet, measured from the floor. The book moves from a height of 4 feet to a height of 5 feet, measured from the floor.","In the room, the heights of both objects are measured from the same level floor. The floor stays fixed while the objects move or remain still. The jar moves from a height of 4 feet to a height of 5 feet, measured from the floor. The book moves from a height of 2 feet to a height of 3 feet, measured from the floor.",The book is above the jar.,The book is below the jar.,Target1,Target2,4,5,2,3,2,3,4,5,64,64,6,6
both_preserve_up__book_jar__measured_height__expanded__reference_first__reference_first,1.1,applied,both_move,order_preserved_up,both_preserve_up,book_jar,book,jar,measured_height,expanded,reference_first,reference_first,below,above,up,up,up,up,"In the room, the heights of both objects are measured from the same level floor. The floor stays fixed while the objects move or remain still. The jar moves from a height of 2 feet to a height of 3 feet, measured from the floor. The book moves from a height of 4 feet to a height of 5 feet, measured from the floor.","In the room, the heights of both objects are measured from the same level floor. The floor stays fixed while the objects move or remain still. The jar moves from a height of 4 feet to a height of 5 feet, measured from the floor. The book moves from a height of 2 feet to a height of 3 feet, measured from the floor.",The jar is below the book.,The jar is above the book.,Target1,Target2,4,5,2,3,2,3,4,5,64,64,6,6
both_preserve_up__toy_key__named_shelves__compact__target_first__target_first,1.1,applied,both_move,order_preserved_up,both_preserve_up,toy_key,toy,key,named_shelves,compact,target_first,target_first,above,below,up,up,up,up,"The rack's shelves run from bottom through lower, middle, and upper to top. The toy moves from the upper shelf to the top shelf. The key moves from the lower shelf to the middle shelf.","The rack's shelves run from bottom through lower, middle, and upper to top. The toy moves from the lower shelf to the middle shelf. The key moves from the upper shelf to the top shelf.",The toy is above the key.,The toy is below the key.,Target1,Target2,4,5,2,3,2,3,4,5,36,36,6,6
both_preserve_up__toy_key__named_shelves__compact__target_first__reference_first,1.1,applied,both_move,order_preserved_up,both_preserve_up,toy_key,toy,key,named_shelves,compact,target_first,reference_first,below,above,up,up,up,up,"The rack's shelves run from bottom through lower, middle, and upper to top. The toy moves from the upper shelf to the top shelf. The key moves from the lower shelf to the middle shelf.","The rack's shelves run from bottom through lower, middle, and upper to top. The toy moves from the lower shelf to the middle shelf. The key moves from the upper shelf to the top shelf.",The key is below the toy.,The key is above the toy.,Target1,Target2,4,5,2,3,2,3,4,5,36,36,6,6
both_preserve_up__toy_key__named_shelves__compact__reference_first__target_first,1.1,applied,both_move,order_preserved_up,both_preserve_up,toy_key,toy,key,named_shelves,compact,reference_first,target_first,above,below,up,up,up,up,"The rack's shelves run from bottom through lower, middle, and upper to top. The key moves from the lower shelf to the middle shelf. The toy moves from the upper shelf to the top shelf.","The rack's shelves run from bottom through lower, middle, and upper to top. The key moves from the upper shelf to the top shelf. The toy moves from the lower shelf to the middle shelf.",The toy is above the key.,The toy is below the key.,Target1,Target2,4,5,2,3,2,3,4,5,36,36,6,6
both_preserve_up__toy_key__named_shelves__compact__reference_first__reference_first,1.1,applied,both_move,order_preserved_up,both_preserve_up,toy_key,toy,key,named_shelves,compact,reference_first,reference_first,below,above,up,up,up,up,"The rack's shelves run from bottom through lower, middle, and upper to top. The key moves from the lower shelf to the middle shelf. The toy moves from the upper shelf to the top shelf.","The rack's shelves run from bottom through lower, middle, and upper to top. The key moves from the upper shelf to the top shelf. The toy moves from the lower shelf to the middle shelf.",The key is below the toy.,The key is above the toy.,Target1,Target2,4,5,2,3,2,3,4,5,36,36,6,6
both_preserve_up__toy_key__named_shelves__standard__target_first__target_first,1.1,applied,both_move,order_preserved_up,both_preserve_up,toy_key,toy,key,named_shelves,standard,target_first,target_first,above,below,up,up,up,up,"In the room, a five-tier rack has bottom, lower, middle, upper, and top shelves, in that vertical order. The toy moves from the upper shelf to the top shelf. The key moves from the lower shelf to the middle shelf.","In the room, a five-tier rack has bottom, lower, middle, upper, and top shelves, in that vertical order. The toy moves from the lower shelf to the middle shelf. The key moves from the upper shelf to the top shelf.",The toy is above the key.,The toy is below the key.,Target1,Target2,4,5,2,3,2,3,4,5,41,41,6,6
both_preserve_up__toy_key__named_shelves__standard__target_first__reference_first,1.1,applied,both_move,order_preserved_up,both_preserve_up,toy_key,toy,key,named_shelves,standard,target_first,reference_first,below,above,up,up,up,up,"In the room, a five-tier rack has bottom, lower, middle, upper, and top shelves, in that vertical order. The toy moves from the upper shelf to the top shelf. The key moves from the lower shelf to the middle shelf.","In the room, a five-tier rack has bottom, lower, middle, upper, and top shelves, in that vertical order. The toy moves from the lower shelf to the middle shelf. The key moves from the upper shelf to the top shelf.",The key is below the toy.,The key is above the toy.,Target1,Target2,4,5,2,3,2,3,4,5,41,41,6,6
both_preserve_up__toy_key__named_shelves__standard__reference_first__target_first,1.1,applied,both_move,order_preserved_up,both_preserve_up,toy_key,toy,key,named_shelves,standard,reference_first,target_first,above,below,up,up,up,up,"In the room, a five-tier rack has bottom, lower, middle, upper, and top shelves, in that vertical order. The key moves from the lower shelf to the middle shelf. The toy moves from the upper shelf to the top shelf.","In the room, a five-tier rack has bottom, lower, middle, upper, and top shelves, in that vertical order. The key moves from the upper shelf to the top shelf. The toy moves from the lower shelf to the middle shelf.",The toy is above the key.,The toy is below the key.,Target1,Target2,4,5,2,3,2,3,4,5,41,41,6,6
both_preserve_up__toy_key__named_shelves__standard__reference_first__reference_first,1.1,applied,both_move,order_preserved_up,both_preserve_up,toy_key,toy,key,named_shelves,standard,reference_first,reference_first,below,above,up,up,up,up,"In the room, a five-tier rack has bottom, lower, middle, upper, and top shelves, in that vertical order. The key moves from the lower shelf to the middle shelf. The toy moves from the upper shelf to the top shelf.","In the room, a five-tier rack has bottom, lower, middle, upper, and top shelves, in that vertical order. The key moves from the upper shelf to the top shelf. The toy moves from the lower shelf to the middle shelf.",The key is below the toy.,The key is above the toy.,Target1,Target2,4,5,2,3,2,3,4,5,41,41,6,6
both_preserve_up__toy_key__named_shelves__expanded__target_first__target_first,1.1,applied,both_move,order_preserved_up,both_preserve_up,toy_key,toy,key,named_shelves,expanded,target_first,target_first,above,below,up,up,up,up,"In the room, a fixed five-tier rack has bottom, lower, middle, upper, and top shelves, in that vertical order. Each shelf stays at its level throughout the scene. The toy moves from the upper shelf to the top shelf. The key moves from the lower shelf to the middle shelf.","In the room, a fixed five-tier rack has bottom, lower, middle, upper, and top shelves, in that vertical order. Each shelf stays at its level throughout the scene. The toy moves from the lower shelf to the middle shelf. The key moves from the upper shelf to the top shelf.",The toy is above the key.,The toy is below the key.,Target1,Target2,4,5,2,3,2,3,4,5,51,51,6,6
both_preserve_up__toy_key__named_shelves__expanded__target_first__reference_first,1.1,applied,both_move,order_preserved_up,both_preserve_up,toy_key,toy,key,named_shelves,expanded,target_first,reference_first,below,above,up,up,up,up,"In the room, a fixed five-tier rack has bottom, lower, middle, upper, and top shelves, in that vertical order. Each shelf stays at its level throughout the scene. The toy moves from the upper shelf to the top shelf. The key moves from the lower shelf to the middle shelf.","In the room, a fixed five-tier rack has bottom, lower, middle, upper, and top shelves, in that vertical order. Each shelf stays at its level throughout the scene. The toy moves from the lower shelf to the middle shelf. The key moves from the upper shelf to the top shelf.",The key is below the toy.,The key is above the toy.,Target1,Target2,4,5,2,3,2,3,4,5,51,51,6,6
both_preserve_up__toy_key__named_shelves__expanded__reference_first__target_first,1.1,applied,both_move,order_preserved_up,both_preserve_up,toy_key,toy,key,named_shelves,expanded,reference_first,target_first,above,below,up,up,up,up,"In the room, a fixed five-tier rack has bottom, lower, middle, upper, and top shelves, in that vertical order. Each shelf stays at its level throughout the scene. The key moves from the lower shelf to the middle shelf. The toy moves from the upper shelf to the top shelf.","In the room, a fixed five-tier rack has bottom, lower, middle, upper, and top shelves, in that vertical order. Each shelf stays at its level throughout the scene. The key moves from the upper shelf to the top shelf. The toy moves from the lower shelf to the middle shelf.",The toy is above the key.,The toy is below the key.,Target1,Target2,4,5,2,3,2,3,4,5,51,51,6,6
both_preserve_up__toy_key__named_shelves__expanded__reference_first__reference_first,1.1,applied,both_move,order_preserved_up,both_preserve_up,toy_key,toy,key,named_shelves,expanded,reference_first,reference_first,below,above,up,up,up,up,"In the room, a fixed five-tier rack has bottom, lower, middle, upper, and top shelves, in that vertical order. Each shelf stays at its level throughout the scene. The key moves from the lower shelf to the middle shelf. The toy moves from the upper shelf to the top shelf.","In the room, a fixed five-tier rack has bottom, lower, middle, upper, and top shelves, in that vertical order. Each shelf stays at its level throughout the scene. The key moves from the upper shelf to the top shelf. The toy moves from the lower shelf to the middle shelf.",The key is below the toy.,The key is above the toy.,Target1,Target2,4,5,2,3,2,3,4,5,51,51,6,6
both_preserve_up__toy_key__measured_height__compact__target_first__target_first,1.1,applied,both_move,order_preserved_up,both_preserve_up,toy_key,toy,key,measured_height,compact,target_first,target_first,above,below,up,up,up,up,"Heights are measured from the floor. The toy moves from a height of 4 feet to a height of 5 feet, measured from the floor. The key moves from a height of 2 feet to a height of 3 feet, measured from the floor.","Heights are measured from the floor. The toy moves from a height of 2 feet to a height of 3 feet, measured from the floor. The key moves from a height of 4 feet to a height of 5 feet, measured from the floor.",The toy is above the key.,The toy is below the key.,Target1,Target2,4,5,2,3,2,3,4,5,44,44,6,6
both_preserve_up__toy_key__measured_height__compact__target_first__reference_first,1.1,applied,both_move,order_preserved_up,both_preserve_up,toy_key,toy,key,measured_height,compact,target_first,reference_first,below,above,up,up,up,up,"Heights are measured from the floor. The toy moves from a height of 4 feet to a height of 5 feet, measured from the floor. The key moves from a height of 2 feet to a height of 3 feet, measured from the floor.","Heights are measured from the floor. The toy moves from a height of 2 feet to a height of 3 feet, measured from the floor. The key moves from a height of 4 feet to a height of 5 feet, measured from the floor.",The key is below the toy.,The key is above the toy.,Target1,Target2,4,5,2,3,2,3,4,5,44,44,6,6
both_preserve_up__toy_key__measured_height__compact__reference_first__target_first,1.1,applied,both_move,order_preserved_up,both_preserve_up,toy_key,toy,key,measured_height,compact,reference_first,target_first,above,below,up,up,up,up,"Heights are measured from the floor. The key moves from a height of 2 feet to a height of 3 feet, measured from the floor. The toy moves from a height of 4 feet to a height of 5 feet, measured from the floor.","Heights are measured from the floor. The key moves from a height of 4 feet to a height of 5 feet, measured from the floor. The toy moves from a height of 2 feet to a height of 3 feet, measured from the floor.",The toy is above the key.,The toy is below the key.,Target1,Target2,4,5,2,3,2,3,4,5,44,44,6,6
both_preserve_up__toy_key__measured_height__compact__reference_first__reference_first,1.1,applied,both_move,order_preserved_up,both_preserve_up,toy_key,toy,key,measured_height,compact,reference_first,reference_first,below,above,up,up,up,up,"Heights are measured from the floor. The key moves from a height of 2 feet to a height of 3 feet, measured from the floor. The toy moves from a height of 4 feet to a height of 5 feet, measured from the floor.","Heights are measured from the floor. The key moves from a height of 4 feet to a height of 5 feet, measured from the floor. The toy moves from a height of 2 feet to a height of 3 feet, measured from the floor.",The key is below the toy.,The key is above the toy.,Target1,Target2,4,5,2,3,2,3,4,5,44,44,6,6
both_preserve_up__toy_key__measured_height__standard__target_first__target_first,1.1,applied,both_move,order_preserved_up,both_preserve_up,toy_key,toy,key,measured_height,standard,target_first,target_first,above,below,up,up,up,up,"In the room, the heights of both objects are measured from the same floor. The toy moves from a height of 4 feet to a height of 5 feet, measured from the floor. The key moves from a height of 2 feet to a height of 3 feet, measured from the floor.","In the room, the heights of both objects are measured from the same floor. The toy moves from a height of 2 feet to a height of 3 feet, measured from the floor. The key moves from a height of 4 feet to a height of 5 feet, measured from the floor.",The toy is above the key.,The toy is below the key.,Target1,Target2,4,5,2,3,2,3,4,5,52,52,6,6
both_preserve_up__toy_key__measured_height__standard__target_first__reference_first,1.1,applied,both_move,order_preserved_up,both_preserve_up,toy_key,toy,key,measured_height,standard,target_first,reference_first,below,above,up,up,up,up,"In the room, the heights of both objects are measured from the same floor. The toy moves from a height of 4 feet to a height of 5 feet, measured from the floor. The key moves from a height of 2 feet to a height of 3 feet, measured from the floor.","In the room, the heights of both objects are measured from the same floor. The toy moves from a height of 2 feet to a height of 3 feet, measured from the floor. The key moves from a height of 4 feet to a height of 5 feet, measured from the floor.",The key is below the toy.,The key is above the toy.,Target1,Target2,4,5,2,3,2,3,4,5,52,52,6,6
both_preserve_up__toy_key__measured_height__standard__reference_first__target_first,1.1,applied,both_move,order_preserved_up,both_preserve_up,toy_key,toy,key,measured_height,standard,reference_first,target_first,above,below,up,up,up,up,"In the room, the heights of both objects are measured from the same floor. The key moves from a height of 2 feet to a height of 3 feet, measured from the floor. The toy moves from a height of 4 feet to a height of 5 feet, measured from the floor.","In the room, the heights of both objects are measured from the same floor. The key moves from a height of 4 feet to a height of 5 feet, measured from the floor. The toy moves from a height of 2 feet to a height of 3 feet, measured from the floor.",The toy is above the key.,The toy is below the key.,Target1,Target2,4,5,2,3,2,3,4,5,52,52,6,6
both_preserve_up__toy_key__measured_height__standard__reference_first__reference_first,1.1,applied,both_move,order_preserved_up,both_preserve_up,toy_key,toy,key,measured_height,standard,reference_first,reference_first,below,above,up,up,up,up,"In the room, the heights of both objects are measured from the same floor. The key moves from a height of 2 feet to a height of 3 feet, measured from the floor. The toy moves from a height of 4 feet to a height of 5 feet, measured from the floor.","In the room, the heights of both objects are measured from the same floor. The key moves from a height of 4 feet to a height of 5 feet, measured from the floor. The toy moves from a height of 2 feet to a height of 3 feet, measured from the floor.",The key is below the toy.,The key is above the toy.,Target1,Target2,4,5,2,3,2,3,4,5,52,52,6,6
both_preserve_up__toy_key__measured_height__expanded__target_first__target_first,1.1,applied,both_move,order_preserved_up,both_preserve_up,toy_key,toy,key,measured_height,expanded,target_first,target_first,above,below,up,up,up,up,"In the room, the heights of both objects are measured from the same level floor. The floor stays fixed while the objects move or remain still. The toy moves from a height of 4 feet to a height of 5 feet, measured from the floor. The key moves from a height of 2 feet to a height of 3 feet, measured from the floor.","In the room, the heights of both objects are measured from the same level floor. The floor stays fixed while the objects move or remain still. The toy moves from a height of 2 feet to a height of 3 feet, measured from the floor. The key moves from a height of 4 feet to a height of 5 feet, measured from the floor.",The toy is above the key.,The toy is below the key.,Target1,Target2,4,5,2,3,2,3,4,5,64,64,6,6
both_preserve_up__toy_key__measured_height__expanded__target_first__reference_first,1.1,applied,both_move,order_preserved_up,both_preserve_up,toy_key,toy,key,measured_height,expanded,target_first,reference_first,below,above,up,up,up,up,"In the room, the heights of both objects are measured from the same level floor. The floor stays fixed while the objects move or remain still. The toy moves from a height of 4 feet to a height of 5 feet, measured from the floor. The key moves from a height of 2 feet to a height of 3 feet, measured from the floor.","In the room, the heights of both objects are measured from the same level floor. The floor stays fixed while the objects move or remain still. The toy moves from a height of 2 feet to a height of 3 feet, measured from the floor. The key moves from a height of 4 feet to a height of 5 feet, measured from the floor.",The key is below the toy.,The key is above the toy.,Target1,Target2,4,5,2,3,2,3,4,5,64,64,6,6
both_preserve_up__toy_key__measured_height__expanded__reference_first__target_first,1.1,applied,both_move,order_preserved_up,both_preserve_up,toy_key,toy,key,measured_height,expanded,reference_first,target_first,above,below,up,up,up,up,"In the room, the heights of both objects are measured from the same level floor. The floor stays fixed while the objects move or remain still. The key moves from a height of 2 feet to a height of 3 feet, measured from the floor. The toy moves from a height of 4 feet to a height of 5 feet, measured from the floor.","In the room, the heights of both objects are measured from the same level floor. The floor stays fixed while the objects move or remain still. The key moves from a height of 4 feet to a height of 5 feet, measured from the floor. The toy moves from a height of 2 feet to a height of 3 feet, measured from the floor.",The toy is above the key.,The toy is below the key.,Target1,Target2,4,5,2,3,2,3,4,5,64,64,6,6
both_preserve_up__toy_key__measured_height__expanded__reference_first__reference_first,1.1,applied,both_move,order_preserved_up,both_preserve_up,toy_key,toy,key,measured_height,expanded,reference_first,reference_first,below,above,up,up,up,up,"In the room, the heights of both objects are measured from the same level floor. The floor stays fixed while the objects move or remain still. The key moves from a height of 2 feet to a height of 3 feet, measured from the floor. The toy moves from a height of 4 feet to a height of 5 feet, measured from the floor.","In the room, the heights of both objects are measured from the same level floor. The floor stays fixed while the objects move or remain still. The key moves from a height of 4 feet to a height of 5 feet, measured from the floor. The toy moves from a height of 2 feet to a height of 3 feet, measured from the floor.",The key is below the toy.,The key is above the toy.,Target1,Target2,4,5,2,3,2,3,4,5,64,64,6,6
both_preserve_down__ball_cone__named_shelves__compact__target_first__target_first,1.1,applied,both_move,order_preserved_down,both_preserve_down,ball_cone,ball,cone,named_shelves,compact,target_first,target_first,above,below,down,down,down,down,"The rack's shelves run from bottom through lower, middle, and upper to top. The ball moves from the top shelf to the upper shelf. The cone moves from the middle shelf to the lower shelf.","The rack's shelves run from bottom through lower, middle, and upper to top. The ball moves from the middle shelf to the lower shelf. The cone moves from the top shelf to the upper shelf.",The ball is above the cone.,The ball is below the cone.,Target1,Target2,5,4,3,2,3,2,5,4,36,36,6,6
both_preserve_down__ball_cone__named_shelves__compact__target_first__reference_first,1.1,applied,both_move,order_preserved_down,both_preserve_down,ball_cone,ball,cone,named_shelves,compact,target_first,reference_first,below,above,down,down,down,down,"The rack's shelves run from bottom through lower, middle, and upper to top. The ball moves from the top shelf to the upper shelf. The cone moves from the middle shelf to the lower shelf.","The rack's shelves run from bottom through lower, middle, and upper to top. The ball moves from the middle shelf to the lower shelf. The cone moves from the top shelf to the upper shelf.",The cone is below the ball.,The cone is above the ball.,Target1,Target2,5,4,3,2,3,2,5,4,36,36,6,6
both_preserve_down__ball_cone__named_shelves__compact__reference_first__target_first,1.1,applied,both_move,order_preserved_down,both_preserve_down,ball_cone,ball,cone,named_shelves,compact,reference_first,target_first,above,below,down,down,down,down,"The rack's shelves run from bottom through lower, middle, and upper to top. The cone moves from the middle shelf to the lower shelf. The ball moves from the top shelf to the upper shelf.","The rack's shelves run from bottom through lower, middle, and upper to top. The cone moves from the top shelf to the upper shelf. The ball moves from the middle shelf to the lower shelf.",The ball is above the cone.,The ball is below the cone.,Target1,Target2,5,4,3,2,3,2,5,4,36,36,6,6
both_preserve_down__ball_cone__named_shelves__compact__reference_first__reference_first,1.1,applied,both_move,order_preserved_down,both_preserve_down,ball_cone,ball,cone,named_shelves,compact,reference_first,reference_first,below,above,down,down,down,down,"The rack's shelves run from bottom through lower, middle, and upper to top. The cone moves from the middle shelf to the lower shelf. The ball moves from the top shelf to the upper shelf.","The rack's shelves run from bottom through lower, middle, and upper to top. The cone moves from the top shelf to the upper shelf. The ball moves from the middle shelf to the lower shelf.",The cone is below the ball.,The cone is above the ball.,Target1,Target2,5,4,3,2,3,2,5,4,36,36,6,6
both_preserve_down__ball_cone__named_shelves__standard__target_first__target_first,1.1,applied,both_move,order_preserved_down,both_preserve_down,ball_cone,ball,cone,named_shelves,standard,target_first,target_first,above,below,down,down,down,down,"In the room, a five-tier rack has bottom, lower, middle, upper, and top shelves, in that vertical order. The ball moves from the top shelf to the upper shelf. The cone moves from the middle shelf to the lower shelf.","In the room, a five-tier rack has bottom, lower, middle, upper, and top shelves, in that vertical order. The ball moves from the middle shelf to the lower shelf. The cone moves from the top shelf to the upper shelf.",The ball is above the cone.,The ball is below the cone.,Target1,Target2,5,4,3,2,3,2,5,4,41,41,6,6
both_preserve_down__ball_cone__named_shelves__standard__target_first__reference_first,1.1,applied,both_move,order_preserved_down,both_preserve_down,ball_cone,ball,cone,named_shelves,standard,target_first,reference_first,below,above,down,down,down,down,"In the room, a five-tier rack has bottom, lower, middle, upper, and top shelves, in that vertical order. The ball moves from the top shelf to the upper shelf. The cone moves from the middle shelf to the lower shelf.","In the room, a five-tier rack has bottom, lower, middle, upper, and top shelves, in that vertical order. The ball moves from the middle shelf to the lower shelf. The cone moves from the top shelf to the upper shelf.",The cone is below the ball.,The cone is above the ball.,Target1,Target2,5,4,3,2,3,2,5,4,41,41,6,6
both_preserve_down__ball_cone__named_shelves__standard__reference_first__target_first,1.1,applied,both_move,order_preserved_down,both_preserve_down,ball_cone,ball,cone,named_shelves,standard,reference_first,target_first,above,below,down,down,down,down,"In the room, a five-tier rack has bottom, lower, middle, upper, and top shelves, in that vertical order. The cone moves from the middle shelf to the lower shelf. The ball moves from the top shelf to the upper shelf.","In the room, a five-tier rack has bottom, lower, middle, upper, and top shelves, in that vertical order. The cone moves from the top shelf to the upper shelf. The ball moves from the middle shelf to the lower shelf.",The ball is above the cone.,The ball is below the cone.,Target1,Target2,5,4,3,2,3,2,5,4,41,41,6,6
both_preserve_down__ball_cone__named_shelves__standard__reference_first__reference_first,1.1,applied,both_move,order_preserved_down,both_preserve_down,ball_cone,ball,cone,named_shelves,standard,reference_first,reference_first,below,above,down,down,down,down,"In the room, a five-tier rack has bottom, lower, middle, upper, and top shelves, in that vertical order. The cone moves from the middle shelf to the lower shelf. The ball moves from the top shelf to the upper shelf.","In the room, a five-tier rack has bottom, lower, middle, upper, and top shelves, in that vertical order. The cone moves from the top shelf to the upper shelf. The ball moves from the middle shelf to the lower shelf.",The cone is below the ball.,The cone is above the ball.,Target1,Target2,5,4,3,2,3,2,5,4,41,41,6,6
both_preserve_down__ball_cone__named_shelves__expanded__target_first__target_first,1.1,applied,both_move,order_preserved_down,both_preserve_down,ball_cone,ball,cone,named_shelves,expanded,target_first,target_first,above,below,down,down,down,down,"In the room, a fixed five-tier rack has bottom, lower, middle, upper, and top shelves, in that vertical order. Each shelf stays at its level throughout the scene. The ball moves from the top shelf to the upper shelf. The cone moves from the middle shelf to the lower shelf.","In the room, a fixed five-tier rack has bottom, lower, middle, upper, and top shelves, in that vertical order. Each shelf stays at its level throughout the scene. The ball moves from the middle shelf to the lower shelf. The cone moves from the top shelf to the upper shelf.",The ball is above the cone.,The ball is below the cone.,Target1,Target2,5,4,3,2,3,2,5,4,51,51,6,6
both_preserve_down__ball_cone__named_shelves__expanded__target_first__reference_first,1.1,applied,both_move,order_preserved_down,both_preserve_down,ball_cone,ball,cone,named_shelves,expanded,target_first,reference_first,below,above,down,down,down,down,"In the room, a fixed five-tier rack has bottom, lower, middle, upper, and top shelves, in that vertical order. Each shelf stays at its level throughout the scene. The ball moves from the top shelf to the upper shelf. The cone moves from the middle shelf to the lower shelf.","In the room, a fixed five-tier rack has bottom, lower, middle, upper, and top shelves, in that vertical order. Each shelf stays at its level throughout the scene. The ball moves from the middle shelf to the lower shelf. The cone moves from the top shelf to the upper shelf.",The cone is below the ball.,The cone is above the ball.,Target1,Target2,5,4,3,2,3,2,5,4,51,51,6,6
both_preserve_down__ball_cone__named_shelves__expanded__reference_first__target_first,1.1,applied,both_move,order_preserved_down,both_preserve_down,ball_cone,ball,cone,named_shelves,expanded,reference_first,target_first,above,below,down,down,down,down,"In the room, a fixed five-tier rack has bottom, lower, middle, upper, and top shelves, in that vertical order. Each shelf stays at its level throughout the scene. The cone moves from the middle shelf to the lower shelf. The ball moves from the top shelf to the upper shelf.","In the room, a fixed five-tier rack has bottom, lower, middle, upper, and top shelves, in that vertical order. Each shelf stays at its level throughout the scene. The cone moves from the top shelf to the upper shelf. The ball moves from the middle shelf to the lower shelf.",The ball is above the cone.,The ball is below the cone.,Target1,Target2,5,4,3,2,3,2,5,4,51,51,6,6
both_preserve_down__ball_cone__named_shelves__expanded__reference_first__reference_first,1.1,applied,both_move,order_preserved_down,both_preserve_down,ball_cone,ball,cone,named_shelves,expanded,reference_first,reference_first,below,above,down,down,down,down,"In the room, a fixed five-tier rack has bottom, lower, middle, upper, and top shelves, in that vertical order. Each shelf stays at its level throughout the scene. The cone moves from the middle shelf to the lower shelf. The ball moves from the top shelf to the upper shelf.","In the room, a fixed five-tier rack has bottom, lower, middle, upper, and top shelves, in that vertical order. Each shelf stays at its level throughout the scene. The cone moves from the top shelf to the upper shelf. The ball moves from the middle shelf to the lower shelf.",The cone is below the ball.,The cone is above the ball.,Target1,Target2,5,4,3,2,3,2,5,4,51,51,6,6
both_preserve_down__ball_cone__measured_height__compact__target_first__target_first,1.1,applied,both_move,order_preserved_down,both_preserve_down,ball_cone,ball,cone,measured_height,compact,target_first,target_first,above,below,down,down,down,down,"Heights are measured from the floor. The ball moves from a height of 5 feet to a height of 4 feet, measured from the floor. The cone moves from a height of 3 feet to a height of 2 feet, measured from the floor.","Heights are measured from the floor. The ball moves from a height of 3 feet to a height of 2 feet, measured from the floor. The cone moves from a height of 5 feet to a height of 4 feet, measured from the floor.",The ball is above the cone.,The ball is below the cone.,Target1,Target2,5,4,3,2,3,2,5,4,44,44,6,6
both_preserve_down__ball_cone__measured_height__compact__target_first__reference_first,1.1,applied,both_move,order_preserved_down,both_preserve_down,ball_cone,ball,cone,measured_height,compact,target_first,reference_first,below,above,down,down,down,down,"Heights are measured from the floor. The ball moves from a height of 5 feet to a height of 4 feet, measured from the floor. The cone moves from a height of 3 feet to a height of 2 feet, measured from the floor.","Heights are measured from the floor. The ball moves from a height of 3 feet to a height of 2 feet, measured from the floor. The cone moves from a height of 5 feet to a height of 4 feet, measured from the floor.",The cone is below the ball.,The cone is above the ball.,Target1,Target2,5,4,3,2,3,2,5,4,44,44,6,6
both_preserve_down__ball_cone__measured_height__compact__reference_first__target_first,1.1,applied,both_move,order_preserved_down,both_preserve_down,ball_cone,ball,cone,measured_height,compact,reference_first,target_first,above,below,down,down,down,down,"Heights are measured from the floor. The cone moves from a height of 3 feet to a height of 2 feet, measured from the floor. The ball moves from a height of 5 feet to a height of 4 feet, measured from the floor.","Heights are measured from the floor. The cone moves from a height of 5 feet to a height of 4 feet, measured from the floor. The ball moves from a height of 3 feet to a height of 2 feet, measured from the floor.",The ball is above the cone.,The ball is below the cone.,Target1,Target2,5,4,3,2,3,2,5,4,44,44,6,6
both_preserve_down__ball_cone__measured_height__compact__reference_first__reference_first,1.1,applied,both_move,order_preserved_down,both_preserve_down,ball_cone,ball,cone,measured_height,compact,reference_first,reference_first,below,above,down,down,down,down,"Heights are measured from the floor. The cone moves from a height of 3 feet to a height of 2 feet, measured from the floor. The ball moves from a height of 5 feet to a height of 4 feet, measured from the floor.","Heights are measured from the floor. The cone moves from a height of 5 feet to a height of 4 feet, measured from the floor. The ball moves from a height of 3 feet to a height of 2 feet, measured from the floor.",The cone is below the ball.,The cone is above the ball.,Target1,Target2,5,4,3,2,3,2,5,4,44,44,6,6
both_preserve_down__ball_cone__measured_height__standard__target_first__target_first,1.1,applied,both_move,order_preserved_down,both_preserve_down,ball_cone,ball,cone,measured_height,standard,target_first,target_first,above,below,down,down,down,down,"In the room, the heights of both objects are measured from the same floor. The ball moves from a height of 5 feet to a height of 4 feet, measured from the floor. The cone moves from a height of 3 feet to a height of 2 feet, measured from the floor.","In the room, the heights of both objects are measured from the same floor. The ball moves from a height of 3 feet to a height of 2 feet, measured from the floor. The cone moves from a height of 5 feet to a height of 4 feet, measured from the floor.",The ball is above the cone.,The ball is below the cone.,Target1,Target2,5,4,3,2,3,2,5,4,52,52,6,6
both_preserve_down__ball_cone__measured_height__standard__target_first__reference_first,1.1,applied,both_move,order_preserved_down,both_preserve_down,ball_cone,ball,cone,measured_height,standard,target_first,reference_first,below,above,down,down,down,down,"In the room, the heights of both objects are measured from the same floor. The ball moves from a height of 5 feet to a height of 4 feet, measured from the floor. The cone moves from a height of 3 feet to a height of 2 feet, measured from the floor.","In the room, the heights of both objects are measured from the same floor. The ball moves from a height of 3 feet to a height of 2 feet, measured from the floor. The cone moves from a height of 5 feet to a height of 4 feet, measured from the floor.",The cone is below the ball.,The cone is above the ball.,Target1,Target2,5,4,3,2,3,2,5,4,52,52,6,6
both_preserve_down__ball_cone__measured_height__standard__reference_first__target_first,1.1,applied,both_move,order_preserved_down,both_preserve_down,ball_cone,ball,cone,measured_height,standard,reference_first,target_first,above,below,down,down,down,down,"In the room, the heights of both objects are measured from the same floor. The cone moves from a height of 3 feet to a height of 2 feet, measured from the floor. The ball moves from a height of 5 feet to a height of 4 feet, measured from the floor.","In the room, the heights of both objects are measured from the same floor. The cone moves from a height of 5 feet to a height of 4 feet, measured from the floor. The ball moves from a height of 3 feet to a height of 2 feet, measured from the floor.",The ball is above the cone.,The ball is below the cone.,Target1,Target2,5,4,3,2,3,2,5,4,52,52,6,6
both_preserve_down__ball_cone__measured_height__standard__reference_first__reference_first,1.1,applied,both_move,order_preserved_down,both_preserve_down,ball_cone,ball,cone,measured_height,standard,reference_first,reference_first,below,above,down,down,down,down,"In the room, the heights of both objects are measured from the same floor. The cone moves from a height of 3 feet to a height of 2 feet, measured from the floor. The ball moves from a height of 5 feet to a height of 4 feet, measured from the floor.","In the room, the heights of both objects are measured from the same floor. The cone moves from a height of 5 feet to a height of 4 feet, measured from the floor. The ball moves from a height of 3 feet to a height of 2 feet, measured from the floor.",The cone is below the ball.,The cone is above the ball.,Target1,Target2,5,4,3,2,3,2,5,4,52,52,6,6
both_preserve_down__ball_cone__measured_height__expanded__target_first__target_first,1.1,applied,both_move,order_preserved_down,both_preserve_down,ball_cone,ball,cone,measured_height,expanded,target_first,target_first,above,below,down,down,down,down,"In the room, the heights of both objects are measured from the same level floor. The floor stays fixed while the objects move or remain still. The ball moves from a height of 5 feet to a height of 4 feet, measured from the floor. The cone moves from a height of 3 feet to a height of 2 feet, measured from the floor.","In the room, the heights of both objects are measured from the same level floor. The floor stays fixed while the objects move or remain still. The ball moves from a height of 3 feet to a height of 2 feet, measured from the floor. The cone moves from a height of 5 feet to a height of 4 feet, measured from the floor.",The ball is above the cone.,The ball is below the cone.,Target1,Target2,5,4,3,2,3,2,5,4,64,64,6,6
both_preserve_down__ball_cone__measured_height__expanded__target_first__reference_first,1.1,applied,both_move,order_preserved_down,both_preserve_down,ball_cone,ball,cone,measured_height,expanded,target_first,reference_first,below,above,down,down,down,down,"In the room, the heights of both objects are measured from the same level floor. The floor stays fixed while the objects move or remain still. The ball moves from a height of 5 feet to a height of 4 feet, measured from the floor. The cone moves from a height of 3 feet to a height of 2 feet, measured from the floor.","In the room, the heights of both objects are measured from the same level floor. The floor stays fixed while the objects move or remain still. The ball moves from a height of 3 feet to a height of 2 feet, measured from the floor. The cone moves from a height of 5 feet to a height of 4 feet, measured from the floor.",The cone is below the ball.,The cone is above the ball.,Target1,Target2,5,4,3,2,3,2,5,4,64,64,6,6
both_preserve_down__ball_cone__measured_height__expanded__reference_first__target_first,1.1,applied,both_move,order_preserved_down,both_preserve_down,ball_cone,ball,cone,measured_height,expanded,reference_first,target_first,above,below,down,down,down,down,"In the room, the heights of both objects are measured from the same level floor. The floor stays fixed while the objects move or remain still. The cone moves from a height of 3 feet to a height of 2 feet, measured from the floor. The ball moves from a height of 5 feet to a height of 4 feet, measured from the floor.","In the room, the heights of both objects are measured from the same level floor. The floor stays fixed while the objects move or remain still. The cone moves from a height of 5 feet to a height of 4 feet, measured from the floor. The ball moves from a height of 3 feet to a height of 2 feet, measured from the floor.",The ball is above the cone.,The ball is below the cone.,Target1,Target2,5,4,3,2,3,2,5,4,64,64,6,6
both_preserve_down__ball_cone__measured_height__expanded__reference_first__reference_first,1.1,applied,both_move,order_preserved_down,both_preserve_down,ball_cone,ball,cone,measured_height,expanded,reference_first,reference_first,below,above,down,down,down,down,"In the room, the heights of both objects are measured from the same level floor. The floor stays fixed while the objects move or remain still. The cone moves from a height of 3 feet to a height of 2 feet, measured from the floor. The ball moves from a height of 5 feet to a height of 4 feet, measured from the floor.","In the room, the heights of both objects are measured from the same level floor. The floor stays fixed while the objects move or remain still. The cone moves from a height of 5 feet to a height of 4 feet, measured from the floor. The ball moves from a height of 3 feet to a height of 2 feet, measured from the floor.",The cone is below the ball.,The cone is above the ball.,Target1,Target2,5,4,3,2,3,2,5,4,64,64,6,6
both_preserve_down__cup_box__named_shelves__compact__target_first__target_first,1.1,applied,both_move,order_preserved_down,both_preserve_down,cup_box,cup,box,named_shelves,compact,target_first,target_first,above,below,down,down,down,down,"The rack's shelves run from bottom through lower, middle, and upper to top. The cup moves from the top shelf to the upper shelf. The box moves from the middle shelf to the lower shelf.","The rack's shelves run from bottom through lower, middle, and upper to top. The cup moves from the middle shelf to the lower shelf. The box moves from the top shelf to the upper shelf.",The cup is above the box.,The cup is below the box.,Target1,Target2,5,4,3,2,3,2,5,4,36,36,6,6
both_preserve_down__cup_box__named_shelves__compact__target_first__reference_first,1.1,applied,both_move,order_preserved_down,both_preserve_down,cup_box,cup,box,named_shelves,compact,target_first,reference_first,below,above,down,down,down,down,"The rack's shelves run from bottom through lower, middle, and upper to top. The cup moves from the top shelf to the upper shelf. The box moves from the middle shelf to the lower shelf.","The rack's shelves run from bottom through lower, middle, and upper to top. The cup moves from the middle shelf to the lower shelf. The box moves from the top shelf to the upper shelf.",The box is below the cup.,The box is above the cup.,Target1,Target2,5,4,3,2,3,2,5,4,36,36,6,6
both_preserve_down__cup_box__named_shelves__compact__reference_first__target_first,1.1,applied,both_move,order_preserved_down,both_preserve_down,cup_box,cup,box,named_shelves,compact,reference_first,target_first,above,below,down,down,down,down,"The rack's shelves run from bottom through lower, middle, and upper to top. The box moves from the middle shelf to the lower shelf. The cup moves from the top shelf to the upper shelf.","The rack's shelves run from bottom through lower, middle, and upper to top. The box moves from the top shelf to the upper shelf. The cup moves from the middle shelf to the lower shelf.",The cup is above the box.,The cup is below the box.,Target1,Target2,5,4,3,2,3,2,5,4,36,36,6,6
both_preserve_down__cup_box__named_shelves__compact__reference_first__reference_first,1.1,applied,both_move,order_preserved_down,both_preserve_down,cup_box,cup,box,named_shelves,compact,reference_first,reference_first,below,above,down,down,down,down,"The rack's shelves run from bottom through lower, middle, and upper to top. The box moves from the middle shelf to the lower shelf. The cup moves from the top shelf to the upper shelf.","The rack's shelves run from bottom through lower, middle, and upper to top. The box moves from the top shelf to the upper shelf. The cup moves from the middle shelf to the lower shelf.",The box is below the cup.,The box is above the cup.,Target1,Target2,5,4,3,2,3,2,5,4,36,36,6,6
both_preserve_down__cup_box__named_shelves__standard__target_first__target_first,1.1,applied,both_move,order_preserved_down,both_preserve_down,cup_box,cup,box,named_shelves,standard,target_first,target_first,above,below,down,down,down,down,"In the room, a five-tier rack has bottom, lower, middle, upper, and top shelves, in that vertical order. The cup moves from the top shelf to the upper shelf. The box moves from the middle shelf to the lower shelf.","In the room, a five-tier rack has bottom, lower, middle, upper, and top shelves, in that vertical order. The cup moves from the middle shelf to the lower shelf. The box moves from the top shelf to the upper shelf.",The cup is above the box.,The cup is below the box.,Target1,Target2,5,4,3,2,3,2,5,4,41,41,6,6
both_preserve_down__cup_box__named_shelves__standard__target_first__reference_first,1.1,applied,both_move,order_preserved_down,both_preserve_down,cup_box,cup,box,named_shelves,standard,target_first,reference_first,below,above,down,down,down,down,"In the room, a five-tier rack has bottom, lower, middle, upper, and top shelves, in that vertical order. The cup moves from the top shelf to the upper shelf. The box moves from the middle shelf to the lower shelf.","In the room, a five-tier rack has bottom, lower, middle, upper, and top shelves, in that vertical order. The cup moves from the middle shelf to the lower shelf. The box moves from the top shelf to the upper shelf.",The box is below the cup.,The box is above the cup.,Target1,Target2,5,4,3,2,3,2,5,4,41,41,6,6
both_preserve_down__cup_box__named_shelves__standard__reference_first__target_first,1.1,applied,both_move,order_preserved_down,both_preserve_down,cup_box,cup,box,named_shelves,standard,reference_first,target_first,above,below,down,down,down,down,"In the room, a five-tier rack has bottom, lower, middle, upper, and top shelves, in that vertical order. The box moves from the middle shelf to the lower shelf. The cup moves from the top shelf to the upper shelf.","In the room, a five-tier rack has bottom, lower, middle, upper, and top shelves, in that vertical order. The box moves from the top shelf to the upper shelf. The cup moves from the middle shelf to the lower shelf.",The cup is above the box.,The cup is below the box.,Target1,Target2,5,4,3,2,3,2,5,4,41,41,6,6
both_preserve_down__cup_box__named_shelves__standard__reference_first__reference_first,1.1,applied,both_move,order_preserved_down,both_preserve_down,cup_box,cup,box,named_shelves,standard,reference_first,reference_first,below,above,down,down,down,down,"In the room, a five-tier rack has bottom, lower, middle, upper, and top shelves, in that vertical order. The box moves from the middle shelf to the lower shelf. The cup moves from the top shelf to the upper shelf.","In the room, a five-tier rack has bottom, lower, middle, upper, and top shelves, in that vertical order. The box moves from the top shelf to the upper shelf. The cup moves from the middle shelf to the lower shelf.",The box is below the cup.,The box is above the cup.,Target1,Target2,5,4,3,2,3,2,5,4,41,41,6,6
both_preserve_down__cup_box__named_shelves__expanded__target_first__target_first,1.1,applied,both_move,order_preserved_down,both_preserve_down,cup_box,cup,box,named_shelves,expanded,target_first,target_first,above,below,down,down,down,down,"In the room, a fixed five-tier rack has bottom, lower, middle, upper, and top shelves, in that vertical order. Each shelf stays at its level throughout the scene. The cup moves from the top shelf to the upper shelf. The box moves from the middle shelf to the lower shelf.","In the room, a fixed five-tier rack has bottom, lower, middle, upper, and top shelves, in that vertical order. Each shelf stays at its level throughout the scene. The cup moves from the middle shelf to the lower shelf. The box moves from the top shelf to the upper shelf.",The cup is above the box.,The cup is below the box.,Target1,Target2,5,4,3,2,3,2,5,4,51,51,6,6
both_preserve_down__cup_box__named_shelves__expanded__target_first__reference_first,1.1,applied,both_move,order_preserved_down,both_preserve_down,cup_box,cup,box,named_shelves,expanded,target_first,reference_first,below,above,down,down,down,down,"In the room, a fixed five-tier rack has bottom, lower, middle, upper, and top shelves, in that vertical order. Each shelf stays at its level throughout the scene. The cup moves from the top shelf to the upper shelf. The box moves from the middle shelf to the lower shelf.","In the room, a fixed five-tier rack has bottom, lower, middle, upper, and top shelves, in that vertical order. Each shelf stays at its level throughout the scene. The cup moves from the middle shelf to the lower shelf. The box moves from the top shelf to the upper shelf.",The box is below the cup.,The box is above the cup.,Target1,Target2,5,4,3,2,3,2,5,4,51,51,6,6
both_preserve_down__cup_box__named_shelves__expanded__reference_first__target_first,1.1,applied,both_move,order_preserved_down,both_preserve_down,cup_box,cup,box,named_shelves,expanded,reference_first,target_first,above,below,down,down,down,down,"In the room, a fixed five-tier rack has bottom, lower, middle, upper, and top shelves, in that vertical order. Each shelf stays at its level throughout the scene. The box moves from the middle shelf to the lower shelf. The cup moves from the top shelf to the upper shelf.","In the room, a fixed five-tier rack has bottom, lower, middle, upper, and top shelves, in that vertical order. Each shelf stays at its level throughout the scene. The box moves from the top shelf to the upper shelf. The cup moves from the middle shelf to the lower shelf.",The cup is above the box.,The cup is below the box.,Target1,Target2,5,4,3,2,3,2,5,4,51,51,6,6
both_preserve_down__cup_box__named_shelves__expanded__reference_first__reference_first,1.1,applied,both_move,order_preserved_down,both_preserve_down,cup_box,cup,box,named_shelves,expanded,reference_first,reference_first,below,above,down,down,down,down,"In the room, a fixed five-tier rack has bottom, lower, middle, upper, and top shelves, in that vertical order. Each shelf stays at its level throughout the scene. The box moves from the middle shelf to the lower shelf. The cup moves from the top shelf to the upper shelf.","In the room, a fixed five-tier rack has bottom, lower, middle, upper, and top shelves, in that vertical order. Each shelf stays at its level throughout the scene. The box moves from the top shelf to the upper shelf. The cup moves from the middle shelf to the lower shelf.",The box is below the cup.,The box is above the cup.,Target1,Target2,5,4,3,2,3,2,5,4,51,51,6,6
both_preserve_down__cup_box__measured_height__compact__target_first__target_first,1.1,applied,both_move,order_preserved_down,both_preserve_down,cup_box,cup,box,measured_height,compact,target_first,target_first,above,below,down,down,down,down,"Heights are measured from the floor. The cup moves from a height of 5 feet to a height of 4 feet, measured from the floor. The box moves from a height of 3 feet to a height of 2 feet, measured from the floor.","Heights are measured from the floor. The cup moves from a height of 3 feet to a height of 2 feet, measured from the floor. The box moves from a height of 5 feet to a height of 4 feet, measured from the floor.",The cup is above the box.,The cup is below the box.,Target1,Target2,5,4,3,2,3,2,5,4,44,44,6,6
both_preserve_down__cup_box__measured_height__compact__target_first__reference_first,1.1,applied,both_move,order_preserved_down,both_preserve_down,cup_box,cup,box,measured_height,compact,target_first,reference_first,below,above,down,down,down,down,"Heights are measured from the floor. The cup moves from a height of 5 feet to a height of 4 feet, measured from the floor. The box moves from a height of 3 feet to a height of 2 feet, measured from the floor.","Heights are measured from the floor. The cup moves from a height of 3 feet to a height of 2 feet, measured from the floor. The box moves from a height of 5 feet to a height of 4 feet, measured from the floor.",The box is below the cup.,The box is above the cup.,Target1,Target2,5,4,3,2,3,2,5,4,44,44,6,6
both_preserve_down__cup_box__measured_height__compact__reference_first__target_first,1.1,applied,both_move,order_preserved_down,both_preserve_down,cup_box,cup,box,measured_height,compact,reference_first,target_first,above,below,down,down,down,down,"Heights are measured from the floor. The box moves from a height of 3 feet to a height of 2 feet, measured from the floor. The cup moves from a height of 5 feet to a height of 4 feet, measured from the floor.","Heights are measured from the floor. The box moves from a height of 5 feet to a height of 4 feet, measured from the floor. The cup moves from a height of 3 feet to a height of 2 feet, measured from the floor.",The cup is above the box.,The cup is below the box.,Target1,Target2,5,4,3,2,3,2,5,4,44,44,6,6
both_preserve_down__cup_box__measured_height__compact__reference_first__reference_first,1.1,applied,both_move,order_preserved_down,both_preserve_down,cup_box,cup,box,measured_height,compact,reference_first,reference_first,below,above,down,down,down,down,"Heights are measured from the floor. The box moves from a height of 3 feet to a height of 2 feet, measured from the floor. The cup moves from a height of 5 feet to a height of 4 feet, measured from the floor.","Heights are measured from the floor. The box moves from a height of 5 feet to a height of 4 feet, measured from the floor. The cup moves from a height of 3 feet to a height of 2 feet, measured from the floor.",The box is below the cup.,The box is above the cup.,Target1,Target2,5,4,3,2,3,2,5,4,44,44,6,6
both_preserve_down__cup_box__measured_height__standard__target_first__target_first,1.1,applied,both_move,order_preserved_down,both_preserve_down,cup_box,cup,box,measured_height,standard,target_first,target_first,above,below,down,down,down,down,"In the room, the heights of both objects are measured from the same floor. The cup moves from a height of 5 feet to a height of 4 feet, measured from the floor. The box moves from a height of 3 feet to a height of 2 feet, measured from the floor.","In the room, the heights of both objects are measured from the same floor. The cup moves from a height of 3 feet to a height of 2 feet, measured from the floor. The box moves from a height of 5 feet to a height of 4 feet, measured from the floor.",The cup is above the box.,The cup is below the box.,Target1,Target2,5,4,3,2,3,2,5,4,52,52,6,6
both_preserve_down__cup_box__measured_height__standard__target_first__reference_first,1.1,applied,both_move,order_preserved_down,both_preserve_down,cup_box,cup,box,measured_height,standard,target_first,reference_first,below,above,down,down,down,down,"In the room, the heights of both objects are measured from the same floor. The cup moves from a height of 5 feet to a height of 4 feet, measured from the floor. The box moves from a height of 3 feet to a height of 2 feet, measured from the floor.","In the room, the heights of both objects are measured from the same floor. The cup moves from a height of 3 feet to a height of 2 feet, measured from the floor. The box moves from a height of 5 feet to a height of 4 feet, measured from the floor.",The box is below the cup.,The box is above the cup.,Target1,Target2,5,4,3,2,3,2,5,4,52,52,6,6
both_preserve_down__cup_box__measured_height__standard__reference_first__target_first,1.1,applied,both_move,order_preserved_down,both_preserve_down,cup_box,cup,box,measured_height,standard,reference_first,target_first,above,below,down,down,down,down,"In the room, the heights of both objects are measured from the same floor. The box moves from a height of 3 feet to a height of 2 feet, measured from the floor. The cup moves from a height of 5 feet to a height of 4 feet, measured from the floor.","In the room, the heights of both objects are measured from the same floor. The box moves from a height of 5 feet to a height of 4 feet, measured from the floor. The cup moves from a height of 3 feet to a height of 2 feet, measured from the floor.",The cup is above the box.,The cup is below the box.,Target1,Target2,5,4,3,2,3,2,5,4,52,52,6,6
both_preserve_down__cup_box__measured_height__standard__reference_first__reference_first,1.1,applied,both_move,order_preserved_down,both_preserve_down,cup_box,cup,box,measured_height,standard,reference_first,reference_first,below,above,down,down,down,down,"In the room, the heights of both objects are measured from the same floor. The box moves from a height of 3 feet to a height of 2 feet, measured from the floor. The cup moves from a height of 5 feet to a height of 4 feet, measured from the floor.","In the room, the heights of both objects are measured from the same floor. The box moves from a height of 5 feet to a height of 4 feet, measured from the floor. The cup moves from a height of 3 feet to a height of 2 feet, measured from the floor.",The box is below the cup.,The box is above the cup.,Target1,Target2,5,4,3,2,3,2,5,4,52,52,6,6
both_preserve_down__cup_box__measured_height__expanded__target_first__target_first,1.1,applied,both_move,order_preserved_down,both_preserve_down,cup_box,cup,box,measured_height,expanded,target_first,target_first,above,below,down,down,down,down,"In the room, the heights of both objects are measured from the same level floor. The floor stays fixed while the objects move or remain still. The cup moves from a height of 5 feet to a height of 4 feet, measured from the floor. The box moves from a height of 3 feet to a height of 2 feet, measured from the floor.","In the room, the heights of both objects are measured from the same level floor. The floor stays fixed while the objects move or remain still. The cup moves from a height of 3 feet to a height of 2 feet, measured from the floor. The box moves from a height of 5 feet to a height of 4 feet, measured from the floor.",The cup is above the box.,The cup is below the box.,Target1,Target2,5,4,3,2,3,2,5,4,64,64,6,6
both_preserve_down__cup_box__measured_height__expanded__target_first__reference_first,1.1,applied,both_move,order_preserved_down,both_preserve_down,cup_box,cup,box,measured_height,expanded,target_first,reference_first,below,above,down,down,down,down,"In the room, the heights of both objects are measured from the same level floor. The floor stays fixed while the objects move or remain still. The cup moves from a height of 5 feet to a height of 4 feet, measured from the floor. The box moves from a height of 3 feet to a height of 2 feet, measured from the floor.","In the room, the heights of both objects are measured from the same level floor. The floor stays fixed while the objects move or remain still. The cup moves from a height of 3 feet to a height of 2 feet, measured from the floor. The box moves from a height of 5 feet to a height of 4 feet, measured from the floor.",The box is below the cup.,The box is above the cup.,Target1,Target2,5,4,3,2,3,2,5,4,64,64,6,6
both_preserve_down__cup_box__measured_height__expanded__reference_first__target_first,1.1,applied,both_move,order_preserved_down,both_preserve_down,cup_box,cup,box,measured_height,expanded,reference_first,target_first,above,below,down,down,down,down,"In the room, the heights of both objects are measured from the same level floor. The floor stays fixed while the objects move or remain still. The box moves from a height of 3 feet to a height of 2 feet, measured from the floor. The cup moves from a height of 5 feet to a height of 4 feet, measured from the floor.","In the room, the heights of both objects are measured from the same level floor. The floor stays fixed while the objects move or remain still. The box moves from a height of 5 feet to a height of 4 feet, measured from the floor. The cup moves from a height of 3 feet to a height of 2 feet, measured from the floor.",The cup is above the box.,The cup is below the box.,Target1,Target2,5,4,3,2,3,2,5,4,64,64,6,6
both_preserve_down__cup_box__measured_height__expanded__reference_first__reference_first,1.1,applied,both_move,order_preserved_down,both_preserve_down,cup_box,cup,box,measured_height,expanded,reference_first,reference_first,below,above,down,down,down,down,"In the room, the heights of both objects are measured from the same level floor. The floor stays fixed while the objects move or remain still. The box moves from a height of 3 feet to a height of 2 feet, measured from the floor. The cup moves from a height of 5 feet to a height of 4 feet, measured from the floor.","In the room, the heights of both objects are measured from the same level floor. The floor stays fixed while the objects move or remain still. The box moves from a height of 5 feet to a height of 4 feet, measured from the floor. The cup moves from a height of 3 feet to a height of 2 feet, measured from the floor.",The box is below the cup.,The box is above the cup.,Target1,Target2,5,4,3,2,3,2,5,4,64,64,6,6
both_preserve_down__book_jar__named_shelves__compact__target_first__target_first,1.1,applied,both_move,order_preserved_down,both_preserve_down,book_jar,book,jar,named_shelves,compact,target_first,target_first,above,below,down,down,down,down,"The rack's shelves run from bottom through lower, middle, and upper to top. The book moves from the top shelf to the upper shelf. The jar moves from the middle shelf to the lower shelf.","The rack's shelves run from bottom through lower, middle, and upper to top. The book moves from the middle shelf to the lower shelf. The jar moves from the top shelf to the upper shelf.",The book is above the jar.,The book is below the jar.,Target1,Target2,5,4,3,2,3,2,5,4,36,36,6,6
both_preserve_down__book_jar__named_shelves__compact__target_first__reference_first,1.1,applied,both_move,order_preserved_down,both_preserve_down,book_jar,book,jar,named_shelves,compact,target_first,reference_first,below,above,down,down,down,down,"The rack's shelves run from bottom through lower, middle, and upper to top. The book moves from the top shelf to the upper shelf. The jar moves from the middle shelf to the lower shelf.","The rack's shelves run from bottom through lower, middle, and upper to top. The book moves from the middle shelf to the lower shelf. The jar moves from the top shelf to the upper shelf.",The jar is below the book.,The jar is above the book.,Target1,Target2,5,4,3,2,3,2,5,4,36,36,6,6
both_preserve_down__book_jar__named_shelves__compact__reference_first__target_first,1.1,applied,both_move,order_preserved_down,both_preserve_down,book_jar,book,jar,named_shelves,compact,reference_first,target_first,above,below,down,down,down,down,"The rack's shelves run from bottom through lower, middle, and upper to top. The jar moves from the middle shelf to the lower shelf. The book moves from the top shelf to the upper shelf.","The rack's shelves run from bottom through lower, middle, and upper to top. The jar moves from the top shelf to the upper shelf. The book moves from the middle shelf to the lower shelf.",The book is above the jar.,The book is below the jar.,Target1,Target2,5,4,3,2,3,2,5,4,36,36,6,6
both_preserve_down__book_jar__named_shelves__compact__reference_first__reference_first,1.1,applied,both_move,order_preserved_down,both_preserve_down,book_jar,book,jar,named_shelves,compact,reference_first,reference_first,below,above,down,down,down,down,"The rack's shelves run from bottom through lower, middle, and upper to top. The jar moves from the middle shelf to the lower shelf. The book moves from the top shelf to the upper shelf.","The rack's shelves run from bottom through lower, middle, and upper to top. The jar moves from the top shelf to the upper shelf. The book moves from the middle shelf to the lower shelf.",The jar is below the book.,The jar is above the book.,Target1,Target2,5,4,3,2,3,2,5,4,36,36,6,6
both_preserve_down__book_jar__named_shelves__standard__target_first__target_first,1.1,applied,both_move,order_preserved_down,both_preserve_down,book_jar,book,jar,named_shelves,standard,target_first,target_first,above,below,down,down,down,down,"In the room, a five-tier rack has bottom, lower, middle, upper, and top shelves, in that vertical order. The book moves from the top shelf to the upper shelf. The jar moves from the middle shelf to the lower shelf.","In the room, a five-tier rack has bottom, lower, middle, upper, and top shelves, in that vertical order. The book moves from the middle shelf to the lower shelf. The jar moves from the top shelf to the upper shelf.",The book is above the jar.,The book is below the jar.,Target1,Target2,5,4,3,2,3,2,5,4,41,41,6,6
both_preserve_down__book_jar__named_shelves__standard__target_first__reference_first,1.1,applied,both_move,order_preserved_down,both_preserve_down,book_jar,book,jar,named_shelves,standard,target_first,reference_first,below,above,down,down,down,down,"In the room, a five-tier rack has bottom, lower, middle, upper, and top shelves, in that vertical order. The book moves from the top shelf to the upper shelf. The jar moves from the middle shelf to the lower shelf.","In the room, a five-tier rack has bottom, lower, middle, upper, and top shelves, in that vertical order. The book moves from the middle shelf to the lower shelf. The jar moves from the top shelf to the upper shelf.",The jar is below the book.,The jar is above the book.,Target1,Target2,5,4,3,2,3,2,5,4,41,41,6,6
both_preserve_down__book_jar__named_shelves__standard__reference_first__target_first,1.1,applied,both_move,order_preserved_down,both_preserve_down,book_jar,book,jar,named_shelves,standard,reference_first,target_first,above,below,down,down,down,down,"In the room, a five-tier rack has bottom, lower, middle, upper, and top shelves, in that vertical order. The jar moves from the middle shelf to the lower shelf. The book moves from the top shelf to the upper shelf.","In the room, a five-tier rack has bottom, lower, middle, upper, and top shelves, in that vertical order. The jar moves from the top shelf to the upper shelf. The book moves from the middle shelf to the lower shelf.",The book is above the jar.,The book is below the jar.,Target1,Target2,5,4,3,2,3,2,5,4,41,41,6,6
both_preserve_down__book_jar__named_shelves__standard__reference_first__reference_first,1.1,applied,both_move,order_preserved_down,both_preserve_down,book_jar,book,jar,named_shelves,standard,reference_first,reference_first,below,above,down,down,down,down,"In the room, a five-tier rack has bottom, lower, middle, upper, and top shelves, in that vertical order. The jar moves from the middle shelf to the lower shelf. The book moves from the top shelf to the upper shelf.","In the room, a five-tier rack has bottom, lower, middle, upper, and top shelves, in that vertical order. The jar moves from the top shelf to the upper shelf. The book moves from the middle shelf to the lower shelf.",The jar is below the book.,The jar is above the book.,Target1,Target2,5,4,3,2,3,2,5,4,41,41,6,6
both_preserve_down__book_jar__named_shelves__expanded__target_first__target_first,1.1,applied,both_move,order_preserved_down,both_preserve_down,book_jar,book,jar,named_shelves,expanded,target_first,target_first,above,below,down,down,down,down,"In the room, a fixed five-tier rack has bottom, lower, middle, upper, and top shelves, in that vertical order. Each shelf stays at its level throughout the scene. The book moves from the top shelf to the upper shelf. The jar moves from the middle shelf to the lower shelf.","In the room, a fixed five-tier rack has bottom, lower, middle, upper, and top shelves, in that vertical order. Each shelf stays at its level throughout the scene. The book moves from the middle shelf to the lower shelf. The jar moves from the top shelf to the upper shelf.",The book is above the jar.,The book is below the jar.,Target1,Target2,5,4,3,2,3,2,5,4,51,51,6,6
both_preserve_down__book_jar__named_shelves__expanded__target_first__reference_first,1.1,applied,both_move,order_preserved_down,both_preserve_down,book_jar,book,jar,named_shelves,expanded,target_first,reference_first,below,above,down,down,down,down,"In the room, a fixed five-tier rack has bottom, lower, middle, upper, and top shelves, in that vertical order. Each shelf stays at its level throughout the scene. The book moves from the top shelf to the upper shelf. The jar moves from the middle shelf to the lower shelf.","In the room, a fixed five-tier rack has bottom, lower, middle, upper, and top shelves, in that vertical order. Each shelf stays at its level throughout the scene. The book moves from the middle shelf to the lower shelf. The jar moves from the top shelf to the upper shelf.",The jar is below the book.,The jar is above the book.,Target1,Target2,5,4,3,2,3,2,5,4,51,51,6,6
both_preserve_down__book_jar__named_shelves__expanded__reference_first__target_first,1.1,applied,both_move,order_preserved_down,both_preserve_down,book_jar,book,jar,named_shelves,expanded,reference_first,target_first,above,below,down,down,down,down,"In the room, a fixed five-tier rack has bottom, lower, middle, upper, and top shelves, in that vertical order. Each shelf stays at its level throughout the scene. The jar moves from the middle shelf to the lower shelf. The book moves from the top shelf to the upper shelf.","In the room, a fixed five-tier rack has bottom, lower, middle, upper, and top shelves, in that vertical order. Each shelf stays at its level throughout the scene. The jar moves from the top shelf to the upper shelf. The book moves from the middle shelf to the lower shelf.",The book is above the jar.,The book is below the jar.,Target1,Target2,5,4,3,2,3,2,5,4,51,51,6,6
both_preserve_down__book_jar__named_shelves__expanded__reference_first__reference_first,1.1,applied,both_move,order_preserved_down,both_preserve_down,book_jar,book,jar,named_shelves,expanded,reference_first,reference_first,below,above,down,down,down,down,"In the room, a fixed five-tier rack has bottom, lower, middle, upper, and top shelves, in that vertical order. Each shelf stays at its level throughout the scene. The jar moves from the middle shelf to the lower shelf. The book moves from the top shelf to the upper shelf.","In the room, a fixed five-tier rack has bottom, lower, middle, upper, and top shelves, in that vertical order. Each shelf stays at its level throughout the scene. The jar moves from the top shelf to the upper shelf. The book moves from the middle shelf to the lower shelf.",The jar is below the book.,The jar is above the book.,Target1,Target2,5,4,3,2,3,2,5,4,51,51,6,6
both_preserve_down__book_jar__measured_height__compact__target_first__target_first,1.1,applied,both_move,order_preserved_down,both_preserve_down,book_jar,book,jar,measured_height,compact,target_first,target_first,above,below,down,down,down,down,"Heights are measured from the floor. The book moves from a height of 5 feet to a height of 4 feet, measured from the floor. The jar moves from a height of 3 feet to a height of 2 feet, measured from the floor.","Heights are measured from the floor. The book moves from a height of 3 feet to a height of 2 feet, measured from the floor. The jar moves from a height of 5 feet to a height of 4 feet, measured from the floor.",The book is above the jar.,The book is below the jar.,Target1,Target2,5,4,3,2,3,2,5,4,44,44,6,6
both_preserve_down__book_jar__measured_height__compact__target_first__reference_first,1.1,applied,both_move,order_preserved_down,both_preserve_down,book_jar,book,jar,measured_height,compact,target_first,reference_first,below,above,down,down,down,down,"Heights are measured from the floor. The book moves from a height of 5 feet to a height of 4 feet, measured from the floor. The jar moves from a height of 3 feet to a height of 2 feet, measured from the floor.","Heights are measured from the floor. The book moves from a height of 3 feet to a height of 2 feet, measured from the floor. The jar moves from a height of 5 feet to a height of 4 feet, measured from the floor.",The jar is below the book.,The jar is above the book.,Target1,Target2,5,4,3,2,3,2,5,4,44,44,6,6
both_preserve_down__book_jar__measured_height__compact__reference_first__target_first,1.1,applied,both_move,order_preserved_down,both_preserve_down,book_jar,book,jar,measured_height,compact,reference_first,target_first,above,below,down,down,down,down,"Heights are measured from the floor. The jar moves from a height of 3 feet to a height of 2 feet, measured from the floor. The book moves from a height of 5 feet to a height of 4 feet, measured from the floor.","Heights are measured from the floor. The jar moves from a height of 5 feet to a height of 4 feet, measured from the floor. The book moves from a height of 3 feet to a height of 2 feet, measured from the floor.",The book is above the jar.,The book is below the jar.,Target1,Target2,5,4,3,2,3,2,5,4,44,44,6,6
both_preserve_down__book_jar__measured_height__compact__reference_first__reference_first,1.1,applied,both_move,order_preserved_down,both_preserve_down,book_jar,book,jar,measured_height,compact,reference_first,reference_first,below,above,down,down,down,down,"Heights are measured from the floor. The jar moves from a height of 3 feet to a height of 2 feet, measured from the floor. The book moves from a height of 5 feet to a height of 4 feet, measured from the floor.","Heights are measured from the floor. The jar moves from a height of 5 feet to a height of 4 feet, measured from the floor. The book moves from a height of 3 feet to a height of 2 feet, measured from the floor.",The jar is below the book.,The jar is above the book.,Target1,Target2,5,4,3,2,3,2,5,4,44,44,6,6
both_preserve_down__book_jar__measured_height__standard__target_first__target_first,1.1,applied,both_move,order_preserved_down,both_preserve_down,book_jar,book,jar,measured_height,standard,target_first,target_first,above,below,down,down,down,down,"In the room, the heights of both objects are measured from the same floor. The book moves from a height of 5 feet to a height of 4 feet, measured from the floor. The jar moves from a height of 3 feet to a height of 2 feet, measured from the floor.","In the room, the heights of both objects are measured from the same floor. The book moves from a height of 3 feet to a height of 2 feet, measured from the floor. The jar moves from a height of 5 feet to a height of 4 feet, measured from the floor.",The book is above the jar.,The book is below the jar.,Target1,Target2,5,4,3,2,3,2,5,4,52,52,6,6
both_preserve_down__book_jar__measured_height__standard__target_first__reference_first,1.1,applied,both_move,order_preserved_down,both_preserve_down,book_jar,book,jar,measured_height,standard,target_first,reference_first,below,above,down,down,down,down,"In the room, the heights of both objects are measured from the same floor. The book moves from a height of 5 feet to a height of 4 feet, measured from the floor. The jar moves from a height of 3 feet to a height of 2 feet, measured from the floor.","In the room, the heights of both objects are measured from the same floor. The book moves from a height of 3 feet to a height of 2 feet, measured from the floor. The jar moves from a height of 5 feet to a height of 4 feet, measured from the floor.",The jar is below the book.,The jar is above the book.,Target1,Target2,5,4,3,2,3,2,5,4,52,52,6,6
both_preserve_down__book_jar__measured_height__standard__reference_first__target_first,1.1,applied,both_move,order_preserved_down,both_preserve_down,book_jar,book,jar,measured_height,standard,reference_first,target_first,above,below,down,down,down,down,"In the room, the heights of both objects are measured from the same floor. The jar moves from a height of 3 feet to a height of 2 feet, measured from the floor. The book moves from a height of 5 feet to a height of 4 feet, measured from the floor.","In the room, the heights of both objects are measured from the same floor. The jar moves from a height of 5 feet to a height of 4 feet, measured from the floor. The book moves from a height of 3 feet to a height of 2 feet, measured from the floor.",The book is above the jar.,The book is below the jar.,Target1,Target2,5,4,3,2,3,2,5,4,52,52,6,6
both_preserve_down__book_jar__measured_height__standard__reference_first__reference_first,1.1,applied,both_move,order_preserved_down,both_preserve_down,book_jar,book,jar,measured_height,standard,reference_first,reference_first,below,above,down,down,down,down,"In the room, the heights of both objects are measured from the same floor. The jar moves from a height of 3 feet to a height of 2 feet, measured from the floor. The book moves from a height of 5 feet to a height of 4 feet, measured from the floor.","In the room, the heights of both objects are measured from the same floor. The jar moves from a height of 5 feet to a height of 4 feet, measured from the floor. The book moves from a height of 3 feet to a height of 2 feet, measured from the floor.",The jar is below the book.,The jar is above the book.,Target1,Target2,5,4,3,2,3,2,5,4,52,52,6,6
both_preserve_down__book_jar__measured_height__expanded__target_first__target_first,1.1,applied,both_move,order_preserved_down,both_preserve_down,book_jar,book,jar,measured_height,expanded,target_first,target_first,above,below,down,down,down,down,"In the room, the heights of both objects are measured from the same level floor. The floor stays fixed while the objects move or remain still. The book moves from a height of 5 feet to a height of 4 feet, measured from the floor. The jar moves from a height of 3 feet to a height of 2 feet, measured from the floor.","In the room, the heights of both objects are measured from the same level floor. The floor stays fixed while the objects move or remain still. The book moves from a height of 3 feet to a height of 2 feet, measured from the floor. The jar moves from a height of 5 feet to a height of 4 feet, measured from the floor.",The book is above the jar.,The book is below the jar.,Target1,Target2,5,4,3,2,3,2,5,4,64,64,6,6
both_preserve_down__book_jar__measured_height__expanded__target_first__reference_first,1.1,applied,both_move,order_preserved_down,both_preserve_down,book_jar,book,jar,measured_height,expanded,target_first,reference_first,below,above,down,down,down,down,"In the room, the heights of both objects are measured from the same level floor. The floor stays fixed while the objects move or remain still. The book moves from a height of 5 feet to a height of 4 feet, measured from the floor. The jar moves from a height of 3 feet to a height of 2 feet, measured from the floor.","In the room, the heights of both objects are measured from the same level floor. The floor stays fixed while the objects move or remain still. The book moves from a height of 3 feet to a height of 2 feet, measured from the floor. The jar moves from a height of 5 feet to a height of 4 feet, measured from the floor.",The jar is below the book.,The jar is above the book.,Target1,Target2,5,4,3,2,3,2,5,4,64,64,6,6
both_preserve_down__book_jar__measured_height__expanded__reference_first__target_first,1.1,applied,both_move,order_preserved_down,both_preserve_down,book_jar,book,jar,measured_height,expanded,reference_first,target_first,above,below,down,down,down,down,"In the room, the heights of both objects are measured from the same level floor. The floor stays fixed while the objects move or remain still. The jar moves from a height of 3 feet to a height of 2 feet, measured from the floor. The book moves from a height of 5 feet to a height of 4 feet, measured from the floor.","In the room, the heights of both objects are measured from the same level floor. The floor stays fixed while the objects move or remain still. The jar moves from a height of 5 feet to a height of 4 feet, measured from the floor. The book moves from a height of 3 feet to a height of 2 feet, measured from the floor.",The book is above the jar.,The book is below the jar.,Target1,Target2,5,4,3,2,3,2,5,4,64,64,6,6
both_preserve_down__book_jar__measured_height__expanded__reference_first__reference_first,1.1,applied,both_move,order_preserved_down,both_preserve_down,book_jar,book,jar,measured_height,expanded,reference_first,reference_first,below,above,down,down,down,down,"In the room, the heights of both objects are measured from the same level floor. The floor stays fixed while the objects move or remain still. The jar moves from a height of 3 feet to a height of 2 feet, measured from the floor. The book moves from a height of 5 feet to a height of 4 feet, measured from the floor.","In the room, the heights of both objects are measured from the same level floor. The floor stays fixed while the objects move or remain still. The jar moves from a height of 5 feet to a height of 4 feet, measured from the floor. The book moves from a height of 3 feet to a height of 2 feet, measured from the floor.",The jar is below the book.,The jar is above the book.,Target1,Target2,5,4,3,2,3,2,5,4,64,64,6,6
both_preserve_down__toy_key__named_shelves__compact__target_first__target_first,1.1,applied,both_move,order_preserved_down,both_preserve_down,toy_key,toy,key,named_shelves,compact,target_first,target_first,above,below,down,down,down,down,"The rack's shelves run from bottom through lower, middle, and upper to top. The toy moves from the top shelf to the upper shelf. The key moves from the middle shelf to the lower shelf.","The rack's shelves run from bottom through lower, middle, and upper to top. The toy moves from the middle shelf to the lower shelf. The key moves from the top shelf to the upper shelf.",The toy is above the key.,The toy is below the key.,Target1,Target2,5,4,3,2,3,2,5,4,36,36,6,6
both_preserve_down__toy_key__named_shelves__compact__target_first__reference_first,1.1,applied,both_move,order_preserved_down,both_preserve_down,toy_key,toy,key,named_shelves,compact,target_first,reference_first,below,above,down,down,down,down,"The rack's shelves run from bottom through lower, middle, and upper to top. The toy moves from the top shelf to the upper shelf. The key moves from the middle shelf to the lower shelf.","The rack's shelves run from bottom through lower, middle, and upper to top. The toy moves from the middle shelf to the lower shelf. The key moves from the top shelf to the upper shelf.",The key is below the toy.,The key is above the toy.,Target1,Target2,5,4,3,2,3,2,5,4,36,36,6,6
both_preserve_down__toy_key__named_shelves__compact__reference_first__target_first,1.1,applied,both_move,order_preserved_down,both_preserve_down,toy_key,toy,key,named_shelves,compact,reference_first,target_first,above,below,down,down,down,down,"The rack's shelves run from bottom through lower, middle, and upper to top. The key moves from the middle shelf to the lower shelf. The toy moves from the top shelf to the upper shelf.","The rack's shelves run from bottom through lower, middle, and upper to top. The key moves from the top shelf to the upper shelf. The toy moves from the middle shelf to the lower shelf.",The toy is above the key.,The toy is below the key.,Target1,Target2,5,4,3,2,3,2,5,4,36,36,6,6
both_preserve_down__toy_key__named_shelves__compact__reference_first__reference_first,1.1,applied,both_move,order_preserved_down,both_preserve_down,toy_key,toy,key,named_shelves,compact,reference_first,reference_first,below,above,down,down,down,down,"The rack's shelves run from bottom through lower, middle, and upper to top. The key moves from the middle shelf to the lower shelf. The toy moves from the top shelf to the upper shelf.","The rack's shelves run from bottom through lower, middle, and upper to top. The key moves from the top shelf to the upper shelf. The toy moves from the middle shelf to the lower shelf.",The key is below the toy.,The key is above the toy.,Target1,Target2,5,4,3,2,3,2,5,4,36,36,6,6
both_preserve_down__toy_key__named_shelves__standard__target_first__target_first,1.1,applied,both_move,order_preserved_down,both_preserve_down,toy_key,toy,key,named_shelves,standard,target_first,target_first,above,below,down,down,down,down,"In the room, a five-tier rack has bottom, lower, middle, upper, and top shelves, in that vertical order. The toy moves from the top shelf to the upper shelf. The key moves from the middle shelf to the lower shelf.","In the room, a five-tier rack has bottom, lower, middle, upper, and top shelves, in that vertical order. The toy moves from the middle shelf to the lower shelf. The key moves from the top shelf to the upper shelf.",The toy is above the key.,The toy is below the key.,Target1,Target2,5,4,3,2,3,2,5,4,41,41,6,6
both_preserve_down__toy_key__named_shelves__standard__target_first__reference_first,1.1,applied,both_move,order_preserved_down,both_preserve_down,toy_key,toy,key,named_shelves,standard,target_first,reference_first,below,above,down,down,down,down,"In the room, a five-tier rack has bottom, lower, middle, upper, and top shelves, in that vertical order. The toy moves from the top shelf to the upper shelf. The key moves from the middle shelf to the lower shelf.","In the room, a five-tier rack has bottom, lower, middle, upper, and top shelves, in that vertical order. The toy moves from the middle shelf to the lower shelf. The key moves from the top shelf to the upper shelf.",The key is below the toy.,The key is above the toy.,Target1,Target2,5,4,3,2,3,2,5,4,41,41,6,6
both_preserve_down__toy_key__named_shelves__standard__reference_first__target_first,1.1,applied,both_move,order_preserved_down,both_preserve_down,toy_key,toy,key,named_shelves,standard,reference_first,target_first,above,below,down,down,down,down,"In the room, a five-tier rack has bottom, lower, middle, upper, and top shelves, in that vertical order. The key moves from the middle shelf to the lower shelf. The toy moves from the top shelf to the upper shelf.","In the room, a five-tier rack has bottom, lower, middle, upper, and top shelves, in that vertical order. The key moves from the top shelf to the upper shelf. The toy moves from the middle shelf to the lower shelf.",The toy is above the key.,The toy is below the key.,Target1,Target2,5,4,3,2,3,2,5,4,41,41,6,6
both_preserve_down__toy_key__named_shelves__standard__reference_first__reference_first,1.1,applied,both_move,order_preserved_down,both_preserve_down,toy_key,toy,key,named_shelves,standard,reference_first,reference_first,below,above,down,down,down,down,"In the room, a five-tier rack has bottom, lower, middle, upper, and top shelves, in that vertical order. The key moves from the middle shelf to the lower shelf. The toy moves from the top shelf to the upper shelf.","In the room, a five-tier rack has bottom, lower, middle, upper, and top shelves, in that vertical order. The key moves from the top shelf to the upper shelf. The toy moves from the middle shelf to the lower shelf.",The key is below the toy.,The key is above the toy.,Target1,Target2,5,4,3,2,3,2,5,4,41,41,6,6
both_preserve_down__toy_key__named_shelves__expanded__target_first__target_first,1.1,applied,both_move,order_preserved_down,both_preserve_down,toy_key,toy,key,named_shelves,expanded,target_first,target_first,above,below,down,down,down,down,"In the room, a fixed five-tier rack has bottom, lower, middle, upper, and top shelves, in that vertical order. Each shelf stays at its level throughout the scene. The toy moves from the top shelf to the upper shelf. The key moves from the middle shelf to the lower shelf.","In the room, a fixed five-tier rack has bottom, lower, middle, upper, and top shelves, in that vertical order. Each shelf stays at its level throughout the scene. The toy moves from the middle shelf to the lower shelf. The key moves from the top shelf to the upper shelf.",The toy is above the key.,The toy is below the key.,Target1,Target2,5,4,3,2,3,2,5,4,51,51,6,6
both_preserve_down__toy_key__named_shelves__expanded__target_first__reference_first,1.1,applied,both_move,order_preserved_down,both_preserve_down,toy_key,toy,key,named_shelves,expanded,target_first,reference_first,below,above,down,down,down,down,"In the room, a fixed five-tier rack has bottom, lower, middle, upper, and top shelves, in that vertical order. Each shelf stays at its level throughout the scene. The toy moves from the top shelf to the upper shelf. The key moves from the middle shelf to the lower shelf.","In the room, a fixed five-tier rack has bottom, lower, middle, upper, and top shelves, in that vertical order. Each shelf stays at its level throughout the scene. The toy moves from the middle shelf to the lower shelf. The key moves from the top shelf to the upper shelf.",The key is below the toy.,The key is above the toy.,Target1,Target2,5,4,3,2,3,2,5,4,51,51,6,6
both_preserve_down__toy_key__named_shelves__expanded__reference_first__target_first,1.1,applied,both_move,order_preserved_down,both_preserve_down,toy_key,toy,key,named_shelves,expanded,reference_first,target_first,above,below,down,down,down,down,"In the room, a fixed five-tier rack has bottom, lower, middle, upper, and top shelves, in that vertical order. Each shelf stays at its level throughout the scene. The key moves from the middle shelf to the lower shelf. The toy moves from the top shelf to the upper shelf.","In the room, a fixed five-tier rack has bottom, lower, middle, upper, and top shelves, in that vertical order. Each shelf stays at its level throughout the scene. The key moves from the top shelf to the upper shelf. The toy moves from the middle shelf to the lower shelf.",The toy is above the key.,The toy is below the key.,Target1,Target2,5,4,3,2,3,2,5,4,51,51,6,6
both_preserve_down__toy_key__named_shelves__expanded__reference_first__reference_first,1.1,applied,both_move,order_preserved_down,both_preserve_down,toy_key,toy,key,named_shelves,expanded,reference_first,reference_first,below,above,down,down,down,down,"In the room, a fixed five-tier rack has bottom, lower, middle, upper, and top shelves, in that vertical order. Each shelf stays at its level throughout the scene. The key moves from the middle shelf to the lower shelf. The toy moves from the top shelf to the upper shelf.","In the room, a fixed five-tier rack has bottom, lower, middle, upper, and top shelves, in that vertical order. Each shelf stays at its level throughout the scene. The key moves from the top shelf to the upper shelf. The toy moves from the middle shelf to the lower shelf.",The key is below the toy.,The key is above the toy.,Target1,Target2,5,4,3,2,3,2,5,4,51,51,6,6
both_preserve_down__toy_key__measured_height__compact__target_first__target_first,1.1,applied,both_move,order_preserved_down,both_preserve_down,toy_key,toy,key,measured_height,compact,target_first,target_first,above,below,down,down,down,down,"Heights are measured from the floor. The toy moves from a height of 5 feet to a height of 4 feet, measured from the floor. The key moves from a height of 3 feet to a height of 2 feet, measured from the floor.","Heights are measured from the floor. The toy moves from a height of 3 feet to a height of 2 feet, measured from the floor. The key moves from a height of 5 feet to a height of 4 feet, measured from the floor.",The toy is above the key.,The toy is below the key.,Target1,Target2,5,4,3,2,3,2,5,4,44,44,6,6
both_preserve_down__toy_key__measured_height__compact__target_first__reference_first,1.1,applied,both_move,order_preserved_down,both_preserve_down,toy_key,toy,key,measured_height,compact,target_first,reference_first,below,above,down,down,down,down,"Heights are measured from the floor. The toy moves from a height of 5 feet to a height of 4 feet, measured from the floor. The key moves from a height of 3 feet to a height of 2 feet, measured from the floor.","Heights are measured from the floor. The toy moves from a height of 3 feet to a height of 2 feet, measured from the floor. The key moves from a height of 5 feet to a height of 4 feet, measured from the floor.",The key is below the toy.,The key is above the toy.,Target1,Target2,5,4,3,2,3,2,5,4,44,44,6,6
both_preserve_down__toy_key__measured_height__compact__reference_first__target_first,1.1,applied,both_move,order_preserved_down,both_preserve_down,toy_key,toy,key,measured_height,compact,reference_first,target_first,above,below,down,down,down,down,"Heights are measured from the floor. The key moves from a height of 3 feet to a height of 2 feet, measured from the floor. The toy moves from a height of 5 feet to a height of 4 feet, measured from the floor.","Heights are measured from the floor. The key moves from a height of 5 feet to a height of 4 feet, measured from the floor. The toy moves from a height of 3 feet to a height of 2 feet, measured from the floor.",The toy is above the key.,The toy is below the key.,Target1,Target2,5,4,3,2,3,2,5,4,44,44,6,6
both_preserve_down__toy_key__measured_height__compact__reference_first__reference_first,1.1,applied,both_move,order_preserved_down,both_preserve_down,toy_key,toy,key,measured_height,compact,reference_first,reference_first,below,above,down,down,down,down,"Heights are measured from the floor. The key moves from a height of 3 feet to a height of 2 feet, measured from the floor. The toy moves from a height of 5 feet to a height of 4 feet, measured from the floor.","Heights are measured from the floor. The key moves from a height of 5 feet to a height of 4 feet, measured from the floor. The toy moves from a height of 3 feet to a height of 2 feet, measured from the floor.",The key is below the toy.,The key is above the toy.,Target1,Target2,5,4,3,2,3,2,5,4,44,44,6,6
both_preserve_down__toy_key__measured_height__standard__target_first__target_first,1.1,applied,both_move,order_preserved_down,both_preserve_down,toy_key,toy,key,measured_height,standard,target_first,target_first,above,below,down,down,down,down,"In the room, the heights of both objects are measured from the same floor. The toy moves from a height of 5 feet to a height of 4 feet, measured from the floor. The key moves from a height of 3 feet to a height of 2 feet, measured from the floor.","In the room, the heights of both objects are measured from the same floor. The toy moves from a height of 3 feet to a height of 2 feet, measured from the floor. The key moves from a height of 5 feet to a height of 4 feet, measured from the floor.",The toy is above the key.,The toy is below the key.,Target1,Target2,5,4,3,2,3,2,5,4,52,52,6,6
both_preserve_down__toy_key__measured_height__standard__target_first__reference_first,1.1,applied,both_move,order_preserved_down,both_preserve_down,toy_key,toy,key,measured_height,standard,target_first,reference_first,below,above,down,down,down,down,"In the room, the heights of both objects are measured from the same floor. The toy moves from a height of 5 feet to a height of 4 feet, measured from the floor. The key moves from a height of 3 feet to a height of 2 feet, measured from the floor.","In the room, the heights of both objects are measured from the same floor. The toy moves from a height of 3 feet to a height of 2 feet, measured from the floor. The key moves from a height of 5 feet to a height of 4 feet, measured from the floor.",The key is below the toy.,The key is above the toy.,Target1,Target2,5,4,3,2,3,2,5,4,52,52,6,6
both_preserve_down__toy_key__measured_height__standard__reference_first__target_first,1.1,applied,both_move,order_preserved_down,both_preserve_down,toy_key,toy,key,measured_height,standard,reference_first,target_first,above,below,down,down,down,down,"In the room, the heights of both objects are measured from the same floor. The key moves from a height of 3 feet to a height of 2 feet, measured from the floor. The toy moves from a height of 5 feet to a height of 4 feet, measured from the floor.","In the room, the heights of both objects are measured from the same floor. The key moves from a height of 5 feet to a height of 4 feet, measured from the floor. The toy moves from a height of 3 feet to a height of 2 feet, measured from the floor.",The toy is above the key.,The toy is below the key.,Target1,Target2,5,4,3,2,3,2,5,4,52,52,6,6
both_preserve_down__toy_key__measured_height__standard__reference_first__reference_first,1.1,applied,both_move,order_preserved_down,both_preserve_down,toy_key,toy,key,measured_height,standard,reference_first,reference_first,below,above,down,down,down,down,"In the room, the heights of both objects are measured from the same floor. The key moves from a height of 3 feet to a height of 2 feet, measured from the floor. The toy moves from a height of 5 feet to a height of 4 feet, measured from the floor.","In the room, the heights of both objects are measured from the same floor. The key moves from a height of 5 feet to a height of 4 feet, measured from the floor. The toy moves from a height of 3 feet to a height of 2 feet, measured from the floor.",The key is below the toy.,The key is above the toy.,Target1,Target2,5,4,3,2,3,2,5,4,52,52,6,6
both_preserve_down__toy_key__measured_height__expanded__target_first__target_first,1.1,applied,both_move,order_preserved_down,both_preserve_down,toy_key,toy,key,measured_height,expanded,target_first,target_first,above,below,down,down,down,down,"In the room, the heights of both objects are measured from the same level floor. The floor stays fixed while the objects move or remain still. The toy moves from a height of 5 feet to a height of 4 feet, measured from the floor. The key moves from a height of 3 feet to a height of 2 feet, measured from the floor.","In the room, the heights of both objects are measured from the same level floor. The floor stays fixed while the objects move or remain still. The toy moves from a height of 3 feet to a height of 2 feet, measured from the floor. The key moves from a height of 5 feet to a height of 4 feet, measured from the floor.",The toy is above the key.,The toy is below the key.,Target1,Target2,5,4,3,2,3,2,5,4,64,64,6,6
both_preserve_down__toy_key__measured_height__expanded__target_first__reference_first,1.1,applied,both_move,order_preserved_down,both_preserve_down,toy_key,toy,key,measured_height,expanded,target_first,reference_first,below,above,down,down,down,down,"In the room, the heights of both objects are measured from the same level floor. The floor stays fixed while the objects move or remain still. The toy moves from a height of 5 feet to a height of 4 feet, measured from the floor. The key moves from a height of 3 feet to a height of 2 feet, measured from the floor.","In the room, the heights of both objects are measured from the same level floor. The floor stays fixed while the objects move or remain still. The toy moves from a height of 3 feet to a height of 2 feet, measured from the floor. The key moves from a height of 5 feet to a height of 4 feet, measured from the floor.",The key is below the toy.,The key is above the toy.,Target1,Target2,5,4,3,2,3,2,5,4,64,64,6,6
both_preserve_down__toy_key__measured_height__expanded__reference_first__target_first,1.1,applied,both_move,order_preserved_down,both_preserve_down,toy_key,toy,key,measured_height,expanded,reference_first,target_first,above,below,down,down,down,down,"In the room, the heights of both objects are measured from the same level floor. The floor stays fixed while the objects move or remain still. The key moves from a height of 3 feet to a height of 2 feet, measured from the floor. The toy moves from a height of 5 feet to a height of 4 feet, measured from the floor.","In the room, the heights of both objects are measured from the same level floor. The floor stays fixed while the objects move or remain still. The key moves from a height of 5 feet to a height of 4 feet, measured from the floor. The toy moves from a height of 3 feet to a height of 2 feet, measured from the floor.",The toy is above the key.,The toy is below the key.,Target1,Target2,5,4,3,2,3,2,5,4,64,64,6,6
both_preserve_down__toy_key__measured_height__expanded__reference_first__reference_first,1.1,applied,both_move,order_preserved_down,both_preserve_down,toy_key,toy,key,measured_height,expanded,reference_first,reference_first,below,above,down,down,down,down,"In the room, the heights of both objects are measured from the same level floor. The floor stays fixed while the objects move or remain still. The key moves from a height of 3 feet to a height of 2 feet, measured from the floor. The toy moves from a height of 5 feet to a height of 4 feet, measured from the floor.","In the room, the heights of both objects are measured from the same level floor. The floor stays fixed while the objects move or remain still. The key moves from a height of 5 feet to a height of 4 feet, measured from the floor. The toy moves from a height of 3 feet to a height of 2 feet, measured from the floor.",The key is below the toy.,The key is above the toy.,Target1,Target2,5,4,3,2,3,2,5,4,64,64,6,6
both_reverse__ball_cone__named_shelves__compact__target_first__target_first,1.1,applied,both_move,order_reversed,both_reverse,ball_cone,ball,cone,named_shelves,compact,target_first,target_first,above,below,up,down,down,up,"The rack's shelves run from bottom through lower, middle, and upper to top. The ball moves from the lower shelf to the upper shelf. The cone moves from the upper shelf to the lower shelf.","The rack's shelves run from bottom through lower, middle, and upper to top. The ball moves from the upper shelf to the lower shelf. The cone moves from the lower shelf to the upper shelf.",The ball is above the cone.,The ball is below the cone.,Target1,Target2,2,4,4,2,4,2,2,4,36,36,6,6
both_reverse__ball_cone__named_shelves__compact__target_first__reference_first,1.1,applied,both_move,order_reversed,both_reverse,ball_cone,ball,cone,named_shelves,compact,target_first,reference_first,below,above,up,down,down,up,"The rack's shelves run from bottom through lower, middle, and upper to top. The ball moves from the lower shelf to the upper shelf. The cone moves from the upper shelf to the lower shelf.","The rack's shelves run from bottom through lower, middle, and upper to top. The ball moves from the upper shelf to the lower shelf. The cone moves from the lower shelf to the upper shelf.",The cone is below the ball.,The cone is above the ball.,Target1,Target2,2,4,4,2,4,2,2,4,36,36,6,6
both_reverse__ball_cone__named_shelves__compact__reference_first__target_first,1.1,applied,both_move,order_reversed,both_reverse,ball_cone,ball,cone,named_shelves,compact,reference_first,target_first,above,below,up,down,down,up,"The rack's shelves run from bottom through lower, middle, and upper to top. The cone moves from the upper shelf to the lower shelf. The ball moves from the lower shelf to the upper shelf.","The rack's shelves run from bottom through lower, middle, and upper to top. The cone moves from the lower shelf to the upper shelf. The ball moves from the upper shelf to the lower shelf.",The ball is above the cone.,The ball is below the cone.,Target1,Target2,2,4,4,2,4,2,2,4,36,36,6,6
both_reverse__ball_cone__named_shelves__compact__reference_first__reference_first,1.1,applied,both_move,order_reversed,both_reverse,ball_cone,ball,cone,named_shelves,compact,reference_first,reference_first,below,above,up,down,down,up,"The rack's shelves run from bottom through lower, middle, and upper to top. The cone moves from the upper shelf to the lower shelf. The ball moves from the lower shelf to the upper shelf.","The rack's shelves run from bottom through lower, middle, and upper to top. The cone moves from the lower shelf to the upper shelf. The ball moves from the upper shelf to the lower shelf.",The cone is below the ball.,The cone is above the ball.,Target1,Target2,2,4,4,2,4,2,2,4,36,36,6,6
both_reverse__ball_cone__named_shelves__standard__target_first__target_first,1.1,applied,both_move,order_reversed,both_reverse,ball_cone,ball,cone,named_shelves,standard,target_first,target_first,above,below,up,down,down,up,"In the room, a five-tier rack has bottom, lower, middle, upper, and top shelves, in that vertical order. The ball moves from the lower shelf to the upper shelf. The cone moves from the upper shelf to the lower shelf.","In the room, a five-tier rack has bottom, lower, middle, upper, and top shelves, in that vertical order. The ball moves from the upper shelf to the lower shelf. The cone moves from the lower shelf to the upper shelf.",The ball is above the cone.,The ball is below the cone.,Target1,Target2,2,4,4,2,4,2,2,4,41,41,6,6
both_reverse__ball_cone__named_shelves__standard__target_first__reference_first,1.1,applied,both_move,order_reversed,both_reverse,ball_cone,ball,cone,named_shelves,standard,target_first,reference_first,below,above,up,down,down,up,"In the room, a five-tier rack has bottom, lower, middle, upper, and top shelves, in that vertical order. The ball moves from the lower shelf to the upper shelf. The cone moves from the upper shelf to the lower shelf.","In the room, a five-tier rack has bottom, lower, middle, upper, and top shelves, in that vertical order. The ball moves from the upper shelf to the lower shelf. The cone moves from the lower shelf to the upper shelf.",The cone is below the ball.,The cone is above the ball.,Target1,Target2,2,4,4,2,4,2,2,4,41,41,6,6
both_reverse__ball_cone__named_shelves__standard__reference_first__target_first,1.1,applied,both_move,order_reversed,both_reverse,ball_cone,ball,cone,named_shelves,standard,reference_first,target_first,above,below,up,down,down,up,"In the room, a five-tier rack has bottom, lower, middle, upper, and top shelves, in that vertical order. The cone moves from the upper shelf to the lower shelf. The ball moves from the lower shelf to the upper shelf.","In the room, a five-tier rack has bottom, lower, middle, upper, and top shelves, in that vertical order. The cone moves from the lower shelf to the upper shelf. The ball moves from the upper shelf to the lower shelf.",The ball is above the cone.,The ball is below the cone.,Target1,Target2,2,4,4,2,4,2,2,4,41,41,6,6
both_reverse__ball_cone__named_shelves__standard__reference_first__reference_first,1.1,applied,both_move,order_reversed,both_reverse,ball_cone,ball,cone,named_shelves,standard,reference_first,reference_first,below,above,up,down,down,up,"In the room, a five-tier rack has bottom, lower, middle, upper, and top shelves, in that vertical order. The cone moves from the upper shelf to the lower shelf. The ball moves from the lower shelf to the upper shelf.","In the room, a five-tier rack has bottom, lower, middle, upper, and top shelves, in that vertical order. The cone moves from the lower shelf to the upper shelf. The ball moves from the upper shelf to the lower shelf.",The cone is below the ball.,The cone is above the ball.,Target1,Target2,2,4,4,2,4,2,2,4,41,41,6,6
both_reverse__ball_cone__named_shelves__expanded__target_first__target_first,1.1,applied,both_move,order_reversed,both_reverse,ball_cone,ball,cone,named_shelves,expanded,target_first,target_first,above,below,up,down,down,up,"In the room, a fixed five-tier rack has bottom, lower, middle, upper, and top shelves, in that vertical order. Each shelf stays at its level throughout the scene. The ball moves from the lower shelf to the upper shelf. The cone moves from the upper shelf to the lower shelf.","In the room, a fixed five-tier rack has bottom, lower, middle, upper, and top shelves, in that vertical order. Each shelf stays at its level throughout the scene. The ball moves from the upper shelf to the lower shelf. The cone moves from the lower shelf to the upper shelf.",The ball is above the cone.,The ball is below the cone.,Target1,Target2,2,4,4,2,4,2,2,4,51,51,6,6
both_reverse__ball_cone__named_shelves__expanded__target_first__reference_first,1.1,applied,both_move,order_reversed,both_reverse,ball_cone,ball,cone,named_shelves,expanded,target_first,reference_first,below,above,up,down,down,up,"In the room, a fixed five-tier rack has bottom, lower, middle, upper, and top shelves, in that vertical order. Each shelf stays at its level throughout the scene. The ball moves from the lower shelf to the upper shelf. The cone moves from the upper shelf to the lower shelf.","In the room, a fixed five-tier rack has bottom, lower, middle, upper, and top shelves, in that vertical order. Each shelf stays at its level throughout the scene. The ball moves from the upper shelf to the lower shelf. The cone moves from the lower shelf to the upper shelf.",The cone is below the ball.,The cone is above the ball.,Target1,Target2,2,4,4,2,4,2,2,4,51,51,6,6
both_reverse__ball_cone__named_shelves__expanded__reference_first__target_first,1.1,applied,both_move,order_reversed,both_reverse,ball_cone,ball,cone,named_shelves,expanded,reference_first,target_first,above,below,up,down,down,up,"In the room, a fixed five-tier rack has bottom, lower, middle, upper, and top shelves, in that vertical order. Each shelf stays at its level throughout the scene. The cone moves from the upper shelf to the lower shelf. The ball moves from the lower shelf to the upper shelf.","In the room, a fixed five-tier rack has bottom, lower, middle, upper, and top shelves, in that vertical order. Each shelf stays at its level throughout the scene. The cone moves from the lower shelf to the upper shelf. The ball moves from the upper shelf to the lower shelf.",The ball is above the cone.,The ball is below the cone.,Target1,Target2,2,4,4,2,4,2,2,4,51,51,6,6
both_reverse__ball_cone__named_shelves__expanded__reference_first__reference_first,1.1,applied,both_move,order_reversed,both_reverse,ball_cone,ball,cone,named_shelves,expanded,reference_first,reference_first,below,above,up,down,down,up,"In the room, a fixed five-tier rack has bottom, lower, middle, upper, and top shelves, in that vertical order. Each shelf stays at its level throughout the scene. The cone moves from the upper shelf to the lower shelf. The ball moves from the lower shelf to the upper shelf.","In the room, a fixed five-tier rack has bottom, lower, middle, upper, and top shelves, in that vertical order. Each shelf stays at its level throughout the scene. The cone moves from the lower shelf to the upper shelf. The ball moves from the upper shelf to the lower shelf.",The cone is below the ball.,The cone is above the ball.,Target1,Target2,2,4,4,2,4,2,2,4,51,51,6,6
both_reverse__ball_cone__measured_height__compact__target_first__target_first,1.1,applied,both_move,order_reversed,both_reverse,ball_cone,ball,cone,measured_height,compact,target_first,target_first,above,below,up,down,down,up,"Heights are measured from the floor. The ball moves from a height of 2 feet to a height of 4 feet, measured from the floor. The cone moves from a height of 4 feet to a height of 2 feet, measured from the floor.","Heights are measured from the floor. The ball moves from a height of 4 feet to a height of 2 feet, measured from the floor. The cone moves from a height of 2 feet to a height of 4 feet, measured from the floor.",The ball is above the cone.,The ball is below the cone.,Target1,Target2,2,4,4,2,4,2,2,4,44,44,6,6
both_reverse__ball_cone__measured_height__compact__target_first__reference_first,1.1,applied,both_move,order_reversed,both_reverse,ball_cone,ball,cone,measured_height,compact,target_first,reference_first,below,above,up,down,down,up,"Heights are measured from the floor. The ball moves from a height of 2 feet to a height of 4 feet, measured from the floor. The cone moves from a height of 4 feet to a height of 2 feet, measured from the floor.","Heights are measured from the floor. The ball moves from a height of 4 feet to a height of 2 feet, measured from the floor. The cone moves from a height of 2 feet to a height of 4 feet, measured from the floor.",The cone is below the ball.,The cone is above the ball.,Target1,Target2,2,4,4,2,4,2,2,4,44,44,6,6
both_reverse__ball_cone__measured_height__compact__reference_first__target_first,1.1,applied,both_move,order_reversed,both_reverse,ball_cone,ball,cone,measured_height,compact,reference_first,target_first,above,below,up,down,down,up,"Heights are measured from the floor. The cone moves from a height of 4 feet to a height of 2 feet, measured from the floor. The ball moves from a height of 2 feet to a height of 4 feet, measured from the floor.","Heights are measured from the floor. The cone moves from a height of 2 feet to a height of 4 feet, measured from the floor. The ball moves from a height of 4 feet to a height of 2 feet, measured from the floor.",The ball is above the cone.,The ball is below the cone.,Target1,Target2,2,4,4,2,4,2,2,4,44,44,6,6
both_reverse__ball_cone__measured_height__compact__reference_first__reference_first,1.1,applied,both_move,order_reversed,both_reverse,ball_cone,ball,cone,measured_height,compact,reference_first,reference_first,below,above,up,down,down,up,"Heights are measured from the floor. The cone moves from a height of 4 feet to a height of 2 feet, measured from the floor. The ball moves from a height of 2 feet to a height of 4 feet, measured from the floor.","Heights are measured from the floor. The cone moves from a height of 2 feet to a height of 4 feet, measured from the floor. The ball moves from a height of 4 feet to a height of 2 feet, measured from the floor.",The cone is below the ball.,The cone is above the ball.,Target1,Target2,2,4,4,2,4,2,2,4,44,44,6,6
both_reverse__ball_cone__measured_height__standard__target_first__target_first,1.1,applied,both_move,order_reversed,both_reverse,ball_cone,ball,cone,measured_height,standard,target_first,target_first,above,below,up,down,down,up,"In the room, the heights of both objects are measured from the same floor. The ball moves from a height of 2 feet to a height of 4 feet, measured from the floor. The cone moves from a height of 4 feet to a height of 2 feet, measured from the floor.","In the room, the heights of both objects are measured from the same floor. The ball moves from a height of 4 feet to a height of 2 feet, measured from the floor. The cone moves from a height of 2 feet to a height of 4 feet, measured from the floor.",The ball is above the cone.,The ball is below the cone.,Target1,Target2,2,4,4,2,4,2,2,4,52,52,6,6
both_reverse__ball_cone__measured_height__standard__target_first__reference_first,1.1,applied,both_move,order_reversed,both_reverse,ball_cone,ball,cone,measured_height,standard,target_first,reference_first,below,above,up,down,down,up,"In the room, the heights of both objects are measured from the same floor. The ball moves from a height of 2 feet to a height of 4 feet, measured from the floor. The cone moves from a height of 4 feet to a height of 2 feet, measured from the floor.","In the room, the heights of both objects are measured from the same floor. The ball moves from a height of 4 feet to a height of 2 feet, measured from the floor. The cone moves from a height of 2 feet to a height of 4 feet, measured from the floor.",The cone is below the ball.,The cone is above the ball.,Target1,Target2,2,4,4,2,4,2,2,4,52,52,6,6
both_reverse__ball_cone__measured_height__standard__reference_first__target_first,1.1,applied,both_move,order_reversed,both_reverse,ball_cone,ball,cone,measured_height,standard,reference_first,target_first,above,below,up,down,down,up,"In the room, the heights of both objects are measured from the same floor. The cone moves from a height of 4 feet to a height of 2 feet, measured from the floor. The ball moves from a height of 2 feet to a height of 4 feet, measured from the floor.","In the room, the heights of both objects are measured from the same floor. The cone moves from a height of 2 feet to a height of 4 feet, measured from the floor. The ball moves from a height of 4 feet to a height of 2 feet, measured from the floor.",The ball is above the cone.,The ball is below the cone.,Target1,Target2,2,4,4,2,4,2,2,4,52,52,6,6
both_reverse__ball_cone__measured_height__standard__reference_first__reference_first,1.1,applied,both_move,order_reversed,both_reverse,ball_cone,ball,cone,measured_height,standard,reference_first,reference_first,below,above,up,down,down,up,"In the room, the heights of both objects are measured from the same floor. The cone moves from a height of 4 feet to a height of 2 feet, measured from the floor. The ball moves from a height of 2 feet to a height of 4 feet, measured from the floor.","In the room, the heights of both objects are measured from the same floor. The cone moves from a height of 2 feet to a height of 4 feet, measured from the floor. The ball moves from a height of 4 feet to a height of 2 feet, measured from the floor.",The cone is below the ball.,The cone is above the ball.,Target1,Target2,2,4,4,2,4,2,2,4,52,52,6,6
both_reverse__ball_cone__measured_height__expanded__target_first__target_first,1.1,applied,both_move,order_reversed,both_reverse,ball_cone,ball,cone,measured_height,expanded,target_first,target_first,above,below,up,down,down,up,"In the room, the heights of both objects are measured from the same level floor. The floor stays fixed while the objects move or remain still. The ball moves from a height of 2 feet to a height of 4 feet, measured from the floor. The cone moves from a height of 4 feet to a height of 2 feet, measured from the floor.","In the room, the heights of both objects are measured from the same level floor. The floor stays fixed while the objects move or remain still. The ball moves from a height of 4 feet to a height of 2 feet, measured from the floor. The cone moves from a height of 2 feet to a height of 4 feet, measured from the floor.",The ball is above the cone.,The ball is below the cone.,Target1,Target2,2,4,4,2,4,2,2,4,64,64,6,6
both_reverse__ball_cone__measured_height__expanded__target_first__reference_first,1.1,applied,both_move,order_reversed,both_reverse,ball_cone,ball,cone,measured_height,expanded,target_first,reference_first,below,above,up,down,down,up,"In the room, the heights of both objects are measured from the same level floor. The floor stays fixed while the objects move or remain still. The ball moves from a height of 2 feet to a height of 4 feet, measured from the floor. The cone moves from a height of 4 feet to a height of 2 feet, measured from the floor.","In the room, the heights of both objects are measured from the same level floor. The floor stays fixed while the objects move or remain still. The ball moves from a height of 4 feet to a height of 2 feet, measured from the floor. The cone moves from a height of 2 feet to a height of 4 feet, measured from the floor.",The cone is below the ball.,The cone is above the ball.,Target1,Target2,2,4,4,2,4,2,2,4,64,64,6,6
both_reverse__ball_cone__measured_height__expanded__reference_first__target_first,1.1,applied,both_move,order_reversed,both_reverse,ball_cone,ball,cone,measured_height,expanded,reference_first,target_first,above,below,up,down,down,up,"In the room, the heights of both objects are measured from the same level floor. The floor stays fixed while the objects move or remain still. The cone moves from a height of 4 feet to a height of 2 feet, measured from the floor. The ball moves from a height of 2 feet to a height of 4 feet, measured from the floor.","In the room, the heights of both objects are measured from the same level floor. The floor stays fixed while the objects move or remain still. The cone moves from a height of 2 feet to a height of 4 feet, measured from the floor. The ball moves from a height of 4 feet to a height of 2 feet, measured from the floor.",The ball is above the cone.,The ball is below the cone.,Target1,Target2,2,4,4,2,4,2,2,4,64,64,6,6
both_reverse__ball_cone__measured_height__expanded__reference_first__reference_first,1.1,applied,both_move,order_reversed,both_reverse,ball_cone,ball,cone,measured_height,expanded,reference_first,reference_first,below,above,up,down,down,up,"In the room, the heights of both objects are measured from the same level floor. The floor stays fixed while the objects move or remain still. The cone moves from a height of 4 feet to a height of 2 feet, measured from the floor. The ball moves from a height of 2 feet to a height of 4 feet, measured from the floor.","In the room, the heights of both objects are measured from the same level floor. The floor stays fixed while the objects move or remain still. The cone moves from a height of 2 feet to a height of 4 feet, measured from the floor. The ball moves from a height of 4 feet to a height of 2 feet, measured from the floor.",The cone is below the ball.,The cone is above the ball.,Target1,Target2,2,4,4,2,4,2,2,4,64,64,6,6
both_reverse__cup_box__named_shelves__compact__target_first__target_first,1.1,applied,both_move,order_reversed,both_reverse,cup_box,cup,box,named_shelves,compact,target_first,target_first,above,below,up,down,down,up,"The rack's shelves run from bottom through lower, middle, and upper to top. The cup moves from the lower shelf to the upper shelf. The box moves from the upper shelf to the lower shelf.","The rack's shelves run from bottom through lower, middle, and upper to top. The cup moves from the upper shelf to the lower shelf. The box moves from the lower shelf to the upper shelf.",The cup is above the box.,The cup is below the box.,Target1,Target2,2,4,4,2,4,2,2,4,36,36,6,6
both_reverse__cup_box__named_shelves__compact__target_first__reference_first,1.1,applied,both_move,order_reversed,both_reverse,cup_box,cup,box,named_shelves,compact,target_first,reference_first,below,above,up,down,down,up,"The rack's shelves run from bottom through lower, middle, and upper to top. The cup moves from the lower shelf to the upper shelf. The box moves from the upper shelf to the lower shelf.","The rack's shelves run from bottom through lower, middle, and upper to top. The cup moves from the upper shelf to the lower shelf. The box moves from the lower shelf to the upper shelf.",The box is below the cup.,The box is above the cup.,Target1,Target2,2,4,4,2,4,2,2,4,36,36,6,6
both_reverse__cup_box__named_shelves__compact__reference_first__target_first,1.1,applied,both_move,order_reversed,both_reverse,cup_box,cup,box,named_shelves,compact,reference_first,target_first,above,below,up,down,down,up,"The rack's shelves run from bottom through lower, middle, and upper to top. The box moves from the upper shelf to the lower shelf. The cup moves from the lower shelf to the upper shelf.","The rack's shelves run from bottom through lower, middle, and upper to top. The box moves from the lower shelf to the upper shelf. The cup moves from the upper shelf to the lower shelf.",The cup is above the box.,The cup is below the box.,Target1,Target2,2,4,4,2,4,2,2,4,36,36,6,6
both_reverse__cup_box__named_shelves__compact__reference_first__reference_first,1.1,applied,both_move,order_reversed,both_reverse,cup_box,cup,box,named_shelves,compact,reference_first,reference_first,below,above,up,down,down,up,"The rack's shelves run from bottom through lower, middle, and upper to top. The box moves from the upper shelf to the lower shelf. The cup moves from the lower shelf to the upper shelf.","The rack's shelves run from bottom through lower, middle, and upper to top. The box moves from the lower shelf to the upper shelf. The cup moves from the upper shelf to the lower shelf.",The box is below the cup.,The box is above the cup.,Target1,Target2,2,4,4,2,4,2,2,4,36,36,6,6
both_reverse__cup_box__named_shelves__standard__target_first__target_first,1.1,applied,both_move,order_reversed,both_reverse,cup_box,cup,box,named_shelves,standard,target_first,target_first,above,below,up,down,down,up,"In the room, a five-tier rack has bottom, lower, middle, upper, and top shelves, in that vertical order. The cup moves from the lower shelf to the upper shelf. The box moves from the upper shelf to the lower shelf.","In the room, a five-tier rack has bottom, lower, middle, upper, and top shelves, in that vertical order. The cup moves from the upper shelf to the lower shelf. The box moves from the lower shelf to the upper shelf.",The cup is above the box.,The cup is below the box.,Target1,Target2,2,4,4,2,4,2,2,4,41,41,6,6
both_reverse__cup_box__named_shelves__standard__target_first__reference_first,1.1,applied,both_move,order_reversed,both_reverse,cup_box,cup,box,named_shelves,standard,target_first,reference_first,below,above,up,down,down,up,"In the room, a five-tier rack has bottom, lower, middle, upper, and top shelves, in that vertical order. The cup moves from the lower shelf to the upper shelf. The box moves from the upper shelf to the lower shelf.","In the room, a five-tier rack has bottom, lower, middle, upper, and top shelves, in that vertical order. The cup moves from the upper shelf to the lower shelf. The box moves from the lower shelf to the upper shelf.",The box is below the cup.,The box is above the cup.,Target1,Target2,2,4,4,2,4,2,2,4,41,41,6,6
both_reverse__cup_box__named_shelves__standard__reference_first__target_first,1.1,applied,both_move,order_reversed,both_reverse,cup_box,cup,box,named_shelves,standard,reference_first,target_first,above,below,up,down,down,up,"In the room, a five-tier rack has bottom, lower, middle, upper, and top shelves, in that vertical order. The box moves from the upper shelf to the lower shelf. The cup moves from the lower shelf to the upper shelf.","In the room, a five-tier rack has bottom, lower, middle, upper, and top shelves, in that vertical order. The box moves from the lower shelf to the upper shelf. The cup moves from the upper shelf to the lower shelf.",The cup is above the box.,The cup is below the box.,Target1,Target2,2,4,4,2,4,2,2,4,41,41,6,6
both_reverse__cup_box__named_shelves__standard__reference_first__reference_first,1.1,applied,both_move,order_reversed,both_reverse,cup_box,cup,box,named_shelves,standard,reference_first,reference_first,below,above,up,down,down,up,"In the room, a five-tier rack has bottom, lower, middle, upper, and top shelves, in that vertical order. The box moves from the upper shelf to the lower shelf. The cup moves from the lower shelf to the upper shelf.","In the room, a five-tier rack has bottom, lower, middle, upper, and top shelves, in that vertical order. The box moves from the lower shelf to the upper shelf. The cup moves from the upper shelf to the lower shelf.",The box is below the cup.,The box is above the cup.,Target1,Target2,2,4,4,2,4,2,2,4,41,41,6,6
both_reverse__cup_box__named_shelves__expanded__target_first__target_first,1.1,applied,both_move,order_reversed,both_reverse,cup_box,cup,box,named_shelves,expanded,target_first,target_first,above,below,up,down,down,up,"In the room, a fixed five-tier rack has bottom, lower, middle, upper, and top shelves, in that vertical order. Each shelf stays at its level throughout the scene. The cup moves from the lower shelf to the upper shelf. The box moves from the upper shelf to the lower shelf.","In the room, a fixed five-tier rack has bottom, lower, middle, upper, and top shelves, in that vertical order. Each shelf stays at its level throughout the scene. The cup moves from the upper shelf to the lower shelf. The box moves from the lower shelf to the upper shelf.",The cup is above the box.,The cup is below the box.,Target1,Target2,2,4,4,2,4,2,2,4,51,51,6,6
both_reverse__cup_box__named_shelves__expanded__target_first__reference_first,1.1,applied,both_move,order_reversed,both_reverse,cup_box,cup,box,named_shelves,expanded,target_first,reference_first,below,above,up,down,down,up,"In the room, a fixed five-tier rack has bottom, lower, middle, upper, and top shelves, in that vertical order. Each shelf stays at its level throughout the scene. The cup moves from the lower shelf to the upper shelf. The box moves from the upper shelf to the lower shelf.","In the room, a fixed five-tier rack has bottom, lower, middle, upper, and top shelves, in that vertical order. Each shelf stays at its level throughout the scene. The cup moves from the upper shelf to the lower shelf. The box moves from the lower shelf to the upper shelf.",The box is below the cup.,The box is above the cup.,Target1,Target2,2,4,4,2,4,2,2,4,51,51,6,6
both_reverse__cup_box__named_shelves__expanded__reference_first__target_first,1.1,applied,both_move,order_reversed,both_reverse,cup_box,cup,box,named_shelves,expanded,reference_first,target_first,above,below,up,down,down,up,"In the room, a fixed five-tier rack has bottom, lower, middle, upper, and top shelves, in that vertical order. Each shelf stays at its level throughout the scene. The box moves from the upper shelf to the lower shelf. The cup moves from the lower shelf to the upper shelf.","In the room, a fixed five-tier rack has bottom, lower, middle, upper, and top shelves, in that vertical order. Each shelf stays at its level throughout the scene. The box moves from the lower shelf to the upper shelf. The cup moves from the upper shelf to the lower shelf.",The cup is above the box.,The cup is below the box.,Target1,Target2,2,4,4,2,4,2,2,4,51,51,6,6
both_reverse__cup_box__named_shelves__expanded__reference_first__reference_first,1.1,applied,both_move,order_reversed,both_reverse,cup_box,cup,box,named_shelves,expanded,reference_first,reference_first,below,above,up,down,down,up,"In the room, a fixed five-tier rack has bottom, lower, middle, upper, and top shelves, in that vertical order. Each shelf stays at its level throughout the scene. The box moves from the upper shelf to the lower shelf. The cup moves from the lower shelf to the upper shelf.","In the room, a fixed five-tier rack has bottom, lower, middle, upper, and top shelves, in that vertical order. Each shelf stays at its level throughout the scene. The box moves from the lower shelf to the upper shelf. The cup moves from the upper shelf to the lower shelf.",The box is below the cup.,The box is above the cup.,Target1,Target2,2,4,4,2,4,2,2,4,51,51,6,6
both_reverse__cup_box__measured_height__compact__target_first__target_first,1.1,applied,both_move,order_reversed,both_reverse,cup_box,cup,box,measured_height,compact,target_first,target_first,above,below,up,down,down,up,"Heights are measured from the floor. The cup moves from a height of 2 feet to a height of 4 feet, measured from the floor. The box moves from a height of 4 feet to a height of 2 feet, measured from the floor.","Heights are measured from the floor. The cup moves from a height of 4 feet to a height of 2 feet, measured from the floor. The box moves from a height of 2 feet to a height of 4 feet, measured from the floor.",The cup is above the box.,The cup is below the box.,Target1,Target2,2,4,4,2,4,2,2,4,44,44,6,6
both_reverse__cup_box__measured_height__compact__target_first__reference_first,1.1,applied,both_move,order_reversed,both_reverse,cup_box,cup,box,measured_height,compact,target_first,reference_first,below,above,up,down,down,up,"Heights are measured from the floor. The cup moves from a height of 2 feet to a height of 4 feet, measured from the floor. The box moves from a height of 4 feet to a height of 2 feet, measured from the floor.","Heights are measured from the floor. The cup moves from a height of 4 feet to a height of 2 feet, measured from the floor. The box moves from a height of 2 feet to a height of 4 feet, measured from the floor.",The box is below the cup.,The box is above the cup.,Target1,Target2,2,4,4,2,4,2,2,4,44,44,6,6
both_reverse__cup_box__measured_height__compact__reference_first__target_first,1.1,applied,both_move,order_reversed,both_reverse,cup_box,cup,box,measured_height,compact,reference_first,target_first,above,below,up,down,down,up,"Heights are measured from the floor. The box moves from a height of 4 feet to a height of 2 feet, measured from the floor. The cup moves from a height of 2 feet to a height of 4 feet, measured from the floor.","Heights are measured from the floor. The box moves from a height of 2 feet to a height of 4 feet, measured from the floor. The cup moves from a height of 4 feet to a height of 2 feet, measured from the floor.",The cup is above the box.,The cup is below the box.,Target1,Target2,2,4,4,2,4,2,2,4,44,44,6,6
both_reverse__cup_box__measured_height__compact__reference_first__reference_first,1.1,applied,both_move,order_reversed,both_reverse,cup_box,cup,box,measured_height,compact,reference_first,reference_first,below,above,up,down,down,up,"Heights are measured from the floor. The box moves from a height of 4 feet to a height of 2 feet, measured from the floor. The cup moves from a height of 2 feet to a height of 4 feet, measured from the floor.","Heights are measured from the floor. The box moves from a height of 2 feet to a height of 4 feet, measured from the floor. The cup moves from a height of 4 feet to a height of 2 feet, measured from the floor.",The box is below the cup.,The box is above the cup.,Target1,Target2,2,4,4,2,4,2,2,4,44,44,6,6
both_reverse__cup_box__measured_height__standard__target_first__target_first,1.1,applied,both_move,order_reversed,both_reverse,cup_box,cup,box,measured_height,standard,target_first,target_first,above,below,up,down,down,up,"In the room, the heights of both objects are measured from the same floor. The cup moves from a height of 2 feet to a height of 4 feet, measured from the floor. The box moves from a height of 4 feet to a height of 2 feet, measured from the floor.","In the room, the heights of both objects are measured from the same floor. The cup moves from a height of 4 feet to a height of 2 feet, measured from the floor. The box moves from a height of 2 feet to a height of 4 feet, measured from the floor.",The cup is above the box.,The cup is below the box.,Target1,Target2,2,4,4,2,4,2,2,4,52,52,6,6
both_reverse__cup_box__measured_height__standard__target_first__reference_first,1.1,applied,both_move,order_reversed,both_reverse,cup_box,cup,box,measured_height,standard,target_first,reference_first,below,above,up,down,down,up,"In the room, the heights of both objects are measured from the same floor. The cup moves from a height of 2 feet to a height of 4 feet, measured from the floor. The box moves from a height of 4 feet to a height of 2 feet, measured from the floor.","In the room, the heights of both objects are measured from the same floor. The cup moves from a height of 4 feet to a height of 2 feet, measured from the floor. The box moves from a height of 2 feet to a height of 4 feet, measured from the floor.",The box is below the cup.,The box is above the cup.,Target1,Target2,2,4,4,2,4,2,2,4,52,52,6,6
both_reverse__cup_box__measured_height__standard__reference_first__target_first,1.1,applied,both_move,order_reversed,both_reverse,cup_box,cup,box,measured_height,standard,reference_first,target_first,above,below,up,down,down,up,"In the room, the heights of both objects are measured from the same floor. The box moves from a height of 4 feet to a height of 2 feet, measured from the floor. The cup moves from a height of 2 feet to a height of 4 feet, measured from the floor.","In the room, the heights of both objects are measured from the same floor. The box moves from a height of 2 feet to a height of 4 feet, measured from the floor. The cup moves from a height of 4 feet to a height of 2 feet, measured from the floor.",The cup is above the box.,The cup is below the box.,Target1,Target2,2,4,4,2,4,2,2,4,52,52,6,6
both_reverse__cup_box__measured_height__standard__reference_first__reference_first,1.1,applied,both_move,order_reversed,both_reverse,cup_box,cup,box,measured_height,standard,reference_first,reference_first,below,above,up,down,down,up,"In the room, the heights of both objects are measured from the same floor. The box moves from a height of 4 feet to a height of 2 feet, measured from the floor. The cup moves from a height of 2 feet to a height of 4 feet, measured from the floor.","In the room, the heights of both objects are measured from the same floor. The box moves from a height of 2 feet to a height of 4 feet, measured from the floor. The cup moves from a height of 4 feet to a height of 2 feet, measured from the floor.",The box is below the cup.,The box is above the cup.,Target1,Target2,2,4,4,2,4,2,2,4,52,52,6,6
both_reverse__cup_box__measured_height__expanded__target_first__target_first,1.1,applied,both_move,order_reversed,both_reverse,cup_box,cup,box,measured_height,expanded,target_first,target_first,above,below,up,down,down,up,"In the room, the heights of both objects are measured from the same level floor. The floor stays fixed while the objects move or remain still. The cup moves from a height of 2 feet to a height of 4 feet, measured from the floor. The box moves from a height of 4 feet to a height of 2 feet, measured from the floor.","In the room, the heights of both objects are measured from the same level floor. The floor stays fixed while the objects move or remain still. The cup moves from a height of 4 feet to a height of 2 feet, measured from the floor. The box moves from a height of 2 feet to a height of 4 feet, measured from the floor.",The cup is above the box.,The cup is below the box.,Target1,Target2,2,4,4,2,4,2,2,4,64,64,6,6
both_reverse__cup_box__measured_height__expanded__target_first__reference_first,1.1,applied,both_move,order_reversed,both_reverse,cup_box,cup,box,measured_height,expanded,target_first,reference_first,below,above,up,down,down,up,"In the room, the heights of both objects are measured from the same level floor. The floor stays fixed while the objects move or remain still. The cup moves from a height of 2 feet to a height of 4 feet, measured from the floor. The box moves from a height of 4 feet to a height of 2 feet, measured from the floor.","In the room, the heights of both objects are measured from the same level floor. The floor stays fixed while the objects move or remain still. The cup moves from a height of 4 feet to a height of 2 feet, measured from the floor. The box moves from a height of 2 feet to a height of 4 feet, measured from the floor.",The box is below the cup.,The box is above the cup.,Target1,Target2,2,4,4,2,4,2,2,4,64,64,6,6
both_reverse__cup_box__measured_height__expanded__reference_first__target_first,1.1,applied,both_move,order_reversed,both_reverse,cup_box,cup,box,measured_height,expanded,reference_first,target_first,above,below,up,down,down,up,"In the room, the heights of both objects are measured from the same level floor. The floor stays fixed while the objects move or remain still. The box moves from a height of 4 feet to a height of 2 feet, measured from the floor. The cup moves from a height of 2 feet to a height of 4 feet, measured from the floor.","In the room, the heights of both objects are measured from the same level floor. The floor stays fixed while the objects move or remain still. The box moves from a height of 2 feet to a height of 4 feet, measured from the floor. The cup moves from a height of 4 feet to a height of 2 feet, measured from the floor.",The cup is above the box.,The cup is below the box.,Target1,Target2,2,4,4,2,4,2,2,4,64,64,6,6
both_reverse__cup_box__measured_height__expanded__reference_first__reference_first,1.1,applied,both_move,order_reversed,both_reverse,cup_box,cup,box,measured_height,expanded,reference_first,reference_first,below,above,up,down,down,up,"In the room, the heights of both objects are measured from the same level floor. The floor stays fixed while the objects move or remain still. The box moves from a height of 4 feet to a height of 2 feet, measured from the floor. The cup moves from a height of 2 feet to a height of 4 feet, measured from the floor.","In the room, the heights of both objects are measured from the same level floor. The floor stays fixed while the objects move or remain still. The box moves from a height of 2 feet to a height of 4 feet, measured from the floor. The cup moves from a height of 4 feet to a height of 2 feet, measured from the floor.",The box is below the cup.,The box is above the cup.,Target1,Target2,2,4,4,2,4,2,2,4,64,64,6,6
both_reverse__book_jar__named_shelves__compact__target_first__target_first,1.1,applied,both_move,order_reversed,both_reverse,book_jar,book,jar,named_shelves,compact,target_first,target_first,above,below,up,down,down,up,"The rack's shelves run from bottom through lower, middle, and upper to top. The book moves from the lower shelf to the upper shelf. The jar moves from the upper shelf to the lower shelf.","The rack's shelves run from bottom through lower, middle, and upper to top. The book moves from the upper shelf to the lower shelf. The jar moves from the lower shelf to the upper shelf.",The book is above the jar.,The book is below the jar.,Target1,Target2,2,4,4,2,4,2,2,4,36,36,6,6
both_reverse__book_jar__named_shelves__compact__target_first__reference_first,1.1,applied,both_move,order_reversed,both_reverse,book_jar,book,jar,named_shelves,compact,target_first,reference_first,below,above,up,down,down,up,"The rack's shelves run from bottom through lower, middle, and upper to top. The book moves from the lower shelf to the upper shelf. The jar moves from the upper shelf to the lower shelf.","The rack's shelves run from bottom through lower, middle, and upper to top. The book moves from the upper shelf to the lower shelf. The jar moves from the lower shelf to the upper shelf.",The jar is below the book.,The jar is above the book.,Target1,Target2,2,4,4,2,4,2,2,4,36,36,6,6
both_reverse__book_jar__named_shelves__compact__reference_first__target_first,1.1,applied,both_move,order_reversed,both_reverse,book_jar,book,jar,named_shelves,compact,reference_first,target_first,above,below,up,down,down,up,"The rack's shelves run from bottom through lower, middle, and upper to top. The jar moves from the upper shelf to the lower shelf. The book moves from the lower shelf to the upper shelf.","The rack's shelves run from bottom through lower, middle, and upper to top. The jar moves from the lower shelf to the upper shelf. The book moves from the upper shelf to the lower shelf.",The book is above the jar.,The book is below the jar.,Target1,Target2,2,4,4,2,4,2,2,4,36,36,6,6
both_reverse__book_jar__named_shelves__compact__reference_first__reference_first,1.1,applied,both_move,order_reversed,both_reverse,book_jar,book,jar,named_shelves,compact,reference_first,reference_first,below,above,up,down,down,up,"The rack's shelves run from bottom through lower, middle, and upper to top. The jar moves from the upper shelf to the lower shelf. The book moves from the lower shelf to the upper shelf.","The rack's shelves run from bottom through lower, middle, and upper to top. The jar moves from the lower shelf to the upper shelf. The book moves from the upper shelf to the lower shelf.",The jar is below the book.,The jar is above the book.,Target1,Target2,2,4,4,2,4,2,2,4,36,36,6,6
both_reverse__book_jar__named_shelves__standard__target_first__target_first,1.1,applied,both_move,order_reversed,both_reverse,book_jar,book,jar,named_shelves,standard,target_first,target_first,above,below,up,down,down,up,"In the room, a five-tier rack has bottom, lower, middle, upper, and top shelves, in that vertical order. The book moves from the lower shelf to the upper shelf. The jar moves from the upper shelf to the lower shelf.","In the room, a five-tier rack has bottom, lower, middle, upper, and top shelves, in that vertical order. The book moves from the upper shelf to the lower shelf. The jar moves from the lower shelf to the upper shelf.",The book is above the jar.,The book is below the jar.,Target1,Target2,2,4,4,2,4,2,2,4,41,41,6,6
both_reverse__book_jar__named_shelves__standard__target_first__reference_first,1.1,applied,both_move,order_reversed,both_reverse,book_jar,book,jar,named_shelves,standard,target_first,reference_first,below,above,up,down,down,up,"In the room, a five-tier rack has bottom, lower, middle, upper, and top shelves, in that vertical order. The book moves from the lower shelf to the upper shelf. The jar moves from the upper shelf to the lower shelf.","In the room, a five-tier rack has bottom, lower, middle, upper, and top shelves, in that vertical order. The book moves from the upper shelf to the lower shelf. The jar moves from the lower shelf to the upper shelf.",The jar is below the book.,The jar is above the book.,Target1,Target2,2,4,4,2,4,2,2,4,41,41,6,6
both_reverse__book_jar__named_shelves__standard__reference_first__target_first,1.1,applied,both_move,order_reversed,both_reverse,book_jar,book,jar,named_shelves,standard,reference_first,target_first,above,below,up,down,down,up,"In the room, a five-tier rack has bottom, lower, middle, upper, and top shelves, in that vertical order. The jar moves from the upper shelf to the lower shelf. The book moves from the lower shelf to the upper shelf.","In the room, a five-tier rack has bottom, lower, middle, upper, and top shelves, in that vertical order. The jar moves from the lower shelf to the upper shelf. The book moves from the upper shelf to the lower shelf.",The book is above the jar.,The book is below the jar.,Target1,Target2,2,4,4,2,4,2,2,4,41,41,6,6
both_reverse__book_jar__named_shelves__standard__reference_first__reference_first,1.1,applied,both_move,order_reversed,both_reverse,book_jar,book,jar,named_shelves,standard,reference_first,reference_first,below,above,up,down,down,up,"In the room, a five-tier rack has bottom, lower, middle, upper, and top shelves, in that vertical order. The jar moves from the upper shelf to the lower shelf. The book moves from the lower shelf to the upper shelf.","In the room, a five-tier rack has bottom, lower, middle, upper, and top shelves, in that vertical order. The jar moves from the lower shelf to the upper shelf. The book moves from the upper shelf to the lower shelf.",The jar is below the book.,The jar is above the book.,Target1,Target2,2,4,4,2,4,2,2,4,41,41,6,6
both_reverse__book_jar__named_shelves__expanded__target_first__target_first,1.1,applied,both_move,order_reversed,both_reverse,book_jar,book,jar,named_shelves,expanded,target_first,target_first,above,below,up,down,down,up,"In the room, a fixed five-tier rack has bottom, lower, middle, upper, and top shelves, in that vertical order. Each shelf stays at its level throughout the scene. The book moves from the lower shelf to the upper shelf. The jar moves from the upper shelf to the lower shelf.","In the room, a fixed five-tier rack has bottom, lower, middle, upper, and top shelves, in that vertical order. Each shelf stays at its level throughout the scene. The book moves from the upper shelf to the lower shelf. The jar moves from the lower shelf to the upper shelf.",The book is above the jar.,The book is below the jar.,Target1,Target2,2,4,4,2,4,2,2,4,51,51,6,6
both_reverse__book_jar__named_shelves__expanded__target_first__reference_first,1.1,applied,both_move,order_reversed,both_reverse,book_jar,book,jar,named_shelves,expanded,target_first,reference_first,below,above,up,down,down,up,"In the room, a fixed five-tier rack has bottom, lower, middle, upper, and top shelves, in that vertical order. Each shelf stays at its level throughout the scene. The book moves from the lower shelf to the upper shelf. The jar moves from the upper shelf to the lower shelf.","In the room, a fixed five-tier rack has bottom, lower, middle, upper, and top shelves, in that vertical order. Each shelf stays at its level throughout the scene. The book moves from the upper shelf to the lower shelf. The jar moves from the lower shelf to the upper shelf.",The jar is below the book.,The jar is above the book.,Target1,Target2,2,4,4,2,4,2,2,4,51,51,6,6
both_reverse__book_jar__named_shelves__expanded__reference_first__target_first,1.1,applied,both_move,order_reversed,both_reverse,book_jar,book,jar,named_shelves,expanded,reference_first,target_first,above,below,up,down,down,up,"In the room, a fixed five-tier rack has bottom, lower, middle, upper, and top shelves, in that vertical order. Each shelf stays at its level throughout the scene. The jar moves from the upper shelf to the lower shelf. The book moves from the lower shelf to the upper shelf.","In the room, a fixed five-tier rack has bottom, lower, middle, upper, and top shelves, in that vertical order. Each shelf stays at its level throughout the scene. The jar moves from the lower shelf to the upper shelf. The book moves from the upper shelf to the lower shelf.",The book is above the jar.,The book is below the jar.,Target1,Target2,2,4,4,2,4,2,2,4,51,51,6,6
both_reverse__book_jar__named_shelves__expanded__reference_first__reference_first,1.1,applied,both_move,order_reversed,both_reverse,book_jar,book,jar,named_shelves,expanded,reference_first,reference_first,below,above,up,down,down,up,"In the room, a fixed five-tier rack has bottom, lower, middle, upper, and top shelves, in that vertical order. Each shelf stays at its level throughout the scene. The jar moves from the upper shelf to the lower shelf. The book moves from the lower shelf to the upper shelf.","In the room, a fixed five-tier rack has bottom, lower, middle, upper, and top shelves, in that vertical order. Each shelf stays at its level throughout the scene. The jar moves from the lower shelf to the upper shelf. The book moves from the upper shelf to the lower shelf.",The jar is below the book.,The jar is above the book.,Target1,Target2,2,4,4,2,4,2,2,4,51,51,6,6
both_reverse__book_jar__measured_height__compact__target_first__target_first,1.1,applied,both_move,order_reversed,both_reverse,book_jar,book,jar,measured_height,compact,target_first,target_first,above,below,up,down,down,up,"Heights are measured from the floor. The book moves from a height of 2 feet to a height of 4 feet, measured from the floor. The jar moves from a height of 4 feet to a height of 2 feet, measured from the floor.","Heights are measured from the floor. The book moves from a height of 4 feet to a height of 2 feet, measured from the floor. The jar moves from a height of 2 feet to a height of 4 feet, measured from the floor.",The book is above the jar.,The book is below the jar.,Target1,Target2,2,4,4,2,4,2,2,4,44,44,6,6
both_reverse__book_jar__measured_height__compact__target_first__reference_first,1.1,applied,both_move,order_reversed,both_reverse,book_jar,book,jar,measured_height,compact,target_first,reference_first,below,above,up,down,down,up,"Heights are measured from the floor. The book moves from a height of 2 feet to a height of 4 feet, measured from the floor. The jar moves from a height of 4 feet to a height of 2 feet, measured from the floor.","Heights are measured from the floor. The book moves from a height of 4 feet to a height of 2 feet, measured from the floor. The jar moves from a height of 2 feet to a height of 4 feet, measured from the floor.",The jar is below the book.,The jar is above the book.,Target1,Target2,2,4,4,2,4,2,2,4,44,44,6,6
both_reverse__book_jar__measured_height__compact__reference_first__target_first,1.1,applied,both_move,order_reversed,both_reverse,book_jar,book,jar,measured_height,compact,reference_first,target_first,above,below,up,down,down,up,"Heights are measured from the floor. The jar moves from a height of 4 feet to a height of 2 feet, measured from the floor. The book moves from a height of 2 feet to a height of 4 feet, measured from the floor.","Heights are measured from the floor. The jar moves from a height of 2 feet to a height of 4 feet, measured from the floor. The book moves from a height of 4 feet to a height of 2 feet, measured from the floor.",The book is above the jar.,The book is below the jar.,Target1,Target2,2,4,4,2,4,2,2,4,44,44,6,6
both_reverse__book_jar__measured_height__compact__reference_first__reference_first,1.1,applied,both_move,order_reversed,both_reverse,book_jar,book,jar,measured_height,compact,reference_first,reference_first,below,above,up,down,down,up,"Heights are measured from the floor. The jar moves from a height of 4 feet to a height of 2 feet, measured from the floor. The book moves from a height of 2 feet to a height of 4 feet, measured from the floor.","Heights are measured from the floor. The jar moves from a height of 2 feet to a height of 4 feet, measured from the floor. The book moves from a height of 4 feet to a height of 2 feet, measured from the floor.",The jar is below the book.,The jar is above the book.,Target1,Target2,2,4,4,2,4,2,2,4,44,44,6,6
both_reverse__book_jar__measured_height__standard__target_first__target_first,1.1,applied,both_move,order_reversed,both_reverse,book_jar,book,jar,measured_height,standard,target_first,target_first,above,below,up,down,down,up,"In the room, the heights of both objects are measured from the same floor. The book moves from a height of 2 feet to a height of 4 feet, measured from the floor. The jar moves from a height of 4 feet to a height of 2 feet, measured from the floor.","In the room, the heights of both objects are measured from the same floor. The book moves from a height of 4 feet to a height of 2 feet, measured from the floor. The jar moves from a height of 2 feet to a height of 4 feet, measured from the floor.",The book is above the jar.,The book is below the jar.,Target1,Target2,2,4,4,2,4,2,2,4,52,52,6,6
both_reverse__book_jar__measured_height__standard__target_first__reference_first,1.1,applied,both_move,order_reversed,both_reverse,book_jar,book,jar,measured_height,standard,target_first,reference_first,below,above,up,down,down,up,"In the room, the heights of both objects are measured from the same floor. The book moves from a height of 2 feet to a height of 4 feet, measured from the floor. The jar moves from a height of 4 feet to a height of 2 feet, measured from the floor.","In the room, the heights of both objects are measured from the same floor. The book moves from a height of 4 feet to a height of 2 feet, measured from the floor. The jar moves from a height of 2 feet to a height of 4 feet, measured from the floor.",The jar is below the book.,The jar is above the book.,Target1,Target2,2,4,4,2,4,2,2,4,52,52,6,6
both_reverse__book_jar__measured_height__standard__reference_first__target_first,1.1,applied,both_move,order_reversed,both_reverse,book_jar,book,jar,measured_height,standard,reference_first,target_first,above,below,up,down,down,up,"In the room, the heights of both objects are measured from the same floor. The jar moves from a height of 4 feet to a height of 2 feet, measured from the floor. The book moves from a height of 2 feet to a height of 4 feet, measured from the floor.","In the room, the heights of both objects are measured from the same floor. The jar moves from a height of 2 feet to a height of 4 feet, measured from the floor. The book moves from a height of 4 feet to a height of 2 feet, measured from the floor.",The book is above the jar.,The book is below the jar.,Target1,Target2,2,4,4,2,4,2,2,4,52,52,6,6
both_reverse__book_jar__measured_height__standard__reference_first__reference_first,1.1,applied,both_move,order_reversed,both_reverse,book_jar,book,jar,measured_height,standard,reference_first,reference_first,below,above,up,down,down,up,"In the room, the heights of both objects are measured from the same floor. The jar moves from a height of 4 feet to a height of 2 feet, measured from the floor. The book moves from a height of 2 feet to a height of 4 feet, measured from the floor.","In the room, the heights of both objects are measured from the same floor. The jar moves from a height of 2 feet to a height of 4 feet, measured from the floor. The book moves from a height of 4 feet to a height of 2 feet, measured from the floor.",The jar is below the book.,The jar is above the book.,Target1,Target2,2,4,4,2,4,2,2,4,52,52,6,6
both_reverse__book_jar__measured_height__expanded__target_first__target_first,1.1,applied,both_move,order_reversed,both_reverse,book_jar,book,jar,measured_height,expanded,target_first,target_first,above,below,up,down,down,up,"In the room, the heights of both objects are measured from the same level floor. The floor stays fixed while the objects move or remain still. The book moves from a height of 2 feet to a height of 4 feet, measured from the floor. The jar moves from a height of 4 feet to a height of 2 feet, measured from the floor.","In the room, the heights of both objects are measured from the same level floor. The floor stays fixed while the objects move or remain still. The book moves from a height of 4 feet to a height of 2 feet, measured from the floor. The jar moves from a height of 2 feet to a height of 4 feet, measured from the floor.",The book is above the jar.,The book is below the jar.,Target1,Target2,2,4,4,2,4,2,2,4,64,64,6,6
both_reverse__book_jar__measured_height__expanded__target_first__reference_first,1.1,applied,both_move,order_reversed,both_reverse,book_jar,book,jar,measured_height,expanded,target_first,reference_first,below,above,up,down,down,up,"In the room, the heights of both objects are measured from the same level floor. The floor stays fixed while the objects move or remain still. The book moves from a height of 2 feet to a height of 4 feet, measured from the floor. The jar moves from a height of 4 feet to a height of 2 feet, measured from the floor.","In the room, the heights of both objects are measured from the same level floor. The floor stays fixed while the objects move or remain still. The book moves from a height of 4 feet to a height of 2 feet, measured from the floor. The jar moves from a height of 2 feet to a height of 4 feet, measured from the floor.",The jar is below the book.,The jar is above the book.,Target1,Target2,2,4,4,2,4,2,2,4,64,64,6,6
both_reverse__book_jar__measured_height__expanded__reference_first__target_first,1.1,applied,both_move,order_reversed,both_reverse,book_jar,book,jar,measured_height,expanded,reference_first,target_first,above,below,up,down,down,up,"In the room, the heights of both objects are measured from the same level floor. The floor stays fixed while the objects move or remain still. The jar moves from a height of 4 feet to a height of 2 feet, measured from the floor. The book moves from a height of 2 feet to a height of 4 feet, measured from the floor.","In the room, the heights of both objects are measured from the same level floor. The floor stays fixed while the objects move or remain still. The jar moves from a height of 2 feet to a height of 4 feet, measured from the floor. The book moves from a height of 4 feet to a height of 2 feet, measured from the floor.",The book is above the jar.,The book is below the jar.,Target1,Target2,2,4,4,2,4,2,2,4,64,64,6,6
both_reverse__book_jar__measured_height__expanded__reference_first__reference_first,1.1,applied,both_move,order_reversed,both_reverse,book_jar,book,jar,measured_height,expanded,reference_first,reference_first,below,above,up,down,down,up,"In the room, the heights of both objects are measured from the same level floor. The floor stays fixed while the objects move or remain still. The jar moves from a height of 4 feet to a height of 2 feet, measured from the floor. The book moves from a height of 2 feet to a height of 4 feet, measured from the floor.","In the room, the heights of both objects are measured from the same level floor. The floor stays fixed while the objects move or remain still. The jar moves from a height of 2 feet to a height of 4 feet, measured from the floor. The book moves from a height of 4 feet to a height of 2 feet, measured from the floor.",The jar is below the book.,The jar is above the book.,Target1,Target2,2,4,4,2,4,2,2,4,64,64,6,6
both_reverse__toy_key__named_shelves__compact__target_first__target_first,1.1,applied,both_move,order_reversed,both_reverse,toy_key,toy,key,named_shelves,compact,target_first,target_first,above,below,up,down,down,up,"The rack's shelves run from bottom through lower, middle, and upper to top. The toy moves from the lower shelf to the upper shelf. The key moves from the upper shelf to the lower shelf.","The rack's shelves run from bottom through lower, middle, and upper to top. The toy moves from the upper shelf to the lower shelf. The key moves from the lower shelf to the upper shelf.",The toy is above the key.,The toy is below the key.,Target1,Target2,2,4,4,2,4,2,2,4,36,36,6,6
both_reverse__toy_key__named_shelves__compact__target_first__reference_first,1.1,applied,both_move,order_reversed,both_reverse,toy_key,toy,key,named_shelves,compact,target_first,reference_first,below,above,up,down,down,up,"The rack's shelves run from bottom through lower, middle, and upper to top. The toy moves from the lower shelf to the upper shelf. The key moves from the upper shelf to the lower shelf.","The rack's shelves run from bottom through lower, middle, and upper to top. The toy moves from the upper shelf to the lower shelf. The key moves from the lower shelf to the upper shelf.",The key is below the toy.,The key is above the toy.,Target1,Target2,2,4,4,2,4,2,2,4,36,36,6,6
both_reverse__toy_key__named_shelves__compact__reference_first__target_first,1.1,applied,both_move,order_reversed,both_reverse,toy_key,toy,key,named_shelves,compact,reference_first,target_first,above,below,up,down,down,up,"The rack's shelves run from bottom through lower, middle, and upper to top. The key moves from the upper shelf to the lower shelf. The toy moves from the lower shelf to the upper shelf.","The rack's shelves run from bottom through lower, middle, and upper to top. The key moves from the lower shelf to the upper shelf. The toy moves from the upper shelf to the lower shelf.",The toy is above the key.,The toy is below the key.,Target1,Target2,2,4,4,2,4,2,2,4,36,36,6,6
both_reverse__toy_key__named_shelves__compact__reference_first__reference_first,1.1,applied,both_move,order_reversed,both_reverse,toy_key,toy,key,named_shelves,compact,reference_first,reference_first,below,above,up,down,down,up,"The rack's shelves run from bottom through lower, middle, and upper to top. The key moves from the upper shelf to the lower shelf. The toy moves from the lower shelf to the upper shelf.","The rack's shelves run from bottom through lower, middle, and upper to top. The key moves from the lower shelf to the upper shelf. The toy moves from the upper shelf to the lower shelf.",The key is below the toy.,The key is above the toy.,Target1,Target2,2,4,4,2,4,2,2,4,36,36,6,6
both_reverse__toy_key__named_shelves__standard__target_first__target_first,1.1,applied,both_move,order_reversed,both_reverse,toy_key,toy,key,named_shelves,standard,target_first,target_first,above,below,up,down,down,up,"In the room, a five-tier rack has bottom, lower, middle, upper, and top shelves, in that vertical order. The toy moves from the lower shelf to the upper shelf. The key moves from the upper shelf to the lower shelf.","In the room, a five-tier rack has bottom, lower, middle, upper, and top shelves, in that vertical order. The toy moves from the upper shelf to the lower shelf. The key moves from the lower shelf to the upper shelf.",The toy is above the key.,The toy is below the key.,Target1,Target2,2,4,4,2,4,2,2,4,41,41,6,6
both_reverse__toy_key__named_shelves__standard__target_first__reference_first,1.1,applied,both_move,order_reversed,both_reverse,toy_key,toy,key,named_shelves,standard,target_first,reference_first,below,above,up,down,down,up,"In the room, a five-tier rack has bottom, lower, middle, upper, and top shelves, in that vertical order. The toy moves from the lower shelf to the upper shelf. The key moves from the upper shelf to the lower shelf.","In the room, a five-tier rack has bottom, lower, middle, upper, and top shelves, in that vertical order. The toy moves from the upper shelf to the lower shelf. The key moves from the lower shelf to the upper shelf.",The key is below the toy.,The key is above the toy.,Target1,Target2,2,4,4,2,4,2,2,4,41,41,6,6
both_reverse__toy_key__named_shelves__standard__reference_first__target_first,1.1,applied,both_move,order_reversed,both_reverse,toy_key,toy,key,named_shelves,standard,reference_first,target_first,above,below,up,down,down,up,"In the room, a five-tier rack has bottom, lower, middle, upper, and top shelves, in that vertical order. The key moves from the upper shelf to the lower shelf. The toy moves from the lower shelf to the upper shelf.","In the room, a five-tier rack has bottom, lower, middle, upper, and top shelves, in that vertical order. The key moves from the lower shelf to the upper shelf. The toy moves from the upper shelf to the lower shelf.",The toy is above the key.,The toy is below the key.,Target1,Target2,2,4,4,2,4,2,2,4,41,41,6,6
both_reverse__toy_key__named_shelves__standard__reference_first__reference_first,1.1,applied,both_move,order_reversed,both_reverse,toy_key,toy,key,named_shelves,standard,reference_first,reference_first,below,above,up,down,down,up,"In the room, a five-tier rack has bottom, lower, middle, upper, and top shelves, in that vertical order. The key moves from the upper shelf to the lower shelf. The toy moves from the lower shelf to the upper shelf.","In the room, a five-tier rack has bottom, lower, middle, upper, and top shelves, in that vertical order. The key moves from the lower shelf to the upper shelf. The toy moves from the upper shelf to the lower shelf.",The key is below the toy.,The key is above the toy.,Target1,Target2,2,4,4,2,4,2,2,4,41,41,6,6
both_reverse__toy_key__named_shelves__expanded__target_first__target_first,1.1,applied,both_move,order_reversed,both_reverse,toy_key,toy,key,named_shelves,expanded,target_first,target_first,above,below,up,down,down,up,"In the room, a fixed five-tier rack has bottom, lower, middle, upper, and top shelves, in that vertical order. Each shelf stays at its level throughout the scene. The toy moves from the lower shelf to the upper shelf. The key moves from the upper shelf to the lower shelf.","In the room, a fixed five-tier rack has bottom, lower, middle, upper, and top shelves, in that vertical order. Each shelf stays at its level throughout the scene. The toy moves from the upper shelf to the lower shelf. The key moves from the lower shelf to the upper shelf.",The toy is above the key.,The toy is below the key.,Target1,Target2,2,4,4,2,4,2,2,4,51,51,6,6
both_reverse__toy_key__named_shelves__expanded__target_first__reference_first,1.1,applied,both_move,order_reversed,both_reverse,toy_key,toy,key,named_shelves,expanded,target_first,reference_first,below,above,up,down,down,up,"In the room, a fixed five-tier rack has bottom, lower, middle, upper, and top shelves, in that vertical order. Each shelf stays at its level throughout the scene. The toy moves from the lower shelf to the upper shelf. The key moves from the upper shelf to the lower shelf.","In the room, a fixed five-tier rack has bottom, lower, middle, upper, and top shelves, in that vertical order. Each shelf stays at its level throughout the scene. The toy moves from the upper shelf to the lower shelf. The key moves from the lower shelf to the upper shelf.",The key is below the toy.,The key is above the toy.,Target1,Target2,2,4,4,2,4,2,2,4,51,51,6,6
both_reverse__toy_key__named_shelves__expanded__reference_first__target_first,1.1,applied,both_move,order_reversed,both_reverse,toy_key,toy,key,named_shelves,expanded,reference_first,target_first,above,below,up,down,down,up,"In the room, a fixed five-tier rack has bottom, lower, middle, upper, and top shelves, in that vertical order. Each shelf stays at its level throughout the scene. The key moves from the upper shelf to the lower shelf. The toy moves from the lower shelf to the upper shelf.","In the room, a fixed five-tier rack has bottom, lower, middle, upper, and top shelves, in that vertical order. Each shelf stays at its level throughout the scene. The key moves from the lower shelf to the upper shelf. The toy moves from the upper shelf to the lower shelf.",The toy is above the key.,The toy is below the key.,Target1,Target2,2,4,4,2,4,2,2,4,51,51,6,6
both_reverse__toy_key__named_shelves__expanded__reference_first__reference_first,1.1,applied,both_move,order_reversed,both_reverse,toy_key,toy,key,named_shelves,expanded,reference_first,reference_first,below,above,up,down,down,up,"In the room, a fixed five-tier rack has bottom, lower, middle, upper, and top shelves, in that vertical order. Each shelf stays at its level throughout the scene. The key moves from the upper shelf to the lower shelf. The toy moves from the lower shelf to the upper shelf.","In the room, a fixed five-tier rack has bottom, lower, middle, upper, and top shelves, in that vertical order. Each shelf stays at its level throughout the scene. The key moves from the lower shelf to the upper shelf. The toy moves from the upper shelf to the lower shelf.",The key is below the toy.,The key is above the toy.,Target1,Target2,2,4,4,2,4,2,2,4,51,51,6,6
both_reverse__toy_key__measured_height__compact__target_first__target_first,1.1,applied,both_move,order_reversed,both_reverse,toy_key,toy,key,measured_height,compact,target_first,target_first,above,below,up,down,down,up,"Heights are measured from the floor. The toy moves from a height of 2 feet to a height of 4 feet, measured from the floor. The key moves from a height of 4 feet to a height of 2 feet, measured from the floor.","Heights are measured from the floor. The toy moves from a height of 4 feet to a height of 2 feet, measured from the floor. The key moves from a height of 2 feet to a height of 4 feet, measured from the floor.",The toy is above the key.,The toy is below the key.,Target1,Target2,2,4,4,2,4,2,2,4,44,44,6,6
both_reverse__toy_key__measured_height__compact__target_first__reference_first,1.1,applied,both_move,order_reversed,both_reverse,toy_key,toy,key,measured_height,compact,target_first,reference_first,below,above,up,down,down,up,"Heights are measured from the floor. The toy moves from a height of 2 feet to a height of 4 feet, measured from the floor. The key moves from a height of 4 feet to a height of 2 feet, measured from the floor.","Heights are measured from the floor. The toy moves from a height of 4 feet to a height of 2 feet, measured from the floor. The key moves from a height of 2 feet to a height of 4 feet, measured from the floor.",The key is below the toy.,The key is above the toy.,Target1,Target2,2,4,4,2,4,2,2,4,44,44,6,6
both_reverse__toy_key__measured_height__compact__reference_first__target_first,1.1,applied,both_move,order_reversed,both_reverse,toy_key,toy,key,measured_height,compact,reference_first,target_first,above,below,up,down,down,up,"Heights are measured from the floor. The key moves from a height of 4 feet to a height of 2 feet, measured from the floor. The toy moves from a height of 2 feet to a height of 4 feet, measured from the floor.","Heights are measured from the floor. The key moves from a height of 2 feet to a height of 4 feet, measured from the floor. The toy moves from a height of 4 feet to a height of 2 feet, measured from the floor.",The toy is above the key.,The toy is below the key.,Target1,Target2,2,4,4,2,4,2,2,4,44,44,6,6
both_reverse__toy_key__measured_height__compact__reference_first__reference_first,1.1,applied,both_move,order_reversed,both_reverse,toy_key,toy,key,measured_height,compact,reference_first,reference_first,below,above,up,down,down,up,"Heights are measured from the floor. The key moves from a height of 4 feet to a height of 2 feet, measured from the floor. The toy moves from a height of 2 feet to a height of 4 feet, measured from the floor.","Heights are measured from the floor. The key moves from a height of 2 feet to a height of 4 feet, measured from the floor. The toy moves from a height of 4 feet to a height of 2 feet, measured from the floor.",The key is below the toy.,The key is above the toy.,Target1,Target2,2,4,4,2,4,2,2,4,44,44,6,6
both_reverse__toy_key__measured_height__standard__target_first__target_first,1.1,applied,both_move,order_reversed,both_reverse,toy_key,toy,key,measured_height,standard,target_first,target_first,above,below,up,down,down,up,"In the room, the heights of both objects are measured from the same floor. The toy moves from a height of 2 feet to a height of 4 feet, measured from the floor. The key moves from a height of 4 feet to a height of 2 feet, measured from the floor.","In the room, the heights of both objects are measured from the same floor. The toy moves from a height of 4 feet to a height of 2 feet, measured from the floor. The key moves from a height of 2 feet to a height of 4 feet, measured from the floor.",The toy is above the key.,The toy is below the key.,Target1,Target2,2,4,4,2,4,2,2,4,52,52,6,6
both_reverse__toy_key__measured_height__standard__target_first__reference_first,1.1,applied,both_move,order_reversed,both_reverse,toy_key,toy,key,measured_height,standard,target_first,reference_first,below,above,up,down,down,up,"In the room, the heights of both objects are measured from the same floor. The toy moves from a height of 2 feet to a height of 4 feet, measured from the floor. The key moves from a height of 4 feet to a height of 2 feet, measured from the floor.","In the room, the heights of both objects are measured from the same floor. The toy moves from a height of 4 feet to a height of 2 feet, measured from the floor. The key moves from a height of 2 feet to a height of 4 feet, measured from the floor.",The key is below the toy.,The key is above the toy.,Target1,Target2,2,4,4,2,4,2,2,4,52,52,6,6
both_reverse__toy_key__measured_height__standard__reference_first__target_first,1.1,applied,both_move,order_reversed,both_reverse,toy_key,toy,key,measured_height,standard,reference_first,target_first,above,below,up,down,down,up,"In the room, the heights of both objects are measured from the same floor. The key moves from a height of 4 feet to a height of 2 feet, measured from the floor. The toy moves from a height of 2 feet to a height of 4 feet, measured from the floor.","In the room, the heights of both objects are measured from the same floor. The key moves from a height of 2 feet to a height of 4 feet, measured from the floor. The toy moves from a height of 4 feet to a height of 2 feet, measured from the floor.",The toy is above the key.,The toy is below the key.,Target1,Target2,2,4,4,2,4,2,2,4,52,52,6,6
both_reverse__toy_key__measured_height__standard__reference_first__reference_first,1.1,applied,both_move,order_reversed,both_reverse,toy_key,toy,key,measured_height,standard,reference_first,reference_first,below,above,up,down,down,up,"In the room, the heights of both objects are measured from the same floor. The key moves from a height of 4 feet to a height of 2 feet, measured from the floor. The toy moves from a height of 2 feet to a height of 4 feet, measured from the floor.","In the room, the heights of both objects are measured from the same floor. The key moves from a height of 2 feet to a height of 4 feet, measured from the floor. The toy moves from a height of 4 feet to a height of 2 feet, measured from the floor.",The key is below the toy.,The key is above the toy.,Target1,Target2,2,4,4,2,4,2,2,4,52,52,6,6
both_reverse__toy_key__measured_height__expanded__target_first__target_first,1.1,applied,both_move,order_reversed,both_reverse,toy_key,toy,key,measured_height,expanded,target_first,target_first,above,below,up,down,down,up,"In the room, the heights of both objects are measured from the same level floor. The floor stays fixed while the objects move or remain still. The toy moves from a height of 2 feet to a height of 4 feet, measured from the floor. The key moves from a height of 4 feet to a height of 2 feet, measured from the floor.","In the room, the heights of both objects are measured from the same level floor. The floor stays fixed while the objects move or remain still. The toy moves from a height of 4 feet to a height of 2 feet, measured from the floor. The key moves from a height of 2 feet to a height of 4 feet, measured from the floor.",The toy is above the key.,The toy is below the key.,Target1,Target2,2,4,4,2,4,2,2,4,64,64,6,6
both_reverse__toy_key__measured_height__expanded__target_first__reference_first,1.1,applied,both_move,order_reversed,both_reverse,toy_key,toy,key,measured_height,expanded,target_first,reference_first,below,above,up,down,down,up,"In the room, the heights of both objects are measured from the same level floor. The floor stays fixed while the objects move or remain still. The toy moves from a height of 2 feet to a height of 4 feet, measured from the floor. The key moves from a height of 4 feet to a height of 2 feet, measured from the floor.","In the room, the heights of both objects are measured from the same level floor. The floor stays fixed while the objects move or remain still. The toy moves from a height of 4 feet to a height of 2 feet, measured from the floor. The key moves from a height of 2 feet to a height of 4 feet, measured from the floor.",The key is below the toy.,The key is above the toy.,Target1,Target2,2,4,4,2,4,2,2,4,64,64,6,6
both_reverse__toy_key__measured_height__expanded__reference_first__target_first,1.1,applied,both_move,order_reversed,both_reverse,toy_key,toy,key,measured_height,expanded,reference_first,target_first,above,below,up,down,down,up,"In the room, the heights of both objects are measured from the same level floor. The floor stays fixed while the objects move or remain still. The key moves from a height of 4 feet to a height of 2 feet, measured from the floor. The toy moves from a height of 2 feet to a height of 4 feet, measured from the floor.","In the room, the heights of both objects are measured from the same level floor. The floor stays fixed while the objects move or remain still. The key moves from a height of 2 feet to a height of 4 feet, measured from the floor. The toy moves from a height of 4 feet to a height of 2 feet, measured from the floor.",The toy is above the key.,The toy is below the key.,Target1,Target2,2,4,4,2,4,2,2,4,64,64,6,6
both_reverse__toy_key__measured_height__expanded__reference_first__reference_first,1.1,applied,both_move,order_reversed,both_reverse,toy_key,toy,key,measured_height,expanded,reference_first,reference_first,below,above,up,down,down,up,"In the room, the heights of both objects are measured from the same level floor. The floor stays fixed while the objects move or remain still. The key moves from a height of 4 feet to a height of 2 feet, measured from the floor. The toy moves from a height of 2 feet to a height of 4 feet, measured from the floor.","In the room, the heights of both objects are measured from the same level floor. The floor stays fixed while the objects move or remain still. The key moves from a height of 2 feet to a height of 4 feet, measured from the floor. The toy moves from a height of 4 feet to a height of 2 feet, measured from the floor.",The key is below the toy.,The key is above the toy.,Target1,Target2,2,4,4,2,4,2,2,4,64,64,6,6
direct_label_plain__ball_cone__direct_label_plain__compact__target_first__target_first,1.1,control,direct_label_control,plain,direct_label_plain,ball_cone,ball,cone,direct_label_plain,compact,target_first,target_first,above,below,,,,,The ball is above the cone.,The ball is below the cone.,The ball is above the cone.,The ball is below the cone.,Target1,Target2,,,,,,,,,6,6,6,6
direct_label_plain__ball_cone__direct_label_plain__compact__target_first__reference_first,1.1,control,direct_label_control,plain,direct_label_plain,ball_cone,ball,cone,direct_label_plain,compact,target_first,reference_first,below,above,,,,,The ball is above the cone.,The ball is below the cone.,The cone is below the ball.,The cone is above the ball.,Target1,Target2,,,,,,,,,6,6,6,6
direct_label_plain__ball_cone__direct_label_plain__compact__reference_first__target_first,1.1,control,direct_label_control,plain,direct_label_plain,ball_cone,ball,cone,direct_label_plain,compact,reference_first,target_first,above,below,,,,,The cone is below the ball.,The cone is above the ball.,The ball is above the cone.,The ball is below the cone.,Target1,Target2,,,,,,,,,6,6,6,6
direct_label_plain__ball_cone__direct_label_plain__compact__reference_first__reference_first,1.1,control,direct_label_control,plain,direct_label_plain,ball_cone,ball,cone,direct_label_plain,compact,reference_first,reference_first,below,above,,,,,The cone is below the ball.,The cone is above the ball.,The cone is below the ball.,The cone is above the ball.,Target1,Target2,,,,,,,,,6,6,6,6
direct_label_plain__ball_cone__direct_label_plain__standard__target_first__target_first,1.1,control,direct_label_control,plain,direct_label_plain,ball_cone,ball,cone,direct_label_plain,standard,target_first,target_first,above,below,,,,,"In the room, the ball is above the cone.","In the room, the ball is below the cone.",The ball is above the cone.,The ball is below the cone.,Target1,Target2,,,,,,,,,9,9,6,6
direct_label_plain__ball_cone__direct_label_plain__standard__target_first__reference_first,1.1,control,direct_label_control,plain,direct_label_plain,ball_cone,ball,cone,direct_label_plain,standard,target_first,reference_first,below,above,,,,,"In the room, the ball is above the cone.","In the room, the ball is below the cone.",The cone is below the ball.,The cone is above the ball.,Target1,Target2,,,,,,,,,9,9,6,6
direct_label_plain__ball_cone__direct_label_plain__standard__reference_first__target_first,1.1,control,direct_label_control,plain,direct_label_plain,ball_cone,ball,cone,direct_label_plain,standard,reference_first,target_first,above,below,,,,,"In the room, the cone is below the ball.","In the room, the cone is above the ball.",The ball is above the cone.,The ball is below the cone.,Target1,Target2,,,,,,,,,9,9,6,6
direct_label_plain__ball_cone__direct_label_plain__standard__reference_first__reference_first,1.1,control,direct_label_control,plain,direct_label_plain,ball_cone,ball,cone,direct_label_plain,standard,reference_first,reference_first,below,above,,,,,"In the room, the cone is below the ball.","In the room, the cone is above the ball.",The cone is below the ball.,The cone is above the ball.,Target1,Target2,,,,,,,,,9,9,6,6
direct_label_plain__ball_cone__direct_label_plain__expanded__target_first__target_first,1.1,control,direct_label_control,plain,direct_label_plain,ball_cone,ball,cone,direct_label_plain,expanded,target_first,target_first,above,below,,,,,"In the room, the two objects have fixed positions. The ball is above the cone.","In the room, the two objects have fixed positions. The ball is below the cone.",The ball is above the cone.,The ball is below the cone.,Target1,Target2,,,,,,,,,15,15,6,6
direct_label_plain__ball_cone__direct_label_plain__expanded__target_first__reference_first,1.1,control,direct_label_control,plain,direct_label_plain,ball_cone,ball,cone,direct_label_plain,expanded,target_first,reference_first,below,above,,,,,"In the room, the two objects have fixed positions. The ball is above the cone.","In the room, the two objects have fixed positions. The ball is below the cone.",The cone is below the ball.,The cone is above the ball.,Target1,Target2,,,,,,,,,15,15,6,6
direct_label_plain__ball_cone__direct_label_plain__expanded__reference_first__target_first,1.1,control,direct_label_control,plain,direct_label_plain,ball_cone,ball,cone,direct_label_plain,expanded,reference_first,target_first,above,below,,,,,"In the room, the two objects have fixed positions. The cone is below the ball.","In the room, the two objects have fixed positions. The cone is above the ball.",The ball is above the cone.,The ball is below the cone.,Target1,Target2,,,,,,,,,15,15,6,6
direct_label_plain__ball_cone__direct_label_plain__expanded__reference_first__reference_first,1.1,control,direct_label_control,plain,direct_label_plain,ball_cone,ball,cone,direct_label_plain,expanded,reference_first,reference_first,below,above,,,,,"In the room, the two objects have fixed positions. The cone is below the ball.","In the room, the two objects have fixed positions. The cone is above the ball.",The cone is below the ball.,The cone is above the ball.,Target1,Target2,,,,,,,,,15,15,6,6
direct_label_positioned__ball_cone__direct_label_positioned__compact__target_first__target_first,1.1,control,direct_label_control,positioned,direct_label_positioned,ball_cone,ball,cone,direct_label_positioned,compact,target_first,target_first,above,below,,,,,The ball is positioned above the cone.,The ball is positioned below the cone.,The ball is above the cone.,The ball is below the cone.,Target1,Target2,,,,,,,,,7,7,6,6
direct_label_positioned__ball_cone__direct_label_positioned__compact__target_first__reference_first,1.1,control,direct_label_control,positioned,direct_label_positioned,ball_cone,ball,cone,direct_label_positioned,compact,target_first,reference_first,below,above,,,,,The ball is positioned above the cone.,The ball is positioned below the cone.,The cone is below the ball.,The cone is above the ball.,Target1,Target2,,,,,,,,,7,7,6,6
direct_label_positioned__ball_cone__direct_label_positioned__compact__reference_first__target_first,1.1,control,direct_label_control,positioned,direct_label_positioned,ball_cone,ball,cone,direct_label_positioned,compact,reference_first,target_first,above,below,,,,,The cone is positioned below the ball.,The cone is positioned above the ball.,The ball is above the cone.,The ball is below the cone.,Target1,Target2,,,,,,,,,7,7,6,6
direct_label_positioned__ball_cone__direct_label_positioned__compact__reference_first__reference_first,1.1,control,direct_label_control,positioned,direct_label_positioned,ball_cone,ball,cone,direct_label_positioned,compact,reference_first,reference_first,below,above,,,,,The cone is positioned below the ball.,The cone is positioned above the ball.,The cone is below the ball.,The cone is above the ball.,Target1,Target2,,,,,,,,,7,7,6,6
direct_label_positioned__ball_cone__direct_label_positioned__standard__target_first__target_first,1.1,control,direct_label_control,positioned,direct_label_positioned,ball_cone,ball,cone,direct_label_positioned,standard,target_first,target_first,above,below,,,,,"In the room, the ball is positioned above the cone.","In the room, the ball is positioned below the cone.",The ball is above the cone.,The ball is below the cone.,Target1,Target2,,,,,,,,,10,10,6,6
direct_label_positioned__ball_cone__direct_label_positioned__standard__target_first__reference_first,1.1,control,direct_label_control,positioned,direct_label_positioned,ball_cone,ball,cone,direct_label_positioned,standard,target_first,reference_first,below,above,,,,,"In the room, the ball is positioned above the cone.","In the room, the ball is positioned below the cone.",The cone is below the ball.,The cone is above the ball.,Target1,Target2,,,,,,,,,10,10,6,6
direct_label_positioned__ball_cone__direct_label_positioned__standard__reference_first__target_first,1.1,control,direct_label_control,positioned,direct_label_positioned,ball_cone,ball,cone,direct_label_positioned,standard,reference_first,target_first,above,below,,,,,"In the room, the cone is positioned below the ball.","In the room, the cone is positioned above the ball.",The ball is above the cone.,The ball is below the cone.,Target1,Target2,,,,,,,,,10,10,6,6
direct_label_positioned__ball_cone__direct_label_positioned__standard__reference_first__reference_first,1.1,control,direct_label_control,positioned,direct_label_positioned,ball_cone,ball,cone,direct_label_positioned,standard,reference_first,reference_first,below,above,,,,,"In the room, the cone is positioned below the ball.","In the room, the cone is positioned above the ball.",The cone is below the ball.,The cone is above the ball.,Target1,Target2,,,,,,,,,10,10,6,6
direct_label_positioned__ball_cone__direct_label_positioned__expanded__target_first__target_first,1.1,control,direct_label_control,positioned,direct_label_positioned,ball_cone,ball,cone,direct_label_positioned,expanded,target_first,target_first,above,below,,,,,"In the room, the two objects have fixed positions. The ball is positioned above the cone.","In the room, the two objects have fixed positions. The ball is positioned below the cone.",The ball is above the cone.,The ball is below the cone.,Target1,Target2,,,,,,,,,16,16,6,6
direct_label_positioned__ball_cone__direct_label_positioned__expanded__target_first__reference_first,1.1,control,direct_label_control,positioned,direct_label_positioned,ball_cone,ball,cone,direct_label_positioned,expanded,target_first,reference_first,below,above,,,,,"In the room, the two objects have fixed positions. The ball is positioned above the cone.","In the room, the two objects have fixed positions. The ball is positioned below the cone.",The cone is below the ball.,The cone is above the ball.,Target1,Target2,,,,,,,,,16,16,6,6
direct_label_positioned__ball_cone__direct_label_positioned__expanded__reference_first__target_first,1.1,control,direct_label_control,positioned,direct_label_positioned,ball_cone,ball,cone,direct_label_positioned,expanded,reference_first,target_first,above,below,,,,,"In the room, the two objects have fixed positions. The cone is positioned below the ball.","In the room, the two objects have fixed positions. The cone is positioned above the ball.",The ball is above the cone.,The ball is below the cone.,Target1,Target2,,,,,,,,,16,16,6,6
direct_label_positioned__ball_cone__direct_label_positioned__expanded__reference_first__reference_first,1.1,control,direct_label_control,positioned,direct_label_positioned,ball_cone,ball,cone,direct_label_positioned,expanded,reference_first,reference_first,below,above,,,,,"In the room, the two objects have fixed positions. The cone is positioned below the ball.","In the room, the two objects have fixed positions. The cone is positioned above the ball.",The cone is below the ball.,The cone is above the ball.,Target1,Target2,,,,,,,,,16,16,6,6
direct_label_plain__cup_box__direct_label_plain__compact__target_first__target_first,1.1,control,direct_label_control,plain,direct_label_plain,cup_box,cup,box,direct_label_plain,compact,target_first,target_first,above,below,,,,,The cup is above the box.,The cup is below the box.,The cup is above the box.,The cup is below the box.,Target1,Target2,,,,,,,,,6,6,6,6
direct_label_plain__cup_box__direct_label_plain__compact__target_first__reference_first,1.1,control,direct_label_control,plain,direct_label_plain,cup_box,cup,box,direct_label_plain,compact,target_first,reference_first,below,above,,,,,The cup is above the box.,The cup is below the box.,The box is below the cup.,The box is above the cup.,Target1,Target2,,,,,,,,,6,6,6,6
direct_label_plain__cup_box__direct_label_plain__compact__reference_first__target_first,1.1,control,direct_label_control,plain,direct_label_plain,cup_box,cup,box,direct_label_plain,compact,reference_first,target_first,above,below,,,,,The box is below the cup.,The box is above the cup.,The cup is above the box.,The cup is below the box.,Target1,Target2,,,,,,,,,6,6,6,6
direct_label_plain__cup_box__direct_label_plain__compact__reference_first__reference_first,1.1,control,direct_label_control,plain,direct_label_plain,cup_box,cup,box,direct_label_plain,compact,reference_first,reference_first,below,above,,,,,The box is below the cup.,The box is above the cup.,The box is below the cup.,The box is above the cup.,Target1,Target2,,,,,,,,,6,6,6,6
direct_label_plain__cup_box__direct_label_plain__standard__target_first__target_first,1.1,control,direct_label_control,plain,direct_label_plain,cup_box,cup,box,direct_label_plain,standard,target_first,target_first,above,below,,,,,"In the room, the cup is above the box.","In the room, the cup is below the box.",The cup is above the box.,The cup is below the box.,Target1,Target2,,,,,,,,,9,9,6,6
direct_label_plain__cup_box__direct_label_plain__standard__target_first__reference_first,1.1,control,direct_label_control,plain,direct_label_plain,cup_box,cup,box,direct_label_plain,standard,target_first,reference_first,below,above,,,,,"In the room, the cup is above the box.","In the room, the cup is below the box.",The box is below the cup.,The box is above the cup.,Target1,Target2,,,,,,,,,9,9,6,6
direct_label_plain__cup_box__direct_label_plain__standard__reference_first__target_first,1.1,control,direct_label_control,plain,direct_label_plain,cup_box,cup,box,direct_label_plain,standard,reference_first,target_first,above,below,,,,,"In the room, the box is below the cup.","In the room, the box is above the cup.",The cup is above the box.,The cup is below the box.,Target1,Target2,,,,,,,,,9,9,6,6
direct_label_plain__cup_box__direct_label_plain__standard__reference_first__reference_first,1.1,control,direct_label_control,plain,direct_label_plain,cup_box,cup,box,direct_label_plain,standard,reference_first,reference_first,below,above,,,,,"In the room, the box is below the cup.","In the room, the box is above the cup.",The box is below the cup.,The box is above the cup.,Target1,Target2,,,,,,,,,9,9,6,6
direct_label_plain__cup_box__direct_label_plain__expanded__target_first__target_first,1.1,control,direct_label_control,plain,direct_label_plain,cup_box,cup,box,direct_label_plain,expanded,target_first,target_first,above,below,,,,,"In the room, the two objects have fixed positions. The cup is above the box.","In the room, the two objects have fixed positions. The cup is below the box.",The cup is above the box.,The cup is below the box.,Target1,Target2,,,,,,,,,15,15,6,6
direct_label_plain__cup_box__direct_label_plain__expanded__target_first__reference_first,1.1,control,direct_label_control,plain,direct_label_plain,cup_box,cup,box,direct_label_plain,expanded,target_first,reference_first,below,above,,,,,"In the room, the two objects have fixed positions. The cup is above the box.","In the room, the two objects have fixed positions. The cup is below the box.",The box is below the cup.,The box is above the cup.,Target1,Target2,,,,,,,,,15,15,6,6
direct_label_plain__cup_box__direct_label_plain__expanded__reference_first__target_first,1.1,control,direct_label_control,plain,direct_label_plain,cup_box,cup,box,direct_label_plain,expanded,reference_first,target_first,above,below,,,,,"In the room, the two objects have fixed positions. The box is below the cup.","In the room, the two objects have fixed positions. The box is above the cup.",The cup is above the box.,The cup is below the box.,Target1,Target2,,,,,,,,,15,15,6,6
direct_label_plain__cup_box__direct_label_plain__expanded__reference_first__reference_first,1.1,control,direct_label_control,plain,direct_label_plain,cup_box,cup,box,direct_label_plain,expanded,reference_first,reference_first,below,above,,,,,"In the room, the two objects have fixed positions. The box is below the cup.","In the room, the two objects have fixed positions. The box is above the cup.",The box is below the cup.,The box is above the cup.,Target1,Target2,,,,,,,,,15,15,6,6
direct_label_positioned__cup_box__direct_label_positioned__compact__target_first__target_first,1.1,control,direct_label_control,positioned,direct_label_positioned,cup_box,cup,box,direct_label_positioned,compact,target_first,target_first,above,below,,,,,The cup is positioned above the box.,The cup is positioned below the box.,The cup is above the box.,The cup is below the box.,Target1,Target2,,,,,,,,,7,7,6,6
direct_label_positioned__cup_box__direct_label_positioned__compact__target_first__reference_first,1.1,control,direct_label_control,positioned,direct_label_positioned,cup_box,cup,box,direct_label_positioned,compact,target_first,reference_first,below,above,,,,,The cup is positioned above the box.,The cup is positioned below the box.,The box is below the cup.,The box is above the cup.,Target1,Target2,,,,,,,,,7,7,6,6
direct_label_positioned__cup_box__direct_label_positioned__compact__reference_first__target_first,1.1,control,direct_label_control,positioned,direct_label_positioned,cup_box,cup,box,direct_label_positioned,compact,reference_first,target_first,above,below,,,,,The box is positioned below the cup.,The box is positioned above the cup.,The cup is above the box.,The cup is below the box.,Target1,Target2,,,,,,,,,7,7,6,6
direct_label_positioned__cup_box__direct_label_positioned__compact__reference_first__reference_first,1.1,control,direct_label_control,positioned,direct_label_positioned,cup_box,cup,box,direct_label_positioned,compact,reference_first,reference_first,below,above,,,,,The box is positioned below the cup.,The box is positioned above the cup.,The box is below the cup.,The box is above the cup.,Target1,Target2,,,,,,,,,7,7,6,6
direct_label_positioned__cup_box__direct_label_positioned__standard__target_first__target_first,1.1,control,direct_label_control,positioned,direct_label_positioned,cup_box,cup,box,direct_label_positioned,standard,target_first,target_first,above,below,,,,,"In the room, the cup is positioned above the box.","In the room, the cup is positioned below the box.",The cup is above the box.,The cup is below the box.,Target1,Target2,,,,,,,,,10,10,6,6
direct_label_positioned__cup_box__direct_label_positioned__standard__target_first__reference_first,1.1,control,direct_label_control,positioned,direct_label_positioned,cup_box,cup,box,direct_label_positioned,standard,target_first,reference_first,below,above,,,,,"In the room, the cup is positioned above the box.","In the room, the cup is positioned below the box.",The box is below the cup.,The box is above the cup.,Target1,Target2,,,,,,,,,10,10,6,6
direct_label_positioned__cup_box__direct_label_positioned__standard__reference_first__target_first,1.1,control,direct_label_control,positioned,direct_label_positioned,cup_box,cup,box,direct_label_positioned,standard,reference_first,target_first,above,below,,,,,"In the room, the box is positioned below the cup.","In the room, the box is positioned above the cup.",The cup is above the box.,The cup is below the box.,Target1,Target2,,,,,,,,,10,10,6,6
direct_label_positioned__cup_box__direct_label_positioned__standard__reference_first__reference_first,1.1,control,direct_label_control,positioned,direct_label_positioned,cup_box,cup,box,direct_label_positioned,standard,reference_first,reference_first,below,above,,,,,"In the room, the box is positioned below the cup.","In the room, the box is positioned above the cup.",The box is below the cup.,The box is above the cup.,Target1,Target2,,,,,,,,,10,10,6,6
direct_label_positioned__cup_box__direct_label_positioned__expanded__target_first__target_first,1.1,control,direct_label_control,positioned,direct_label_positioned,cup_box,cup,box,direct_label_positioned,expanded,target_first,target_first,above,below,,,,,"In the room, the two objects have fixed positions. The cup is positioned above the box.","In the room, the two objects have fixed positions. The cup is positioned below the box.",The cup is above the box.,The cup is below the box.,Target1,Target2,,,,,,,,,16,16,6,6
direct_label_positioned__cup_box__direct_label_positioned__expanded__target_first__reference_first,1.1,control,direct_label_control,positioned,direct_label_positioned,cup_box,cup,box,direct_label_positioned,expanded,target_first,reference_first,below,above,,,,,"In the room, the two objects have fixed positions. The cup is positioned above the box.","In the room, the two objects have fixed positions. The cup is positioned below the box.",The box is below the cup.,The box is above the cup.,Target1,Target2,,,,,,,,,16,16,6,6
direct_label_positioned__cup_box__direct_label_positioned__expanded__reference_first__target_first,1.1,control,direct_label_control,positioned,direct_label_positioned,cup_box,cup,box,direct_label_positioned,expanded,reference_first,target_first,above,below,,,,,"In the room, the two objects have fixed positions. The box is positioned below the cup.","In the room, the two objects have fixed positions. The box is positioned above the cup.",The cup is above the box.,The cup is below the box.,Target1,Target2,,,,,,,,,16,16,6,6
direct_label_positioned__cup_box__direct_label_positioned__expanded__reference_first__reference_first,1.1,control,direct_label_control,positioned,direct_label_positioned,cup_box,cup,box,direct_label_positioned,expanded,reference_first,reference_first,below,above,,,,,"In the room, the two objects have fixed positions. The box is positioned below the cup.","In the room, the two objects have fixed positions. The box is positioned above the cup.",The box is below the cup.,The box is above the cup.,Target1,Target2,,,,,,,,,16,16,6,6
direct_label_plain__book_jar__direct_label_plain__compact__target_first__target_first,1.1,control,direct_label_control,plain,direct_label_plain,book_jar,book,jar,direct_label_plain,compact,target_first,target_first,above,below,,,,,The book is above the jar.,The book is below the jar.,The book is above the jar.,The book is below the jar.,Target1,Target2,,,,,,,,,6,6,6,6
direct_label_plain__book_jar__direct_label_plain__compact__target_first__reference_first,1.1,control,direct_label_control,plain,direct_label_plain,book_jar,book,jar,direct_label_plain,compact,target_first,reference_first,below,above,,,,,The book is above the jar.,The book is below the jar.,The jar is below the book.,The jar is above the book.,Target1,Target2,,,,,,,,,6,6,6,6
direct_label_plain__book_jar__direct_label_plain__compact__reference_first__target_first,1.1,control,direct_label_control,plain,direct_label_plain,book_jar,book,jar,direct_label_plain,compact,reference_first,target_first,above,below,,,,,The jar is below the book.,The jar is above the book.,The book is above the jar.,The book is below the jar.,Target1,Target2,,,,,,,,,6,6,6,6
direct_label_plain__book_jar__direct_label_plain__compact__reference_first__reference_first,1.1,control,direct_label_control,plain,direct_label_plain,book_jar,book,jar,direct_label_plain,compact,reference_first,reference_first,below,above,,,,,The jar is below the book.,The jar is above the book.,The jar is below the book.,The jar is above the book.,Target1,Target2,,,,,,,,,6,6,6,6
direct_label_plain__book_jar__direct_label_plain__standard__target_first__target_first,1.1,control,direct_label_control,plain,direct_label_plain,book_jar,book,jar,direct_label_plain,standard,target_first,target_first,above,below,,,,,"In the room, the book is above the jar.","In the room, the book is below the jar.",The book is above the jar.,The book is below the jar.,Target1,Target2,,,,,,,,,9,9,6,6
direct_label_plain__book_jar__direct_label_plain__standard__target_first__reference_first,1.1,control,direct_label_control,plain,direct_label_plain,book_jar,book,jar,direct_label_plain,standard,target_first,reference_first,below,above,,,,,"In the room, the book is above the jar.","In the room, the book is below the jar.",The jar is below the book.,The jar is above the book.,Target1,Target2,,,,,,,,,9,9,6,6
direct_label_plain__book_jar__direct_label_plain__standard__reference_first__target_first,1.1,control,direct_label_control,plain,direct_label_plain,book_jar,book,jar,direct_label_plain,standard,reference_first,target_first,above,below,,,,,"In the room, the jar is below the book.","In the room, the jar is above the book.",The book is above the jar.,The book is below the jar.,Target1,Target2,,,,,,,,,9,9,6,6
direct_label_plain__book_jar__direct_label_plain__standard__reference_first__reference_first,1.1,control,direct_label_control,plain,direct_label_plain,book_jar,book,jar,direct_label_plain,standard,reference_first,reference_first,below,above,,,,,"In the room, the jar is below the book.","In the room, the jar is above the book.",The jar is below the book.,The jar is above the book.,Target1,Target2,,,,,,,,,9,9,6,6
direct_label_plain__book_jar__direct_label_plain__expanded__target_first__target_first,1.1,control,direct_label_control,plain,direct_label_plain,book_jar,book,jar,direct_label_plain,expanded,target_first,target_first,above,below,,,,,"In the room, the two objects have fixed positions. The book is above the jar.","In the room, the two objects have fixed positions. The book is below the jar.",The book is above the jar.,The book is below the jar.,Target1,Target2,,,,,,,,,15,15,6,6
direct_label_plain__book_jar__direct_label_plain__expanded__target_first__reference_first,1.1,control,direct_label_control,plain,direct_label_plain,book_jar,book,jar,direct_label_plain,expanded,target_first,reference_first,below,above,,,,,"In the room, the two objects have fixed positions. The book is above the jar.","In the room, the two objects have fixed positions. The book is below the jar.",The jar is below the book.,The jar is above the book.,Target1,Target2,,,,,,,,,15,15,6,6
direct_label_plain__book_jar__direct_label_plain__expanded__reference_first__target_first,1.1,control,direct_label_control,plain,direct_label_plain,book_jar,book,jar,direct_label_plain,expanded,reference_first,target_first,above,below,,,,,"In the room, the two objects have fixed positions. The jar is below the book.","In the room, the two objects have fixed positions. The jar is above the book.",The book is above the jar.,The book is below the jar.,Target1,Target2,,,,,,,,,15,15,6,6
direct_label_plain__book_jar__direct_label_plain__expanded__reference_first__reference_first,1.1,control,direct_label_control,plain,direct_label_plain,book_jar,book,jar,direct_label_plain,expanded,reference_first,reference_first,below,above,,,,,"In the room, the two objects have fixed positions. The jar is below the book.","In the room, the two objects have fixed positions. The jar is above the book.",The jar is below the book.,The jar is above the book.,Target1,Target2,,,,,,,,,15,15,6,6
direct_label_positioned__book_jar__direct_label_positioned__compact__target_first__target_first,1.1,control,direct_label_control,positioned,direct_label_positioned,book_jar,book,jar,direct_label_positioned,compact,target_first,target_first,above,below,,,,,The book is positioned above the jar.,The book is positioned below the jar.,The book is above the jar.,The book is below the jar.,Target1,Target2,,,,,,,,,7,7,6,6
direct_label_positioned__book_jar__direct_label_positioned__compact__target_first__reference_first,1.1,control,direct_label_control,positioned,direct_label_positioned,book_jar,book,jar,direct_label_positioned,compact,target_first,reference_first,below,above,,,,,The book is positioned above the jar.,The book is positioned below the jar.,The jar is below the book.,The jar is above the book.,Target1,Target2,,,,,,,,,7,7,6,6
direct_label_positioned__book_jar__direct_label_positioned__compact__reference_first__target_first,1.1,control,direct_label_control,positioned,direct_label_positioned,book_jar,book,jar,direct_label_positioned,compact,reference_first,target_first,above,below,,,,,The jar is positioned below the book.,The jar is positioned above the book.,The book is above the jar.,The book is below the jar.,Target1,Target2,,,,,,,,,7,7,6,6
direct_label_positioned__book_jar__direct_label_positioned__compact__reference_first__reference_first,1.1,control,direct_label_control,positioned,direct_label_positioned,book_jar,book,jar,direct_label_positioned,compact,reference_first,reference_first,below,above,,,,,The jar is positioned below the book.,The jar is positioned above the book.,The jar is below the book.,The jar is above the book.,Target1,Target2,,,,,,,,,7,7,6,6
direct_label_positioned__book_jar__direct_label_positioned__standard__target_first__target_first,1.1,control,direct_label_control,positioned,direct_label_positioned,book_jar,book,jar,direct_label_positioned,standard,target_first,target_first,above,below,,,,,"In the room, the book is positioned above the jar.","In the room, the book is positioned below the jar.",The book is above the jar.,The book is below the jar.,Target1,Target2,,,,,,,,,10,10,6,6
direct_label_positioned__book_jar__direct_label_positioned__standard__target_first__reference_first,1.1,control,direct_label_control,positioned,direct_label_positioned,book_jar,book,jar,direct_label_positioned,standard,target_first,reference_first,below,above,,,,,"In the room, the book is positioned above the jar.","In the room, the book is positioned below the jar.",The jar is below the book.,The jar is above the book.,Target1,Target2,,,,,,,,,10,10,6,6
direct_label_positioned__book_jar__direct_label_positioned__standard__reference_first__target_first,1.1,control,direct_label_control,positioned,direct_label_positioned,book_jar,book,jar,direct_label_positioned,standard,reference_first,target_first,above,below,,,,,"In the room, the jar is positioned below the book.","In the room, the jar is positioned above the book.",The book is above the jar.,The book is below the jar.,Target1,Target2,,,,,,,,,10,10,6,6
direct_label_positioned__book_jar__direct_label_positioned__standard__reference_first__reference_first,1.1,control,direct_label_control,positioned,direct_label_positioned,book_jar,book,jar,direct_label_positioned,standard,reference_first,reference_first,below,above,,,,,"In the room, the jar is positioned below the book.","In the room, the jar is positioned above the book.",The jar is below the book.,The jar is above the book.,Target1,Target2,,,,,,,,,10,10,6,6
direct_label_positioned__book_jar__direct_label_positioned__expanded__target_first__target_first,1.1,control,direct_label_control,positioned,direct_label_positioned,book_jar,book,jar,direct_label_positioned,expanded,target_first,target_first,above,below,,,,,"In the room, the two objects have fixed positions. The book is positioned above the jar.","In the room, the two objects have fixed positions. The book is positioned below the jar.",The book is above the jar.,The book is below the jar.,Target1,Target2,,,,,,,,,16,16,6,6
direct_label_positioned__book_jar__direct_label_positioned__expanded__target_first__reference_first,1.1,control,direct_label_control,positioned,direct_label_positioned,book_jar,book,jar,direct_label_positioned,expanded,target_first,reference_first,below,above,,,,,"In the room, the two objects have fixed positions. The book is positioned above the jar.","In the room, the two objects have fixed positions. The book is positioned below the jar.",The jar is below the book.,The jar is above the book.,Target1,Target2,,,,,,,,,16,16,6,6
direct_label_positioned__book_jar__direct_label_positioned__expanded__reference_first__target_first,1.1,control,direct_label_control,positioned,direct_label_positioned,book_jar,book,jar,direct_label_positioned,expanded,reference_first,target_first,above,below,,,,,"In the room, the two objects have fixed positions. The jar is positioned below the book.","In the room, the two objects have fixed positions. The jar is positioned above the book.",The book is above the jar.,The book is below the jar.,Target1,Target2,,,,,,,,,16,16,6,6
direct_label_positioned__book_jar__direct_label_positioned__expanded__reference_first__reference_first,1.1,control,direct_label_control,positioned,direct_label_positioned,book_jar,book,jar,direct_label_positioned,expanded,reference_first,reference_first,below,above,,,,,"In the room, the two objects have fixed positions. The jar is positioned below the book.","In the room, the two objects have fixed positions. The jar is positioned above the book.",The jar is below the book.,The jar is above the book.,Target1,Target2,,,,,,,,,16,16,6,6
direct_label_plain__toy_key__direct_label_plain__compact__target_first__target_first,1.1,control,direct_label_control,plain,direct_label_plain,toy_key,toy,key,direct_label_plain,compact,target_first,target_first,above,below,,,,,The toy is above the key.,The toy is below the key.,The toy is above the key.,The toy is below the key.,Target1,Target2,,,,,,,,,6,6,6,6
direct_label_plain__toy_key__direct_label_plain__compact__target_first__reference_first,1.1,control,direct_label_control,plain,direct_label_plain,toy_key,toy,key,direct_label_plain,compact,target_first,reference_first,below,above,,,,,The toy is above the key.,The toy is below the key.,The key is below the toy.,The key is above the toy.,Target1,Target2,,,,,,,,,6,6,6,6
direct_label_plain__toy_key__direct_label_plain__compact__reference_first__target_first,1.1,control,direct_label_control,plain,direct_label_plain,toy_key,toy,key,direct_label_plain,compact,reference_first,target_first,above,below,,,,,The key is below the toy.,The key is above the toy.,The toy is above the key.,The toy is below the key.,Target1,Target2,,,,,,,,,6,6,6,6
direct_label_plain__toy_key__direct_label_plain__compact__reference_first__reference_first,1.1,control,direct_label_control,plain,direct_label_plain,toy_key,toy,key,direct_label_plain,compact,reference_first,reference_first,below,above,,,,,The key is below the toy.,The key is above the toy.,The key is below the toy.,The key is above the toy.,Target1,Target2,,,,,,,,,6,6,6,6
direct_label_plain__toy_key__direct_label_plain__standard__target_first__target_first,1.1,control,direct_label_control,plain,direct_label_plain,toy_key,toy,key,direct_label_plain,standard,target_first,target_first,above,below,,,,,"In the room, the toy is above the key.","In the room, the toy is below the key.",The toy is above the key.,The toy is below the key.,Target1,Target2,,,,,,,,,9,9,6,6
direct_label_plain__toy_key__direct_label_plain__standard__target_first__reference_first,1.1,control,direct_label_control,plain,direct_label_plain,toy_key,toy,key,direct_label_plain,standard,target_first,reference_first,below,above,,,,,"In the room, the toy is above the key.","In the room, the toy is below the key.",The key is below the toy.,The key is above the toy.,Target1,Target2,,,,,,,,,9,9,6,6
direct_label_plain__toy_key__direct_label_plain__standard__reference_first__target_first,1.1,control,direct_label_control,plain,direct_label_plain,toy_key,toy,key,direct_label_plain,standard,reference_first,target_first,above,below,,,,,"In the room, the key is below the toy.","In the room, the key is above the toy.",The toy is above the key.,The toy is below the key.,Target1,Target2,,,,,,,,,9,9,6,6
direct_label_plain__toy_key__direct_label_plain__standard__reference_first__reference_first,1.1,control,direct_label_control,plain,direct_label_plain,toy_key,toy,key,direct_label_plain,standard,reference_first,reference_first,below,above,,,,,"In the room, the key is below the toy.","In the room, the key is above the toy.",The key is below the toy.,The key is above the toy.,Target1,Target2,,,,,,,,,9,9,6,6
direct_label_plain__toy_key__direct_label_plain__expanded__target_first__target_first,1.1,control,direct_label_control,plain,direct_label_plain,toy_key,toy,key,direct_label_plain,expanded,target_first,target_first,above,below,,,,,"In the room, the two objects have fixed positions. The toy is above the key.","In the room, the two objects have fixed positions. The toy is below the key.",The toy is above the key.,The toy is below the key.,Target1,Target2,,,,,,,,,15,15,6,6
direct_label_plain__toy_key__direct_label_plain__expanded__target_first__reference_first,1.1,control,direct_label_control,plain,direct_label_plain,toy_key,toy,key,direct_label_plain,expanded,target_first,reference_first,below,above,,,,,"In the room, the two objects have fixed positions. The toy is above the key.","In the room, the two objects have fixed positions. The toy is below the key.",The key is below the toy.,The key is above the toy.,Target1,Target2,,,,,,,,,15,15,6,6
direct_label_plain__toy_key__direct_label_plain__expanded__reference_first__target_first,1.1,control,direct_label_control,plain,direct_label_plain,toy_key,toy,key,direct_label_plain,expanded,reference_first,target_first,above,below,,,,,"In the room, the two objects have fixed positions. The key is below the toy.","In the room, the two objects have fixed positions. The key is above the toy.",The toy is above the key.,The toy is below the key.,Target1,Target2,,,,,,,,,15,15,6,6
direct_label_plain__toy_key__direct_label_plain__expanded__reference_first__reference_first,1.1,control,direct_label_control,plain,direct_label_plain,toy_key,toy,key,direct_label_plain,expanded,reference_first,reference_first,below,above,,,,,"In the room, the two objects have fixed positions. The key is below the toy.","In the room, the two objects have fixed positions. The key is above the toy.",The key is below the toy.,The key is above the toy.,Target1,Target2,,,,,,,,,15,15,6,6
direct_label_positioned__toy_key__direct_label_positioned__compact__target_first__target_first,1.1,control,direct_label_control,positioned,direct_label_positioned,toy_key,toy,key,direct_label_positioned,compact,target_first,target_first,above,below,,,,,The toy is positioned above the key.,The toy is positioned below the key.,The toy is above the key.,The toy is below the key.,Target1,Target2,,,,,,,,,7,7,6,6
direct_label_positioned__toy_key__direct_label_positioned__compact__target_first__reference_first,1.1,control,direct_label_control,positioned,direct_label_positioned,toy_key,toy,key,direct_label_positioned,compact,target_first,reference_first,below,above,,,,,The toy is positioned above the key.,The toy is positioned below the key.,The key is below the toy.,The key is above the toy.,Target1,Target2,,,,,,,,,7,7,6,6
direct_label_positioned__toy_key__direct_label_positioned__compact__reference_first__target_first,1.1,control,direct_label_control,positioned,direct_label_positioned,toy_key,toy,key,direct_label_positioned,compact,reference_first,target_first,above,below,,,,,The key is positioned below the toy.,The key is positioned above the toy.,The toy is above the key.,The toy is below the key.,Target1,Target2,,,,,,,,,7,7,6,6
direct_label_positioned__toy_key__direct_label_positioned__compact__reference_first__reference_first,1.1,control,direct_label_control,positioned,direct_label_positioned,toy_key,toy,key,direct_label_positioned,compact,reference_first,reference_first,below,above,,,,,The key is positioned below the toy.,The key is positioned above the toy.,The key is below the toy.,The key is above the toy.,Target1,Target2,,,,,,,,,7,7,6,6
direct_label_positioned__toy_key__direct_label_positioned__standard__target_first__target_first,1.1,control,direct_label_control,positioned,direct_label_positioned,toy_key,toy,key,direct_label_positioned,standard,target_first,target_first,above,below,,,,,"In the room, the toy is positioned above the key.","In the room, the toy is positioned below the key.",The toy is above the key.,The toy is below the key.,Target1,Target2,,,,,,,,,10,10,6,6
direct_label_positioned__toy_key__direct_label_positioned__standard__target_first__reference_first,1.1,control,direct_label_control,positioned,direct_label_positioned,toy_key,toy,key,direct_label_positioned,standard,target_first,reference_first,below,above,,,,,"In the room, the toy is positioned above the key.","In the room, the toy is positioned below the key.",The key is below the toy.,The key is above the toy.,Target1,Target2,,,,,,,,,10,10,6,6
direct_label_positioned__toy_key__direct_label_positioned__standard__reference_first__target_first,1.1,control,direct_label_control,positioned,direct_label_positioned,toy_key,toy,key,direct_label_positioned,standard,reference_first,target_first,above,below,,,,,"In the room, the key is positioned below the toy.","In the room, the key is positioned above the toy.",The toy is above the key.,The toy is below the key.,Target1,Target2,,,,,,,,,10,10,6,6
direct_label_positioned__toy_key__direct_label_positioned__standard__reference_first__reference_first,1.1,control,direct_label_control,positioned,direct_label_positioned,toy_key,toy,key,direct_label_positioned,standard,reference_first,reference_first,below,above,,,,,"In the room, the key is positioned below the toy.","In the room, the key is positioned above the toy.",The key is below the toy.,The key is above the toy.,Target1,Target2,,,,,,,,,10,10,6,6
direct_label_positioned__toy_key__direct_label_positioned__expanded__target_first__target_first,1.1,control,direct_label_control,positioned,direct_label_positioned,toy_key,toy,key,direct_label_positioned,expanded,target_first,target_first,above,below,,,,,"In the room, the two objects have fixed positions. The toy is positioned above the key.","In the room, the two objects have fixed positions. The toy is positioned below the key.",The toy is above the key.,The toy is below the key.,Target1,Target2,,,,,,,,,16,16,6,6
direct_label_positioned__toy_key__direct_label_positioned__expanded__target_first__reference_first,1.1,control,direct_label_control,positioned,direct_label_positioned,toy_key,toy,key,direct_label_positioned,expanded,target_first,reference_first,below,above,,,,,"In the room, the two objects have fixed positions. The toy is positioned above the key.","In the room, the two objects have fixed positions. The toy is positioned below the key.",The key is below the toy.,The key is above the toy.,Target1,Target2,,,,,,,,,16,16,6,6
direct_label_positioned__toy_key__direct_label_positioned__expanded__reference_first__target_first,1.1,control,direct_label_control,positioned,direct_label_positioned,toy_key,toy,key,direct_label_positioned,expanded,reference_first,target_first,above,below,,,,,"In the room, the two objects have fixed positions. The key is positioned below the toy.","In the room, the two objects have fixed positions. The key is positioned above the toy.",The toy is above the key.,The toy is below the key.,Target1,Target2,,,,,,,,,16,16,6,6
direct_label_positioned__toy_key__direct_label_positioned__expanded__reference_first__reference_first,1.1,control,direct_label_control,positioned,direct_label_positioned,toy_key,toy,key,direct_label_positioned,expanded,reference_first,reference_first,below,above,,,,,"In the room, the two objects have fixed positions. The key is positioned below the toy.","In the room, the two objects have fixed positions. The key is positioned above the toy.",The key is below the toy.,The key is above the toy.,Target1,Target2,,,,,,,,,16,16,6,6
