probe_id,probe_type,probe_version,scene_id,evidence_match_id,target_order_match_id,setting_match_id,setting_id,setting,endpoint_geometry,name_id,name,object_id,object,condition_id,evidence_type,context_structure,context_entity_order,target_order,reverses_context_entity_order,same_setting_in_both_contexts,close_requires_body_part_inference,far_requires_endpoint_inference,relation_words_explicit,distance_magnitude_explicit,target_relation_clause_repeated,Context1,Context2,Target1,Target2,Context1_word_count,Context1_token_count,Context2_word_count,Context2_token_count,Target1_word_count,Target1_token_count,Target2_word_count,Target2_token_count
gym__name_maya__obj_ball__direct_label__object_first,close_far_matched_scenes,1.1,gym__name_maya__obj_ball,gym__name_maya__obj_ball__object_first,gym__name_maya__obj_ball__direct_label,name_maya__obj_ball__direct_label__object_first,gym,gym,ends,name_maya,Maya,obj_ball,ball,direct_label,explicit_relation,locative_object_subject,object_first,object_first,False,True,False,False,True,False,True,"In the gym, the ball is close to Maya.","In the gym, the ball is far from Maya.",The ball is close to Maya.,The ball is far from Maya.,9,11,9,11,6,7,6,7
gym__name_maya__obj_ball__direct_label__person_first,close_far_matched_scenes,1.1,gym__name_maya__obj_ball,gym__name_maya__obj_ball__person_first,gym__name_maya__obj_ball__direct_label,name_maya__obj_ball__direct_label__person_first,gym,gym,ends,name_maya,Maya,obj_ball,ball,direct_label,explicit_relation,locative_object_subject,object_first,person_first,True,True,False,False,True,False,False,"In the gym, the ball is close to Maya.","In the gym, the ball is far from Maya.",Maya is close to the ball.,Maya is far from the ball.,9,11,9,11,6,8,6,8
gym__name_maya__obj_ball__distance_phrase__object_first,close_far_matched_scenes,1.1,gym__name_maya__obj_ball,gym__name_maya__obj_ball__object_first,gym__name_maya__obj_ball__distance_phrase,name_maya__obj_ball__distance_phrase__object_first,gym,gym,ends,name_maya,Maya,obj_ball,ball,distance_phrase,distance_magnitude_phrase,locative_distance_subject,person_first,object_first,True,True,False,False,False,True,False,"In the gym, a short distance separates Maya and the ball.","In the gym, a long distance separates Maya and the ball.",The ball is close to Maya.,The ball is far from Maya.,11,13,11,13,6,7,6,7
gym__name_maya__obj_ball__distance_phrase__person_first,close_far_matched_scenes,1.1,gym__name_maya__obj_ball,gym__name_maya__obj_ball__person_first,gym__name_maya__obj_ball__distance_phrase,name_maya__obj_ball__distance_phrase__person_first,gym,gym,ends,name_maya,Maya,obj_ball,ball,distance_phrase,distance_magnitude_phrase,locative_distance_subject,person_first,person_first,False,True,False,False,False,True,False,"In the gym, a short distance separates Maya and the ball.","In the gym, a long distance separates Maya and the ball.",Maya is close to the ball.,Maya is far from the ball.,11,13,11,13,6,8,6,8
gym__name_maya__obj_ball__distance_phrase_object_first__object_first,close_far_matched_scenes,1.1,gym__name_maya__obj_ball,gym__name_maya__obj_ball__object_first,gym__name_maya__obj_ball__distance_phrase_object_first,name_maya__obj_ball__distance_phrase_object_first__object_first,gym,gym,ends,name_maya,Maya,obj_ball,ball,distance_phrase_object_first,distance_magnitude_phrase,locative_distance_subject,object_first,object_first,False,True,False,False,False,True,False,"In the gym, a short distance separates the ball and Maya.","In the gym, a long distance separates the ball and Maya.",The ball is close to Maya.,The ball is far from Maya.,11,13,11,13,6,7,6,7
gym__name_maya__obj_ball__distance_phrase_object_first__person_first,close_far_matched_scenes,1.1,gym__name_maya__obj_ball,gym__name_maya__obj_ball__person_first,gym__name_maya__obj_ball__distance_phrase_object_first,name_maya__obj_ball__distance_phrase_object_first__person_first,gym,gym,ends,name_maya,Maya,obj_ball,ball,distance_phrase_object_first,distance_magnitude_phrase,locative_distance_subject,object_first,person_first,True,True,False,False,False,True,False,"In the gym, a short distance separates the ball and Maya.","In the gym, a long distance separates the ball and Maya.",Maya is close to the ball.,Maya is far from the ball.,11,13,11,13,6,8,6,8
gym__name_maya__obj_ball__endpoint_placement__object_first,close_far_matched_scenes,1.1,gym__name_maya__obj_ball,gym__name_maya__obj_ball__object_first,gym__name_maya__obj_ball__endpoint_placement,name_maya__obj_ball__endpoint_placement__object_first,gym,gym,ends,name_maya,Maya,obj_ball,ball,endpoint_placement,physical_endpoint_placement,two_sentence_person_then_object,person_first,object_first,True,True,True,True,False,False,False,"In the gym, Maya stands at one end. The ball rests at Maya's feet.","In the gym, Maya stands at one end. The ball rests at the other end.",The ball is close to Maya.,The ball is far from Maya.,15,18,15,18,6,7,6,7
gym__name_maya__obj_ball__endpoint_placement__person_first,close_far_matched_scenes,1.1,gym__name_maya__obj_ball,gym__name_maya__obj_ball__person_first,gym__name_maya__obj_ball__endpoint_placement,name_maya__obj_ball__endpoint_placement__person_first,gym,gym,ends,name_maya,Maya,obj_ball,ball,endpoint_placement,physical_endpoint_placement,two_sentence_person_then_object,person_first,person_first,False,True,True,True,False,False,False,"In the gym, Maya stands at one end. The ball rests at Maya's feet.","In the gym, Maya stands at one end. The ball rests at the other end.",Maya is close to the ball.,Maya is far from the ball.,15,18,15,18,6,8,6,8
gym__name_maya__obj_bag__direct_label__object_first,close_far_matched_scenes,1.1,gym__name_maya__obj_bag,gym__name_maya__obj_bag__object_first,gym__name_maya__obj_bag__direct_label,name_maya__obj_bag__direct_label__object_first,gym,gym,ends,name_maya,Maya,obj_bag,bag,direct_label,explicit_relation,locative_object_subject,object_first,object_first,False,True,False,False,True,False,True,"In the gym, the bag is close to Maya.","In the gym, the bag is far from Maya.",The bag is close to Maya.,The bag is far from Maya.,9,11,9,11,6,7,6,7
gym__name_maya__obj_bag__direct_label__person_first,close_far_matched_scenes,1.1,gym__name_maya__obj_bag,gym__name_maya__obj_bag__person_first,gym__name_maya__obj_bag__direct_label,name_maya__obj_bag__direct_label__person_first,gym,gym,ends,name_maya,Maya,obj_bag,bag,direct_label,explicit_relation,locative_object_subject,object_first,person_first,True,True,False,False,True,False,False,"In the gym, the bag is close to Maya.","In the gym, the bag is far from Maya.",Maya is close to the bag.,Maya is far from the bag.,9,11,9,11,6,8,6,8
gym__name_maya__obj_bag__distance_phrase__object_first,close_far_matched_scenes,1.1,gym__name_maya__obj_bag,gym__name_maya__obj_bag__object_first,gym__name_maya__obj_bag__distance_phrase,name_maya__obj_bag__distance_phrase__object_first,gym,gym,ends,name_maya,Maya,obj_bag,bag,distance_phrase,distance_magnitude_phrase,locative_distance_subject,person_first,object_first,True,True,False,False,False,True,False,"In the gym, a short distance separates Maya and the bag.","In the gym, a long distance separates Maya and the bag.",The bag is close to Maya.,The bag is far from Maya.,11,13,11,13,6,7,6,7
gym__name_maya__obj_bag__distance_phrase__person_first,close_far_matched_scenes,1.1,gym__name_maya__obj_bag,gym__name_maya__obj_bag__person_first,gym__name_maya__obj_bag__distance_phrase,name_maya__obj_bag__distance_phrase__person_first,gym,gym,ends,name_maya,Maya,obj_bag,bag,distance_phrase,distance_magnitude_phrase,locative_distance_subject,person_first,person_first,False,True,False,False,False,True,False,"In the gym, a short distance separates Maya and the bag.","In the gym, a long distance separates Maya and the bag.",Maya is close to the bag.,Maya is far from the bag.,11,13,11,13,6,8,6,8
gym__name_maya__obj_bag__distance_phrase_object_first__object_first,close_far_matched_scenes,1.1,gym__name_maya__obj_bag,gym__name_maya__obj_bag__object_first,gym__name_maya__obj_bag__distance_phrase_object_first,name_maya__obj_bag__distance_phrase_object_first__object_first,gym,gym,ends,name_maya,Maya,obj_bag,bag,distance_phrase_object_first,distance_magnitude_phrase,locative_distance_subject,object_first,object_first,False,True,False,False,False,True,False,"In the gym, a short distance separates the bag and Maya.","In the gym, a long distance separates the bag and Maya.",The bag is close to Maya.,The bag is far from Maya.,11,13,11,13,6,7,6,7
gym__name_maya__obj_bag__distance_phrase_object_first__person_first,close_far_matched_scenes,1.1,gym__name_maya__obj_bag,gym__name_maya__obj_bag__person_first,gym__name_maya__obj_bag__distance_phrase_object_first,name_maya__obj_bag__distance_phrase_object_first__person_first,gym,gym,ends,name_maya,Maya,obj_bag,bag,distance_phrase_object_first,distance_magnitude_phrase,locative_distance_subject,object_first,person_first,True,True,False,False,False,True,False,"In the gym, a short distance separates the bag and Maya.","In the gym, a long distance separates the bag and Maya.",Maya is close to the bag.,Maya is far from the bag.,11,13,11,13,6,8,6,8
gym__name_maya__obj_bag__endpoint_placement__object_first,close_far_matched_scenes,1.1,gym__name_maya__obj_bag,gym__name_maya__obj_bag__object_first,gym__name_maya__obj_bag__endpoint_placement,name_maya__obj_bag__endpoint_placement__object_first,gym,gym,ends,name_maya,Maya,obj_bag,bag,endpoint_placement,physical_endpoint_placement,two_sentence_person_then_object,person_first,object_first,True,True,True,True,False,False,False,"In the gym, Maya stands at one end. The bag rests at Maya's feet.","In the gym, Maya stands at one end. The bag rests at the other end.",The bag is close to Maya.,The bag is far from Maya.,15,18,15,18,6,7,6,7
gym__name_maya__obj_bag__endpoint_placement__person_first,close_far_matched_scenes,1.1,gym__name_maya__obj_bag,gym__name_maya__obj_bag__person_first,gym__name_maya__obj_bag__endpoint_placement,name_maya__obj_bag__endpoint_placement__person_first,gym,gym,ends,name_maya,Maya,obj_bag,bag,endpoint_placement,physical_endpoint_placement,two_sentence_person_then_object,person_first,person_first,False,True,True,True,False,False,False,"In the gym, Maya stands at one end. The bag rests at Maya's feet.","In the gym, Maya stands at one end. The bag rests at the other end.",Maya is close to the bag.,Maya is far from the bag.,15,18,15,18,6,8,6,8
gym__name_maya__obj_book__direct_label__object_first,close_far_matched_scenes,1.1,gym__name_maya__obj_book,gym__name_maya__obj_book__object_first,gym__name_maya__obj_book__direct_label,name_maya__obj_book__direct_label__object_first,gym,gym,ends,name_maya,Maya,obj_book,book,direct_label,explicit_relation,locative_object_subject,object_first,object_first,False,True,False,False,True,False,True,"In the gym, the book is close to Maya.","In the gym, the book is far from Maya.",The book is close to Maya.,The book is far from Maya.,9,11,9,11,6,7,6,7
gym__name_maya__obj_book__direct_label__person_first,close_far_matched_scenes,1.1,gym__name_maya__obj_book,gym__name_maya__obj_book__person_first,gym__name_maya__obj_book__direct_label,name_maya__obj_book__direct_label__person_first,gym,gym,ends,name_maya,Maya,obj_book,book,direct_label,explicit_relation,locative_object_subject,object_first,person_first,True,True,False,False,True,False,False,"In the gym, the book is close to Maya.","In the gym, the book is far from Maya.",Maya is close to the book.,Maya is far from the book.,9,11,9,11,6,8,6,8
gym__name_maya__obj_book__distance_phrase__object_first,close_far_matched_scenes,1.1,gym__name_maya__obj_book,gym__name_maya__obj_book__object_first,gym__name_maya__obj_book__distance_phrase,name_maya__obj_book__distance_phrase__object_first,gym,gym,ends,name_maya,Maya,obj_book,book,distance_phrase,distance_magnitude_phrase,locative_distance_subject,person_first,object_first,True,True,False,False,False,True,False,"In the gym, a short distance separates Maya and the book.","In the gym, a long distance separates Maya and the book.",The book is close to Maya.,The book is far from Maya.,11,13,11,13,6,7,6,7
gym__name_maya__obj_book__distance_phrase__person_first,close_far_matched_scenes,1.1,gym__name_maya__obj_book,gym__name_maya__obj_book__person_first,gym__name_maya__obj_book__distance_phrase,name_maya__obj_book__distance_phrase__person_first,gym,gym,ends,name_maya,Maya,obj_book,book,distance_phrase,distance_magnitude_phrase,locative_distance_subject,person_first,person_first,False,True,False,False,False,True,False,"In the gym, a short distance separates Maya and the book.","In the gym, a long distance separates Maya and the book.",Maya is close to the book.,Maya is far from the book.,11,13,11,13,6,8,6,8
gym__name_maya__obj_book__distance_phrase_object_first__object_first,close_far_matched_scenes,1.1,gym__name_maya__obj_book,gym__name_maya__obj_book__object_first,gym__name_maya__obj_book__distance_phrase_object_first,name_maya__obj_book__distance_phrase_object_first__object_first,gym,gym,ends,name_maya,Maya,obj_book,book,distance_phrase_object_first,distance_magnitude_phrase,locative_distance_subject,object_first,object_first,False,True,False,False,False,True,False,"In the gym, a short distance separates the book and Maya.","In the gym, a long distance separates the book and Maya.",The book is close to Maya.,The book is far from Maya.,11,13,11,13,6,7,6,7
gym__name_maya__obj_book__distance_phrase_object_first__person_first,close_far_matched_scenes,1.1,gym__name_maya__obj_book,gym__name_maya__obj_book__person_first,gym__name_maya__obj_book__distance_phrase_object_first,name_maya__obj_book__distance_phrase_object_first__person_first,gym,gym,ends,name_maya,Maya,obj_book,book,distance_phrase_object_first,distance_magnitude_phrase,locative_distance_subject,object_first,person_first,True,True,False,False,False,True,False,"In the gym, a short distance separates the book and Maya.","In the gym, a long distance separates the book and Maya.",Maya is close to the book.,Maya is far from the book.,11,13,11,13,6,8,6,8
gym__name_maya__obj_book__endpoint_placement__object_first,close_far_matched_scenes,1.1,gym__name_maya__obj_book,gym__name_maya__obj_book__object_first,gym__name_maya__obj_book__endpoint_placement,name_maya__obj_book__endpoint_placement__object_first,gym,gym,ends,name_maya,Maya,obj_book,book,endpoint_placement,physical_endpoint_placement,two_sentence_person_then_object,person_first,object_first,True,True,True,True,False,False,False,"In the gym, Maya stands at one end. The book rests at Maya's feet.","In the gym, Maya stands at one end. The book rests at the other end.",The book is close to Maya.,The book is far from Maya.,15,18,15,18,6,7,6,7
gym__name_maya__obj_book__endpoint_placement__person_first,close_far_matched_scenes,1.1,gym__name_maya__obj_book,gym__name_maya__obj_book__person_first,gym__name_maya__obj_book__endpoint_placement,name_maya__obj_book__endpoint_placement__person_first,gym,gym,ends,name_maya,Maya,obj_book,book,endpoint_placement,physical_endpoint_placement,two_sentence_person_then_object,person_first,person_first,False,True,True,True,False,False,False,"In the gym, Maya stands at one end. The book rests at Maya's feet.","In the gym, Maya stands at one end. The book rests at the other end.",Maya is close to the book.,Maya is far from the book.,15,18,15,18,6,8,6,8
gym__name_maya__obj_cone__direct_label__object_first,close_far_matched_scenes,1.1,gym__name_maya__obj_cone,gym__name_maya__obj_cone__object_first,gym__name_maya__obj_cone__direct_label,name_maya__obj_cone__direct_label__object_first,gym,gym,ends,name_maya,Maya,obj_cone,cone,direct_label,explicit_relation,locative_object_subject,object_first,object_first,False,True,False,False,True,False,True,"In the gym, the cone is close to Maya.","In the gym, the cone is far from Maya.",The cone is close to Maya.,The cone is far from Maya.,9,11,9,11,6,7,6,7
gym__name_maya__obj_cone__direct_label__person_first,close_far_matched_scenes,1.1,gym__name_maya__obj_cone,gym__name_maya__obj_cone__person_first,gym__name_maya__obj_cone__direct_label,name_maya__obj_cone__direct_label__person_first,gym,gym,ends,name_maya,Maya,obj_cone,cone,direct_label,explicit_relation,locative_object_subject,object_first,person_first,True,True,False,False,True,False,False,"In the gym, the cone is close to Maya.","In the gym, the cone is far from Maya.",Maya is close to the cone.,Maya is far from the cone.,9,11,9,11,6,8,6,8
gym__name_maya__obj_cone__distance_phrase__object_first,close_far_matched_scenes,1.1,gym__name_maya__obj_cone,gym__name_maya__obj_cone__object_first,gym__name_maya__obj_cone__distance_phrase,name_maya__obj_cone__distance_phrase__object_first,gym,gym,ends,name_maya,Maya,obj_cone,cone,distance_phrase,distance_magnitude_phrase,locative_distance_subject,person_first,object_first,True,True,False,False,False,True,False,"In the gym, a short distance separates Maya and the cone.","In the gym, a long distance separates Maya and the cone.",The cone is close to Maya.,The cone is far from Maya.,11,13,11,13,6,7,6,7
gym__name_maya__obj_cone__distance_phrase__person_first,close_far_matched_scenes,1.1,gym__name_maya__obj_cone,gym__name_maya__obj_cone__person_first,gym__name_maya__obj_cone__distance_phrase,name_maya__obj_cone__distance_phrase__person_first,gym,gym,ends,name_maya,Maya,obj_cone,cone,distance_phrase,distance_magnitude_phrase,locative_distance_subject,person_first,person_first,False,True,False,False,False,True,False,"In the gym, a short distance separates Maya and the cone.","In the gym, a long distance separates Maya and the cone.",Maya is close to the cone.,Maya is far from the cone.,11,13,11,13,6,8,6,8
gym__name_maya__obj_cone__distance_phrase_object_first__object_first,close_far_matched_scenes,1.1,gym__name_maya__obj_cone,gym__name_maya__obj_cone__object_first,gym__name_maya__obj_cone__distance_phrase_object_first,name_maya__obj_cone__distance_phrase_object_first__object_first,gym,gym,ends,name_maya,Maya,obj_cone,cone,distance_phrase_object_first,distance_magnitude_phrase,locative_distance_subject,object_first,object_first,False,True,False,False,False,True,False,"In the gym, a short distance separates the cone and Maya.","In the gym, a long distance separates the cone and Maya.",The cone is close to Maya.,The cone is far from Maya.,11,13,11,13,6,7,6,7
gym__name_maya__obj_cone__distance_phrase_object_first__person_first,close_far_matched_scenes,1.1,gym__name_maya__obj_cone,gym__name_maya__obj_cone__person_first,gym__name_maya__obj_cone__distance_phrase_object_first,name_maya__obj_cone__distance_phrase_object_first__person_first,gym,gym,ends,name_maya,Maya,obj_cone,cone,distance_phrase_object_first,distance_magnitude_phrase,locative_distance_subject,object_first,person_first,True,True,False,False,False,True,False,"In the gym, a short distance separates the cone and Maya.","In the gym, a long distance separates the cone and Maya.",Maya is close to the cone.,Maya is far from the cone.,11,13,11,13,6,8,6,8
gym__name_maya__obj_cone__endpoint_placement__object_first,close_far_matched_scenes,1.1,gym__name_maya__obj_cone,gym__name_maya__obj_cone__object_first,gym__name_maya__obj_cone__endpoint_placement,name_maya__obj_cone__endpoint_placement__object_first,gym,gym,ends,name_maya,Maya,obj_cone,cone,endpoint_placement,physical_endpoint_placement,two_sentence_person_then_object,person_first,object_first,True,True,True,True,False,False,False,"In the gym, Maya stands at one end. The cone rests at Maya's feet.","In the gym, Maya stands at one end. The cone rests at the other end.",The cone is close to Maya.,The cone is far from Maya.,15,18,15,18,6,7,6,7
gym__name_maya__obj_cone__endpoint_placement__person_first,close_far_matched_scenes,1.1,gym__name_maya__obj_cone,gym__name_maya__obj_cone__person_first,gym__name_maya__obj_cone__endpoint_placement,name_maya__obj_cone__endpoint_placement__person_first,gym,gym,ends,name_maya,Maya,obj_cone,cone,endpoint_placement,physical_endpoint_placement,two_sentence_person_then_object,person_first,person_first,False,True,True,True,False,False,False,"In the gym, Maya stands at one end. The cone rests at Maya's feet.","In the gym, Maya stands at one end. The cone rests at the other end.",Maya is close to the cone.,Maya is far from the cone.,15,18,15,18,6,8,6,8
gym__name_maya__obj_helmet__direct_label__object_first,close_far_matched_scenes,1.1,gym__name_maya__obj_helmet,gym__name_maya__obj_helmet__object_first,gym__name_maya__obj_helmet__direct_label,name_maya__obj_helmet__direct_label__object_first,gym,gym,ends,name_maya,Maya,obj_helmet,helmet,direct_label,explicit_relation,locative_object_subject,object_first,object_first,False,True,False,False,True,False,True,"In the gym, the helmet is close to Maya.","In the gym, the helmet is far from Maya.",The helmet is close to Maya.,The helmet is far from Maya.,9,11,9,11,6,7,6,7
gym__name_maya__obj_helmet__direct_label__person_first,close_far_matched_scenes,1.1,gym__name_maya__obj_helmet,gym__name_maya__obj_helmet__person_first,gym__name_maya__obj_helmet__direct_label,name_maya__obj_helmet__direct_label__person_first,gym,gym,ends,name_maya,Maya,obj_helmet,helmet,direct_label,explicit_relation,locative_object_subject,object_first,person_first,True,True,False,False,True,False,False,"In the gym, the helmet is close to Maya.","In the gym, the helmet is far from Maya.",Maya is close to the helmet.,Maya is far from the helmet.,9,11,9,11,6,8,6,8
gym__name_maya__obj_helmet__distance_phrase__object_first,close_far_matched_scenes,1.1,gym__name_maya__obj_helmet,gym__name_maya__obj_helmet__object_first,gym__name_maya__obj_helmet__distance_phrase,name_maya__obj_helmet__distance_phrase__object_first,gym,gym,ends,name_maya,Maya,obj_helmet,helmet,distance_phrase,distance_magnitude_phrase,locative_distance_subject,person_first,object_first,True,True,False,False,False,True,False,"In the gym, a short distance separates Maya and the helmet.","In the gym, a long distance separates Maya and the helmet.",The helmet is close to Maya.,The helmet is far from Maya.,11,13,11,13,6,7,6,7
gym__name_maya__obj_helmet__distance_phrase__person_first,close_far_matched_scenes,1.1,gym__name_maya__obj_helmet,gym__name_maya__obj_helmet__person_first,gym__name_maya__obj_helmet__distance_phrase,name_maya__obj_helmet__distance_phrase__person_first,gym,gym,ends,name_maya,Maya,obj_helmet,helmet,distance_phrase,distance_magnitude_phrase,locative_distance_subject,person_first,person_first,False,True,False,False,False,True,False,"In the gym, a short distance separates Maya and the helmet.","In the gym, a long distance separates Maya and the helmet.",Maya is close to the helmet.,Maya is far from the helmet.,11,13,11,13,6,8,6,8
gym__name_maya__obj_helmet__distance_phrase_object_first__object_first,close_far_matched_scenes,1.1,gym__name_maya__obj_helmet,gym__name_maya__obj_helmet__object_first,gym__name_maya__obj_helmet__distance_phrase_object_first,name_maya__obj_helmet__distance_phrase_object_first__object_first,gym,gym,ends,name_maya,Maya,obj_helmet,helmet,distance_phrase_object_first,distance_magnitude_phrase,locative_distance_subject,object_first,object_first,False,True,False,False,False,True,False,"In the gym, a short distance separates the helmet and Maya.","In the gym, a long distance separates the helmet and Maya.",The helmet is close to Maya.,The helmet is far from Maya.,11,13,11,13,6,7,6,7
gym__name_maya__obj_helmet__distance_phrase_object_first__person_first,close_far_matched_scenes,1.1,gym__name_maya__obj_helmet,gym__name_maya__obj_helmet__person_first,gym__name_maya__obj_helmet__distance_phrase_object_first,name_maya__obj_helmet__distance_phrase_object_first__person_first,gym,gym,ends,name_maya,Maya,obj_helmet,helmet,distance_phrase_object_first,distance_magnitude_phrase,locative_distance_subject,object_first,person_first,True,True,False,False,False,True,False,"In the gym, a short distance separates the helmet and Maya.","In the gym, a long distance separates the helmet and Maya.",Maya is close to the helmet.,Maya is far from the helmet.,11,13,11,13,6,8,6,8
gym__name_maya__obj_helmet__endpoint_placement__object_first,close_far_matched_scenes,1.1,gym__name_maya__obj_helmet,gym__name_maya__obj_helmet__object_first,gym__name_maya__obj_helmet__endpoint_placement,name_maya__obj_helmet__endpoint_placement__object_first,gym,gym,ends,name_maya,Maya,obj_helmet,helmet,endpoint_placement,physical_endpoint_placement,two_sentence_person_then_object,person_first,object_first,True,True,True,True,False,False,False,"In the gym, Maya stands at one end. The helmet rests at Maya's feet.","In the gym, Maya stands at one end. The helmet rests at the other end.",The helmet is close to Maya.,The helmet is far from Maya.,15,18,15,18,6,7,6,7
gym__name_maya__obj_helmet__endpoint_placement__person_first,close_far_matched_scenes,1.1,gym__name_maya__obj_helmet,gym__name_maya__obj_helmet__person_first,gym__name_maya__obj_helmet__endpoint_placement,name_maya__obj_helmet__endpoint_placement__person_first,gym,gym,ends,name_maya,Maya,obj_helmet,helmet,endpoint_placement,physical_endpoint_placement,two_sentence_person_then_object,person_first,person_first,False,True,True,True,False,False,False,"In the gym, Maya stands at one end. The helmet rests at Maya's feet.","In the gym, Maya stands at one end. The helmet rests at the other end.",Maya is close to the helmet.,Maya is far from the helmet.,15,18,15,18,6,8,6,8
gym__name_maya__obj_cup__direct_label__object_first,close_far_matched_scenes,1.1,gym__name_maya__obj_cup,gym__name_maya__obj_cup__object_first,gym__name_maya__obj_cup__direct_label,name_maya__obj_cup__direct_label__object_first,gym,gym,ends,name_maya,Maya,obj_cup,cup,direct_label,explicit_relation,locative_object_subject,object_first,object_first,False,True,False,False,True,False,True,"In the gym, the cup is close to Maya.","In the gym, the cup is far from Maya.",The cup is close to Maya.,The cup is far from Maya.,9,11,9,11,6,7,6,7
gym__name_maya__obj_cup__direct_label__person_first,close_far_matched_scenes,1.1,gym__name_maya__obj_cup,gym__name_maya__obj_cup__person_first,gym__name_maya__obj_cup__direct_label,name_maya__obj_cup__direct_label__person_first,gym,gym,ends,name_maya,Maya,obj_cup,cup,direct_label,explicit_relation,locative_object_subject,object_first,person_first,True,True,False,False,True,False,False,"In the gym, the cup is close to Maya.","In the gym, the cup is far from Maya.",Maya is close to the cup.,Maya is far from the cup.,9,11,9,11,6,8,6,8
gym__name_maya__obj_cup__distance_phrase__object_first,close_far_matched_scenes,1.1,gym__name_maya__obj_cup,gym__name_maya__obj_cup__object_first,gym__name_maya__obj_cup__distance_phrase,name_maya__obj_cup__distance_phrase__object_first,gym,gym,ends,name_maya,Maya,obj_cup,cup,distance_phrase,distance_magnitude_phrase,locative_distance_subject,person_first,object_first,True,True,False,False,False,True,False,"In the gym, a short distance separates Maya and the cup.","In the gym, a long distance separates Maya and the cup.",The cup is close to Maya.,The cup is far from Maya.,11,13,11,13,6,7,6,7
gym__name_maya__obj_cup__distance_phrase__person_first,close_far_matched_scenes,1.1,gym__name_maya__obj_cup,gym__name_maya__obj_cup__person_first,gym__name_maya__obj_cup__distance_phrase,name_maya__obj_cup__distance_phrase__person_first,gym,gym,ends,name_maya,Maya,obj_cup,cup,distance_phrase,distance_magnitude_phrase,locative_distance_subject,person_first,person_first,False,True,False,False,False,True,False,"In the gym, a short distance separates Maya and the cup.","In the gym, a long distance separates Maya and the cup.",Maya is close to the cup.,Maya is far from the cup.,11,13,11,13,6,8,6,8
gym__name_maya__obj_cup__distance_phrase_object_first__object_first,close_far_matched_scenes,1.1,gym__name_maya__obj_cup,gym__name_maya__obj_cup__object_first,gym__name_maya__obj_cup__distance_phrase_object_first,name_maya__obj_cup__distance_phrase_object_first__object_first,gym,gym,ends,name_maya,Maya,obj_cup,cup,distance_phrase_object_first,distance_magnitude_phrase,locative_distance_subject,object_first,object_first,False,True,False,False,False,True,False,"In the gym, a short distance separates the cup and Maya.","In the gym, a long distance separates the cup and Maya.",The cup is close to Maya.,The cup is far from Maya.,11,13,11,13,6,7,6,7
gym__name_maya__obj_cup__distance_phrase_object_first__person_first,close_far_matched_scenes,1.1,gym__name_maya__obj_cup,gym__name_maya__obj_cup__person_first,gym__name_maya__obj_cup__distance_phrase_object_first,name_maya__obj_cup__distance_phrase_object_first__person_first,gym,gym,ends,name_maya,Maya,obj_cup,cup,distance_phrase_object_first,distance_magnitude_phrase,locative_distance_subject,object_first,person_first,True,True,False,False,False,True,False,"In the gym, a short distance separates the cup and Maya.","In the gym, a long distance separates the cup and Maya.",Maya is close to the cup.,Maya is far from the cup.,11,13,11,13,6,8,6,8
gym__name_maya__obj_cup__endpoint_placement__object_first,close_far_matched_scenes,1.1,gym__name_maya__obj_cup,gym__name_maya__obj_cup__object_first,gym__name_maya__obj_cup__endpoint_placement,name_maya__obj_cup__endpoint_placement__object_first,gym,gym,ends,name_maya,Maya,obj_cup,cup,endpoint_placement,physical_endpoint_placement,two_sentence_person_then_object,person_first,object_first,True,True,True,True,False,False,False,"In the gym, Maya stands at one end. The cup rests at Maya's feet.","In the gym, Maya stands at one end. The cup rests at the other end.",The cup is close to Maya.,The cup is far from Maya.,15,18,15,18,6,7,6,7
gym__name_maya__obj_cup__endpoint_placement__person_first,close_far_matched_scenes,1.1,gym__name_maya__obj_cup,gym__name_maya__obj_cup__person_first,gym__name_maya__obj_cup__endpoint_placement,name_maya__obj_cup__endpoint_placement__person_first,gym,gym,ends,name_maya,Maya,obj_cup,cup,endpoint_placement,physical_endpoint_placement,two_sentence_person_then_object,person_first,person_first,False,True,True,True,False,False,False,"In the gym, Maya stands at one end. The cup rests at Maya's feet.","In the gym, Maya stands at one end. The cup rests at the other end.",Maya is close to the cup.,Maya is far from the cup.,15,18,15,18,6,8,6,8
gym__name_maya__obj_key__direct_label__object_first,close_far_matched_scenes,1.1,gym__name_maya__obj_key,gym__name_maya__obj_key__object_first,gym__name_maya__obj_key__direct_label,name_maya__obj_key__direct_label__object_first,gym,gym,ends,name_maya,Maya,obj_key,key,direct_label,explicit_relation,locative_object_subject,object_first,object_first,False,True,False,False,True,False,True,"In the gym, the key is close to Maya.","In the gym, the key is far from Maya.",The key is close to Maya.,The key is far from Maya.,9,11,9,11,6,7,6,7
gym__name_maya__obj_key__direct_label__person_first,close_far_matched_scenes,1.1,gym__name_maya__obj_key,gym__name_maya__obj_key__person_first,gym__name_maya__obj_key__direct_label,name_maya__obj_key__direct_label__person_first,gym,gym,ends,name_maya,Maya,obj_key,key,direct_label,explicit_relation,locative_object_subject,object_first,person_first,True,True,False,False,True,False,False,"In the gym, the key is close to Maya.","In the gym, the key is far from Maya.",Maya is close to the key.,Maya is far from the key.,9,11,9,11,6,8,6,8
gym__name_maya__obj_key__distance_phrase__object_first,close_far_matched_scenes,1.1,gym__name_maya__obj_key,gym__name_maya__obj_key__object_first,gym__name_maya__obj_key__distance_phrase,name_maya__obj_key__distance_phrase__object_first,gym,gym,ends,name_maya,Maya,obj_key,key,distance_phrase,distance_magnitude_phrase,locative_distance_subject,person_first,object_first,True,True,False,False,False,True,False,"In the gym, a short distance separates Maya and the key.","In the gym, a long distance separates Maya and the key.",The key is close to Maya.,The key is far from Maya.,11,13,11,13,6,7,6,7
gym__name_maya__obj_key__distance_phrase__person_first,close_far_matched_scenes,1.1,gym__name_maya__obj_key,gym__name_maya__obj_key__person_first,gym__name_maya__obj_key__distance_phrase,name_maya__obj_key__distance_phrase__person_first,gym,gym,ends,name_maya,Maya,obj_key,key,distance_phrase,distance_magnitude_phrase,locative_distance_subject,person_first,person_first,False,True,False,False,False,True,False,"In the gym, a short distance separates Maya and the key.","In the gym, a long distance separates Maya and the key.",Maya is close to the key.,Maya is far from the key.,11,13,11,13,6,8,6,8
gym__name_maya__obj_key__distance_phrase_object_first__object_first,close_far_matched_scenes,1.1,gym__name_maya__obj_key,gym__name_maya__obj_key__object_first,gym__name_maya__obj_key__distance_phrase_object_first,name_maya__obj_key__distance_phrase_object_first__object_first,gym,gym,ends,name_maya,Maya,obj_key,key,distance_phrase_object_first,distance_magnitude_phrase,locative_distance_subject,object_first,object_first,False,True,False,False,False,True,False,"In the gym, a short distance separates the key and Maya.","In the gym, a long distance separates the key and Maya.",The key is close to Maya.,The key is far from Maya.,11,13,11,13,6,7,6,7
gym__name_maya__obj_key__distance_phrase_object_first__person_first,close_far_matched_scenes,1.1,gym__name_maya__obj_key,gym__name_maya__obj_key__person_first,gym__name_maya__obj_key__distance_phrase_object_first,name_maya__obj_key__distance_phrase_object_first__person_first,gym,gym,ends,name_maya,Maya,obj_key,key,distance_phrase_object_first,distance_magnitude_phrase,locative_distance_subject,object_first,person_first,True,True,False,False,False,True,False,"In the gym, a short distance separates the key and Maya.","In the gym, a long distance separates the key and Maya.",Maya is close to the key.,Maya is far from the key.,11,13,11,13,6,8,6,8
gym__name_maya__obj_key__endpoint_placement__object_first,close_far_matched_scenes,1.1,gym__name_maya__obj_key,gym__name_maya__obj_key__object_first,gym__name_maya__obj_key__endpoint_placement,name_maya__obj_key__endpoint_placement__object_first,gym,gym,ends,name_maya,Maya,obj_key,key,endpoint_placement,physical_endpoint_placement,two_sentence_person_then_object,person_first,object_first,True,True,True,True,False,False,False,"In the gym, Maya stands at one end. The key rests at Maya's feet.","In the gym, Maya stands at one end. The key rests at the other end.",The key is close to Maya.,The key is far from Maya.,15,18,15,18,6,7,6,7
gym__name_maya__obj_key__endpoint_placement__person_first,close_far_matched_scenes,1.1,gym__name_maya__obj_key,gym__name_maya__obj_key__person_first,gym__name_maya__obj_key__endpoint_placement,name_maya__obj_key__endpoint_placement__person_first,gym,gym,ends,name_maya,Maya,obj_key,key,endpoint_placement,physical_endpoint_placement,two_sentence_person_then_object,person_first,person_first,False,True,True,True,False,False,False,"In the gym, Maya stands at one end. The key rests at Maya's feet.","In the gym, Maya stands at one end. The key rests at the other end.",Maya is close to the key.,Maya is far from the key.,15,18,15,18,6,8,6,8
gym__name_maya__obj_box__direct_label__object_first,close_far_matched_scenes,1.1,gym__name_maya__obj_box,gym__name_maya__obj_box__object_first,gym__name_maya__obj_box__direct_label,name_maya__obj_box__direct_label__object_first,gym,gym,ends,name_maya,Maya,obj_box,box,direct_label,explicit_relation,locative_object_subject,object_first,object_first,False,True,False,False,True,False,True,"In the gym, the box is close to Maya.","In the gym, the box is far from Maya.",The box is close to Maya.,The box is far from Maya.,9,11,9,11,6,7,6,7
gym__name_maya__obj_box__direct_label__person_first,close_far_matched_scenes,1.1,gym__name_maya__obj_box,gym__name_maya__obj_box__person_first,gym__name_maya__obj_box__direct_label,name_maya__obj_box__direct_label__person_first,gym,gym,ends,name_maya,Maya,obj_box,box,direct_label,explicit_relation,locative_object_subject,object_first,person_first,True,True,False,False,True,False,False,"In the gym, the box is close to Maya.","In the gym, the box is far from Maya.",Maya is close to the box.,Maya is far from the box.,9,11,9,11,6,8,6,8
gym__name_maya__obj_box__distance_phrase__object_first,close_far_matched_scenes,1.1,gym__name_maya__obj_box,gym__name_maya__obj_box__object_first,gym__name_maya__obj_box__distance_phrase,name_maya__obj_box__distance_phrase__object_first,gym,gym,ends,name_maya,Maya,obj_box,box,distance_phrase,distance_magnitude_phrase,locative_distance_subject,person_first,object_first,True,True,False,False,False,True,False,"In the gym, a short distance separates Maya and the box.","In the gym, a long distance separates Maya and the box.",The box is close to Maya.,The box is far from Maya.,11,13,11,13,6,7,6,7
gym__name_maya__obj_box__distance_phrase__person_first,close_far_matched_scenes,1.1,gym__name_maya__obj_box,gym__name_maya__obj_box__person_first,gym__name_maya__obj_box__distance_phrase,name_maya__obj_box__distance_phrase__person_first,gym,gym,ends,name_maya,Maya,obj_box,box,distance_phrase,distance_magnitude_phrase,locative_distance_subject,person_first,person_first,False,True,False,False,False,True,False,"In the gym, a short distance separates Maya and the box.","In the gym, a long distance separates Maya and the box.",Maya is close to the box.,Maya is far from the box.,11,13,11,13,6,8,6,8
gym__name_maya__obj_box__distance_phrase_object_first__object_first,close_far_matched_scenes,1.1,gym__name_maya__obj_box,gym__name_maya__obj_box__object_first,gym__name_maya__obj_box__distance_phrase_object_first,name_maya__obj_box__distance_phrase_object_first__object_first,gym,gym,ends,name_maya,Maya,obj_box,box,distance_phrase_object_first,distance_magnitude_phrase,locative_distance_subject,object_first,object_first,False,True,False,False,False,True,False,"In the gym, a short distance separates the box and Maya.","In the gym, a long distance separates the box and Maya.",The box is close to Maya.,The box is far from Maya.,11,13,11,13,6,7,6,7
gym__name_maya__obj_box__distance_phrase_object_first__person_first,close_far_matched_scenes,1.1,gym__name_maya__obj_box,gym__name_maya__obj_box__person_first,gym__name_maya__obj_box__distance_phrase_object_first,name_maya__obj_box__distance_phrase_object_first__person_first,gym,gym,ends,name_maya,Maya,obj_box,box,distance_phrase_object_first,distance_magnitude_phrase,locative_distance_subject,object_first,person_first,True,True,False,False,False,True,False,"In the gym, a short distance separates the box and Maya.","In the gym, a long distance separates the box and Maya.",Maya is close to the box.,Maya is far from the box.,11,13,11,13,6,8,6,8
gym__name_maya__obj_box__endpoint_placement__object_first,close_far_matched_scenes,1.1,gym__name_maya__obj_box,gym__name_maya__obj_box__object_first,gym__name_maya__obj_box__endpoint_placement,name_maya__obj_box__endpoint_placement__object_first,gym,gym,ends,name_maya,Maya,obj_box,box,endpoint_placement,physical_endpoint_placement,two_sentence_person_then_object,person_first,object_first,True,True,True,True,False,False,False,"In the gym, Maya stands at one end. The box rests at Maya's feet.","In the gym, Maya stands at one end. The box rests at the other end.",The box is close to Maya.,The box is far from Maya.,15,18,15,18,6,7,6,7
gym__name_maya__obj_box__endpoint_placement__person_first,close_far_matched_scenes,1.1,gym__name_maya__obj_box,gym__name_maya__obj_box__person_first,gym__name_maya__obj_box__endpoint_placement,name_maya__obj_box__endpoint_placement__person_first,gym,gym,ends,name_maya,Maya,obj_box,box,endpoint_placement,physical_endpoint_placement,two_sentence_person_then_object,person_first,person_first,False,True,True,True,False,False,False,"In the gym, Maya stands at one end. The box rests at Maya's feet.","In the gym, Maya stands at one end. The box rests at the other end.",Maya is close to the box.,Maya is far from the box.,15,18,15,18,6,8,6,8
gym__name_jesse__obj_ball__direct_label__object_first,close_far_matched_scenes,1.1,gym__name_jesse__obj_ball,gym__name_jesse__obj_ball__object_first,gym__name_jesse__obj_ball__direct_label,name_jesse__obj_ball__direct_label__object_first,gym,gym,ends,name_jesse,Jesse,obj_ball,ball,direct_label,explicit_relation,locative_object_subject,object_first,object_first,False,True,False,False,True,False,True,"In the gym, the ball is close to Jesse.","In the gym, the ball is far from Jesse.",The ball is close to Jesse.,The ball is far from Jesse.,9,11,9,11,6,7,6,7
gym__name_jesse__obj_ball__direct_label__person_first,close_far_matched_scenes,1.1,gym__name_jesse__obj_ball,gym__name_jesse__obj_ball__person_first,gym__name_jesse__obj_ball__direct_label,name_jesse__obj_ball__direct_label__person_first,gym,gym,ends,name_jesse,Jesse,obj_ball,ball,direct_label,explicit_relation,locative_object_subject,object_first,person_first,True,True,False,False,True,False,False,"In the gym, the ball is close to Jesse.","In the gym, the ball is far from Jesse.",Jesse is close to the ball.,Jesse is far from the ball.,9,11,9,11,6,8,6,8
gym__name_jesse__obj_ball__distance_phrase__object_first,close_far_matched_scenes,1.1,gym__name_jesse__obj_ball,gym__name_jesse__obj_ball__object_first,gym__name_jesse__obj_ball__distance_phrase,name_jesse__obj_ball__distance_phrase__object_first,gym,gym,ends,name_jesse,Jesse,obj_ball,ball,distance_phrase,distance_magnitude_phrase,locative_distance_subject,person_first,object_first,True,True,False,False,False,True,False,"In the gym, a short distance separates Jesse and the ball.","In the gym, a long distance separates Jesse and the ball.",The ball is close to Jesse.,The ball is far from Jesse.,11,13,11,13,6,7,6,7
gym__name_jesse__obj_ball__distance_phrase__person_first,close_far_matched_scenes,1.1,gym__name_jesse__obj_ball,gym__name_jesse__obj_ball__person_first,gym__name_jesse__obj_ball__distance_phrase,name_jesse__obj_ball__distance_phrase__person_first,gym,gym,ends,name_jesse,Jesse,obj_ball,ball,distance_phrase,distance_magnitude_phrase,locative_distance_subject,person_first,person_first,False,True,False,False,False,True,False,"In the gym, a short distance separates Jesse and the ball.","In the gym, a long distance separates Jesse and the ball.",Jesse is close to the ball.,Jesse is far from the ball.,11,13,11,13,6,8,6,8
gym__name_jesse__obj_ball__distance_phrase_object_first__object_first,close_far_matched_scenes,1.1,gym__name_jesse__obj_ball,gym__name_jesse__obj_ball__object_first,gym__name_jesse__obj_ball__distance_phrase_object_first,name_jesse__obj_ball__distance_phrase_object_first__object_first,gym,gym,ends,name_jesse,Jesse,obj_ball,ball,distance_phrase_object_first,distance_magnitude_phrase,locative_distance_subject,object_first,object_first,False,True,False,False,False,True,False,"In the gym, a short distance separates the ball and Jesse.","In the gym, a long distance separates the ball and Jesse.",The ball is close to Jesse.,The ball is far from Jesse.,11,13,11,13,6,7,6,7
gym__name_jesse__obj_ball__distance_phrase_object_first__person_first,close_far_matched_scenes,1.1,gym__name_jesse__obj_ball,gym__name_jesse__obj_ball__person_first,gym__name_jesse__obj_ball__distance_phrase_object_first,name_jesse__obj_ball__distance_phrase_object_first__person_first,gym,gym,ends,name_jesse,Jesse,obj_ball,ball,distance_phrase_object_first,distance_magnitude_phrase,locative_distance_subject,object_first,person_first,True,True,False,False,False,True,False,"In the gym, a short distance separates the ball and Jesse.","In the gym, a long distance separates the ball and Jesse.",Jesse is close to the ball.,Jesse is far from the ball.,11,13,11,13,6,8,6,8
gym__name_jesse__obj_ball__endpoint_placement__object_first,close_far_matched_scenes,1.1,gym__name_jesse__obj_ball,gym__name_jesse__obj_ball__object_first,gym__name_jesse__obj_ball__endpoint_placement,name_jesse__obj_ball__endpoint_placement__object_first,gym,gym,ends,name_jesse,Jesse,obj_ball,ball,endpoint_placement,physical_endpoint_placement,two_sentence_person_then_object,person_first,object_first,True,True,True,True,False,False,False,"In the gym, Jesse stands at one end. The ball rests at Jesse's feet.","In the gym, Jesse stands at one end. The ball rests at the other end.",The ball is close to Jesse.,The ball is far from Jesse.,15,18,15,18,6,7,6,7
gym__name_jesse__obj_ball__endpoint_placement__person_first,close_far_matched_scenes,1.1,gym__name_jesse__obj_ball,gym__name_jesse__obj_ball__person_first,gym__name_jesse__obj_ball__endpoint_placement,name_jesse__obj_ball__endpoint_placement__person_first,gym,gym,ends,name_jesse,Jesse,obj_ball,ball,endpoint_placement,physical_endpoint_placement,two_sentence_person_then_object,person_first,person_first,False,True,True,True,False,False,False,"In the gym, Jesse stands at one end. The ball rests at Jesse's feet.","In the gym, Jesse stands at one end. The ball rests at the other end.",Jesse is close to the ball.,Jesse is far from the ball.,15,18,15,18,6,8,6,8
gym__name_jesse__obj_bag__direct_label__object_first,close_far_matched_scenes,1.1,gym__name_jesse__obj_bag,gym__name_jesse__obj_bag__object_first,gym__name_jesse__obj_bag__direct_label,name_jesse__obj_bag__direct_label__object_first,gym,gym,ends,name_jesse,Jesse,obj_bag,bag,direct_label,explicit_relation,locative_object_subject,object_first,object_first,False,True,False,False,True,False,True,"In the gym, the bag is close to Jesse.","In the gym, the bag is far from Jesse.",The bag is close to Jesse.,The bag is far from Jesse.,9,11,9,11,6,7,6,7
gym__name_jesse__obj_bag__direct_label__person_first,close_far_matched_scenes,1.1,gym__name_jesse__obj_bag,gym__name_jesse__obj_bag__person_first,gym__name_jesse__obj_bag__direct_label,name_jesse__obj_bag__direct_label__person_first,gym,gym,ends,name_jesse,Jesse,obj_bag,bag,direct_label,explicit_relation,locative_object_subject,object_first,person_first,True,True,False,False,True,False,False,"In the gym, the bag is close to Jesse.","In the gym, the bag is far from Jesse.",Jesse is close to the bag.,Jesse is far from the bag.,9,11,9,11,6,8,6,8
gym__name_jesse__obj_bag__distance_phrase__object_first,close_far_matched_scenes,1.1,gym__name_jesse__obj_bag,gym__name_jesse__obj_bag__object_first,gym__name_jesse__obj_bag__distance_phrase,name_jesse__obj_bag__distance_phrase__object_first,gym,gym,ends,name_jesse,Jesse,obj_bag,bag,distance_phrase,distance_magnitude_phrase,locative_distance_subject,person_first,object_first,True,True,False,False,False,True,False,"In the gym, a short distance separates Jesse and the bag.","In the gym, a long distance separates Jesse and the bag.",The bag is close to Jesse.,The bag is far from Jesse.,11,13,11,13,6,7,6,7
gym__name_jesse__obj_bag__distance_phrase__person_first,close_far_matched_scenes,1.1,gym__name_jesse__obj_bag,gym__name_jesse__obj_bag__person_first,gym__name_jesse__obj_bag__distance_phrase,name_jesse__obj_bag__distance_phrase__person_first,gym,gym,ends,name_jesse,Jesse,obj_bag,bag,distance_phrase,distance_magnitude_phrase,locative_distance_subject,person_first,person_first,False,True,False,False,False,True,False,"In the gym, a short distance separates Jesse and the bag.","In the gym, a long distance separates Jesse and the bag.",Jesse is close to the bag.,Jesse is far from the bag.,11,13,11,13,6,8,6,8
gym__name_jesse__obj_bag__distance_phrase_object_first__object_first,close_far_matched_scenes,1.1,gym__name_jesse__obj_bag,gym__name_jesse__obj_bag__object_first,gym__name_jesse__obj_bag__distance_phrase_object_first,name_jesse__obj_bag__distance_phrase_object_first__object_first,gym,gym,ends,name_jesse,Jesse,obj_bag,bag,distance_phrase_object_first,distance_magnitude_phrase,locative_distance_subject,object_first,object_first,False,True,False,False,False,True,False,"In the gym, a short distance separates the bag and Jesse.","In the gym, a long distance separates the bag and Jesse.",The bag is close to Jesse.,The bag is far from Jesse.,11,13,11,13,6,7,6,7
gym__name_jesse__obj_bag__distance_phrase_object_first__person_first,close_far_matched_scenes,1.1,gym__name_jesse__obj_bag,gym__name_jesse__obj_bag__person_first,gym__name_jesse__obj_bag__distance_phrase_object_first,name_jesse__obj_bag__distance_phrase_object_first__person_first,gym,gym,ends,name_jesse,Jesse,obj_bag,bag,distance_phrase_object_first,distance_magnitude_phrase,locative_distance_subject,object_first,person_first,True,True,False,False,False,True,False,"In the gym, a short distance separates the bag and Jesse.","In the gym, a long distance separates the bag and Jesse.",Jesse is close to the bag.,Jesse is far from the bag.,11,13,11,13,6,8,6,8
gym__name_jesse__obj_bag__endpoint_placement__object_first,close_far_matched_scenes,1.1,gym__name_jesse__obj_bag,gym__name_jesse__obj_bag__object_first,gym__name_jesse__obj_bag__endpoint_placement,name_jesse__obj_bag__endpoint_placement__object_first,gym,gym,ends,name_jesse,Jesse,obj_bag,bag,endpoint_placement,physical_endpoint_placement,two_sentence_person_then_object,person_first,object_first,True,True,True,True,False,False,False,"In the gym, Jesse stands at one end. The bag rests at Jesse's feet.","In the gym, Jesse stands at one end. The bag rests at the other end.",The bag is close to Jesse.,The bag is far from Jesse.,15,18,15,18,6,7,6,7
gym__name_jesse__obj_bag__endpoint_placement__person_first,close_far_matched_scenes,1.1,gym__name_jesse__obj_bag,gym__name_jesse__obj_bag__person_first,gym__name_jesse__obj_bag__endpoint_placement,name_jesse__obj_bag__endpoint_placement__person_first,gym,gym,ends,name_jesse,Jesse,obj_bag,bag,endpoint_placement,physical_endpoint_placement,two_sentence_person_then_object,person_first,person_first,False,True,True,True,False,False,False,"In the gym, Jesse stands at one end. The bag rests at Jesse's feet.","In the gym, Jesse stands at one end. The bag rests at the other end.",Jesse is close to the bag.,Jesse is far from the bag.,15,18,15,18,6,8,6,8
gym__name_jesse__obj_book__direct_label__object_first,close_far_matched_scenes,1.1,gym__name_jesse__obj_book,gym__name_jesse__obj_book__object_first,gym__name_jesse__obj_book__direct_label,name_jesse__obj_book__direct_label__object_first,gym,gym,ends,name_jesse,Jesse,obj_book,book,direct_label,explicit_relation,locative_object_subject,object_first,object_first,False,True,False,False,True,False,True,"In the gym, the book is close to Jesse.","In the gym, the book is far from Jesse.",The book is close to Jesse.,The book is far from Jesse.,9,11,9,11,6,7,6,7
gym__name_jesse__obj_book__direct_label__person_first,close_far_matched_scenes,1.1,gym__name_jesse__obj_book,gym__name_jesse__obj_book__person_first,gym__name_jesse__obj_book__direct_label,name_jesse__obj_book__direct_label__person_first,gym,gym,ends,name_jesse,Jesse,obj_book,book,direct_label,explicit_relation,locative_object_subject,object_first,person_first,True,True,False,False,True,False,False,"In the gym, the book is close to Jesse.","In the gym, the book is far from Jesse.",Jesse is close to the book.,Jesse is far from the book.,9,11,9,11,6,8,6,8
gym__name_jesse__obj_book__distance_phrase__object_first,close_far_matched_scenes,1.1,gym__name_jesse__obj_book,gym__name_jesse__obj_book__object_first,gym__name_jesse__obj_book__distance_phrase,name_jesse__obj_book__distance_phrase__object_first,gym,gym,ends,name_jesse,Jesse,obj_book,book,distance_phrase,distance_magnitude_phrase,locative_distance_subject,person_first,object_first,True,True,False,False,False,True,False,"In the gym, a short distance separates Jesse and the book.","In the gym, a long distance separates Jesse and the book.",The book is close to Jesse.,The book is far from Jesse.,11,13,11,13,6,7,6,7
gym__name_jesse__obj_book__distance_phrase__person_first,close_far_matched_scenes,1.1,gym__name_jesse__obj_book,gym__name_jesse__obj_book__person_first,gym__name_jesse__obj_book__distance_phrase,name_jesse__obj_book__distance_phrase__person_first,gym,gym,ends,name_jesse,Jesse,obj_book,book,distance_phrase,distance_magnitude_phrase,locative_distance_subject,person_first,person_first,False,True,False,False,False,True,False,"In the gym, a short distance separates Jesse and the book.","In the gym, a long distance separates Jesse and the book.",Jesse is close to the book.,Jesse is far from the book.,11,13,11,13,6,8,6,8
gym__name_jesse__obj_book__distance_phrase_object_first__object_first,close_far_matched_scenes,1.1,gym__name_jesse__obj_book,gym__name_jesse__obj_book__object_first,gym__name_jesse__obj_book__distance_phrase_object_first,name_jesse__obj_book__distance_phrase_object_first__object_first,gym,gym,ends,name_jesse,Jesse,obj_book,book,distance_phrase_object_first,distance_magnitude_phrase,locative_distance_subject,object_first,object_first,False,True,False,False,False,True,False,"In the gym, a short distance separates the book and Jesse.","In the gym, a long distance separates the book and Jesse.",The book is close to Jesse.,The book is far from Jesse.,11,13,11,13,6,7,6,7
gym__name_jesse__obj_book__distance_phrase_object_first__person_first,close_far_matched_scenes,1.1,gym__name_jesse__obj_book,gym__name_jesse__obj_book__person_first,gym__name_jesse__obj_book__distance_phrase_object_first,name_jesse__obj_book__distance_phrase_object_first__person_first,gym,gym,ends,name_jesse,Jesse,obj_book,book,distance_phrase_object_first,distance_magnitude_phrase,locative_distance_subject,object_first,person_first,True,True,False,False,False,True,False,"In the gym, a short distance separates the book and Jesse.","In the gym, a long distance separates the book and Jesse.",Jesse is close to the book.,Jesse is far from the book.,11,13,11,13,6,8,6,8
gym__name_jesse__obj_book__endpoint_placement__object_first,close_far_matched_scenes,1.1,gym__name_jesse__obj_book,gym__name_jesse__obj_book__object_first,gym__name_jesse__obj_book__endpoint_placement,name_jesse__obj_book__endpoint_placement__object_first,gym,gym,ends,name_jesse,Jesse,obj_book,book,endpoint_placement,physical_endpoint_placement,two_sentence_person_then_object,person_first,object_first,True,True,True,True,False,False,False,"In the gym, Jesse stands at one end. The book rests at Jesse's feet.","In the gym, Jesse stands at one end. The book rests at the other end.",The book is close to Jesse.,The book is far from Jesse.,15,18,15,18,6,7,6,7
gym__name_jesse__obj_book__endpoint_placement__person_first,close_far_matched_scenes,1.1,gym__name_jesse__obj_book,gym__name_jesse__obj_book__person_first,gym__name_jesse__obj_book__endpoint_placement,name_jesse__obj_book__endpoint_placement__person_first,gym,gym,ends,name_jesse,Jesse,obj_book,book,endpoint_placement,physical_endpoint_placement,two_sentence_person_then_object,person_first,person_first,False,True,True,True,False,False,False,"In the gym, Jesse stands at one end. The book rests at Jesse's feet.","In the gym, Jesse stands at one end. The book rests at the other end.",Jesse is close to the book.,Jesse is far from the book.,15,18,15,18,6,8,6,8
gym__name_jesse__obj_cone__direct_label__object_first,close_far_matched_scenes,1.1,gym__name_jesse__obj_cone,gym__name_jesse__obj_cone__object_first,gym__name_jesse__obj_cone__direct_label,name_jesse__obj_cone__direct_label__object_first,gym,gym,ends,name_jesse,Jesse,obj_cone,cone,direct_label,explicit_relation,locative_object_subject,object_first,object_first,False,True,False,False,True,False,True,"In the gym, the cone is close to Jesse.","In the gym, the cone is far from Jesse.",The cone is close to Jesse.,The cone is far from Jesse.,9,11,9,11,6,7,6,7
gym__name_jesse__obj_cone__direct_label__person_first,close_far_matched_scenes,1.1,gym__name_jesse__obj_cone,gym__name_jesse__obj_cone__person_first,gym__name_jesse__obj_cone__direct_label,name_jesse__obj_cone__direct_label__person_first,gym,gym,ends,name_jesse,Jesse,obj_cone,cone,direct_label,explicit_relation,locative_object_subject,object_first,person_first,True,True,False,False,True,False,False,"In the gym, the cone is close to Jesse.","In the gym, the cone is far from Jesse.",Jesse is close to the cone.,Jesse is far from the cone.,9,11,9,11,6,8,6,8
gym__name_jesse__obj_cone__distance_phrase__object_first,close_far_matched_scenes,1.1,gym__name_jesse__obj_cone,gym__name_jesse__obj_cone__object_first,gym__name_jesse__obj_cone__distance_phrase,name_jesse__obj_cone__distance_phrase__object_first,gym,gym,ends,name_jesse,Jesse,obj_cone,cone,distance_phrase,distance_magnitude_phrase,locative_distance_subject,person_first,object_first,True,True,False,False,False,True,False,"In the gym, a short distance separates Jesse and the cone.","In the gym, a long distance separates Jesse and the cone.",The cone is close to Jesse.,The cone is far from Jesse.,11,13,11,13,6,7,6,7
gym__name_jesse__obj_cone__distance_phrase__person_first,close_far_matched_scenes,1.1,gym__name_jesse__obj_cone,gym__name_jesse__obj_cone__person_first,gym__name_jesse__obj_cone__distance_phrase,name_jesse__obj_cone__distance_phrase__person_first,gym,gym,ends,name_jesse,Jesse,obj_cone,cone,distance_phrase,distance_magnitude_phrase,locative_distance_subject,person_first,person_first,False,True,False,False,False,True,False,"In the gym, a short distance separates Jesse and the cone.","In the gym, a long distance separates Jesse and the cone.",Jesse is close to the cone.,Jesse is far from the cone.,11,13,11,13,6,8,6,8
gym__name_jesse__obj_cone__distance_phrase_object_first__object_first,close_far_matched_scenes,1.1,gym__name_jesse__obj_cone,gym__name_jesse__obj_cone__object_first,gym__name_jesse__obj_cone__distance_phrase_object_first,name_jesse__obj_cone__distance_phrase_object_first__object_first,gym,gym,ends,name_jesse,Jesse,obj_cone,cone,distance_phrase_object_first,distance_magnitude_phrase,locative_distance_subject,object_first,object_first,False,True,False,False,False,True,False,"In the gym, a short distance separates the cone and Jesse.","In the gym, a long distance separates the cone and Jesse.",The cone is close to Jesse.,The cone is far from Jesse.,11,13,11,13,6,7,6,7
gym__name_jesse__obj_cone__distance_phrase_object_first__person_first,close_far_matched_scenes,1.1,gym__name_jesse__obj_cone,gym__name_jesse__obj_cone__person_first,gym__name_jesse__obj_cone__distance_phrase_object_first,name_jesse__obj_cone__distance_phrase_object_first__person_first,gym,gym,ends,name_jesse,Jesse,obj_cone,cone,distance_phrase_object_first,distance_magnitude_phrase,locative_distance_subject,object_first,person_first,True,True,False,False,False,True,False,"In the gym, a short distance separates the cone and Jesse.","In the gym, a long distance separates the cone and Jesse.",Jesse is close to the cone.,Jesse is far from the cone.,11,13,11,13,6,8,6,8
gym__name_jesse__obj_cone__endpoint_placement__object_first,close_far_matched_scenes,1.1,gym__name_jesse__obj_cone,gym__name_jesse__obj_cone__object_first,gym__name_jesse__obj_cone__endpoint_placement,name_jesse__obj_cone__endpoint_placement__object_first,gym,gym,ends,name_jesse,Jesse,obj_cone,cone,endpoint_placement,physical_endpoint_placement,two_sentence_person_then_object,person_first,object_first,True,True,True,True,False,False,False,"In the gym, Jesse stands at one end. The cone rests at Jesse's feet.","In the gym, Jesse stands at one end. The cone rests at the other end.",The cone is close to Jesse.,The cone is far from Jesse.,15,18,15,18,6,7,6,7
gym__name_jesse__obj_cone__endpoint_placement__person_first,close_far_matched_scenes,1.1,gym__name_jesse__obj_cone,gym__name_jesse__obj_cone__person_first,gym__name_jesse__obj_cone__endpoint_placement,name_jesse__obj_cone__endpoint_placement__person_first,gym,gym,ends,name_jesse,Jesse,obj_cone,cone,endpoint_placement,physical_endpoint_placement,two_sentence_person_then_object,person_first,person_first,False,True,True,True,False,False,False,"In the gym, Jesse stands at one end. The cone rests at Jesse's feet.","In the gym, Jesse stands at one end. The cone rests at the other end.",Jesse is close to the cone.,Jesse is far from the cone.,15,18,15,18,6,8,6,8
gym__name_jesse__obj_helmet__direct_label__object_first,close_far_matched_scenes,1.1,gym__name_jesse__obj_helmet,gym__name_jesse__obj_helmet__object_first,gym__name_jesse__obj_helmet__direct_label,name_jesse__obj_helmet__direct_label__object_first,gym,gym,ends,name_jesse,Jesse,obj_helmet,helmet,direct_label,explicit_relation,locative_object_subject,object_first,object_first,False,True,False,False,True,False,True,"In the gym, the helmet is close to Jesse.","In the gym, the helmet is far from Jesse.",The helmet is close to Jesse.,The helmet is far from Jesse.,9,11,9,11,6,7,6,7
gym__name_jesse__obj_helmet__direct_label__person_first,close_far_matched_scenes,1.1,gym__name_jesse__obj_helmet,gym__name_jesse__obj_helmet__person_first,gym__name_jesse__obj_helmet__direct_label,name_jesse__obj_helmet__direct_label__person_first,gym,gym,ends,name_jesse,Jesse,obj_helmet,helmet,direct_label,explicit_relation,locative_object_subject,object_first,person_first,True,True,False,False,True,False,False,"In the gym, the helmet is close to Jesse.","In the gym, the helmet is far from Jesse.",Jesse is close to the helmet.,Jesse is far from the helmet.,9,11,9,11,6,8,6,8
gym__name_jesse__obj_helmet__distance_phrase__object_first,close_far_matched_scenes,1.1,gym__name_jesse__obj_helmet,gym__name_jesse__obj_helmet__object_first,gym__name_jesse__obj_helmet__distance_phrase,name_jesse__obj_helmet__distance_phrase__object_first,gym,gym,ends,name_jesse,Jesse,obj_helmet,helmet,distance_phrase,distance_magnitude_phrase,locative_distance_subject,person_first,object_first,True,True,False,False,False,True,False,"In the gym, a short distance separates Jesse and the helmet.","In the gym, a long distance separates Jesse and the helmet.",The helmet is close to Jesse.,The helmet is far from Jesse.,11,13,11,13,6,7,6,7
gym__name_jesse__obj_helmet__distance_phrase__person_first,close_far_matched_scenes,1.1,gym__name_jesse__obj_helmet,gym__name_jesse__obj_helmet__person_first,gym__name_jesse__obj_helmet__distance_phrase,name_jesse__obj_helmet__distance_phrase__person_first,gym,gym,ends,name_jesse,Jesse,obj_helmet,helmet,distance_phrase,distance_magnitude_phrase,locative_distance_subject,person_first,person_first,False,True,False,False,False,True,False,"In the gym, a short distance separates Jesse and the helmet.","In the gym, a long distance separates Jesse and the helmet.",Jesse is close to the helmet.,Jesse is far from the helmet.,11,13,11,13,6,8,6,8
gym__name_jesse__obj_helmet__distance_phrase_object_first__object_first,close_far_matched_scenes,1.1,gym__name_jesse__obj_helmet,gym__name_jesse__obj_helmet__object_first,gym__name_jesse__obj_helmet__distance_phrase_object_first,name_jesse__obj_helmet__distance_phrase_object_first__object_first,gym,gym,ends,name_jesse,Jesse,obj_helmet,helmet,distance_phrase_object_first,distance_magnitude_phrase,locative_distance_subject,object_first,object_first,False,True,False,False,False,True,False,"In the gym, a short distance separates the helmet and Jesse.","In the gym, a long distance separates the helmet and Jesse.",The helmet is close to Jesse.,The helmet is far from Jesse.,11,13,11,13,6,7,6,7
gym__name_jesse__obj_helmet__distance_phrase_object_first__person_first,close_far_matched_scenes,1.1,gym__name_jesse__obj_helmet,gym__name_jesse__obj_helmet__person_first,gym__name_jesse__obj_helmet__distance_phrase_object_first,name_jesse__obj_helmet__distance_phrase_object_first__person_first,gym,gym,ends,name_jesse,Jesse,obj_helmet,helmet,distance_phrase_object_first,distance_magnitude_phrase,locative_distance_subject,object_first,person_first,True,True,False,False,False,True,False,"In the gym, a short distance separates the helmet and Jesse.","In the gym, a long distance separates the helmet and Jesse.",Jesse is close to the helmet.,Jesse is far from the helmet.,11,13,11,13,6,8,6,8
gym__name_jesse__obj_helmet__endpoint_placement__object_first,close_far_matched_scenes,1.1,gym__name_jesse__obj_helmet,gym__name_jesse__obj_helmet__object_first,gym__name_jesse__obj_helmet__endpoint_placement,name_jesse__obj_helmet__endpoint_placement__object_first,gym,gym,ends,name_jesse,Jesse,obj_helmet,helmet,endpoint_placement,physical_endpoint_placement,two_sentence_person_then_object,person_first,object_first,True,True,True,True,False,False,False,"In the gym, Jesse stands at one end. The helmet rests at Jesse's feet.","In the gym, Jesse stands at one end. The helmet rests at the other end.",The helmet is close to Jesse.,The helmet is far from Jesse.,15,18,15,18,6,7,6,7
gym__name_jesse__obj_helmet__endpoint_placement__person_first,close_far_matched_scenes,1.1,gym__name_jesse__obj_helmet,gym__name_jesse__obj_helmet__person_first,gym__name_jesse__obj_helmet__endpoint_placement,name_jesse__obj_helmet__endpoint_placement__person_first,gym,gym,ends,name_jesse,Jesse,obj_helmet,helmet,endpoint_placement,physical_endpoint_placement,two_sentence_person_then_object,person_first,person_first,False,True,True,True,False,False,False,"In the gym, Jesse stands at one end. The helmet rests at Jesse's feet.","In the gym, Jesse stands at one end. The helmet rests at the other end.",Jesse is close to the helmet.,Jesse is far from the helmet.,15,18,15,18,6,8,6,8
gym__name_jesse__obj_cup__direct_label__object_first,close_far_matched_scenes,1.1,gym__name_jesse__obj_cup,gym__name_jesse__obj_cup__object_first,gym__name_jesse__obj_cup__direct_label,name_jesse__obj_cup__direct_label__object_first,gym,gym,ends,name_jesse,Jesse,obj_cup,cup,direct_label,explicit_relation,locative_object_subject,object_first,object_first,False,True,False,False,True,False,True,"In the gym, the cup is close to Jesse.","In the gym, the cup is far from Jesse.",The cup is close to Jesse.,The cup is far from Jesse.,9,11,9,11,6,7,6,7
gym__name_jesse__obj_cup__direct_label__person_first,close_far_matched_scenes,1.1,gym__name_jesse__obj_cup,gym__name_jesse__obj_cup__person_first,gym__name_jesse__obj_cup__direct_label,name_jesse__obj_cup__direct_label__person_first,gym,gym,ends,name_jesse,Jesse,obj_cup,cup,direct_label,explicit_relation,locative_object_subject,object_first,person_first,True,True,False,False,True,False,False,"In the gym, the cup is close to Jesse.","In the gym, the cup is far from Jesse.",Jesse is close to the cup.,Jesse is far from the cup.,9,11,9,11,6,8,6,8
gym__name_jesse__obj_cup__distance_phrase__object_first,close_far_matched_scenes,1.1,gym__name_jesse__obj_cup,gym__name_jesse__obj_cup__object_first,gym__name_jesse__obj_cup__distance_phrase,name_jesse__obj_cup__distance_phrase__object_first,gym,gym,ends,name_jesse,Jesse,obj_cup,cup,distance_phrase,distance_magnitude_phrase,locative_distance_subject,person_first,object_first,True,True,False,False,False,True,False,"In the gym, a short distance separates Jesse and the cup.","In the gym, a long distance separates Jesse and the cup.",The cup is close to Jesse.,The cup is far from Jesse.,11,13,11,13,6,7,6,7
gym__name_jesse__obj_cup__distance_phrase__person_first,close_far_matched_scenes,1.1,gym__name_jesse__obj_cup,gym__name_jesse__obj_cup__person_first,gym__name_jesse__obj_cup__distance_phrase,name_jesse__obj_cup__distance_phrase__person_first,gym,gym,ends,name_jesse,Jesse,obj_cup,cup,distance_phrase,distance_magnitude_phrase,locative_distance_subject,person_first,person_first,False,True,False,False,False,True,False,"In the gym, a short distance separates Jesse and the cup.","In the gym, a long distance separates Jesse and the cup.",Jesse is close to the cup.,Jesse is far from the cup.,11,13,11,13,6,8,6,8
gym__name_jesse__obj_cup__distance_phrase_object_first__object_first,close_far_matched_scenes,1.1,gym__name_jesse__obj_cup,gym__name_jesse__obj_cup__object_first,gym__name_jesse__obj_cup__distance_phrase_object_first,name_jesse__obj_cup__distance_phrase_object_first__object_first,gym,gym,ends,name_jesse,Jesse,obj_cup,cup,distance_phrase_object_first,distance_magnitude_phrase,locative_distance_subject,object_first,object_first,False,True,False,False,False,True,False,"In the gym, a short distance separates the cup and Jesse.","In the gym, a long distance separates the cup and Jesse.",The cup is close to Jesse.,The cup is far from Jesse.,11,13,11,13,6,7,6,7
gym__name_jesse__obj_cup__distance_phrase_object_first__person_first,close_far_matched_scenes,1.1,gym__name_jesse__obj_cup,gym__name_jesse__obj_cup__person_first,gym__name_jesse__obj_cup__distance_phrase_object_first,name_jesse__obj_cup__distance_phrase_object_first__person_first,gym,gym,ends,name_jesse,Jesse,obj_cup,cup,distance_phrase_object_first,distance_magnitude_phrase,locative_distance_subject,object_first,person_first,True,True,False,False,False,True,False,"In the gym, a short distance separates the cup and Jesse.","In the gym, a long distance separates the cup and Jesse.",Jesse is close to the cup.,Jesse is far from the cup.,11,13,11,13,6,8,6,8
gym__name_jesse__obj_cup__endpoint_placement__object_first,close_far_matched_scenes,1.1,gym__name_jesse__obj_cup,gym__name_jesse__obj_cup__object_first,gym__name_jesse__obj_cup__endpoint_placement,name_jesse__obj_cup__endpoint_placement__object_first,gym,gym,ends,name_jesse,Jesse,obj_cup,cup,endpoint_placement,physical_endpoint_placement,two_sentence_person_then_object,person_first,object_first,True,True,True,True,False,False,False,"In the gym, Jesse stands at one end. The cup rests at Jesse's feet.","In the gym, Jesse stands at one end. The cup rests at the other end.",The cup is close to Jesse.,The cup is far from Jesse.,15,18,15,18,6,7,6,7
gym__name_jesse__obj_cup__endpoint_placement__person_first,close_far_matched_scenes,1.1,gym__name_jesse__obj_cup,gym__name_jesse__obj_cup__person_first,gym__name_jesse__obj_cup__endpoint_placement,name_jesse__obj_cup__endpoint_placement__person_first,gym,gym,ends,name_jesse,Jesse,obj_cup,cup,endpoint_placement,physical_endpoint_placement,two_sentence_person_then_object,person_first,person_first,False,True,True,True,False,False,False,"In the gym, Jesse stands at one end. The cup rests at Jesse's feet.","In the gym, Jesse stands at one end. The cup rests at the other end.",Jesse is close to the cup.,Jesse is far from the cup.,15,18,15,18,6,8,6,8
gym__name_jesse__obj_key__direct_label__object_first,close_far_matched_scenes,1.1,gym__name_jesse__obj_key,gym__name_jesse__obj_key__object_first,gym__name_jesse__obj_key__direct_label,name_jesse__obj_key__direct_label__object_first,gym,gym,ends,name_jesse,Jesse,obj_key,key,direct_label,explicit_relation,locative_object_subject,object_first,object_first,False,True,False,False,True,False,True,"In the gym, the key is close to Jesse.","In the gym, the key is far from Jesse.",The key is close to Jesse.,The key is far from Jesse.,9,11,9,11,6,7,6,7
gym__name_jesse__obj_key__direct_label__person_first,close_far_matched_scenes,1.1,gym__name_jesse__obj_key,gym__name_jesse__obj_key__person_first,gym__name_jesse__obj_key__direct_label,name_jesse__obj_key__direct_label__person_first,gym,gym,ends,name_jesse,Jesse,obj_key,key,direct_label,explicit_relation,locative_object_subject,object_first,person_first,True,True,False,False,True,False,False,"In the gym, the key is close to Jesse.","In the gym, the key is far from Jesse.",Jesse is close to the key.,Jesse is far from the key.,9,11,9,11,6,8,6,8
gym__name_jesse__obj_key__distance_phrase__object_first,close_far_matched_scenes,1.1,gym__name_jesse__obj_key,gym__name_jesse__obj_key__object_first,gym__name_jesse__obj_key__distance_phrase,name_jesse__obj_key__distance_phrase__object_first,gym,gym,ends,name_jesse,Jesse,obj_key,key,distance_phrase,distance_magnitude_phrase,locative_distance_subject,person_first,object_first,True,True,False,False,False,True,False,"In the gym, a short distance separates Jesse and the key.","In the gym, a long distance separates Jesse and the key.",The key is close to Jesse.,The key is far from Jesse.,11,13,11,13,6,7,6,7
gym__name_jesse__obj_key__distance_phrase__person_first,close_far_matched_scenes,1.1,gym__name_jesse__obj_key,gym__name_jesse__obj_key__person_first,gym__name_jesse__obj_key__distance_phrase,name_jesse__obj_key__distance_phrase__person_first,gym,gym,ends,name_jesse,Jesse,obj_key,key,distance_phrase,distance_magnitude_phrase,locative_distance_subject,person_first,person_first,False,True,False,False,False,True,False,"In the gym, a short distance separates Jesse and the key.","In the gym, a long distance separates Jesse and the key.",Jesse is close to the key.,Jesse is far from the key.,11,13,11,13,6,8,6,8
gym__name_jesse__obj_key__distance_phrase_object_first__object_first,close_far_matched_scenes,1.1,gym__name_jesse__obj_key,gym__name_jesse__obj_key__object_first,gym__name_jesse__obj_key__distance_phrase_object_first,name_jesse__obj_key__distance_phrase_object_first__object_first,gym,gym,ends,name_jesse,Jesse,obj_key,key,distance_phrase_object_first,distance_magnitude_phrase,locative_distance_subject,object_first,object_first,False,True,False,False,False,True,False,"In the gym, a short distance separates the key and Jesse.","In the gym, a long distance separates the key and Jesse.",The key is close to Jesse.,The key is far from Jesse.,11,13,11,13,6,7,6,7
gym__name_jesse__obj_key__distance_phrase_object_first__person_first,close_far_matched_scenes,1.1,gym__name_jesse__obj_key,gym__name_jesse__obj_key__person_first,gym__name_jesse__obj_key__distance_phrase_object_first,name_jesse__obj_key__distance_phrase_object_first__person_first,gym,gym,ends,name_jesse,Jesse,obj_key,key,distance_phrase_object_first,distance_magnitude_phrase,locative_distance_subject,object_first,person_first,True,True,False,False,False,True,False,"In the gym, a short distance separates the key and Jesse.","In the gym, a long distance separates the key and Jesse.",Jesse is close to the key.,Jesse is far from the key.,11,13,11,13,6,8,6,8
gym__name_jesse__obj_key__endpoint_placement__object_first,close_far_matched_scenes,1.1,gym__name_jesse__obj_key,gym__name_jesse__obj_key__object_first,gym__name_jesse__obj_key__endpoint_placement,name_jesse__obj_key__endpoint_placement__object_first,gym,gym,ends,name_jesse,Jesse,obj_key,key,endpoint_placement,physical_endpoint_placement,two_sentence_person_then_object,person_first,object_first,True,True,True,True,False,False,False,"In the gym, Jesse stands at one end. The key rests at Jesse's feet.","In the gym, Jesse stands at one end. The key rests at the other end.",The key is close to Jesse.,The key is far from Jesse.,15,18,15,18,6,7,6,7
gym__name_jesse__obj_key__endpoint_placement__person_first,close_far_matched_scenes,1.1,gym__name_jesse__obj_key,gym__name_jesse__obj_key__person_first,gym__name_jesse__obj_key__endpoint_placement,name_jesse__obj_key__endpoint_placement__person_first,gym,gym,ends,name_jesse,Jesse,obj_key,key,endpoint_placement,physical_endpoint_placement,two_sentence_person_then_object,person_first,person_first,False,True,True,True,False,False,False,"In the gym, Jesse stands at one end. The key rests at Jesse's feet.","In the gym, Jesse stands at one end. The key rests at the other end.",Jesse is close to the key.,Jesse is far from the key.,15,18,15,18,6,8,6,8
gym__name_jesse__obj_box__direct_label__object_first,close_far_matched_scenes,1.1,gym__name_jesse__obj_box,gym__name_jesse__obj_box__object_first,gym__name_jesse__obj_box__direct_label,name_jesse__obj_box__direct_label__object_first,gym,gym,ends,name_jesse,Jesse,obj_box,box,direct_label,explicit_relation,locative_object_subject,object_first,object_first,False,True,False,False,True,False,True,"In the gym, the box is close to Jesse.","In the gym, the box is far from Jesse.",The box is close to Jesse.,The box is far from Jesse.,9,11,9,11,6,7,6,7
gym__name_jesse__obj_box__direct_label__person_first,close_far_matched_scenes,1.1,gym__name_jesse__obj_box,gym__name_jesse__obj_box__person_first,gym__name_jesse__obj_box__direct_label,name_jesse__obj_box__direct_label__person_first,gym,gym,ends,name_jesse,Jesse,obj_box,box,direct_label,explicit_relation,locative_object_subject,object_first,person_first,True,True,False,False,True,False,False,"In the gym, the box is close to Jesse.","In the gym, the box is far from Jesse.",Jesse is close to the box.,Jesse is far from the box.,9,11,9,11,6,8,6,8
gym__name_jesse__obj_box__distance_phrase__object_first,close_far_matched_scenes,1.1,gym__name_jesse__obj_box,gym__name_jesse__obj_box__object_first,gym__name_jesse__obj_box__distance_phrase,name_jesse__obj_box__distance_phrase__object_first,gym,gym,ends,name_jesse,Jesse,obj_box,box,distance_phrase,distance_magnitude_phrase,locative_distance_subject,person_first,object_first,True,True,False,False,False,True,False,"In the gym, a short distance separates Jesse and the box.","In the gym, a long distance separates Jesse and the box.",The box is close to Jesse.,The box is far from Jesse.,11,13,11,13,6,7,6,7
gym__name_jesse__obj_box__distance_phrase__person_first,close_far_matched_scenes,1.1,gym__name_jesse__obj_box,gym__name_jesse__obj_box__person_first,gym__name_jesse__obj_box__distance_phrase,name_jesse__obj_box__distance_phrase__person_first,gym,gym,ends,name_jesse,Jesse,obj_box,box,distance_phrase,distance_magnitude_phrase,locative_distance_subject,person_first,person_first,False,True,False,False,False,True,False,"In the gym, a short distance separates Jesse and the box.","In the gym, a long distance separates Jesse and the box.",Jesse is close to the box.,Jesse is far from the box.,11,13,11,13,6,8,6,8
gym__name_jesse__obj_box__distance_phrase_object_first__object_first,close_far_matched_scenes,1.1,gym__name_jesse__obj_box,gym__name_jesse__obj_box__object_first,gym__name_jesse__obj_box__distance_phrase_object_first,name_jesse__obj_box__distance_phrase_object_first__object_first,gym,gym,ends,name_jesse,Jesse,obj_box,box,distance_phrase_object_first,distance_magnitude_phrase,locative_distance_subject,object_first,object_first,False,True,False,False,False,True,False,"In the gym, a short distance separates the box and Jesse.","In the gym, a long distance separates the box and Jesse.",The box is close to Jesse.,The box is far from Jesse.,11,13,11,13,6,7,6,7
gym__name_jesse__obj_box__distance_phrase_object_first__person_first,close_far_matched_scenes,1.1,gym__name_jesse__obj_box,gym__name_jesse__obj_box__person_first,gym__name_jesse__obj_box__distance_phrase_object_first,name_jesse__obj_box__distance_phrase_object_first__person_first,gym,gym,ends,name_jesse,Jesse,obj_box,box,distance_phrase_object_first,distance_magnitude_phrase,locative_distance_subject,object_first,person_first,True,True,False,False,False,True,False,"In the gym, a short distance separates the box and Jesse.","In the gym, a long distance separates the box and Jesse.",Jesse is close to the box.,Jesse is far from the box.,11,13,11,13,6,8,6,8
gym__name_jesse__obj_box__endpoint_placement__object_first,close_far_matched_scenes,1.1,gym__name_jesse__obj_box,gym__name_jesse__obj_box__object_first,gym__name_jesse__obj_box__endpoint_placement,name_jesse__obj_box__endpoint_placement__object_first,gym,gym,ends,name_jesse,Jesse,obj_box,box,endpoint_placement,physical_endpoint_placement,two_sentence_person_then_object,person_first,object_first,True,True,True,True,False,False,False,"In the gym, Jesse stands at one end. The box rests at Jesse's feet.","In the gym, Jesse stands at one end. The box rests at the other end.",The box is close to Jesse.,The box is far from Jesse.,15,18,15,18,6,7,6,7
gym__name_jesse__obj_box__endpoint_placement__person_first,close_far_matched_scenes,1.1,gym__name_jesse__obj_box,gym__name_jesse__obj_box__person_first,gym__name_jesse__obj_box__endpoint_placement,name_jesse__obj_box__endpoint_placement__person_first,gym,gym,ends,name_jesse,Jesse,obj_box,box,endpoint_placement,physical_endpoint_placement,two_sentence_person_then_object,person_first,person_first,False,True,True,True,False,False,False,"In the gym, Jesse stands at one end. The box rests at Jesse's feet.","In the gym, Jesse stands at one end. The box rests at the other end.",Jesse is close to the box.,Jesse is far from the box.,15,18,15,18,6,8,6,8
gym__name_li__obj_ball__direct_label__object_first,close_far_matched_scenes,1.1,gym__name_li__obj_ball,gym__name_li__obj_ball__object_first,gym__name_li__obj_ball__direct_label,name_li__obj_ball__direct_label__object_first,gym,gym,ends,name_li,Li,obj_ball,ball,direct_label,explicit_relation,locative_object_subject,object_first,object_first,False,True,False,False,True,False,True,"In the gym, the ball is close to Li.","In the gym, the ball is far from Li.",The ball is close to Li.,The ball is far from Li.,9,11,9,11,6,7,6,7
gym__name_li__obj_ball__direct_label__person_first,close_far_matched_scenes,1.1,gym__name_li__obj_ball,gym__name_li__obj_ball__person_first,gym__name_li__obj_ball__direct_label,name_li__obj_ball__direct_label__person_first,gym,gym,ends,name_li,Li,obj_ball,ball,direct_label,explicit_relation,locative_object_subject,object_first,person_first,True,True,False,False,True,False,False,"In the gym, the ball is close to Li.","In the gym, the ball is far from Li.",Li is close to the ball.,Li is far from the ball.,9,11,9,11,6,7,6,7
gym__name_li__obj_ball__distance_phrase__object_first,close_far_matched_scenes,1.1,gym__name_li__obj_ball,gym__name_li__obj_ball__object_first,gym__name_li__obj_ball__distance_phrase,name_li__obj_ball__distance_phrase__object_first,gym,gym,ends,name_li,Li,obj_ball,ball,distance_phrase,distance_magnitude_phrase,locative_distance_subject,person_first,object_first,True,True,False,False,False,True,False,"In the gym, a short distance separates Li and the ball.","In the gym, a long distance separates Li and the ball.",The ball is close to Li.,The ball is far from Li.,11,13,11,13,6,7,6,7
gym__name_li__obj_ball__distance_phrase__person_first,close_far_matched_scenes,1.1,gym__name_li__obj_ball,gym__name_li__obj_ball__person_first,gym__name_li__obj_ball__distance_phrase,name_li__obj_ball__distance_phrase__person_first,gym,gym,ends,name_li,Li,obj_ball,ball,distance_phrase,distance_magnitude_phrase,locative_distance_subject,person_first,person_first,False,True,False,False,False,True,False,"In the gym, a short distance separates Li and the ball.","In the gym, a long distance separates Li and the ball.",Li is close to the ball.,Li is far from the ball.,11,13,11,13,6,7,6,7
gym__name_li__obj_ball__distance_phrase_object_first__object_first,close_far_matched_scenes,1.1,gym__name_li__obj_ball,gym__name_li__obj_ball__object_first,gym__name_li__obj_ball__distance_phrase_object_first,name_li__obj_ball__distance_phrase_object_first__object_first,gym,gym,ends,name_li,Li,obj_ball,ball,distance_phrase_object_first,distance_magnitude_phrase,locative_distance_subject,object_first,object_first,False,True,False,False,False,True,False,"In the gym, a short distance separates the ball and Li.","In the gym, a long distance separates the ball and Li.",The ball is close to Li.,The ball is far from Li.,11,13,11,13,6,7,6,7
gym__name_li__obj_ball__distance_phrase_object_first__person_first,close_far_matched_scenes,1.1,gym__name_li__obj_ball,gym__name_li__obj_ball__person_first,gym__name_li__obj_ball__distance_phrase_object_first,name_li__obj_ball__distance_phrase_object_first__person_first,gym,gym,ends,name_li,Li,obj_ball,ball,distance_phrase_object_first,distance_magnitude_phrase,locative_distance_subject,object_first,person_first,True,True,False,False,False,True,False,"In the gym, a short distance separates the ball and Li.","In the gym, a long distance separates the ball and Li.",Li is close to the ball.,Li is far from the ball.,11,13,11,13,6,7,6,7
gym__name_li__obj_ball__endpoint_placement__object_first,close_far_matched_scenes,1.1,gym__name_li__obj_ball,gym__name_li__obj_ball__object_first,gym__name_li__obj_ball__endpoint_placement,name_li__obj_ball__endpoint_placement__object_first,gym,gym,ends,name_li,Li,obj_ball,ball,endpoint_placement,physical_endpoint_placement,two_sentence_person_then_object,person_first,object_first,True,True,True,True,False,False,False,"In the gym, Li stands at one end. The ball rests at Li's feet.","In the gym, Li stands at one end. The ball rests at the other end.",The ball is close to Li.,The ball is far from Li.,15,18,15,18,6,7,6,7
gym__name_li__obj_ball__endpoint_placement__person_first,close_far_matched_scenes,1.1,gym__name_li__obj_ball,gym__name_li__obj_ball__person_first,gym__name_li__obj_ball__endpoint_placement,name_li__obj_ball__endpoint_placement__person_first,gym,gym,ends,name_li,Li,obj_ball,ball,endpoint_placement,physical_endpoint_placement,two_sentence_person_then_object,person_first,person_first,False,True,True,True,False,False,False,"In the gym, Li stands at one end. The ball rests at Li's feet.","In the gym, Li stands at one end. The ball rests at the other end.",Li is close to the ball.,Li is far from the ball.,15,18,15,18,6,7,6,7
gym__name_li__obj_bag__direct_label__object_first,close_far_matched_scenes,1.1,gym__name_li__obj_bag,gym__name_li__obj_bag__object_first,gym__name_li__obj_bag__direct_label,name_li__obj_bag__direct_label__object_first,gym,gym,ends,name_li,Li,obj_bag,bag,direct_label,explicit_relation,locative_object_subject,object_first,object_first,False,True,False,False,True,False,True,"In the gym, the bag is close to Li.","In the gym, the bag is far from Li.",The bag is close to Li.,The bag is far from Li.,9,11,9,11,6,7,6,7
gym__name_li__obj_bag__direct_label__person_first,close_far_matched_scenes,1.1,gym__name_li__obj_bag,gym__name_li__obj_bag__person_first,gym__name_li__obj_bag__direct_label,name_li__obj_bag__direct_label__person_first,gym,gym,ends,name_li,Li,obj_bag,bag,direct_label,explicit_relation,locative_object_subject,object_first,person_first,True,True,False,False,True,False,False,"In the gym, the bag is close to Li.","In the gym, the bag is far from Li.",Li is close to the bag.,Li is far from the bag.,9,11,9,11,6,7,6,7
gym__name_li__obj_bag__distance_phrase__object_first,close_far_matched_scenes,1.1,gym__name_li__obj_bag,gym__name_li__obj_bag__object_first,gym__name_li__obj_bag__distance_phrase,name_li__obj_bag__distance_phrase__object_first,gym,gym,ends,name_li,Li,obj_bag,bag,distance_phrase,distance_magnitude_phrase,locative_distance_subject,person_first,object_first,True,True,False,False,False,True,False,"In the gym, a short distance separates Li and the bag.","In the gym, a long distance separates Li and the bag.",The bag is close to Li.,The bag is far from Li.,11,13,11,13,6,7,6,7
gym__name_li__obj_bag__distance_phrase__person_first,close_far_matched_scenes,1.1,gym__name_li__obj_bag,gym__name_li__obj_bag__person_first,gym__name_li__obj_bag__distance_phrase,name_li__obj_bag__distance_phrase__person_first,gym,gym,ends,name_li,Li,obj_bag,bag,distance_phrase,distance_magnitude_phrase,locative_distance_subject,person_first,person_first,False,True,False,False,False,True,False,"In the gym, a short distance separates Li and the bag.","In the gym, a long distance separates Li and the bag.",Li is close to the bag.,Li is far from the bag.,11,13,11,13,6,7,6,7
gym__name_li__obj_bag__distance_phrase_object_first__object_first,close_far_matched_scenes,1.1,gym__name_li__obj_bag,gym__name_li__obj_bag__object_first,gym__name_li__obj_bag__distance_phrase_object_first,name_li__obj_bag__distance_phrase_object_first__object_first,gym,gym,ends,name_li,Li,obj_bag,bag,distance_phrase_object_first,distance_magnitude_phrase,locative_distance_subject,object_first,object_first,False,True,False,False,False,True,False,"In the gym, a short distance separates the bag and Li.","In the gym, a long distance separates the bag and Li.",The bag is close to Li.,The bag is far from Li.,11,13,11,13,6,7,6,7
gym__name_li__obj_bag__distance_phrase_object_first__person_first,close_far_matched_scenes,1.1,gym__name_li__obj_bag,gym__name_li__obj_bag__person_first,gym__name_li__obj_bag__distance_phrase_object_first,name_li__obj_bag__distance_phrase_object_first__person_first,gym,gym,ends,name_li,Li,obj_bag,bag,distance_phrase_object_first,distance_magnitude_phrase,locative_distance_subject,object_first,person_first,True,True,False,False,False,True,False,"In the gym, a short distance separates the bag and Li.","In the gym, a long distance separates the bag and Li.",Li is close to the bag.,Li is far from the bag.,11,13,11,13,6,7,6,7
gym__name_li__obj_bag__endpoint_placement__object_first,close_far_matched_scenes,1.1,gym__name_li__obj_bag,gym__name_li__obj_bag__object_first,gym__name_li__obj_bag__endpoint_placement,name_li__obj_bag__endpoint_placement__object_first,gym,gym,ends,name_li,Li,obj_bag,bag,endpoint_placement,physical_endpoint_placement,two_sentence_person_then_object,person_first,object_first,True,True,True,True,False,False,False,"In the gym, Li stands at one end. The bag rests at Li's feet.","In the gym, Li stands at one end. The bag rests at the other end.",The bag is close to Li.,The bag is far from Li.,15,18,15,18,6,7,6,7
gym__name_li__obj_bag__endpoint_placement__person_first,close_far_matched_scenes,1.1,gym__name_li__obj_bag,gym__name_li__obj_bag__person_first,gym__name_li__obj_bag__endpoint_placement,name_li__obj_bag__endpoint_placement__person_first,gym,gym,ends,name_li,Li,obj_bag,bag,endpoint_placement,physical_endpoint_placement,two_sentence_person_then_object,person_first,person_first,False,True,True,True,False,False,False,"In the gym, Li stands at one end. The bag rests at Li's feet.","In the gym, Li stands at one end. The bag rests at the other end.",Li is close to the bag.,Li is far from the bag.,15,18,15,18,6,7,6,7
gym__name_li__obj_book__direct_label__object_first,close_far_matched_scenes,1.1,gym__name_li__obj_book,gym__name_li__obj_book__object_first,gym__name_li__obj_book__direct_label,name_li__obj_book__direct_label__object_first,gym,gym,ends,name_li,Li,obj_book,book,direct_label,explicit_relation,locative_object_subject,object_first,object_first,False,True,False,False,True,False,True,"In the gym, the book is close to Li.","In the gym, the book is far from Li.",The book is close to Li.,The book is far from Li.,9,11,9,11,6,7,6,7
gym__name_li__obj_book__direct_label__person_first,close_far_matched_scenes,1.1,gym__name_li__obj_book,gym__name_li__obj_book__person_first,gym__name_li__obj_book__direct_label,name_li__obj_book__direct_label__person_first,gym,gym,ends,name_li,Li,obj_book,book,direct_label,explicit_relation,locative_object_subject,object_first,person_first,True,True,False,False,True,False,False,"In the gym, the book is close to Li.","In the gym, the book is far from Li.",Li is close to the book.,Li is far from the book.,9,11,9,11,6,7,6,7
gym__name_li__obj_book__distance_phrase__object_first,close_far_matched_scenes,1.1,gym__name_li__obj_book,gym__name_li__obj_book__object_first,gym__name_li__obj_book__distance_phrase,name_li__obj_book__distance_phrase__object_first,gym,gym,ends,name_li,Li,obj_book,book,distance_phrase,distance_magnitude_phrase,locative_distance_subject,person_first,object_first,True,True,False,False,False,True,False,"In the gym, a short distance separates Li and the book.","In the gym, a long distance separates Li and the book.",The book is close to Li.,The book is far from Li.,11,13,11,13,6,7,6,7
gym__name_li__obj_book__distance_phrase__person_first,close_far_matched_scenes,1.1,gym__name_li__obj_book,gym__name_li__obj_book__person_first,gym__name_li__obj_book__distance_phrase,name_li__obj_book__distance_phrase__person_first,gym,gym,ends,name_li,Li,obj_book,book,distance_phrase,distance_magnitude_phrase,locative_distance_subject,person_first,person_first,False,True,False,False,False,True,False,"In the gym, a short distance separates Li and the book.","In the gym, a long distance separates Li and the book.",Li is close to the book.,Li is far from the book.,11,13,11,13,6,7,6,7
gym__name_li__obj_book__distance_phrase_object_first__object_first,close_far_matched_scenes,1.1,gym__name_li__obj_book,gym__name_li__obj_book__object_first,gym__name_li__obj_book__distance_phrase_object_first,name_li__obj_book__distance_phrase_object_first__object_first,gym,gym,ends,name_li,Li,obj_book,book,distance_phrase_object_first,distance_magnitude_phrase,locative_distance_subject,object_first,object_first,False,True,False,False,False,True,False,"In the gym, a short distance separates the book and Li.","In the gym, a long distance separates the book and Li.",The book is close to Li.,The book is far from Li.,11,13,11,13,6,7,6,7
gym__name_li__obj_book__distance_phrase_object_first__person_first,close_far_matched_scenes,1.1,gym__name_li__obj_book,gym__name_li__obj_book__person_first,gym__name_li__obj_book__distance_phrase_object_first,name_li__obj_book__distance_phrase_object_first__person_first,gym,gym,ends,name_li,Li,obj_book,book,distance_phrase_object_first,distance_magnitude_phrase,locative_distance_subject,object_first,person_first,True,True,False,False,False,True,False,"In the gym, a short distance separates the book and Li.","In the gym, a long distance separates the book and Li.",Li is close to the book.,Li is far from the book.,11,13,11,13,6,7,6,7
gym__name_li__obj_book__endpoint_placement__object_first,close_far_matched_scenes,1.1,gym__name_li__obj_book,gym__name_li__obj_book__object_first,gym__name_li__obj_book__endpoint_placement,name_li__obj_book__endpoint_placement__object_first,gym,gym,ends,name_li,Li,obj_book,book,endpoint_placement,physical_endpoint_placement,two_sentence_person_then_object,person_first,object_first,True,True,True,True,False,False,False,"In the gym, Li stands at one end. The book rests at Li's feet.","In the gym, Li stands at one end. The book rests at the other end.",The book is close to Li.,The book is far from Li.,15,18,15,18,6,7,6,7
gym__name_li__obj_book__endpoint_placement__person_first,close_far_matched_scenes,1.1,gym__name_li__obj_book,gym__name_li__obj_book__person_first,gym__name_li__obj_book__endpoint_placement,name_li__obj_book__endpoint_placement__person_first,gym,gym,ends,name_li,Li,obj_book,book,endpoint_placement,physical_endpoint_placement,two_sentence_person_then_object,person_first,person_first,False,True,True,True,False,False,False,"In the gym, Li stands at one end. The book rests at Li's feet.","In the gym, Li stands at one end. The book rests at the other end.",Li is close to the book.,Li is far from the book.,15,18,15,18,6,7,6,7
gym__name_li__obj_cone__direct_label__object_first,close_far_matched_scenes,1.1,gym__name_li__obj_cone,gym__name_li__obj_cone__object_first,gym__name_li__obj_cone__direct_label,name_li__obj_cone__direct_label__object_first,gym,gym,ends,name_li,Li,obj_cone,cone,direct_label,explicit_relation,locative_object_subject,object_first,object_first,False,True,False,False,True,False,True,"In the gym, the cone is close to Li.","In the gym, the cone is far from Li.",The cone is close to Li.,The cone is far from Li.,9,11,9,11,6,7,6,7
gym__name_li__obj_cone__direct_label__person_first,close_far_matched_scenes,1.1,gym__name_li__obj_cone,gym__name_li__obj_cone__person_first,gym__name_li__obj_cone__direct_label,name_li__obj_cone__direct_label__person_first,gym,gym,ends,name_li,Li,obj_cone,cone,direct_label,explicit_relation,locative_object_subject,object_first,person_first,True,True,False,False,True,False,False,"In the gym, the cone is close to Li.","In the gym, the cone is far from Li.",Li is close to the cone.,Li is far from the cone.,9,11,9,11,6,7,6,7
gym__name_li__obj_cone__distance_phrase__object_first,close_far_matched_scenes,1.1,gym__name_li__obj_cone,gym__name_li__obj_cone__object_first,gym__name_li__obj_cone__distance_phrase,name_li__obj_cone__distance_phrase__object_first,gym,gym,ends,name_li,Li,obj_cone,cone,distance_phrase,distance_magnitude_phrase,locative_distance_subject,person_first,object_first,True,True,False,False,False,True,False,"In the gym, a short distance separates Li and the cone.","In the gym, a long distance separates Li and the cone.",The cone is close to Li.,The cone is far from Li.,11,13,11,13,6,7,6,7
gym__name_li__obj_cone__distance_phrase__person_first,close_far_matched_scenes,1.1,gym__name_li__obj_cone,gym__name_li__obj_cone__person_first,gym__name_li__obj_cone__distance_phrase,name_li__obj_cone__distance_phrase__person_first,gym,gym,ends,name_li,Li,obj_cone,cone,distance_phrase,distance_magnitude_phrase,locative_distance_subject,person_first,person_first,False,True,False,False,False,True,False,"In the gym, a short distance separates Li and the cone.","In the gym, a long distance separates Li and the cone.",Li is close to the cone.,Li is far from the cone.,11,13,11,13,6,7,6,7
gym__name_li__obj_cone__distance_phrase_object_first__object_first,close_far_matched_scenes,1.1,gym__name_li__obj_cone,gym__name_li__obj_cone__object_first,gym__name_li__obj_cone__distance_phrase_object_first,name_li__obj_cone__distance_phrase_object_first__object_first,gym,gym,ends,name_li,Li,obj_cone,cone,distance_phrase_object_first,distance_magnitude_phrase,locative_distance_subject,object_first,object_first,False,True,False,False,False,True,False,"In the gym, a short distance separates the cone and Li.","In the gym, a long distance separates the cone and Li.",The cone is close to Li.,The cone is far from Li.,11,13,11,13,6,7,6,7
gym__name_li__obj_cone__distance_phrase_object_first__person_first,close_far_matched_scenes,1.1,gym__name_li__obj_cone,gym__name_li__obj_cone__person_first,gym__name_li__obj_cone__distance_phrase_object_first,name_li__obj_cone__distance_phrase_object_first__person_first,gym,gym,ends,name_li,Li,obj_cone,cone,distance_phrase_object_first,distance_magnitude_phrase,locative_distance_subject,object_first,person_first,True,True,False,False,False,True,False,"In the gym, a short distance separates the cone and Li.","In the gym, a long distance separates the cone and Li.",Li is close to the cone.,Li is far from the cone.,11,13,11,13,6,7,6,7
gym__name_li__obj_cone__endpoint_placement__object_first,close_far_matched_scenes,1.1,gym__name_li__obj_cone,gym__name_li__obj_cone__object_first,gym__name_li__obj_cone__endpoint_placement,name_li__obj_cone__endpoint_placement__object_first,gym,gym,ends,name_li,Li,obj_cone,cone,endpoint_placement,physical_endpoint_placement,two_sentence_person_then_object,person_first,object_first,True,True,True,True,False,False,False,"In the gym, Li stands at one end. The cone rests at Li's feet.","In the gym, Li stands at one end. The cone rests at the other end.",The cone is close to Li.,The cone is far from Li.,15,18,15,18,6,7,6,7
gym__name_li__obj_cone__endpoint_placement__person_first,close_far_matched_scenes,1.1,gym__name_li__obj_cone,gym__name_li__obj_cone__person_first,gym__name_li__obj_cone__endpoint_placement,name_li__obj_cone__endpoint_placement__person_first,gym,gym,ends,name_li,Li,obj_cone,cone,endpoint_placement,physical_endpoint_placement,two_sentence_person_then_object,person_first,person_first,False,True,True,True,False,False,False,"In the gym, Li stands at one end. The cone rests at Li's feet.","In the gym, Li stands at one end. The cone rests at the other end.",Li is close to the cone.,Li is far from the cone.,15,18,15,18,6,7,6,7
gym__name_li__obj_helmet__direct_label__object_first,close_far_matched_scenes,1.1,gym__name_li__obj_helmet,gym__name_li__obj_helmet__object_first,gym__name_li__obj_helmet__direct_label,name_li__obj_helmet__direct_label__object_first,gym,gym,ends,name_li,Li,obj_helmet,helmet,direct_label,explicit_relation,locative_object_subject,object_first,object_first,False,True,False,False,True,False,True,"In the gym, the helmet is close to Li.","In the gym, the helmet is far from Li.",The helmet is close to Li.,The helmet is far from Li.,9,11,9,11,6,7,6,7
gym__name_li__obj_helmet__direct_label__person_first,close_far_matched_scenes,1.1,gym__name_li__obj_helmet,gym__name_li__obj_helmet__person_first,gym__name_li__obj_helmet__direct_label,name_li__obj_helmet__direct_label__person_first,gym,gym,ends,name_li,Li,obj_helmet,helmet,direct_label,explicit_relation,locative_object_subject,object_first,person_first,True,True,False,False,True,False,False,"In the gym, the helmet is close to Li.","In the gym, the helmet is far from Li.",Li is close to the helmet.,Li is far from the helmet.,9,11,9,11,6,7,6,7
gym__name_li__obj_helmet__distance_phrase__object_first,close_far_matched_scenes,1.1,gym__name_li__obj_helmet,gym__name_li__obj_helmet__object_first,gym__name_li__obj_helmet__distance_phrase,name_li__obj_helmet__distance_phrase__object_first,gym,gym,ends,name_li,Li,obj_helmet,helmet,distance_phrase,distance_magnitude_phrase,locative_distance_subject,person_first,object_first,True,True,False,False,False,True,False,"In the gym, a short distance separates Li and the helmet.","In the gym, a long distance separates Li and the helmet.",The helmet is close to Li.,The helmet is far from Li.,11,13,11,13,6,7,6,7
gym__name_li__obj_helmet__distance_phrase__person_first,close_far_matched_scenes,1.1,gym__name_li__obj_helmet,gym__name_li__obj_helmet__person_first,gym__name_li__obj_helmet__distance_phrase,name_li__obj_helmet__distance_phrase__person_first,gym,gym,ends,name_li,Li,obj_helmet,helmet,distance_phrase,distance_magnitude_phrase,locative_distance_subject,person_first,person_first,False,True,False,False,False,True,False,"In the gym, a short distance separates Li and the helmet.","In the gym, a long distance separates Li and the helmet.",Li is close to the helmet.,Li is far from the helmet.,11,13,11,13,6,7,6,7
gym__name_li__obj_helmet__distance_phrase_object_first__object_first,close_far_matched_scenes,1.1,gym__name_li__obj_helmet,gym__name_li__obj_helmet__object_first,gym__name_li__obj_helmet__distance_phrase_object_first,name_li__obj_helmet__distance_phrase_object_first__object_first,gym,gym,ends,name_li,Li,obj_helmet,helmet,distance_phrase_object_first,distance_magnitude_phrase,locative_distance_subject,object_first,object_first,False,True,False,False,False,True,False,"In the gym, a short distance separates the helmet and Li.","In the gym, a long distance separates the helmet and Li.",The helmet is close to Li.,The helmet is far from Li.,11,13,11,13,6,7,6,7
gym__name_li__obj_helmet__distance_phrase_object_first__person_first,close_far_matched_scenes,1.1,gym__name_li__obj_helmet,gym__name_li__obj_helmet__person_first,gym__name_li__obj_helmet__distance_phrase_object_first,name_li__obj_helmet__distance_phrase_object_first__person_first,gym,gym,ends,name_li,Li,obj_helmet,helmet,distance_phrase_object_first,distance_magnitude_phrase,locative_distance_subject,object_first,person_first,True,True,False,False,False,True,False,"In the gym, a short distance separates the helmet and Li.","In the gym, a long distance separates the helmet and Li.",Li is close to the helmet.,Li is far from the helmet.,11,13,11,13,6,7,6,7
gym__name_li__obj_helmet__endpoint_placement__object_first,close_far_matched_scenes,1.1,gym__name_li__obj_helmet,gym__name_li__obj_helmet__object_first,gym__name_li__obj_helmet__endpoint_placement,name_li__obj_helmet__endpoint_placement__object_first,gym,gym,ends,name_li,Li,obj_helmet,helmet,endpoint_placement,physical_endpoint_placement,two_sentence_person_then_object,person_first,object_first,True,True,True,True,False,False,False,"In the gym, Li stands at one end. The helmet rests at Li's feet.","In the gym, Li stands at one end. The helmet rests at the other end.",The helmet is close to Li.,The helmet is far from Li.,15,18,15,18,6,7,6,7
gym__name_li__obj_helmet__endpoint_placement__person_first,close_far_matched_scenes,1.1,gym__name_li__obj_helmet,gym__name_li__obj_helmet__person_first,gym__name_li__obj_helmet__endpoint_placement,name_li__obj_helmet__endpoint_placement__person_first,gym,gym,ends,name_li,Li,obj_helmet,helmet,endpoint_placement,physical_endpoint_placement,two_sentence_person_then_object,person_first,person_first,False,True,True,True,False,False,False,"In the gym, Li stands at one end. The helmet rests at Li's feet.","In the gym, Li stands at one end. The helmet rests at the other end.",Li is close to the helmet.,Li is far from the helmet.,15,18,15,18,6,7,6,7
gym__name_li__obj_cup__direct_label__object_first,close_far_matched_scenes,1.1,gym__name_li__obj_cup,gym__name_li__obj_cup__object_first,gym__name_li__obj_cup__direct_label,name_li__obj_cup__direct_label__object_first,gym,gym,ends,name_li,Li,obj_cup,cup,direct_label,explicit_relation,locative_object_subject,object_first,object_first,False,True,False,False,True,False,True,"In the gym, the cup is close to Li.","In the gym, the cup is far from Li.",The cup is close to Li.,The cup is far from Li.,9,11,9,11,6,7,6,7
gym__name_li__obj_cup__direct_label__person_first,close_far_matched_scenes,1.1,gym__name_li__obj_cup,gym__name_li__obj_cup__person_first,gym__name_li__obj_cup__direct_label,name_li__obj_cup__direct_label__person_first,gym,gym,ends,name_li,Li,obj_cup,cup,direct_label,explicit_relation,locative_object_subject,object_first,person_first,True,True,False,False,True,False,False,"In the gym, the cup is close to Li.","In the gym, the cup is far from Li.",Li is close to the cup.,Li is far from the cup.,9,11,9,11,6,7,6,7
gym__name_li__obj_cup__distance_phrase__object_first,close_far_matched_scenes,1.1,gym__name_li__obj_cup,gym__name_li__obj_cup__object_first,gym__name_li__obj_cup__distance_phrase,name_li__obj_cup__distance_phrase__object_first,gym,gym,ends,name_li,Li,obj_cup,cup,distance_phrase,distance_magnitude_phrase,locative_distance_subject,person_first,object_first,True,True,False,False,False,True,False,"In the gym, a short distance separates Li and the cup.","In the gym, a long distance separates Li and the cup.",The cup is close to Li.,The cup is far from Li.,11,13,11,13,6,7,6,7
gym__name_li__obj_cup__distance_phrase__person_first,close_far_matched_scenes,1.1,gym__name_li__obj_cup,gym__name_li__obj_cup__person_first,gym__name_li__obj_cup__distance_phrase,name_li__obj_cup__distance_phrase__person_first,gym,gym,ends,name_li,Li,obj_cup,cup,distance_phrase,distance_magnitude_phrase,locative_distance_subject,person_first,person_first,False,True,False,False,False,True,False,"In the gym, a short distance separates Li and the cup.","In the gym, a long distance separates Li and the cup.",Li is close to the cup.,Li is far from the cup.,11,13,11,13,6,7,6,7
gym__name_li__obj_cup__distance_phrase_object_first__object_first,close_far_matched_scenes,1.1,gym__name_li__obj_cup,gym__name_li__obj_cup__object_first,gym__name_li__obj_cup__distance_phrase_object_first,name_li__obj_cup__distance_phrase_object_first__object_first,gym,gym,ends,name_li,Li,obj_cup,cup,distance_phrase_object_first,distance_magnitude_phrase,locative_distance_subject,object_first,object_first,False,True,False,False,False,True,False,"In the gym, a short distance separates the cup and Li.","In the gym, a long distance separates the cup and Li.",The cup is close to Li.,The cup is far from Li.,11,13,11,13,6,7,6,7
gym__name_li__obj_cup__distance_phrase_object_first__person_first,close_far_matched_scenes,1.1,gym__name_li__obj_cup,gym__name_li__obj_cup__person_first,gym__name_li__obj_cup__distance_phrase_object_first,name_li__obj_cup__distance_phrase_object_first__person_first,gym,gym,ends,name_li,Li,obj_cup,cup,distance_phrase_object_first,distance_magnitude_phrase,locative_distance_subject,object_first,person_first,True,True,False,False,False,True,False,"In the gym, a short distance separates the cup and Li.","In the gym, a long distance separates the cup and Li.",Li is close to the cup.,Li is far from the cup.,11,13,11,13,6,7,6,7
gym__name_li__obj_cup__endpoint_placement__object_first,close_far_matched_scenes,1.1,gym__name_li__obj_cup,gym__name_li__obj_cup__object_first,gym__name_li__obj_cup__endpoint_placement,name_li__obj_cup__endpoint_placement__object_first,gym,gym,ends,name_li,Li,obj_cup,cup,endpoint_placement,physical_endpoint_placement,two_sentence_person_then_object,person_first,object_first,True,True,True,True,False,False,False,"In the gym, Li stands at one end. The cup rests at Li's feet.","In the gym, Li stands at one end. The cup rests at the other end.",The cup is close to Li.,The cup is far from Li.,15,18,15,18,6,7,6,7
gym__name_li__obj_cup__endpoint_placement__person_first,close_far_matched_scenes,1.1,gym__name_li__obj_cup,gym__name_li__obj_cup__person_first,gym__name_li__obj_cup__endpoint_placement,name_li__obj_cup__endpoint_placement__person_first,gym,gym,ends,name_li,Li,obj_cup,cup,endpoint_placement,physical_endpoint_placement,two_sentence_person_then_object,person_first,person_first,False,True,True,True,False,False,False,"In the gym, Li stands at one end. The cup rests at Li's feet.","In the gym, Li stands at one end. The cup rests at the other end.",Li is close to the cup.,Li is far from the cup.,15,18,15,18,6,7,6,7
gym__name_li__obj_key__direct_label__object_first,close_far_matched_scenes,1.1,gym__name_li__obj_key,gym__name_li__obj_key__object_first,gym__name_li__obj_key__direct_label,name_li__obj_key__direct_label__object_first,gym,gym,ends,name_li,Li,obj_key,key,direct_label,explicit_relation,locative_object_subject,object_first,object_first,False,True,False,False,True,False,True,"In the gym, the key is close to Li.","In the gym, the key is far from Li.",The key is close to Li.,The key is far from Li.,9,11,9,11,6,7,6,7
gym__name_li__obj_key__direct_label__person_first,close_far_matched_scenes,1.1,gym__name_li__obj_key,gym__name_li__obj_key__person_first,gym__name_li__obj_key__direct_label,name_li__obj_key__direct_label__person_first,gym,gym,ends,name_li,Li,obj_key,key,direct_label,explicit_relation,locative_object_subject,object_first,person_first,True,True,False,False,True,False,False,"In the gym, the key is close to Li.","In the gym, the key is far from Li.",Li is close to the key.,Li is far from the key.,9,11,9,11,6,7,6,7
gym__name_li__obj_key__distance_phrase__object_first,close_far_matched_scenes,1.1,gym__name_li__obj_key,gym__name_li__obj_key__object_first,gym__name_li__obj_key__distance_phrase,name_li__obj_key__distance_phrase__object_first,gym,gym,ends,name_li,Li,obj_key,key,distance_phrase,distance_magnitude_phrase,locative_distance_subject,person_first,object_first,True,True,False,False,False,True,False,"In the gym, a short distance separates Li and the key.","In the gym, a long distance separates Li and the key.",The key is close to Li.,The key is far from Li.,11,13,11,13,6,7,6,7
gym__name_li__obj_key__distance_phrase__person_first,close_far_matched_scenes,1.1,gym__name_li__obj_key,gym__name_li__obj_key__person_first,gym__name_li__obj_key__distance_phrase,name_li__obj_key__distance_phrase__person_first,gym,gym,ends,name_li,Li,obj_key,key,distance_phrase,distance_magnitude_phrase,locative_distance_subject,person_first,person_first,False,True,False,False,False,True,False,"In the gym, a short distance separates Li and the key.","In the gym, a long distance separates Li and the key.",Li is close to the key.,Li is far from the key.,11,13,11,13,6,7,6,7
gym__name_li__obj_key__distance_phrase_object_first__object_first,close_far_matched_scenes,1.1,gym__name_li__obj_key,gym__name_li__obj_key__object_first,gym__name_li__obj_key__distance_phrase_object_first,name_li__obj_key__distance_phrase_object_first__object_first,gym,gym,ends,name_li,Li,obj_key,key,distance_phrase_object_first,distance_magnitude_phrase,locative_distance_subject,object_first,object_first,False,True,False,False,False,True,False,"In the gym, a short distance separates the key and Li.","In the gym, a long distance separates the key and Li.",The key is close to Li.,The key is far from Li.,11,13,11,13,6,7,6,7
gym__name_li__obj_key__distance_phrase_object_first__person_first,close_far_matched_scenes,1.1,gym__name_li__obj_key,gym__name_li__obj_key__person_first,gym__name_li__obj_key__distance_phrase_object_first,name_li__obj_key__distance_phrase_object_first__person_first,gym,gym,ends,name_li,Li,obj_key,key,distance_phrase_object_first,distance_magnitude_phrase,locative_distance_subject,object_first,person_first,True,True,False,False,False,True,False,"In the gym, a short distance separates the key and Li.","In the gym, a long distance separates the key and Li.",Li is close to the key.,Li is far from the key.,11,13,11,13,6,7,6,7
gym__name_li__obj_key__endpoint_placement__object_first,close_far_matched_scenes,1.1,gym__name_li__obj_key,gym__name_li__obj_key__object_first,gym__name_li__obj_key__endpoint_placement,name_li__obj_key__endpoint_placement__object_first,gym,gym,ends,name_li,Li,obj_key,key,endpoint_placement,physical_endpoint_placement,two_sentence_person_then_object,person_first,object_first,True,True,True,True,False,False,False,"In the gym, Li stands at one end. The key rests at Li's feet.","In the gym, Li stands at one end. The key rests at the other end.",The key is close to Li.,The key is far from Li.,15,18,15,18,6,7,6,7
gym__name_li__obj_key__endpoint_placement__person_first,close_far_matched_scenes,1.1,gym__name_li__obj_key,gym__name_li__obj_key__person_first,gym__name_li__obj_key__endpoint_placement,name_li__obj_key__endpoint_placement__person_first,gym,gym,ends,name_li,Li,obj_key,key,endpoint_placement,physical_endpoint_placement,two_sentence_person_then_object,person_first,person_first,False,True,True,True,False,False,False,"In the gym, Li stands at one end. The key rests at Li's feet.","In the gym, Li stands at one end. The key rests at the other end.",Li is close to the key.,Li is far from the key.,15,18,15,18,6,7,6,7
gym__name_li__obj_box__direct_label__object_first,close_far_matched_scenes,1.1,gym__name_li__obj_box,gym__name_li__obj_box__object_first,gym__name_li__obj_box__direct_label,name_li__obj_box__direct_label__object_first,gym,gym,ends,name_li,Li,obj_box,box,direct_label,explicit_relation,locative_object_subject,object_first,object_first,False,True,False,False,True,False,True,"In the gym, the box is close to Li.","In the gym, the box is far from Li.",The box is close to Li.,The box is far from Li.,9,11,9,11,6,7,6,7
gym__name_li__obj_box__direct_label__person_first,close_far_matched_scenes,1.1,gym__name_li__obj_box,gym__name_li__obj_box__person_first,gym__name_li__obj_box__direct_label,name_li__obj_box__direct_label__person_first,gym,gym,ends,name_li,Li,obj_box,box,direct_label,explicit_relation,locative_object_subject,object_first,person_first,True,True,False,False,True,False,False,"In the gym, the box is close to Li.","In the gym, the box is far from Li.",Li is close to the box.,Li is far from the box.,9,11,9,11,6,7,6,7
gym__name_li__obj_box__distance_phrase__object_first,close_far_matched_scenes,1.1,gym__name_li__obj_box,gym__name_li__obj_box__object_first,gym__name_li__obj_box__distance_phrase,name_li__obj_box__distance_phrase__object_first,gym,gym,ends,name_li,Li,obj_box,box,distance_phrase,distance_magnitude_phrase,locative_distance_subject,person_first,object_first,True,True,False,False,False,True,False,"In the gym, a short distance separates Li and the box.","In the gym, a long distance separates Li and the box.",The box is close to Li.,The box is far from Li.,11,13,11,13,6,7,6,7
gym__name_li__obj_box__distance_phrase__person_first,close_far_matched_scenes,1.1,gym__name_li__obj_box,gym__name_li__obj_box__person_first,gym__name_li__obj_box__distance_phrase,name_li__obj_box__distance_phrase__person_first,gym,gym,ends,name_li,Li,obj_box,box,distance_phrase,distance_magnitude_phrase,locative_distance_subject,person_first,person_first,False,True,False,False,False,True,False,"In the gym, a short distance separates Li and the box.","In the gym, a long distance separates Li and the box.",Li is close to the box.,Li is far from the box.,11,13,11,13,6,7,6,7
gym__name_li__obj_box__distance_phrase_object_first__object_first,close_far_matched_scenes,1.1,gym__name_li__obj_box,gym__name_li__obj_box__object_first,gym__name_li__obj_box__distance_phrase_object_first,name_li__obj_box__distance_phrase_object_first__object_first,gym,gym,ends,name_li,Li,obj_box,box,distance_phrase_object_first,distance_magnitude_phrase,locative_distance_subject,object_first,object_first,False,True,False,False,False,True,False,"In the gym, a short distance separates the box and Li.","In the gym, a long distance separates the box and Li.",The box is close to Li.,The box is far from Li.,11,13,11,13,6,7,6,7
gym__name_li__obj_box__distance_phrase_object_first__person_first,close_far_matched_scenes,1.1,gym__name_li__obj_box,gym__name_li__obj_box__person_first,gym__name_li__obj_box__distance_phrase_object_first,name_li__obj_box__distance_phrase_object_first__person_first,gym,gym,ends,name_li,Li,obj_box,box,distance_phrase_object_first,distance_magnitude_phrase,locative_distance_subject,object_first,person_first,True,True,False,False,False,True,False,"In the gym, a short distance separates the box and Li.","In the gym, a long distance separates the box and Li.",Li is close to the box.,Li is far from the box.,11,13,11,13,6,7,6,7
gym__name_li__obj_box__endpoint_placement__object_first,close_far_matched_scenes,1.1,gym__name_li__obj_box,gym__name_li__obj_box__object_first,gym__name_li__obj_box__endpoint_placement,name_li__obj_box__endpoint_placement__object_first,gym,gym,ends,name_li,Li,obj_box,box,endpoint_placement,physical_endpoint_placement,two_sentence_person_then_object,person_first,object_first,True,True,True,True,False,False,False,"In the gym, Li stands at one end. The box rests at Li's feet.","In the gym, Li stands at one end. The box rests at the other end.",The box is close to Li.,The box is far from Li.,15,18,15,18,6,7,6,7
gym__name_li__obj_box__endpoint_placement__person_first,close_far_matched_scenes,1.1,gym__name_li__obj_box,gym__name_li__obj_box__person_first,gym__name_li__obj_box__endpoint_placement,name_li__obj_box__endpoint_placement__person_first,gym,gym,ends,name_li,Li,obj_box,box,endpoint_placement,physical_endpoint_placement,two_sentence_person_then_object,person_first,person_first,False,True,True,True,False,False,False,"In the gym, Li stands at one end. The box rests at Li's feet.","In the gym, Li stands at one end. The box rests at the other end.",Li is close to the box.,Li is far from the box.,15,18,15,18,6,7,6,7
gym__name_omar__obj_ball__direct_label__object_first,close_far_matched_scenes,1.1,gym__name_omar__obj_ball,gym__name_omar__obj_ball__object_first,gym__name_omar__obj_ball__direct_label,name_omar__obj_ball__direct_label__object_first,gym,gym,ends,name_omar,Omar,obj_ball,ball,direct_label,explicit_relation,locative_object_subject,object_first,object_first,False,True,False,False,True,False,True,"In the gym, the ball is close to Omar.","In the gym, the ball is far from Omar.",The ball is close to Omar.,The ball is far from Omar.,9,11,9,11,6,7,6,7
gym__name_omar__obj_ball__direct_label__person_first,close_far_matched_scenes,1.1,gym__name_omar__obj_ball,gym__name_omar__obj_ball__person_first,gym__name_omar__obj_ball__direct_label,name_omar__obj_ball__direct_label__person_first,gym,gym,ends,name_omar,Omar,obj_ball,ball,direct_label,explicit_relation,locative_object_subject,object_first,person_first,True,True,False,False,True,False,False,"In the gym, the ball is close to Omar.","In the gym, the ball is far from Omar.",Omar is close to the ball.,Omar is far from the ball.,9,11,9,11,6,8,6,8
gym__name_omar__obj_ball__distance_phrase__object_first,close_far_matched_scenes,1.1,gym__name_omar__obj_ball,gym__name_omar__obj_ball__object_first,gym__name_omar__obj_ball__distance_phrase,name_omar__obj_ball__distance_phrase__object_first,gym,gym,ends,name_omar,Omar,obj_ball,ball,distance_phrase,distance_magnitude_phrase,locative_distance_subject,person_first,object_first,True,True,False,False,False,True,False,"In the gym, a short distance separates Omar and the ball.","In the gym, a long distance separates Omar and the ball.",The ball is close to Omar.,The ball is far from Omar.,11,13,11,13,6,7,6,7
gym__name_omar__obj_ball__distance_phrase__person_first,close_far_matched_scenes,1.1,gym__name_omar__obj_ball,gym__name_omar__obj_ball__person_first,gym__name_omar__obj_ball__distance_phrase,name_omar__obj_ball__distance_phrase__person_first,gym,gym,ends,name_omar,Omar,obj_ball,ball,distance_phrase,distance_magnitude_phrase,locative_distance_subject,person_first,person_first,False,True,False,False,False,True,False,"In the gym, a short distance separates Omar and the ball.","In the gym, a long distance separates Omar and the ball.",Omar is close to the ball.,Omar is far from the ball.,11,13,11,13,6,8,6,8
gym__name_omar__obj_ball__distance_phrase_object_first__object_first,close_far_matched_scenes,1.1,gym__name_omar__obj_ball,gym__name_omar__obj_ball__object_first,gym__name_omar__obj_ball__distance_phrase_object_first,name_omar__obj_ball__distance_phrase_object_first__object_first,gym,gym,ends,name_omar,Omar,obj_ball,ball,distance_phrase_object_first,distance_magnitude_phrase,locative_distance_subject,object_first,object_first,False,True,False,False,False,True,False,"In the gym, a short distance separates the ball and Omar.","In the gym, a long distance separates the ball and Omar.",The ball is close to Omar.,The ball is far from Omar.,11,13,11,13,6,7,6,7
gym__name_omar__obj_ball__distance_phrase_object_first__person_first,close_far_matched_scenes,1.1,gym__name_omar__obj_ball,gym__name_omar__obj_ball__person_first,gym__name_omar__obj_ball__distance_phrase_object_first,name_omar__obj_ball__distance_phrase_object_first__person_first,gym,gym,ends,name_omar,Omar,obj_ball,ball,distance_phrase_object_first,distance_magnitude_phrase,locative_distance_subject,object_first,person_first,True,True,False,False,False,True,False,"In the gym, a short distance separates the ball and Omar.","In the gym, a long distance separates the ball and Omar.",Omar is close to the ball.,Omar is far from the ball.,11,13,11,13,6,8,6,8
gym__name_omar__obj_ball__endpoint_placement__object_first,close_far_matched_scenes,1.1,gym__name_omar__obj_ball,gym__name_omar__obj_ball__object_first,gym__name_omar__obj_ball__endpoint_placement,name_omar__obj_ball__endpoint_placement__object_first,gym,gym,ends,name_omar,Omar,obj_ball,ball,endpoint_placement,physical_endpoint_placement,two_sentence_person_then_object,person_first,object_first,True,True,True,True,False,False,False,"In the gym, Omar stands at one end. The ball rests at Omar's feet.","In the gym, Omar stands at one end. The ball rests at the other end.",The ball is close to Omar.,The ball is far from Omar.,15,18,15,18,6,7,6,7
gym__name_omar__obj_ball__endpoint_placement__person_first,close_far_matched_scenes,1.1,gym__name_omar__obj_ball,gym__name_omar__obj_ball__person_first,gym__name_omar__obj_ball__endpoint_placement,name_omar__obj_ball__endpoint_placement__person_first,gym,gym,ends,name_omar,Omar,obj_ball,ball,endpoint_placement,physical_endpoint_placement,two_sentence_person_then_object,person_first,person_first,False,True,True,True,False,False,False,"In the gym, Omar stands at one end. The ball rests at Omar's feet.","In the gym, Omar stands at one end. The ball rests at the other end.",Omar is close to the ball.,Omar is far from the ball.,15,18,15,18,6,8,6,8
gym__name_omar__obj_bag__direct_label__object_first,close_far_matched_scenes,1.1,gym__name_omar__obj_bag,gym__name_omar__obj_bag__object_first,gym__name_omar__obj_bag__direct_label,name_omar__obj_bag__direct_label__object_first,gym,gym,ends,name_omar,Omar,obj_bag,bag,direct_label,explicit_relation,locative_object_subject,object_first,object_first,False,True,False,False,True,False,True,"In the gym, the bag is close to Omar.","In the gym, the bag is far from Omar.",The bag is close to Omar.,The bag is far from Omar.,9,11,9,11,6,7,6,7
gym__name_omar__obj_bag__direct_label__person_first,close_far_matched_scenes,1.1,gym__name_omar__obj_bag,gym__name_omar__obj_bag__person_first,gym__name_omar__obj_bag__direct_label,name_omar__obj_bag__direct_label__person_first,gym,gym,ends,name_omar,Omar,obj_bag,bag,direct_label,explicit_relation,locative_object_subject,object_first,person_first,True,True,False,False,True,False,False,"In the gym, the bag is close to Omar.","In the gym, the bag is far from Omar.",Omar is close to the bag.,Omar is far from the bag.,9,11,9,11,6,8,6,8
gym__name_omar__obj_bag__distance_phrase__object_first,close_far_matched_scenes,1.1,gym__name_omar__obj_bag,gym__name_omar__obj_bag__object_first,gym__name_omar__obj_bag__distance_phrase,name_omar__obj_bag__distance_phrase__object_first,gym,gym,ends,name_omar,Omar,obj_bag,bag,distance_phrase,distance_magnitude_phrase,locative_distance_subject,person_first,object_first,True,True,False,False,False,True,False,"In the gym, a short distance separates Omar and the bag.","In the gym, a long distance separates Omar and the bag.",The bag is close to Omar.,The bag is far from Omar.,11,13,11,13,6,7,6,7
gym__name_omar__obj_bag__distance_phrase__person_first,close_far_matched_scenes,1.1,gym__name_omar__obj_bag,gym__name_omar__obj_bag__person_first,gym__name_omar__obj_bag__distance_phrase,name_omar__obj_bag__distance_phrase__person_first,gym,gym,ends,name_omar,Omar,obj_bag,bag,distance_phrase,distance_magnitude_phrase,locative_distance_subject,person_first,person_first,False,True,False,False,False,True,False,"In the gym, a short distance separates Omar and the bag.","In the gym, a long distance separates Omar and the bag.",Omar is close to the bag.,Omar is far from the bag.,11,13,11,13,6,8,6,8
gym__name_omar__obj_bag__distance_phrase_object_first__object_first,close_far_matched_scenes,1.1,gym__name_omar__obj_bag,gym__name_omar__obj_bag__object_first,gym__name_omar__obj_bag__distance_phrase_object_first,name_omar__obj_bag__distance_phrase_object_first__object_first,gym,gym,ends,name_omar,Omar,obj_bag,bag,distance_phrase_object_first,distance_magnitude_phrase,locative_distance_subject,object_first,object_first,False,True,False,False,False,True,False,"In the gym, a short distance separates the bag and Omar.","In the gym, a long distance separates the bag and Omar.",The bag is close to Omar.,The bag is far from Omar.,11,13,11,13,6,7,6,7
gym__name_omar__obj_bag__distance_phrase_object_first__person_first,close_far_matched_scenes,1.1,gym__name_omar__obj_bag,gym__name_omar__obj_bag__person_first,gym__name_omar__obj_bag__distance_phrase_object_first,name_omar__obj_bag__distance_phrase_object_first__person_first,gym,gym,ends,name_omar,Omar,obj_bag,bag,distance_phrase_object_first,distance_magnitude_phrase,locative_distance_subject,object_first,person_first,True,True,False,False,False,True,False,"In the gym, a short distance separates the bag and Omar.","In the gym, a long distance separates the bag and Omar.",Omar is close to the bag.,Omar is far from the bag.,11,13,11,13,6,8,6,8
gym__name_omar__obj_bag__endpoint_placement__object_first,close_far_matched_scenes,1.1,gym__name_omar__obj_bag,gym__name_omar__obj_bag__object_first,gym__name_omar__obj_bag__endpoint_placement,name_omar__obj_bag__endpoint_placement__object_first,gym,gym,ends,name_omar,Omar,obj_bag,bag,endpoint_placement,physical_endpoint_placement,two_sentence_person_then_object,person_first,object_first,True,True,True,True,False,False,False,"In the gym, Omar stands at one end. The bag rests at Omar's feet.","In the gym, Omar stands at one end. The bag rests at the other end.",The bag is close to Omar.,The bag is far from Omar.,15,18,15,18,6,7,6,7
gym__name_omar__obj_bag__endpoint_placement__person_first,close_far_matched_scenes,1.1,gym__name_omar__obj_bag,gym__name_omar__obj_bag__person_first,gym__name_omar__obj_bag__endpoint_placement,name_omar__obj_bag__endpoint_placement__person_first,gym,gym,ends,name_omar,Omar,obj_bag,bag,endpoint_placement,physical_endpoint_placement,two_sentence_person_then_object,person_first,person_first,False,True,True,True,False,False,False,"In the gym, Omar stands at one end. The bag rests at Omar's feet.","In the gym, Omar stands at one end. The bag rests at the other end.",Omar is close to the bag.,Omar is far from the bag.,15,18,15,18,6,8,6,8
gym__name_omar__obj_book__direct_label__object_first,close_far_matched_scenes,1.1,gym__name_omar__obj_book,gym__name_omar__obj_book__object_first,gym__name_omar__obj_book__direct_label,name_omar__obj_book__direct_label__object_first,gym,gym,ends,name_omar,Omar,obj_book,book,direct_label,explicit_relation,locative_object_subject,object_first,object_first,False,True,False,False,True,False,True,"In the gym, the book is close to Omar.","In the gym, the book is far from Omar.",The book is close to Omar.,The book is far from Omar.,9,11,9,11,6,7,6,7
gym__name_omar__obj_book__direct_label__person_first,close_far_matched_scenes,1.1,gym__name_omar__obj_book,gym__name_omar__obj_book__person_first,gym__name_omar__obj_book__direct_label,name_omar__obj_book__direct_label__person_first,gym,gym,ends,name_omar,Omar,obj_book,book,direct_label,explicit_relation,locative_object_subject,object_first,person_first,True,True,False,False,True,False,False,"In the gym, the book is close to Omar.","In the gym, the book is far from Omar.",Omar is close to the book.,Omar is far from the book.,9,11,9,11,6,8,6,8
gym__name_omar__obj_book__distance_phrase__object_first,close_far_matched_scenes,1.1,gym__name_omar__obj_book,gym__name_omar__obj_book__object_first,gym__name_omar__obj_book__distance_phrase,name_omar__obj_book__distance_phrase__object_first,gym,gym,ends,name_omar,Omar,obj_book,book,distance_phrase,distance_magnitude_phrase,locative_distance_subject,person_first,object_first,True,True,False,False,False,True,False,"In the gym, a short distance separates Omar and the book.","In the gym, a long distance separates Omar and the book.",The book is close to Omar.,The book is far from Omar.,11,13,11,13,6,7,6,7
gym__name_omar__obj_book__distance_phrase__person_first,close_far_matched_scenes,1.1,gym__name_omar__obj_book,gym__name_omar__obj_book__person_first,gym__name_omar__obj_book__distance_phrase,name_omar__obj_book__distance_phrase__person_first,gym,gym,ends,name_omar,Omar,obj_book,book,distance_phrase,distance_magnitude_phrase,locative_distance_subject,person_first,person_first,False,True,False,False,False,True,False,"In the gym, a short distance separates Omar and the book.","In the gym, a long distance separates Omar and the book.",Omar is close to the book.,Omar is far from the book.,11,13,11,13,6,8,6,8
gym__name_omar__obj_book__distance_phrase_object_first__object_first,close_far_matched_scenes,1.1,gym__name_omar__obj_book,gym__name_omar__obj_book__object_first,gym__name_omar__obj_book__distance_phrase_object_first,name_omar__obj_book__distance_phrase_object_first__object_first,gym,gym,ends,name_omar,Omar,obj_book,book,distance_phrase_object_first,distance_magnitude_phrase,locative_distance_subject,object_first,object_first,False,True,False,False,False,True,False,"In the gym, a short distance separates the book and Omar.","In the gym, a long distance separates the book and Omar.",The book is close to Omar.,The book is far from Omar.,11,13,11,13,6,7,6,7
gym__name_omar__obj_book__distance_phrase_object_first__person_first,close_far_matched_scenes,1.1,gym__name_omar__obj_book,gym__name_omar__obj_book__person_first,gym__name_omar__obj_book__distance_phrase_object_first,name_omar__obj_book__distance_phrase_object_first__person_first,gym,gym,ends,name_omar,Omar,obj_book,book,distance_phrase_object_first,distance_magnitude_phrase,locative_distance_subject,object_first,person_first,True,True,False,False,False,True,False,"In the gym, a short distance separates the book and Omar.","In the gym, a long distance separates the book and Omar.",Omar is close to the book.,Omar is far from the book.,11,13,11,13,6,8,6,8
gym__name_omar__obj_book__endpoint_placement__object_first,close_far_matched_scenes,1.1,gym__name_omar__obj_book,gym__name_omar__obj_book__object_first,gym__name_omar__obj_book__endpoint_placement,name_omar__obj_book__endpoint_placement__object_first,gym,gym,ends,name_omar,Omar,obj_book,book,endpoint_placement,physical_endpoint_placement,two_sentence_person_then_object,person_first,object_first,True,True,True,True,False,False,False,"In the gym, Omar stands at one end. The book rests at Omar's feet.","In the gym, Omar stands at one end. The book rests at the other end.",The book is close to Omar.,The book is far from Omar.,15,18,15,18,6,7,6,7
gym__name_omar__obj_book__endpoint_placement__person_first,close_far_matched_scenes,1.1,gym__name_omar__obj_book,gym__name_omar__obj_book__person_first,gym__name_omar__obj_book__endpoint_placement,name_omar__obj_book__endpoint_placement__person_first,gym,gym,ends,name_omar,Omar,obj_book,book,endpoint_placement,physical_endpoint_placement,two_sentence_person_then_object,person_first,person_first,False,True,True,True,False,False,False,"In the gym, Omar stands at one end. The book rests at Omar's feet.","In the gym, Omar stands at one end. The book rests at the other end.",Omar is close to the book.,Omar is far from the book.,15,18,15,18,6,8,6,8
gym__name_omar__obj_cone__direct_label__object_first,close_far_matched_scenes,1.1,gym__name_omar__obj_cone,gym__name_omar__obj_cone__object_first,gym__name_omar__obj_cone__direct_label,name_omar__obj_cone__direct_label__object_first,gym,gym,ends,name_omar,Omar,obj_cone,cone,direct_label,explicit_relation,locative_object_subject,object_first,object_first,False,True,False,False,True,False,True,"In the gym, the cone is close to Omar.","In the gym, the cone is far from Omar.",The cone is close to Omar.,The cone is far from Omar.,9,11,9,11,6,7,6,7
gym__name_omar__obj_cone__direct_label__person_first,close_far_matched_scenes,1.1,gym__name_omar__obj_cone,gym__name_omar__obj_cone__person_first,gym__name_omar__obj_cone__direct_label,name_omar__obj_cone__direct_label__person_first,gym,gym,ends,name_omar,Omar,obj_cone,cone,direct_label,explicit_relation,locative_object_subject,object_first,person_first,True,True,False,False,True,False,False,"In the gym, the cone is close to Omar.","In the gym, the cone is far from Omar.",Omar is close to the cone.,Omar is far from the cone.,9,11,9,11,6,8,6,8
gym__name_omar__obj_cone__distance_phrase__object_first,close_far_matched_scenes,1.1,gym__name_omar__obj_cone,gym__name_omar__obj_cone__object_first,gym__name_omar__obj_cone__distance_phrase,name_omar__obj_cone__distance_phrase__object_first,gym,gym,ends,name_omar,Omar,obj_cone,cone,distance_phrase,distance_magnitude_phrase,locative_distance_subject,person_first,object_first,True,True,False,False,False,True,False,"In the gym, a short distance separates Omar and the cone.","In the gym, a long distance separates Omar and the cone.",The cone is close to Omar.,The cone is far from Omar.,11,13,11,13,6,7,6,7
gym__name_omar__obj_cone__distance_phrase__person_first,close_far_matched_scenes,1.1,gym__name_omar__obj_cone,gym__name_omar__obj_cone__person_first,gym__name_omar__obj_cone__distance_phrase,name_omar__obj_cone__distance_phrase__person_first,gym,gym,ends,name_omar,Omar,obj_cone,cone,distance_phrase,distance_magnitude_phrase,locative_distance_subject,person_first,person_first,False,True,False,False,False,True,False,"In the gym, a short distance separates Omar and the cone.","In the gym, a long distance separates Omar and the cone.",Omar is close to the cone.,Omar is far from the cone.,11,13,11,13,6,8,6,8
gym__name_omar__obj_cone__distance_phrase_object_first__object_first,close_far_matched_scenes,1.1,gym__name_omar__obj_cone,gym__name_omar__obj_cone__object_first,gym__name_omar__obj_cone__distance_phrase_object_first,name_omar__obj_cone__distance_phrase_object_first__object_first,gym,gym,ends,name_omar,Omar,obj_cone,cone,distance_phrase_object_first,distance_magnitude_phrase,locative_distance_subject,object_first,object_first,False,True,False,False,False,True,False,"In the gym, a short distance separates the cone and Omar.","In the gym, a long distance separates the cone and Omar.",The cone is close to Omar.,The cone is far from Omar.,11,13,11,13,6,7,6,7
gym__name_omar__obj_cone__distance_phrase_object_first__person_first,close_far_matched_scenes,1.1,gym__name_omar__obj_cone,gym__name_omar__obj_cone__person_first,gym__name_omar__obj_cone__distance_phrase_object_first,name_omar__obj_cone__distance_phrase_object_first__person_first,gym,gym,ends,name_omar,Omar,obj_cone,cone,distance_phrase_object_first,distance_magnitude_phrase,locative_distance_subject,object_first,person_first,True,True,False,False,False,True,False,"In the gym, a short distance separates the cone and Omar.","In the gym, a long distance separates the cone and Omar.",Omar is close to the cone.,Omar is far from the cone.,11,13,11,13,6,8,6,8
gym__name_omar__obj_cone__endpoint_placement__object_first,close_far_matched_scenes,1.1,gym__name_omar__obj_cone,gym__name_omar__obj_cone__object_first,gym__name_omar__obj_cone__endpoint_placement,name_omar__obj_cone__endpoint_placement__object_first,gym,gym,ends,name_omar,Omar,obj_cone,cone,endpoint_placement,physical_endpoint_placement,two_sentence_person_then_object,person_first,object_first,True,True,True,True,False,False,False,"In the gym, Omar stands at one end. The cone rests at Omar's feet.","In the gym, Omar stands at one end. The cone rests at the other end.",The cone is close to Omar.,The cone is far from Omar.,15,18,15,18,6,7,6,7
gym__name_omar__obj_cone__endpoint_placement__person_first,close_far_matched_scenes,1.1,gym__name_omar__obj_cone,gym__name_omar__obj_cone__person_first,gym__name_omar__obj_cone__endpoint_placement,name_omar__obj_cone__endpoint_placement__person_first,gym,gym,ends,name_omar,Omar,obj_cone,cone,endpoint_placement,physical_endpoint_placement,two_sentence_person_then_object,person_first,person_first,False,True,True,True,False,False,False,"In the gym, Omar stands at one end. The cone rests at Omar's feet.","In the gym, Omar stands at one end. The cone rests at the other end.",Omar is close to the cone.,Omar is far from the cone.,15,18,15,18,6,8,6,8
gym__name_omar__obj_helmet__direct_label__object_first,close_far_matched_scenes,1.1,gym__name_omar__obj_helmet,gym__name_omar__obj_helmet__object_first,gym__name_omar__obj_helmet__direct_label,name_omar__obj_helmet__direct_label__object_first,gym,gym,ends,name_omar,Omar,obj_helmet,helmet,direct_label,explicit_relation,locative_object_subject,object_first,object_first,False,True,False,False,True,False,True,"In the gym, the helmet is close to Omar.","In the gym, the helmet is far from Omar.",The helmet is close to Omar.,The helmet is far from Omar.,9,11,9,11,6,7,6,7
gym__name_omar__obj_helmet__direct_label__person_first,close_far_matched_scenes,1.1,gym__name_omar__obj_helmet,gym__name_omar__obj_helmet__person_first,gym__name_omar__obj_helmet__direct_label,name_omar__obj_helmet__direct_label__person_first,gym,gym,ends,name_omar,Omar,obj_helmet,helmet,direct_label,explicit_relation,locative_object_subject,object_first,person_first,True,True,False,False,True,False,False,"In the gym, the helmet is close to Omar.","In the gym, the helmet is far from Omar.",Omar is close to the helmet.,Omar is far from the helmet.,9,11,9,11,6,8,6,8
gym__name_omar__obj_helmet__distance_phrase__object_first,close_far_matched_scenes,1.1,gym__name_omar__obj_helmet,gym__name_omar__obj_helmet__object_first,gym__name_omar__obj_helmet__distance_phrase,name_omar__obj_helmet__distance_phrase__object_first,gym,gym,ends,name_omar,Omar,obj_helmet,helmet,distance_phrase,distance_magnitude_phrase,locative_distance_subject,person_first,object_first,True,True,False,False,False,True,False,"In the gym, a short distance separates Omar and the helmet.","In the gym, a long distance separates Omar and the helmet.",The helmet is close to Omar.,The helmet is far from Omar.,11,13,11,13,6,7,6,7
gym__name_omar__obj_helmet__distance_phrase__person_first,close_far_matched_scenes,1.1,gym__name_omar__obj_helmet,gym__name_omar__obj_helmet__person_first,gym__name_omar__obj_helmet__distance_phrase,name_omar__obj_helmet__distance_phrase__person_first,gym,gym,ends,name_omar,Omar,obj_helmet,helmet,distance_phrase,distance_magnitude_phrase,locative_distance_subject,person_first,person_first,False,True,False,False,False,True,False,"In the gym, a short distance separates Omar and the helmet.","In the gym, a long distance separates Omar and the helmet.",Omar is close to the helmet.,Omar is far from the helmet.,11,13,11,13,6,8,6,8
gym__name_omar__obj_helmet__distance_phrase_object_first__object_first,close_far_matched_scenes,1.1,gym__name_omar__obj_helmet,gym__name_omar__obj_helmet__object_first,gym__name_omar__obj_helmet__distance_phrase_object_first,name_omar__obj_helmet__distance_phrase_object_first__object_first,gym,gym,ends,name_omar,Omar,obj_helmet,helmet,distance_phrase_object_first,distance_magnitude_phrase,locative_distance_subject,object_first,object_first,False,True,False,False,False,True,False,"In the gym, a short distance separates the helmet and Omar.","In the gym, a long distance separates the helmet and Omar.",The helmet is close to Omar.,The helmet is far from Omar.,11,13,11,13,6,7,6,7
gym__name_omar__obj_helmet__distance_phrase_object_first__person_first,close_far_matched_scenes,1.1,gym__name_omar__obj_helmet,gym__name_omar__obj_helmet__person_first,gym__name_omar__obj_helmet__distance_phrase_object_first,name_omar__obj_helmet__distance_phrase_object_first__person_first,gym,gym,ends,name_omar,Omar,obj_helmet,helmet,distance_phrase_object_first,distance_magnitude_phrase,locative_distance_subject,object_first,person_first,True,True,False,False,False,True,False,"In the gym, a short distance separates the helmet and Omar.","In the gym, a long distance separates the helmet and Omar.",Omar is close to the helmet.,Omar is far from the helmet.,11,13,11,13,6,8,6,8
gym__name_omar__obj_helmet__endpoint_placement__object_first,close_far_matched_scenes,1.1,gym__name_omar__obj_helmet,gym__name_omar__obj_helmet__object_first,gym__name_omar__obj_helmet__endpoint_placement,name_omar__obj_helmet__endpoint_placement__object_first,gym,gym,ends,name_omar,Omar,obj_helmet,helmet,endpoint_placement,physical_endpoint_placement,two_sentence_person_then_object,person_first,object_first,True,True,True,True,False,False,False,"In the gym, Omar stands at one end. The helmet rests at Omar's feet.","In the gym, Omar stands at one end. The helmet rests at the other end.",The helmet is close to Omar.,The helmet is far from Omar.,15,18,15,18,6,7,6,7
gym__name_omar__obj_helmet__endpoint_placement__person_first,close_far_matched_scenes,1.1,gym__name_omar__obj_helmet,gym__name_omar__obj_helmet__person_first,gym__name_omar__obj_helmet__endpoint_placement,name_omar__obj_helmet__endpoint_placement__person_first,gym,gym,ends,name_omar,Omar,obj_helmet,helmet,endpoint_placement,physical_endpoint_placement,two_sentence_person_then_object,person_first,person_first,False,True,True,True,False,False,False,"In the gym, Omar stands at one end. The helmet rests at Omar's feet.","In the gym, Omar stands at one end. The helmet rests at the other end.",Omar is close to the helmet.,Omar is far from the helmet.,15,18,15,18,6,8,6,8
gym__name_omar__obj_cup__direct_label__object_first,close_far_matched_scenes,1.1,gym__name_omar__obj_cup,gym__name_omar__obj_cup__object_first,gym__name_omar__obj_cup__direct_label,name_omar__obj_cup__direct_label__object_first,gym,gym,ends,name_omar,Omar,obj_cup,cup,direct_label,explicit_relation,locative_object_subject,object_first,object_first,False,True,False,False,True,False,True,"In the gym, the cup is close to Omar.","In the gym, the cup is far from Omar.",The cup is close to Omar.,The cup is far from Omar.,9,11,9,11,6,7,6,7
gym__name_omar__obj_cup__direct_label__person_first,close_far_matched_scenes,1.1,gym__name_omar__obj_cup,gym__name_omar__obj_cup__person_first,gym__name_omar__obj_cup__direct_label,name_omar__obj_cup__direct_label__person_first,gym,gym,ends,name_omar,Omar,obj_cup,cup,direct_label,explicit_relation,locative_object_subject,object_first,person_first,True,True,False,False,True,False,False,"In the gym, the cup is close to Omar.","In the gym, the cup is far from Omar.",Omar is close to the cup.,Omar is far from the cup.,9,11,9,11,6,8,6,8
gym__name_omar__obj_cup__distance_phrase__object_first,close_far_matched_scenes,1.1,gym__name_omar__obj_cup,gym__name_omar__obj_cup__object_first,gym__name_omar__obj_cup__distance_phrase,name_omar__obj_cup__distance_phrase__object_first,gym,gym,ends,name_omar,Omar,obj_cup,cup,distance_phrase,distance_magnitude_phrase,locative_distance_subject,person_first,object_first,True,True,False,False,False,True,False,"In the gym, a short distance separates Omar and the cup.","In the gym, a long distance separates Omar and the cup.",The cup is close to Omar.,The cup is far from Omar.,11,13,11,13,6,7,6,7
gym__name_omar__obj_cup__distance_phrase__person_first,close_far_matched_scenes,1.1,gym__name_omar__obj_cup,gym__name_omar__obj_cup__person_first,gym__name_omar__obj_cup__distance_phrase,name_omar__obj_cup__distance_phrase__person_first,gym,gym,ends,name_omar,Omar,obj_cup,cup,distance_phrase,distance_magnitude_phrase,locative_distance_subject,person_first,person_first,False,True,False,False,False,True,False,"In the gym, a short distance separates Omar and the cup.","In the gym, a long distance separates Omar and the cup.",Omar is close to the cup.,Omar is far from the cup.,11,13,11,13,6,8,6,8
gym__name_omar__obj_cup__distance_phrase_object_first__object_first,close_far_matched_scenes,1.1,gym__name_omar__obj_cup,gym__name_omar__obj_cup__object_first,gym__name_omar__obj_cup__distance_phrase_object_first,name_omar__obj_cup__distance_phrase_object_first__object_first,gym,gym,ends,name_omar,Omar,obj_cup,cup,distance_phrase_object_first,distance_magnitude_phrase,locative_distance_subject,object_first,object_first,False,True,False,False,False,True,False,"In the gym, a short distance separates the cup and Omar.","In the gym, a long distance separates the cup and Omar.",The cup is close to Omar.,The cup is far from Omar.,11,13,11,13,6,7,6,7
gym__name_omar__obj_cup__distance_phrase_object_first__person_first,close_far_matched_scenes,1.1,gym__name_omar__obj_cup,gym__name_omar__obj_cup__person_first,gym__name_omar__obj_cup__distance_phrase_object_first,name_omar__obj_cup__distance_phrase_object_first__person_first,gym,gym,ends,name_omar,Omar,obj_cup,cup,distance_phrase_object_first,distance_magnitude_phrase,locative_distance_subject,object_first,person_first,True,True,False,False,False,True,False,"In the gym, a short distance separates the cup and Omar.","In the gym, a long distance separates the cup and Omar.",Omar is close to the cup.,Omar is far from the cup.,11,13,11,13,6,8,6,8
gym__name_omar__obj_cup__endpoint_placement__object_first,close_far_matched_scenes,1.1,gym__name_omar__obj_cup,gym__name_omar__obj_cup__object_first,gym__name_omar__obj_cup__endpoint_placement,name_omar__obj_cup__endpoint_placement__object_first,gym,gym,ends,name_omar,Omar,obj_cup,cup,endpoint_placement,physical_endpoint_placement,two_sentence_person_then_object,person_first,object_first,True,True,True,True,False,False,False,"In the gym, Omar stands at one end. The cup rests at Omar's feet.","In the gym, Omar stands at one end. The cup rests at the other end.",The cup is close to Omar.,The cup is far from Omar.,15,18,15,18,6,7,6,7
gym__name_omar__obj_cup__endpoint_placement__person_first,close_far_matched_scenes,1.1,gym__name_omar__obj_cup,gym__name_omar__obj_cup__person_first,gym__name_omar__obj_cup__endpoint_placement,name_omar__obj_cup__endpoint_placement__person_first,gym,gym,ends,name_omar,Omar,obj_cup,cup,endpoint_placement,physical_endpoint_placement,two_sentence_person_then_object,person_first,person_first,False,True,True,True,False,False,False,"In the gym, Omar stands at one end. The cup rests at Omar's feet.","In the gym, Omar stands at one end. The cup rests at the other end.",Omar is close to the cup.,Omar is far from the cup.,15,18,15,18,6,8,6,8
gym__name_omar__obj_key__direct_label__object_first,close_far_matched_scenes,1.1,gym__name_omar__obj_key,gym__name_omar__obj_key__object_first,gym__name_omar__obj_key__direct_label,name_omar__obj_key__direct_label__object_first,gym,gym,ends,name_omar,Omar,obj_key,key,direct_label,explicit_relation,locative_object_subject,object_first,object_first,False,True,False,False,True,False,True,"In the gym, the key is close to Omar.","In the gym, the key is far from Omar.",The key is close to Omar.,The key is far from Omar.,9,11,9,11,6,7,6,7
gym__name_omar__obj_key__direct_label__person_first,close_far_matched_scenes,1.1,gym__name_omar__obj_key,gym__name_omar__obj_key__person_first,gym__name_omar__obj_key__direct_label,name_omar__obj_key__direct_label__person_first,gym,gym,ends,name_omar,Omar,obj_key,key,direct_label,explicit_relation,locative_object_subject,object_first,person_first,True,True,False,False,True,False,False,"In the gym, the key is close to Omar.","In the gym, the key is far from Omar.",Omar is close to the key.,Omar is far from the key.,9,11,9,11,6,8,6,8
gym__name_omar__obj_key__distance_phrase__object_first,close_far_matched_scenes,1.1,gym__name_omar__obj_key,gym__name_omar__obj_key__object_first,gym__name_omar__obj_key__distance_phrase,name_omar__obj_key__distance_phrase__object_first,gym,gym,ends,name_omar,Omar,obj_key,key,distance_phrase,distance_magnitude_phrase,locative_distance_subject,person_first,object_first,True,True,False,False,False,True,False,"In the gym, a short distance separates Omar and the key.","In the gym, a long distance separates Omar and the key.",The key is close to Omar.,The key is far from Omar.,11,13,11,13,6,7,6,7
gym__name_omar__obj_key__distance_phrase__person_first,close_far_matched_scenes,1.1,gym__name_omar__obj_key,gym__name_omar__obj_key__person_first,gym__name_omar__obj_key__distance_phrase,name_omar__obj_key__distance_phrase__person_first,gym,gym,ends,name_omar,Omar,obj_key,key,distance_phrase,distance_magnitude_phrase,locative_distance_subject,person_first,person_first,False,True,False,False,False,True,False,"In the gym, a short distance separates Omar and the key.","In the gym, a long distance separates Omar and the key.",Omar is close to the key.,Omar is far from the key.,11,13,11,13,6,8,6,8
gym__name_omar__obj_key__distance_phrase_object_first__object_first,close_far_matched_scenes,1.1,gym__name_omar__obj_key,gym__name_omar__obj_key__object_first,gym__name_omar__obj_key__distance_phrase_object_first,name_omar__obj_key__distance_phrase_object_first__object_first,gym,gym,ends,name_omar,Omar,obj_key,key,distance_phrase_object_first,distance_magnitude_phrase,locative_distance_subject,object_first,object_first,False,True,False,False,False,True,False,"In the gym, a short distance separates the key and Omar.","In the gym, a long distance separates the key and Omar.",The key is close to Omar.,The key is far from Omar.,11,13,11,13,6,7,6,7
gym__name_omar__obj_key__distance_phrase_object_first__person_first,close_far_matched_scenes,1.1,gym__name_omar__obj_key,gym__name_omar__obj_key__person_first,gym__name_omar__obj_key__distance_phrase_object_first,name_omar__obj_key__distance_phrase_object_first__person_first,gym,gym,ends,name_omar,Omar,obj_key,key,distance_phrase_object_first,distance_magnitude_phrase,locative_distance_subject,object_first,person_first,True,True,False,False,False,True,False,"In the gym, a short distance separates the key and Omar.","In the gym, a long distance separates the key and Omar.",Omar is close to the key.,Omar is far from the key.,11,13,11,13,6,8,6,8
gym__name_omar__obj_key__endpoint_placement__object_first,close_far_matched_scenes,1.1,gym__name_omar__obj_key,gym__name_omar__obj_key__object_first,gym__name_omar__obj_key__endpoint_placement,name_omar__obj_key__endpoint_placement__object_first,gym,gym,ends,name_omar,Omar,obj_key,key,endpoint_placement,physical_endpoint_placement,two_sentence_person_then_object,person_first,object_first,True,True,True,True,False,False,False,"In the gym, Omar stands at one end. The key rests at Omar's feet.","In the gym, Omar stands at one end. The key rests at the other end.",The key is close to Omar.,The key is far from Omar.,15,18,15,18,6,7,6,7
gym__name_omar__obj_key__endpoint_placement__person_first,close_far_matched_scenes,1.1,gym__name_omar__obj_key,gym__name_omar__obj_key__person_first,gym__name_omar__obj_key__endpoint_placement,name_omar__obj_key__endpoint_placement__person_first,gym,gym,ends,name_omar,Omar,obj_key,key,endpoint_placement,physical_endpoint_placement,two_sentence_person_then_object,person_first,person_first,False,True,True,True,False,False,False,"In the gym, Omar stands at one end. The key rests at Omar's feet.","In the gym, Omar stands at one end. The key rests at the other end.",Omar is close to the key.,Omar is far from the key.,15,18,15,18,6,8,6,8
gym__name_omar__obj_box__direct_label__object_first,close_far_matched_scenes,1.1,gym__name_omar__obj_box,gym__name_omar__obj_box__object_first,gym__name_omar__obj_box__direct_label,name_omar__obj_box__direct_label__object_first,gym,gym,ends,name_omar,Omar,obj_box,box,direct_label,explicit_relation,locative_object_subject,object_first,object_first,False,True,False,False,True,False,True,"In the gym, the box is close to Omar.","In the gym, the box is far from Omar.",The box is close to Omar.,The box is far from Omar.,9,11,9,11,6,7,6,7
gym__name_omar__obj_box__direct_label__person_first,close_far_matched_scenes,1.1,gym__name_omar__obj_box,gym__name_omar__obj_box__person_first,gym__name_omar__obj_box__direct_label,name_omar__obj_box__direct_label__person_first,gym,gym,ends,name_omar,Omar,obj_box,box,direct_label,explicit_relation,locative_object_subject,object_first,person_first,True,True,False,False,True,False,False,"In the gym, the box is close to Omar.","In the gym, the box is far from Omar.",Omar is close to the box.,Omar is far from the box.,9,11,9,11,6,8,6,8
gym__name_omar__obj_box__distance_phrase__object_first,close_far_matched_scenes,1.1,gym__name_omar__obj_box,gym__name_omar__obj_box__object_first,gym__name_omar__obj_box__distance_phrase,name_omar__obj_box__distance_phrase__object_first,gym,gym,ends,name_omar,Omar,obj_box,box,distance_phrase,distance_magnitude_phrase,locative_distance_subject,person_first,object_first,True,True,False,False,False,True,False,"In the gym, a short distance separates Omar and the box.","In the gym, a long distance separates Omar and the box.",The box is close to Omar.,The box is far from Omar.,11,13,11,13,6,7,6,7
gym__name_omar__obj_box__distance_phrase__person_first,close_far_matched_scenes,1.1,gym__name_omar__obj_box,gym__name_omar__obj_box__person_first,gym__name_omar__obj_box__distance_phrase,name_omar__obj_box__distance_phrase__person_first,gym,gym,ends,name_omar,Omar,obj_box,box,distance_phrase,distance_magnitude_phrase,locative_distance_subject,person_first,person_first,False,True,False,False,False,True,False,"In the gym, a short distance separates Omar and the box.","In the gym, a long distance separates Omar and the box.",Omar is close to the box.,Omar is far from the box.,11,13,11,13,6,8,6,8
gym__name_omar__obj_box__distance_phrase_object_first__object_first,close_far_matched_scenes,1.1,gym__name_omar__obj_box,gym__name_omar__obj_box__object_first,gym__name_omar__obj_box__distance_phrase_object_first,name_omar__obj_box__distance_phrase_object_first__object_first,gym,gym,ends,name_omar,Omar,obj_box,box,distance_phrase_object_first,distance_magnitude_phrase,locative_distance_subject,object_first,object_first,False,True,False,False,False,True,False,"In the gym, a short distance separates the box and Omar.","In the gym, a long distance separates the box and Omar.",The box is close to Omar.,The box is far from Omar.,11,13,11,13,6,7,6,7
gym__name_omar__obj_box__distance_phrase_object_first__person_first,close_far_matched_scenes,1.1,gym__name_omar__obj_box,gym__name_omar__obj_box__person_first,gym__name_omar__obj_box__distance_phrase_object_first,name_omar__obj_box__distance_phrase_object_first__person_first,gym,gym,ends,name_omar,Omar,obj_box,box,distance_phrase_object_first,distance_magnitude_phrase,locative_distance_subject,object_first,person_first,True,True,False,False,False,True,False,"In the gym, a short distance separates the box and Omar.","In the gym, a long distance separates the box and Omar.",Omar is close to the box.,Omar is far from the box.,11,13,11,13,6,8,6,8
gym__name_omar__obj_box__endpoint_placement__object_first,close_far_matched_scenes,1.1,gym__name_omar__obj_box,gym__name_omar__obj_box__object_first,gym__name_omar__obj_box__endpoint_placement,name_omar__obj_box__endpoint_placement__object_first,gym,gym,ends,name_omar,Omar,obj_box,box,endpoint_placement,physical_endpoint_placement,two_sentence_person_then_object,person_first,object_first,True,True,True,True,False,False,False,"In the gym, Omar stands at one end. The box rests at Omar's feet.","In the gym, Omar stands at one end. The box rests at the other end.",The box is close to Omar.,The box is far from Omar.,15,18,15,18,6,7,6,7
gym__name_omar__obj_box__endpoint_placement__person_first,close_far_matched_scenes,1.1,gym__name_omar__obj_box,gym__name_omar__obj_box__person_first,gym__name_omar__obj_box__endpoint_placement,name_omar__obj_box__endpoint_placement__person_first,gym,gym,ends,name_omar,Omar,obj_box,box,endpoint_placement,physical_endpoint_placement,two_sentence_person_then_object,person_first,person_first,False,True,True,True,False,False,False,"In the gym, Omar stands at one end. The box rests at Omar's feet.","In the gym, Omar stands at one end. The box rests at the other end.",Omar is close to the box.,Omar is far from the box.,15,18,15,18,6,8,6,8
hallway__name_maya__obj_ball__direct_label__object_first,close_far_matched_scenes,1.1,hallway__name_maya__obj_ball,hallway__name_maya__obj_ball__object_first,hallway__name_maya__obj_ball__direct_label,name_maya__obj_ball__direct_label__object_first,hallway,hallway,ends,name_maya,Maya,obj_ball,ball,direct_label,explicit_relation,locative_object_subject,object_first,object_first,False,True,False,False,True,False,True,"In the hallway, the ball is close to Maya.","In the hallway, the ball is far from Maya.",The ball is close to Maya.,The ball is far from Maya.,9,11,9,11,6,7,6,7
hallway__name_maya__obj_ball__direct_label__person_first,close_far_matched_scenes,1.1,hallway__name_maya__obj_ball,hallway__name_maya__obj_ball__person_first,hallway__name_maya__obj_ball__direct_label,name_maya__obj_ball__direct_label__person_first,hallway,hallway,ends,name_maya,Maya,obj_ball,ball,direct_label,explicit_relation,locative_object_subject,object_first,person_first,True,True,False,False,True,False,False,"In the hallway, the ball is close to Maya.","In the hallway, the ball is far from Maya.",Maya is close to the ball.,Maya is far from the ball.,9,11,9,11,6,8,6,8
hallway__name_maya__obj_ball__distance_phrase__object_first,close_far_matched_scenes,1.1,hallway__name_maya__obj_ball,hallway__name_maya__obj_ball__object_first,hallway__name_maya__obj_ball__distance_phrase,name_maya__obj_ball__distance_phrase__object_first,hallway,hallway,ends,name_maya,Maya,obj_ball,ball,distance_phrase,distance_magnitude_phrase,locative_distance_subject,person_first,object_first,True,True,False,False,False,True,False,"In the hallway, a short distance separates Maya and the ball.","In the hallway, a long distance separates Maya and the ball.",The ball is close to Maya.,The ball is far from Maya.,11,13,11,13,6,7,6,7
hallway__name_maya__obj_ball__distance_phrase__person_first,close_far_matched_scenes,1.1,hallway__name_maya__obj_ball,hallway__name_maya__obj_ball__person_first,hallway__name_maya__obj_ball__distance_phrase,name_maya__obj_ball__distance_phrase__person_first,hallway,hallway,ends,name_maya,Maya,obj_ball,ball,distance_phrase,distance_magnitude_phrase,locative_distance_subject,person_first,person_first,False,True,False,False,False,True,False,"In the hallway, a short distance separates Maya and the ball.","In the hallway, a long distance separates Maya and the ball.",Maya is close to the ball.,Maya is far from the ball.,11,13,11,13,6,8,6,8
hallway__name_maya__obj_ball__distance_phrase_object_first__object_first,close_far_matched_scenes,1.1,hallway__name_maya__obj_ball,hallway__name_maya__obj_ball__object_first,hallway__name_maya__obj_ball__distance_phrase_object_first,name_maya__obj_ball__distance_phrase_object_first__object_first,hallway,hallway,ends,name_maya,Maya,obj_ball,ball,distance_phrase_object_first,distance_magnitude_phrase,locative_distance_subject,object_first,object_first,False,True,False,False,False,True,False,"In the hallway, a short distance separates the ball and Maya.","In the hallway, a long distance separates the ball and Maya.",The ball is close to Maya.,The ball is far from Maya.,11,13,11,13,6,7,6,7
hallway__name_maya__obj_ball__distance_phrase_object_first__person_first,close_far_matched_scenes,1.1,hallway__name_maya__obj_ball,hallway__name_maya__obj_ball__person_first,hallway__name_maya__obj_ball__distance_phrase_object_first,name_maya__obj_ball__distance_phrase_object_first__person_first,hallway,hallway,ends,name_maya,Maya,obj_ball,ball,distance_phrase_object_first,distance_magnitude_phrase,locative_distance_subject,object_first,person_first,True,True,False,False,False,True,False,"In the hallway, a short distance separates the ball and Maya.","In the hallway, a long distance separates the ball and Maya.",Maya is close to the ball.,Maya is far from the ball.,11,13,11,13,6,8,6,8
hallway__name_maya__obj_ball__endpoint_placement__object_first,close_far_matched_scenes,1.1,hallway__name_maya__obj_ball,hallway__name_maya__obj_ball__object_first,hallway__name_maya__obj_ball__endpoint_placement,name_maya__obj_ball__endpoint_placement__object_first,hallway,hallway,ends,name_maya,Maya,obj_ball,ball,endpoint_placement,physical_endpoint_placement,two_sentence_person_then_object,person_first,object_first,True,True,True,True,False,False,False,"In the hallway, Maya stands at one end. The ball rests at Maya's feet.","In the hallway, Maya stands at one end. The ball rests at the opposite end.",The ball is close to Maya.,The ball is far from Maya.,15,18,15,18,6,7,6,7
hallway__name_maya__obj_ball__endpoint_placement__person_first,close_far_matched_scenes,1.1,hallway__name_maya__obj_ball,hallway__name_maya__obj_ball__person_first,hallway__name_maya__obj_ball__endpoint_placement,name_maya__obj_ball__endpoint_placement__person_first,hallway,hallway,ends,name_maya,Maya,obj_ball,ball,endpoint_placement,physical_endpoint_placement,two_sentence_person_then_object,person_first,person_first,False,True,True,True,False,False,False,"In the hallway, Maya stands at one end. The ball rests at Maya's feet.","In the hallway, Maya stands at one end. The ball rests at the opposite end.",Maya is close to the ball.,Maya is far from the ball.,15,18,15,18,6,8,6,8
hallway__name_maya__obj_bag__direct_label__object_first,close_far_matched_scenes,1.1,hallway__name_maya__obj_bag,hallway__name_maya__obj_bag__object_first,hallway__name_maya__obj_bag__direct_label,name_maya__obj_bag__direct_label__object_first,hallway,hallway,ends,name_maya,Maya,obj_bag,bag,direct_label,explicit_relation,locative_object_subject,object_first,object_first,False,True,False,False,True,False,True,"In the hallway, the bag is close to Maya.","In the hallway, the bag is far from Maya.",The bag is close to Maya.,The bag is far from Maya.,9,11,9,11,6,7,6,7
hallway__name_maya__obj_bag__direct_label__person_first,close_far_matched_scenes,1.1,hallway__name_maya__obj_bag,hallway__name_maya__obj_bag__person_first,hallway__name_maya__obj_bag__direct_label,name_maya__obj_bag__direct_label__person_first,hallway,hallway,ends,name_maya,Maya,obj_bag,bag,direct_label,explicit_relation,locative_object_subject,object_first,person_first,True,True,False,False,True,False,False,"In the hallway, the bag is close to Maya.","In the hallway, the bag is far from Maya.",Maya is close to the bag.,Maya is far from the bag.,9,11,9,11,6,8,6,8
hallway__name_maya__obj_bag__distance_phrase__object_first,close_far_matched_scenes,1.1,hallway__name_maya__obj_bag,hallway__name_maya__obj_bag__object_first,hallway__name_maya__obj_bag__distance_phrase,name_maya__obj_bag__distance_phrase__object_first,hallway,hallway,ends,name_maya,Maya,obj_bag,bag,distance_phrase,distance_magnitude_phrase,locative_distance_subject,person_first,object_first,True,True,False,False,False,True,False,"In the hallway, a short distance separates Maya and the bag.","In the hallway, a long distance separates Maya and the bag.",The bag is close to Maya.,The bag is far from Maya.,11,13,11,13,6,7,6,7
hallway__name_maya__obj_bag__distance_phrase__person_first,close_far_matched_scenes,1.1,hallway__name_maya__obj_bag,hallway__name_maya__obj_bag__person_first,hallway__name_maya__obj_bag__distance_phrase,name_maya__obj_bag__distance_phrase__person_first,hallway,hallway,ends,name_maya,Maya,obj_bag,bag,distance_phrase,distance_magnitude_phrase,locative_distance_subject,person_first,person_first,False,True,False,False,False,True,False,"In the hallway, a short distance separates Maya and the bag.","In the hallway, a long distance separates Maya and the bag.",Maya is close to the bag.,Maya is far from the bag.,11,13,11,13,6,8,6,8
hallway__name_maya__obj_bag__distance_phrase_object_first__object_first,close_far_matched_scenes,1.1,hallway__name_maya__obj_bag,hallway__name_maya__obj_bag__object_first,hallway__name_maya__obj_bag__distance_phrase_object_first,name_maya__obj_bag__distance_phrase_object_first__object_first,hallway,hallway,ends,name_maya,Maya,obj_bag,bag,distance_phrase_object_first,distance_magnitude_phrase,locative_distance_subject,object_first,object_first,False,True,False,False,False,True,False,"In the hallway, a short distance separates the bag and Maya.","In the hallway, a long distance separates the bag and Maya.",The bag is close to Maya.,The bag is far from Maya.,11,13,11,13,6,7,6,7
hallway__name_maya__obj_bag__distance_phrase_object_first__person_first,close_far_matched_scenes,1.1,hallway__name_maya__obj_bag,hallway__name_maya__obj_bag__person_first,hallway__name_maya__obj_bag__distance_phrase_object_first,name_maya__obj_bag__distance_phrase_object_first__person_first,hallway,hallway,ends,name_maya,Maya,obj_bag,bag,distance_phrase_object_first,distance_magnitude_phrase,locative_distance_subject,object_first,person_first,True,True,False,False,False,True,False,"In the hallway, a short distance separates the bag and Maya.","In the hallway, a long distance separates the bag and Maya.",Maya is close to the bag.,Maya is far from the bag.,11,13,11,13,6,8,6,8
hallway__name_maya__obj_bag__endpoint_placement__object_first,close_far_matched_scenes,1.1,hallway__name_maya__obj_bag,hallway__name_maya__obj_bag__object_first,hallway__name_maya__obj_bag__endpoint_placement,name_maya__obj_bag__endpoint_placement__object_first,hallway,hallway,ends,name_maya,Maya,obj_bag,bag,endpoint_placement,physical_endpoint_placement,two_sentence_person_then_object,person_first,object_first,True,True,True,True,False,False,False,"In the hallway, Maya stands at one end. The bag rests at Maya's feet.","In the hallway, Maya stands at one end. The bag rests at the opposite end.",The bag is close to Maya.,The bag is far from Maya.,15,18,15,18,6,7,6,7
hallway__name_maya__obj_bag__endpoint_placement__person_first,close_far_matched_scenes,1.1,hallway__name_maya__obj_bag,hallway__name_maya__obj_bag__person_first,hallway__name_maya__obj_bag__endpoint_placement,name_maya__obj_bag__endpoint_placement__person_first,hallway,hallway,ends,name_maya,Maya,obj_bag,bag,endpoint_placement,physical_endpoint_placement,two_sentence_person_then_object,person_first,person_first,False,True,True,True,False,False,False,"In the hallway, Maya stands at one end. The bag rests at Maya's feet.","In the hallway, Maya stands at one end. The bag rests at the opposite end.",Maya is close to the bag.,Maya is far from the bag.,15,18,15,18,6,8,6,8
hallway__name_maya__obj_book__direct_label__object_first,close_far_matched_scenes,1.1,hallway__name_maya__obj_book,hallway__name_maya__obj_book__object_first,hallway__name_maya__obj_book__direct_label,name_maya__obj_book__direct_label__object_first,hallway,hallway,ends,name_maya,Maya,obj_book,book,direct_label,explicit_relation,locative_object_subject,object_first,object_first,False,True,False,False,True,False,True,"In the hallway, the book is close to Maya.","In the hallway, the book is far from Maya.",The book is close to Maya.,The book is far from Maya.,9,11,9,11,6,7,6,7
hallway__name_maya__obj_book__direct_label__person_first,close_far_matched_scenes,1.1,hallway__name_maya__obj_book,hallway__name_maya__obj_book__person_first,hallway__name_maya__obj_book__direct_label,name_maya__obj_book__direct_label__person_first,hallway,hallway,ends,name_maya,Maya,obj_book,book,direct_label,explicit_relation,locative_object_subject,object_first,person_first,True,True,False,False,True,False,False,"In the hallway, the book is close to Maya.","In the hallway, the book is far from Maya.",Maya is close to the book.,Maya is far from the book.,9,11,9,11,6,8,6,8
hallway__name_maya__obj_book__distance_phrase__object_first,close_far_matched_scenes,1.1,hallway__name_maya__obj_book,hallway__name_maya__obj_book__object_first,hallway__name_maya__obj_book__distance_phrase,name_maya__obj_book__distance_phrase__object_first,hallway,hallway,ends,name_maya,Maya,obj_book,book,distance_phrase,distance_magnitude_phrase,locative_distance_subject,person_first,object_first,True,True,False,False,False,True,False,"In the hallway, a short distance separates Maya and the book.","In the hallway, a long distance separates Maya and the book.",The book is close to Maya.,The book is far from Maya.,11,13,11,13,6,7,6,7
hallway__name_maya__obj_book__distance_phrase__person_first,close_far_matched_scenes,1.1,hallway__name_maya__obj_book,hallway__name_maya__obj_book__person_first,hallway__name_maya__obj_book__distance_phrase,name_maya__obj_book__distance_phrase__person_first,hallway,hallway,ends,name_maya,Maya,obj_book,book,distance_phrase,distance_magnitude_phrase,locative_distance_subject,person_first,person_first,False,True,False,False,False,True,False,"In the hallway, a short distance separates Maya and the book.","In the hallway, a long distance separates Maya and the book.",Maya is close to the book.,Maya is far from the book.,11,13,11,13,6,8,6,8
hallway__name_maya__obj_book__distance_phrase_object_first__object_first,close_far_matched_scenes,1.1,hallway__name_maya__obj_book,hallway__name_maya__obj_book__object_first,hallway__name_maya__obj_book__distance_phrase_object_first,name_maya__obj_book__distance_phrase_object_first__object_first,hallway,hallway,ends,name_maya,Maya,obj_book,book,distance_phrase_object_first,distance_magnitude_phrase,locative_distance_subject,object_first,object_first,False,True,False,False,False,True,False,"In the hallway, a short distance separates the book and Maya.","In the hallway, a long distance separates the book and Maya.",The book is close to Maya.,The book is far from Maya.,11,13,11,13,6,7,6,7
hallway__name_maya__obj_book__distance_phrase_object_first__person_first,close_far_matched_scenes,1.1,hallway__name_maya__obj_book,hallway__name_maya__obj_book__person_first,hallway__name_maya__obj_book__distance_phrase_object_first,name_maya__obj_book__distance_phrase_object_first__person_first,hallway,hallway,ends,name_maya,Maya,obj_book,book,distance_phrase_object_first,distance_magnitude_phrase,locative_distance_subject,object_first,person_first,True,True,False,False,False,True,False,"In the hallway, a short distance separates the book and Maya.","In the hallway, a long distance separates the book and Maya.",Maya is close to the book.,Maya is far from the book.,11,13,11,13,6,8,6,8
hallway__name_maya__obj_book__endpoint_placement__object_first,close_far_matched_scenes,1.1,hallway__name_maya__obj_book,hallway__name_maya__obj_book__object_first,hallway__name_maya__obj_book__endpoint_placement,name_maya__obj_book__endpoint_placement__object_first,hallway,hallway,ends,name_maya,Maya,obj_book,book,endpoint_placement,physical_endpoint_placement,two_sentence_person_then_object,person_first,object_first,True,True,True,True,False,False,False,"In the hallway, Maya stands at one end. The book rests at Maya's feet.","In the hallway, Maya stands at one end. The book rests at the opposite end.",The book is close to Maya.,The book is far from Maya.,15,18,15,18,6,7,6,7
hallway__name_maya__obj_book__endpoint_placement__person_first,close_far_matched_scenes,1.1,hallway__name_maya__obj_book,hallway__name_maya__obj_book__person_first,hallway__name_maya__obj_book__endpoint_placement,name_maya__obj_book__endpoint_placement__person_first,hallway,hallway,ends,name_maya,Maya,obj_book,book,endpoint_placement,physical_endpoint_placement,two_sentence_person_then_object,person_first,person_first,False,True,True,True,False,False,False,"In the hallway, Maya stands at one end. The book rests at Maya's feet.","In the hallway, Maya stands at one end. The book rests at the opposite end.",Maya is close to the book.,Maya is far from the book.,15,18,15,18,6,8,6,8
hallway__name_maya__obj_cone__direct_label__object_first,close_far_matched_scenes,1.1,hallway__name_maya__obj_cone,hallway__name_maya__obj_cone__object_first,hallway__name_maya__obj_cone__direct_label,name_maya__obj_cone__direct_label__object_first,hallway,hallway,ends,name_maya,Maya,obj_cone,cone,direct_label,explicit_relation,locative_object_subject,object_first,object_first,False,True,False,False,True,False,True,"In the hallway, the cone is close to Maya.","In the hallway, the cone is far from Maya.",The cone is close to Maya.,The cone is far from Maya.,9,11,9,11,6,7,6,7
hallway__name_maya__obj_cone__direct_label__person_first,close_far_matched_scenes,1.1,hallway__name_maya__obj_cone,hallway__name_maya__obj_cone__person_first,hallway__name_maya__obj_cone__direct_label,name_maya__obj_cone__direct_label__person_first,hallway,hallway,ends,name_maya,Maya,obj_cone,cone,direct_label,explicit_relation,locative_object_subject,object_first,person_first,True,True,False,False,True,False,False,"In the hallway, the cone is close to Maya.","In the hallway, the cone is far from Maya.",Maya is close to the cone.,Maya is far from the cone.,9,11,9,11,6,8,6,8
hallway__name_maya__obj_cone__distance_phrase__object_first,close_far_matched_scenes,1.1,hallway__name_maya__obj_cone,hallway__name_maya__obj_cone__object_first,hallway__name_maya__obj_cone__distance_phrase,name_maya__obj_cone__distance_phrase__object_first,hallway,hallway,ends,name_maya,Maya,obj_cone,cone,distance_phrase,distance_magnitude_phrase,locative_distance_subject,person_first,object_first,True,True,False,False,False,True,False,"In the hallway, a short distance separates Maya and the cone.","In the hallway, a long distance separates Maya and the cone.",The cone is close to Maya.,The cone is far from Maya.,11,13,11,13,6,7,6,7
hallway__name_maya__obj_cone__distance_phrase__person_first,close_far_matched_scenes,1.1,hallway__name_maya__obj_cone,hallway__name_maya__obj_cone__person_first,hallway__name_maya__obj_cone__distance_phrase,name_maya__obj_cone__distance_phrase__person_first,hallway,hallway,ends,name_maya,Maya,obj_cone,cone,distance_phrase,distance_magnitude_phrase,locative_distance_subject,person_first,person_first,False,True,False,False,False,True,False,"In the hallway, a short distance separates Maya and the cone.","In the hallway, a long distance separates Maya and the cone.",Maya is close to the cone.,Maya is far from the cone.,11,13,11,13,6,8,6,8
hallway__name_maya__obj_cone__distance_phrase_object_first__object_first,close_far_matched_scenes,1.1,hallway__name_maya__obj_cone,hallway__name_maya__obj_cone__object_first,hallway__name_maya__obj_cone__distance_phrase_object_first,name_maya__obj_cone__distance_phrase_object_first__object_first,hallway,hallway,ends,name_maya,Maya,obj_cone,cone,distance_phrase_object_first,distance_magnitude_phrase,locative_distance_subject,object_first,object_first,False,True,False,False,False,True,False,"In the hallway, a short distance separates the cone and Maya.","In the hallway, a long distance separates the cone and Maya.",The cone is close to Maya.,The cone is far from Maya.,11,13,11,13,6,7,6,7
hallway__name_maya__obj_cone__distance_phrase_object_first__person_first,close_far_matched_scenes,1.1,hallway__name_maya__obj_cone,hallway__name_maya__obj_cone__person_first,hallway__name_maya__obj_cone__distance_phrase_object_first,name_maya__obj_cone__distance_phrase_object_first__person_first,hallway,hallway,ends,name_maya,Maya,obj_cone,cone,distance_phrase_object_first,distance_magnitude_phrase,locative_distance_subject,object_first,person_first,True,True,False,False,False,True,False,"In the hallway, a short distance separates the cone and Maya.","In the hallway, a long distance separates the cone and Maya.",Maya is close to the cone.,Maya is far from the cone.,11,13,11,13,6,8,6,8
hallway__name_maya__obj_cone__endpoint_placement__object_first,close_far_matched_scenes,1.1,hallway__name_maya__obj_cone,hallway__name_maya__obj_cone__object_first,hallway__name_maya__obj_cone__endpoint_placement,name_maya__obj_cone__endpoint_placement__object_first,hallway,hallway,ends,name_maya,Maya,obj_cone,cone,endpoint_placement,physical_endpoint_placement,two_sentence_person_then_object,person_first,object_first,True,True,True,True,False,False,False,"In the hallway, Maya stands at one end. The cone rests at Maya's feet.","In the hallway, Maya stands at one end. The cone rests at the opposite end.",The cone is close to Maya.,The cone is far from Maya.,15,18,15,18,6,7,6,7
hallway__name_maya__obj_cone__endpoint_placement__person_first,close_far_matched_scenes,1.1,hallway__name_maya__obj_cone,hallway__name_maya__obj_cone__person_first,hallway__name_maya__obj_cone__endpoint_placement,name_maya__obj_cone__endpoint_placement__person_first,hallway,hallway,ends,name_maya,Maya,obj_cone,cone,endpoint_placement,physical_endpoint_placement,two_sentence_person_then_object,person_first,person_first,False,True,True,True,False,False,False,"In the hallway, Maya stands at one end. The cone rests at Maya's feet.","In the hallway, Maya stands at one end. The cone rests at the opposite end.",Maya is close to the cone.,Maya is far from the cone.,15,18,15,18,6,8,6,8
hallway__name_maya__obj_helmet__direct_label__object_first,close_far_matched_scenes,1.1,hallway__name_maya__obj_helmet,hallway__name_maya__obj_helmet__object_first,hallway__name_maya__obj_helmet__direct_label,name_maya__obj_helmet__direct_label__object_first,hallway,hallway,ends,name_maya,Maya,obj_helmet,helmet,direct_label,explicit_relation,locative_object_subject,object_first,object_first,False,True,False,False,True,False,True,"In the hallway, the helmet is close to Maya.","In the hallway, the helmet is far from Maya.",The helmet is close to Maya.,The helmet is far from Maya.,9,11,9,11,6,7,6,7
hallway__name_maya__obj_helmet__direct_label__person_first,close_far_matched_scenes,1.1,hallway__name_maya__obj_helmet,hallway__name_maya__obj_helmet__person_first,hallway__name_maya__obj_helmet__direct_label,name_maya__obj_helmet__direct_label__person_first,hallway,hallway,ends,name_maya,Maya,obj_helmet,helmet,direct_label,explicit_relation,locative_object_subject,object_first,person_first,True,True,False,False,True,False,False,"In the hallway, the helmet is close to Maya.","In the hallway, the helmet is far from Maya.",Maya is close to the helmet.,Maya is far from the helmet.,9,11,9,11,6,8,6,8
hallway__name_maya__obj_helmet__distance_phrase__object_first,close_far_matched_scenes,1.1,hallway__name_maya__obj_helmet,hallway__name_maya__obj_helmet__object_first,hallway__name_maya__obj_helmet__distance_phrase,name_maya__obj_helmet__distance_phrase__object_first,hallway,hallway,ends,name_maya,Maya,obj_helmet,helmet,distance_phrase,distance_magnitude_phrase,locative_distance_subject,person_first,object_first,True,True,False,False,False,True,False,"In the hallway, a short distance separates Maya and the helmet.","In the hallway, a long distance separates Maya and the helmet.",The helmet is close to Maya.,The helmet is far from Maya.,11,13,11,13,6,7,6,7
hallway__name_maya__obj_helmet__distance_phrase__person_first,close_far_matched_scenes,1.1,hallway__name_maya__obj_helmet,hallway__name_maya__obj_helmet__person_first,hallway__name_maya__obj_helmet__distance_phrase,name_maya__obj_helmet__distance_phrase__person_first,hallway,hallway,ends,name_maya,Maya,obj_helmet,helmet,distance_phrase,distance_magnitude_phrase,locative_distance_subject,person_first,person_first,False,True,False,False,False,True,False,"In the hallway, a short distance separates Maya and the helmet.","In the hallway, a long distance separates Maya and the helmet.",Maya is close to the helmet.,Maya is far from the helmet.,11,13,11,13,6,8,6,8
hallway__name_maya__obj_helmet__distance_phrase_object_first__object_first,close_far_matched_scenes,1.1,hallway__name_maya__obj_helmet,hallway__name_maya__obj_helmet__object_first,hallway__name_maya__obj_helmet__distance_phrase_object_first,name_maya__obj_helmet__distance_phrase_object_first__object_first,hallway,hallway,ends,name_maya,Maya,obj_helmet,helmet,distance_phrase_object_first,distance_magnitude_phrase,locative_distance_subject,object_first,object_first,False,True,False,False,False,True,False,"In the hallway, a short distance separates the helmet and Maya.","In the hallway, a long distance separates the helmet and Maya.",The helmet is close to Maya.,The helmet is far from Maya.,11,13,11,13,6,7,6,7
hallway__name_maya__obj_helmet__distance_phrase_object_first__person_first,close_far_matched_scenes,1.1,hallway__name_maya__obj_helmet,hallway__name_maya__obj_helmet__person_first,hallway__name_maya__obj_helmet__distance_phrase_object_first,name_maya__obj_helmet__distance_phrase_object_first__person_first,hallway,hallway,ends,name_maya,Maya,obj_helmet,helmet,distance_phrase_object_first,distance_magnitude_phrase,locative_distance_subject,object_first,person_first,True,True,False,False,False,True,False,"In the hallway, a short distance separates the helmet and Maya.","In the hallway, a long distance separates the helmet and Maya.",Maya is close to the helmet.,Maya is far from the helmet.,11,13,11,13,6,8,6,8
hallway__name_maya__obj_helmet__endpoint_placement__object_first,close_far_matched_scenes,1.1,hallway__name_maya__obj_helmet,hallway__name_maya__obj_helmet__object_first,hallway__name_maya__obj_helmet__endpoint_placement,name_maya__obj_helmet__endpoint_placement__object_first,hallway,hallway,ends,name_maya,Maya,obj_helmet,helmet,endpoint_placement,physical_endpoint_placement,two_sentence_person_then_object,person_first,object_first,True,True,True,True,False,False,False,"In the hallway, Maya stands at one end. The helmet rests at Maya's feet.","In the hallway, Maya stands at one end. The helmet rests at the opposite end.",The helmet is close to Maya.,The helmet is far from Maya.,15,18,15,18,6,7,6,7
hallway__name_maya__obj_helmet__endpoint_placement__person_first,close_far_matched_scenes,1.1,hallway__name_maya__obj_helmet,hallway__name_maya__obj_helmet__person_first,hallway__name_maya__obj_helmet__endpoint_placement,name_maya__obj_helmet__endpoint_placement__person_first,hallway,hallway,ends,name_maya,Maya,obj_helmet,helmet,endpoint_placement,physical_endpoint_placement,two_sentence_person_then_object,person_first,person_first,False,True,True,True,False,False,False,"In the hallway, Maya stands at one end. The helmet rests at Maya's feet.","In the hallway, Maya stands at one end. The helmet rests at the opposite end.",Maya is close to the helmet.,Maya is far from the helmet.,15,18,15,18,6,8,6,8
hallway__name_maya__obj_cup__direct_label__object_first,close_far_matched_scenes,1.1,hallway__name_maya__obj_cup,hallway__name_maya__obj_cup__object_first,hallway__name_maya__obj_cup__direct_label,name_maya__obj_cup__direct_label__object_first,hallway,hallway,ends,name_maya,Maya,obj_cup,cup,direct_label,explicit_relation,locative_object_subject,object_first,object_first,False,True,False,False,True,False,True,"In the hallway, the cup is close to Maya.","In the hallway, the cup is far from Maya.",The cup is close to Maya.,The cup is far from Maya.,9,11,9,11,6,7,6,7
hallway__name_maya__obj_cup__direct_label__person_first,close_far_matched_scenes,1.1,hallway__name_maya__obj_cup,hallway__name_maya__obj_cup__person_first,hallway__name_maya__obj_cup__direct_label,name_maya__obj_cup__direct_label__person_first,hallway,hallway,ends,name_maya,Maya,obj_cup,cup,direct_label,explicit_relation,locative_object_subject,object_first,person_first,True,True,False,False,True,False,False,"In the hallway, the cup is close to Maya.","In the hallway, the cup is far from Maya.",Maya is close to the cup.,Maya is far from the cup.,9,11,9,11,6,8,6,8
hallway__name_maya__obj_cup__distance_phrase__object_first,close_far_matched_scenes,1.1,hallway__name_maya__obj_cup,hallway__name_maya__obj_cup__object_first,hallway__name_maya__obj_cup__distance_phrase,name_maya__obj_cup__distance_phrase__object_first,hallway,hallway,ends,name_maya,Maya,obj_cup,cup,distance_phrase,distance_magnitude_phrase,locative_distance_subject,person_first,object_first,True,True,False,False,False,True,False,"In the hallway, a short distance separates Maya and the cup.","In the hallway, a long distance separates Maya and the cup.",The cup is close to Maya.,The cup is far from Maya.,11,13,11,13,6,7,6,7
hallway__name_maya__obj_cup__distance_phrase__person_first,close_far_matched_scenes,1.1,hallway__name_maya__obj_cup,hallway__name_maya__obj_cup__person_first,hallway__name_maya__obj_cup__distance_phrase,name_maya__obj_cup__distance_phrase__person_first,hallway,hallway,ends,name_maya,Maya,obj_cup,cup,distance_phrase,distance_magnitude_phrase,locative_distance_subject,person_first,person_first,False,True,False,False,False,True,False,"In the hallway, a short distance separates Maya and the cup.","In the hallway, a long distance separates Maya and the cup.",Maya is close to the cup.,Maya is far from the cup.,11,13,11,13,6,8,6,8
hallway__name_maya__obj_cup__distance_phrase_object_first__object_first,close_far_matched_scenes,1.1,hallway__name_maya__obj_cup,hallway__name_maya__obj_cup__object_first,hallway__name_maya__obj_cup__distance_phrase_object_first,name_maya__obj_cup__distance_phrase_object_first__object_first,hallway,hallway,ends,name_maya,Maya,obj_cup,cup,distance_phrase_object_first,distance_magnitude_phrase,locative_distance_subject,object_first,object_first,False,True,False,False,False,True,False,"In the hallway, a short distance separates the cup and Maya.","In the hallway, a long distance separates the cup and Maya.",The cup is close to Maya.,The cup is far from Maya.,11,13,11,13,6,7,6,7
hallway__name_maya__obj_cup__distance_phrase_object_first__person_first,close_far_matched_scenes,1.1,hallway__name_maya__obj_cup,hallway__name_maya__obj_cup__person_first,hallway__name_maya__obj_cup__distance_phrase_object_first,name_maya__obj_cup__distance_phrase_object_first__person_first,hallway,hallway,ends,name_maya,Maya,obj_cup,cup,distance_phrase_object_first,distance_magnitude_phrase,locative_distance_subject,object_first,person_first,True,True,False,False,False,True,False,"In the hallway, a short distance separates the cup and Maya.","In the hallway, a long distance separates the cup and Maya.",Maya is close to the cup.,Maya is far from the cup.,11,13,11,13,6,8,6,8
hallway__name_maya__obj_cup__endpoint_placement__object_first,close_far_matched_scenes,1.1,hallway__name_maya__obj_cup,hallway__name_maya__obj_cup__object_first,hallway__name_maya__obj_cup__endpoint_placement,name_maya__obj_cup__endpoint_placement__object_first,hallway,hallway,ends,name_maya,Maya,obj_cup,cup,endpoint_placement,physical_endpoint_placement,two_sentence_person_then_object,person_first,object_first,True,True,True,True,False,False,False,"In the hallway, Maya stands at one end. The cup rests at Maya's feet.","In the hallway, Maya stands at one end. The cup rests at the opposite end.",The cup is close to Maya.,The cup is far from Maya.,15,18,15,18,6,7,6,7
hallway__name_maya__obj_cup__endpoint_placement__person_first,close_far_matched_scenes,1.1,hallway__name_maya__obj_cup,hallway__name_maya__obj_cup__person_first,hallway__name_maya__obj_cup__endpoint_placement,name_maya__obj_cup__endpoint_placement__person_first,hallway,hallway,ends,name_maya,Maya,obj_cup,cup,endpoint_placement,physical_endpoint_placement,two_sentence_person_then_object,person_first,person_first,False,True,True,True,False,False,False,"In the hallway, Maya stands at one end. The cup rests at Maya's feet.","In the hallway, Maya stands at one end. The cup rests at the opposite end.",Maya is close to the cup.,Maya is far from the cup.,15,18,15,18,6,8,6,8
hallway__name_maya__obj_key__direct_label__object_first,close_far_matched_scenes,1.1,hallway__name_maya__obj_key,hallway__name_maya__obj_key__object_first,hallway__name_maya__obj_key__direct_label,name_maya__obj_key__direct_label__object_first,hallway,hallway,ends,name_maya,Maya,obj_key,key,direct_label,explicit_relation,locative_object_subject,object_first,object_first,False,True,False,False,True,False,True,"In the hallway, the key is close to Maya.","In the hallway, the key is far from Maya.",The key is close to Maya.,The key is far from Maya.,9,11,9,11,6,7,6,7
hallway__name_maya__obj_key__direct_label__person_first,close_far_matched_scenes,1.1,hallway__name_maya__obj_key,hallway__name_maya__obj_key__person_first,hallway__name_maya__obj_key__direct_label,name_maya__obj_key__direct_label__person_first,hallway,hallway,ends,name_maya,Maya,obj_key,key,direct_label,explicit_relation,locative_object_subject,object_first,person_first,True,True,False,False,True,False,False,"In the hallway, the key is close to Maya.","In the hallway, the key is far from Maya.",Maya is close to the key.,Maya is far from the key.,9,11,9,11,6,8,6,8
hallway__name_maya__obj_key__distance_phrase__object_first,close_far_matched_scenes,1.1,hallway__name_maya__obj_key,hallway__name_maya__obj_key__object_first,hallway__name_maya__obj_key__distance_phrase,name_maya__obj_key__distance_phrase__object_first,hallway,hallway,ends,name_maya,Maya,obj_key,key,distance_phrase,distance_magnitude_phrase,locative_distance_subject,person_first,object_first,True,True,False,False,False,True,False,"In the hallway, a short distance separates Maya and the key.","In the hallway, a long distance separates Maya and the key.",The key is close to Maya.,The key is far from Maya.,11,13,11,13,6,7,6,7
hallway__name_maya__obj_key__distance_phrase__person_first,close_far_matched_scenes,1.1,hallway__name_maya__obj_key,hallway__name_maya__obj_key__person_first,hallway__name_maya__obj_key__distance_phrase,name_maya__obj_key__distance_phrase__person_first,hallway,hallway,ends,name_maya,Maya,obj_key,key,distance_phrase,distance_magnitude_phrase,locative_distance_subject,person_first,person_first,False,True,False,False,False,True,False,"In the hallway, a short distance separates Maya and the key.","In the hallway, a long distance separates Maya and the key.",Maya is close to the key.,Maya is far from the key.,11,13,11,13,6,8,6,8
hallway__name_maya__obj_key__distance_phrase_object_first__object_first,close_far_matched_scenes,1.1,hallway__name_maya__obj_key,hallway__name_maya__obj_key__object_first,hallway__name_maya__obj_key__distance_phrase_object_first,name_maya__obj_key__distance_phrase_object_first__object_first,hallway,hallway,ends,name_maya,Maya,obj_key,key,distance_phrase_object_first,distance_magnitude_phrase,locative_distance_subject,object_first,object_first,False,True,False,False,False,True,False,"In the hallway, a short distance separates the key and Maya.","In the hallway, a long distance separates the key and Maya.",The key is close to Maya.,The key is far from Maya.,11,13,11,13,6,7,6,7
hallway__name_maya__obj_key__distance_phrase_object_first__person_first,close_far_matched_scenes,1.1,hallway__name_maya__obj_key,hallway__name_maya__obj_key__person_first,hallway__name_maya__obj_key__distance_phrase_object_first,name_maya__obj_key__distance_phrase_object_first__person_first,hallway,hallway,ends,name_maya,Maya,obj_key,key,distance_phrase_object_first,distance_magnitude_phrase,locative_distance_subject,object_first,person_first,True,True,False,False,False,True,False,"In the hallway, a short distance separates the key and Maya.","In the hallway, a long distance separates the key and Maya.",Maya is close to the key.,Maya is far from the key.,11,13,11,13,6,8,6,8
hallway__name_maya__obj_key__endpoint_placement__object_first,close_far_matched_scenes,1.1,hallway__name_maya__obj_key,hallway__name_maya__obj_key__object_first,hallway__name_maya__obj_key__endpoint_placement,name_maya__obj_key__endpoint_placement__object_first,hallway,hallway,ends,name_maya,Maya,obj_key,key,endpoint_placement,physical_endpoint_placement,two_sentence_person_then_object,person_first,object_first,True,True,True,True,False,False,False,"In the hallway, Maya stands at one end. The key rests at Maya's feet.","In the hallway, Maya stands at one end. The key rests at the opposite end.",The key is close to Maya.,The key is far from Maya.,15,18,15,18,6,7,6,7
hallway__name_maya__obj_key__endpoint_placement__person_first,close_far_matched_scenes,1.1,hallway__name_maya__obj_key,hallway__name_maya__obj_key__person_first,hallway__name_maya__obj_key__endpoint_placement,name_maya__obj_key__endpoint_placement__person_first,hallway,hallway,ends,name_maya,Maya,obj_key,key,endpoint_placement,physical_endpoint_placement,two_sentence_person_then_object,person_first,person_first,False,True,True,True,False,False,False,"In the hallway, Maya stands at one end. The key rests at Maya's feet.","In the hallway, Maya stands at one end. The key rests at the opposite end.",Maya is close to the key.,Maya is far from the key.,15,18,15,18,6,8,6,8
hallway__name_maya__obj_box__direct_label__object_first,close_far_matched_scenes,1.1,hallway__name_maya__obj_box,hallway__name_maya__obj_box__object_first,hallway__name_maya__obj_box__direct_label,name_maya__obj_box__direct_label__object_first,hallway,hallway,ends,name_maya,Maya,obj_box,box,direct_label,explicit_relation,locative_object_subject,object_first,object_first,False,True,False,False,True,False,True,"In the hallway, the box is close to Maya.","In the hallway, the box is far from Maya.",The box is close to Maya.,The box is far from Maya.,9,11,9,11,6,7,6,7
hallway__name_maya__obj_box__direct_label__person_first,close_far_matched_scenes,1.1,hallway__name_maya__obj_box,hallway__name_maya__obj_box__person_first,hallway__name_maya__obj_box__direct_label,name_maya__obj_box__direct_label__person_first,hallway,hallway,ends,name_maya,Maya,obj_box,box,direct_label,explicit_relation,locative_object_subject,object_first,person_first,True,True,False,False,True,False,False,"In the hallway, the box is close to Maya.","In the hallway, the box is far from Maya.",Maya is close to the box.,Maya is far from the box.,9,11,9,11,6,8,6,8
hallway__name_maya__obj_box__distance_phrase__object_first,close_far_matched_scenes,1.1,hallway__name_maya__obj_box,hallway__name_maya__obj_box__object_first,hallway__name_maya__obj_box__distance_phrase,name_maya__obj_box__distance_phrase__object_first,hallway,hallway,ends,name_maya,Maya,obj_box,box,distance_phrase,distance_magnitude_phrase,locative_distance_subject,person_first,object_first,True,True,False,False,False,True,False,"In the hallway, a short distance separates Maya and the box.","In the hallway, a long distance separates Maya and the box.",The box is close to Maya.,The box is far from Maya.,11,13,11,13,6,7,6,7
hallway__name_maya__obj_box__distance_phrase__person_first,close_far_matched_scenes,1.1,hallway__name_maya__obj_box,hallway__name_maya__obj_box__person_first,hallway__name_maya__obj_box__distance_phrase,name_maya__obj_box__distance_phrase__person_first,hallway,hallway,ends,name_maya,Maya,obj_box,box,distance_phrase,distance_magnitude_phrase,locative_distance_subject,person_first,person_first,False,True,False,False,False,True,False,"In the hallway, a short distance separates Maya and the box.","In the hallway, a long distance separates Maya and the box.",Maya is close to the box.,Maya is far from the box.,11,13,11,13,6,8,6,8
hallway__name_maya__obj_box__distance_phrase_object_first__object_first,close_far_matched_scenes,1.1,hallway__name_maya__obj_box,hallway__name_maya__obj_box__object_first,hallway__name_maya__obj_box__distance_phrase_object_first,name_maya__obj_box__distance_phrase_object_first__object_first,hallway,hallway,ends,name_maya,Maya,obj_box,box,distance_phrase_object_first,distance_magnitude_phrase,locative_distance_subject,object_first,object_first,False,True,False,False,False,True,False,"In the hallway, a short distance separates the box and Maya.","In the hallway, a long distance separates the box and Maya.",The box is close to Maya.,The box is far from Maya.,11,13,11,13,6,7,6,7
hallway__name_maya__obj_box__distance_phrase_object_first__person_first,close_far_matched_scenes,1.1,hallway__name_maya__obj_box,hallway__name_maya__obj_box__person_first,hallway__name_maya__obj_box__distance_phrase_object_first,name_maya__obj_box__distance_phrase_object_first__person_first,hallway,hallway,ends,name_maya,Maya,obj_box,box,distance_phrase_object_first,distance_magnitude_phrase,locative_distance_subject,object_first,person_first,True,True,False,False,False,True,False,"In the hallway, a short distance separates the box and Maya.","In the hallway, a long distance separates the box and Maya.",Maya is close to the box.,Maya is far from the box.,11,13,11,13,6,8,6,8
hallway__name_maya__obj_box__endpoint_placement__object_first,close_far_matched_scenes,1.1,hallway__name_maya__obj_box,hallway__name_maya__obj_box__object_first,hallway__name_maya__obj_box__endpoint_placement,name_maya__obj_box__endpoint_placement__object_first,hallway,hallway,ends,name_maya,Maya,obj_box,box,endpoint_placement,physical_endpoint_placement,two_sentence_person_then_object,person_first,object_first,True,True,True,True,False,False,False,"In the hallway, Maya stands at one end. The box rests at Maya's feet.","In the hallway, Maya stands at one end. The box rests at the opposite end.",The box is close to Maya.,The box is far from Maya.,15,18,15,18,6,7,6,7
hallway__name_maya__obj_box__endpoint_placement__person_first,close_far_matched_scenes,1.1,hallway__name_maya__obj_box,hallway__name_maya__obj_box__person_first,hallway__name_maya__obj_box__endpoint_placement,name_maya__obj_box__endpoint_placement__person_first,hallway,hallway,ends,name_maya,Maya,obj_box,box,endpoint_placement,physical_endpoint_placement,two_sentence_person_then_object,person_first,person_first,False,True,True,True,False,False,False,"In the hallway, Maya stands at one end. The box rests at Maya's feet.","In the hallway, Maya stands at one end. The box rests at the opposite end.",Maya is close to the box.,Maya is far from the box.,15,18,15,18,6,8,6,8
hallway__name_jesse__obj_ball__direct_label__object_first,close_far_matched_scenes,1.1,hallway__name_jesse__obj_ball,hallway__name_jesse__obj_ball__object_first,hallway__name_jesse__obj_ball__direct_label,name_jesse__obj_ball__direct_label__object_first,hallway,hallway,ends,name_jesse,Jesse,obj_ball,ball,direct_label,explicit_relation,locative_object_subject,object_first,object_first,False,True,False,False,True,False,True,"In the hallway, the ball is close to Jesse.","In the hallway, the ball is far from Jesse.",The ball is close to Jesse.,The ball is far from Jesse.,9,11,9,11,6,7,6,7
hallway__name_jesse__obj_ball__direct_label__person_first,close_far_matched_scenes,1.1,hallway__name_jesse__obj_ball,hallway__name_jesse__obj_ball__person_first,hallway__name_jesse__obj_ball__direct_label,name_jesse__obj_ball__direct_label__person_first,hallway,hallway,ends,name_jesse,Jesse,obj_ball,ball,direct_label,explicit_relation,locative_object_subject,object_first,person_first,True,True,False,False,True,False,False,"In the hallway, the ball is close to Jesse.","In the hallway, the ball is far from Jesse.",Jesse is close to the ball.,Jesse is far from the ball.,9,11,9,11,6,8,6,8
hallway__name_jesse__obj_ball__distance_phrase__object_first,close_far_matched_scenes,1.1,hallway__name_jesse__obj_ball,hallway__name_jesse__obj_ball__object_first,hallway__name_jesse__obj_ball__distance_phrase,name_jesse__obj_ball__distance_phrase__object_first,hallway,hallway,ends,name_jesse,Jesse,obj_ball,ball,distance_phrase,distance_magnitude_phrase,locative_distance_subject,person_first,object_first,True,True,False,False,False,True,False,"In the hallway, a short distance separates Jesse and the ball.","In the hallway, a long distance separates Jesse and the ball.",The ball is close to Jesse.,The ball is far from Jesse.,11,13,11,13,6,7,6,7
hallway__name_jesse__obj_ball__distance_phrase__person_first,close_far_matched_scenes,1.1,hallway__name_jesse__obj_ball,hallway__name_jesse__obj_ball__person_first,hallway__name_jesse__obj_ball__distance_phrase,name_jesse__obj_ball__distance_phrase__person_first,hallway,hallway,ends,name_jesse,Jesse,obj_ball,ball,distance_phrase,distance_magnitude_phrase,locative_distance_subject,person_first,person_first,False,True,False,False,False,True,False,"In the hallway, a short distance separates Jesse and the ball.","In the hallway, a long distance separates Jesse and the ball.",Jesse is close to the ball.,Jesse is far from the ball.,11,13,11,13,6,8,6,8
hallway__name_jesse__obj_ball__distance_phrase_object_first__object_first,close_far_matched_scenes,1.1,hallway__name_jesse__obj_ball,hallway__name_jesse__obj_ball__object_first,hallway__name_jesse__obj_ball__distance_phrase_object_first,name_jesse__obj_ball__distance_phrase_object_first__object_first,hallway,hallway,ends,name_jesse,Jesse,obj_ball,ball,distance_phrase_object_first,distance_magnitude_phrase,locative_distance_subject,object_first,object_first,False,True,False,False,False,True,False,"In the hallway, a short distance separates the ball and Jesse.","In the hallway, a long distance separates the ball and Jesse.",The ball is close to Jesse.,The ball is far from Jesse.,11,13,11,13,6,7,6,7
hallway__name_jesse__obj_ball__distance_phrase_object_first__person_first,close_far_matched_scenes,1.1,hallway__name_jesse__obj_ball,hallway__name_jesse__obj_ball__person_first,hallway__name_jesse__obj_ball__distance_phrase_object_first,name_jesse__obj_ball__distance_phrase_object_first__person_first,hallway,hallway,ends,name_jesse,Jesse,obj_ball,ball,distance_phrase_object_first,distance_magnitude_phrase,locative_distance_subject,object_first,person_first,True,True,False,False,False,True,False,"In the hallway, a short distance separates the ball and Jesse.","In the hallway, a long distance separates the ball and Jesse.",Jesse is close to the ball.,Jesse is far from the ball.,11,13,11,13,6,8,6,8
hallway__name_jesse__obj_ball__endpoint_placement__object_first,close_far_matched_scenes,1.1,hallway__name_jesse__obj_ball,hallway__name_jesse__obj_ball__object_first,hallway__name_jesse__obj_ball__endpoint_placement,name_jesse__obj_ball__endpoint_placement__object_first,hallway,hallway,ends,name_jesse,Jesse,obj_ball,ball,endpoint_placement,physical_endpoint_placement,two_sentence_person_then_object,person_first,object_first,True,True,True,True,False,False,False,"In the hallway, Jesse stands at one end. The ball rests at Jesse's feet.","In the hallway, Jesse stands at one end. The ball rests at the opposite end.",The ball is close to Jesse.,The ball is far from Jesse.,15,18,15,18,6,7,6,7
hallway__name_jesse__obj_ball__endpoint_placement__person_first,close_far_matched_scenes,1.1,hallway__name_jesse__obj_ball,hallway__name_jesse__obj_ball__person_first,hallway__name_jesse__obj_ball__endpoint_placement,name_jesse__obj_ball__endpoint_placement__person_first,hallway,hallway,ends,name_jesse,Jesse,obj_ball,ball,endpoint_placement,physical_endpoint_placement,two_sentence_person_then_object,person_first,person_first,False,True,True,True,False,False,False,"In the hallway, Jesse stands at one end. The ball rests at Jesse's feet.","In the hallway, Jesse stands at one end. The ball rests at the opposite end.",Jesse is close to the ball.,Jesse is far from the ball.,15,18,15,18,6,8,6,8
hallway__name_jesse__obj_bag__direct_label__object_first,close_far_matched_scenes,1.1,hallway__name_jesse__obj_bag,hallway__name_jesse__obj_bag__object_first,hallway__name_jesse__obj_bag__direct_label,name_jesse__obj_bag__direct_label__object_first,hallway,hallway,ends,name_jesse,Jesse,obj_bag,bag,direct_label,explicit_relation,locative_object_subject,object_first,object_first,False,True,False,False,True,False,True,"In the hallway, the bag is close to Jesse.","In the hallway, the bag is far from Jesse.",The bag is close to Jesse.,The bag is far from Jesse.,9,11,9,11,6,7,6,7
hallway__name_jesse__obj_bag__direct_label__person_first,close_far_matched_scenes,1.1,hallway__name_jesse__obj_bag,hallway__name_jesse__obj_bag__person_first,hallway__name_jesse__obj_bag__direct_label,name_jesse__obj_bag__direct_label__person_first,hallway,hallway,ends,name_jesse,Jesse,obj_bag,bag,direct_label,explicit_relation,locative_object_subject,object_first,person_first,True,True,False,False,True,False,False,"In the hallway, the bag is close to Jesse.","In the hallway, the bag is far from Jesse.",Jesse is close to the bag.,Jesse is far from the bag.,9,11,9,11,6,8,6,8
hallway__name_jesse__obj_bag__distance_phrase__object_first,close_far_matched_scenes,1.1,hallway__name_jesse__obj_bag,hallway__name_jesse__obj_bag__object_first,hallway__name_jesse__obj_bag__distance_phrase,name_jesse__obj_bag__distance_phrase__object_first,hallway,hallway,ends,name_jesse,Jesse,obj_bag,bag,distance_phrase,distance_magnitude_phrase,locative_distance_subject,person_first,object_first,True,True,False,False,False,True,False,"In the hallway, a short distance separates Jesse and the bag.","In the hallway, a long distance separates Jesse and the bag.",The bag is close to Jesse.,The bag is far from Jesse.,11,13,11,13,6,7,6,7
hallway__name_jesse__obj_bag__distance_phrase__person_first,close_far_matched_scenes,1.1,hallway__name_jesse__obj_bag,hallway__name_jesse__obj_bag__person_first,hallway__name_jesse__obj_bag__distance_phrase,name_jesse__obj_bag__distance_phrase__person_first,hallway,hallway,ends,name_jesse,Jesse,obj_bag,bag,distance_phrase,distance_magnitude_phrase,locative_distance_subject,person_first,person_first,False,True,False,False,False,True,False,"In the hallway, a short distance separates Jesse and the bag.","In the hallway, a long distance separates Jesse and the bag.",Jesse is close to the bag.,Jesse is far from the bag.,11,13,11,13,6,8,6,8
hallway__name_jesse__obj_bag__distance_phrase_object_first__object_first,close_far_matched_scenes,1.1,hallway__name_jesse__obj_bag,hallway__name_jesse__obj_bag__object_first,hallway__name_jesse__obj_bag__distance_phrase_object_first,name_jesse__obj_bag__distance_phrase_object_first__object_first,hallway,hallway,ends,name_jesse,Jesse,obj_bag,bag,distance_phrase_object_first,distance_magnitude_phrase,locative_distance_subject,object_first,object_first,False,True,False,False,False,True,False,"In the hallway, a short distance separates the bag and Jesse.","In the hallway, a long distance separates the bag and Jesse.",The bag is close to Jesse.,The bag is far from Jesse.,11,13,11,13,6,7,6,7
hallway__name_jesse__obj_bag__distance_phrase_object_first__person_first,close_far_matched_scenes,1.1,hallway__name_jesse__obj_bag,hallway__name_jesse__obj_bag__person_first,hallway__name_jesse__obj_bag__distance_phrase_object_first,name_jesse__obj_bag__distance_phrase_object_first__person_first,hallway,hallway,ends,name_jesse,Jesse,obj_bag,bag,distance_phrase_object_first,distance_magnitude_phrase,locative_distance_subject,object_first,person_first,True,True,False,False,False,True,False,"In the hallway, a short distance separates the bag and Jesse.","In the hallway, a long distance separates the bag and Jesse.",Jesse is close to the bag.,Jesse is far from the bag.,11,13,11,13,6,8,6,8
hallway__name_jesse__obj_bag__endpoint_placement__object_first,close_far_matched_scenes,1.1,hallway__name_jesse__obj_bag,hallway__name_jesse__obj_bag__object_first,hallway__name_jesse__obj_bag__endpoint_placement,name_jesse__obj_bag__endpoint_placement__object_first,hallway,hallway,ends,name_jesse,Jesse,obj_bag,bag,endpoint_placement,physical_endpoint_placement,two_sentence_person_then_object,person_first,object_first,True,True,True,True,False,False,False,"In the hallway, Jesse stands at one end. The bag rests at Jesse's feet.","In the hallway, Jesse stands at one end. The bag rests at the opposite end.",The bag is close to Jesse.,The bag is far from Jesse.,15,18,15,18,6,7,6,7
hallway__name_jesse__obj_bag__endpoint_placement__person_first,close_far_matched_scenes,1.1,hallway__name_jesse__obj_bag,hallway__name_jesse__obj_bag__person_first,hallway__name_jesse__obj_bag__endpoint_placement,name_jesse__obj_bag__endpoint_placement__person_first,hallway,hallway,ends,name_jesse,Jesse,obj_bag,bag,endpoint_placement,physical_endpoint_placement,two_sentence_person_then_object,person_first,person_first,False,True,True,True,False,False,False,"In the hallway, Jesse stands at one end. The bag rests at Jesse's feet.","In the hallway, Jesse stands at one end. The bag rests at the opposite end.",Jesse is close to the bag.,Jesse is far from the bag.,15,18,15,18,6,8,6,8
hallway__name_jesse__obj_book__direct_label__object_first,close_far_matched_scenes,1.1,hallway__name_jesse__obj_book,hallway__name_jesse__obj_book__object_first,hallway__name_jesse__obj_book__direct_label,name_jesse__obj_book__direct_label__object_first,hallway,hallway,ends,name_jesse,Jesse,obj_book,book,direct_label,explicit_relation,locative_object_subject,object_first,object_first,False,True,False,False,True,False,True,"In the hallway, the book is close to Jesse.","In the hallway, the book is far from Jesse.",The book is close to Jesse.,The book is far from Jesse.,9,11,9,11,6,7,6,7
hallway__name_jesse__obj_book__direct_label__person_first,close_far_matched_scenes,1.1,hallway__name_jesse__obj_book,hallway__name_jesse__obj_book__person_first,hallway__name_jesse__obj_book__direct_label,name_jesse__obj_book__direct_label__person_first,hallway,hallway,ends,name_jesse,Jesse,obj_book,book,direct_label,explicit_relation,locative_object_subject,object_first,person_first,True,True,False,False,True,False,False,"In the hallway, the book is close to Jesse.","In the hallway, the book is far from Jesse.",Jesse is close to the book.,Jesse is far from the book.,9,11,9,11,6,8,6,8
hallway__name_jesse__obj_book__distance_phrase__object_first,close_far_matched_scenes,1.1,hallway__name_jesse__obj_book,hallway__name_jesse__obj_book__object_first,hallway__name_jesse__obj_book__distance_phrase,name_jesse__obj_book__distance_phrase__object_first,hallway,hallway,ends,name_jesse,Jesse,obj_book,book,distance_phrase,distance_magnitude_phrase,locative_distance_subject,person_first,object_first,True,True,False,False,False,True,False,"In the hallway, a short distance separates Jesse and the book.","In the hallway, a long distance separates Jesse and the book.",The book is close to Jesse.,The book is far from Jesse.,11,13,11,13,6,7,6,7
hallway__name_jesse__obj_book__distance_phrase__person_first,close_far_matched_scenes,1.1,hallway__name_jesse__obj_book,hallway__name_jesse__obj_book__person_first,hallway__name_jesse__obj_book__distance_phrase,name_jesse__obj_book__distance_phrase__person_first,hallway,hallway,ends,name_jesse,Jesse,obj_book,book,distance_phrase,distance_magnitude_phrase,locative_distance_subject,person_first,person_first,False,True,False,False,False,True,False,"In the hallway, a short distance separates Jesse and the book.","In the hallway, a long distance separates Jesse and the book.",Jesse is close to the book.,Jesse is far from the book.,11,13,11,13,6,8,6,8
hallway__name_jesse__obj_book__distance_phrase_object_first__object_first,close_far_matched_scenes,1.1,hallway__name_jesse__obj_book,hallway__name_jesse__obj_book__object_first,hallway__name_jesse__obj_book__distance_phrase_object_first,name_jesse__obj_book__distance_phrase_object_first__object_first,hallway,hallway,ends,name_jesse,Jesse,obj_book,book,distance_phrase_object_first,distance_magnitude_phrase,locative_distance_subject,object_first,object_first,False,True,False,False,False,True,False,"In the hallway, a short distance separates the book and Jesse.","In the hallway, a long distance separates the book and Jesse.",The book is close to Jesse.,The book is far from Jesse.,11,13,11,13,6,7,6,7
hallway__name_jesse__obj_book__distance_phrase_object_first__person_first,close_far_matched_scenes,1.1,hallway__name_jesse__obj_book,hallway__name_jesse__obj_book__person_first,hallway__name_jesse__obj_book__distance_phrase_object_first,name_jesse__obj_book__distance_phrase_object_first__person_first,hallway,hallway,ends,name_jesse,Jesse,obj_book,book,distance_phrase_object_first,distance_magnitude_phrase,locative_distance_subject,object_first,person_first,True,True,False,False,False,True,False,"In the hallway, a short distance separates the book and Jesse.","In the hallway, a long distance separates the book and Jesse.",Jesse is close to the book.,Jesse is far from the book.,11,13,11,13,6,8,6,8
hallway__name_jesse__obj_book__endpoint_placement__object_first,close_far_matched_scenes,1.1,hallway__name_jesse__obj_book,hallway__name_jesse__obj_book__object_first,hallway__name_jesse__obj_book__endpoint_placement,name_jesse__obj_book__endpoint_placement__object_first,hallway,hallway,ends,name_jesse,Jesse,obj_book,book,endpoint_placement,physical_endpoint_placement,two_sentence_person_then_object,person_first,object_first,True,True,True,True,False,False,False,"In the hallway, Jesse stands at one end. The book rests at Jesse's feet.","In the hallway, Jesse stands at one end. The book rests at the opposite end.",The book is close to Jesse.,The book is far from Jesse.,15,18,15,18,6,7,6,7
hallway__name_jesse__obj_book__endpoint_placement__person_first,close_far_matched_scenes,1.1,hallway__name_jesse__obj_book,hallway__name_jesse__obj_book__person_first,hallway__name_jesse__obj_book__endpoint_placement,name_jesse__obj_book__endpoint_placement__person_first,hallway,hallway,ends,name_jesse,Jesse,obj_book,book,endpoint_placement,physical_endpoint_placement,two_sentence_person_then_object,person_first,person_first,False,True,True,True,False,False,False,"In the hallway, Jesse stands at one end. The book rests at Jesse's feet.","In the hallway, Jesse stands at one end. The book rests at the opposite end.",Jesse is close to the book.,Jesse is far from the book.,15,18,15,18,6,8,6,8
hallway__name_jesse__obj_cone__direct_label__object_first,close_far_matched_scenes,1.1,hallway__name_jesse__obj_cone,hallway__name_jesse__obj_cone__object_first,hallway__name_jesse__obj_cone__direct_label,name_jesse__obj_cone__direct_label__object_first,hallway,hallway,ends,name_jesse,Jesse,obj_cone,cone,direct_label,explicit_relation,locative_object_subject,object_first,object_first,False,True,False,False,True,False,True,"In the hallway, the cone is close to Jesse.","In the hallway, the cone is far from Jesse.",The cone is close to Jesse.,The cone is far from Jesse.,9,11,9,11,6,7,6,7
hallway__name_jesse__obj_cone__direct_label__person_first,close_far_matched_scenes,1.1,hallway__name_jesse__obj_cone,hallway__name_jesse__obj_cone__person_first,hallway__name_jesse__obj_cone__direct_label,name_jesse__obj_cone__direct_label__person_first,hallway,hallway,ends,name_jesse,Jesse,obj_cone,cone,direct_label,explicit_relation,locative_object_subject,object_first,person_first,True,True,False,False,True,False,False,"In the hallway, the cone is close to Jesse.","In the hallway, the cone is far from Jesse.",Jesse is close to the cone.,Jesse is far from the cone.,9,11,9,11,6,8,6,8
hallway__name_jesse__obj_cone__distance_phrase__object_first,close_far_matched_scenes,1.1,hallway__name_jesse__obj_cone,hallway__name_jesse__obj_cone__object_first,hallway__name_jesse__obj_cone__distance_phrase,name_jesse__obj_cone__distance_phrase__object_first,hallway,hallway,ends,name_jesse,Jesse,obj_cone,cone,distance_phrase,distance_magnitude_phrase,locative_distance_subject,person_first,object_first,True,True,False,False,False,True,False,"In the hallway, a short distance separates Jesse and the cone.","In the hallway, a long distance separates Jesse and the cone.",The cone is close to Jesse.,The cone is far from Jesse.,11,13,11,13,6,7,6,7
hallway__name_jesse__obj_cone__distance_phrase__person_first,close_far_matched_scenes,1.1,hallway__name_jesse__obj_cone,hallway__name_jesse__obj_cone__person_first,hallway__name_jesse__obj_cone__distance_phrase,name_jesse__obj_cone__distance_phrase__person_first,hallway,hallway,ends,name_jesse,Jesse,obj_cone,cone,distance_phrase,distance_magnitude_phrase,locative_distance_subject,person_first,person_first,False,True,False,False,False,True,False,"In the hallway, a short distance separates Jesse and the cone.","In the hallway, a long distance separates Jesse and the cone.",Jesse is close to the cone.,Jesse is far from the cone.,11,13,11,13,6,8,6,8
hallway__name_jesse__obj_cone__distance_phrase_object_first__object_first,close_far_matched_scenes,1.1,hallway__name_jesse__obj_cone,hallway__name_jesse__obj_cone__object_first,hallway__name_jesse__obj_cone__distance_phrase_object_first,name_jesse__obj_cone__distance_phrase_object_first__object_first,hallway,hallway,ends,name_jesse,Jesse,obj_cone,cone,distance_phrase_object_first,distance_magnitude_phrase,locative_distance_subject,object_first,object_first,False,True,False,False,False,True,False,"In the hallway, a short distance separates the cone and Jesse.","In the hallway, a long distance separates the cone and Jesse.",The cone is close to Jesse.,The cone is far from Jesse.,11,13,11,13,6,7,6,7
hallway__name_jesse__obj_cone__distance_phrase_object_first__person_first,close_far_matched_scenes,1.1,hallway__name_jesse__obj_cone,hallway__name_jesse__obj_cone__person_first,hallway__name_jesse__obj_cone__distance_phrase_object_first,name_jesse__obj_cone__distance_phrase_object_first__person_first,hallway,hallway,ends,name_jesse,Jesse,obj_cone,cone,distance_phrase_object_first,distance_magnitude_phrase,locative_distance_subject,object_first,person_first,True,True,False,False,False,True,False,"In the hallway, a short distance separates the cone and Jesse.","In the hallway, a long distance separates the cone and Jesse.",Jesse is close to the cone.,Jesse is far from the cone.,11,13,11,13,6,8,6,8
hallway__name_jesse__obj_cone__endpoint_placement__object_first,close_far_matched_scenes,1.1,hallway__name_jesse__obj_cone,hallway__name_jesse__obj_cone__object_first,hallway__name_jesse__obj_cone__endpoint_placement,name_jesse__obj_cone__endpoint_placement__object_first,hallway,hallway,ends,name_jesse,Jesse,obj_cone,cone,endpoint_placement,physical_endpoint_placement,two_sentence_person_then_object,person_first,object_first,True,True,True,True,False,False,False,"In the hallway, Jesse stands at one end. The cone rests at Jesse's feet.","In the hallway, Jesse stands at one end. The cone rests at the opposite end.",The cone is close to Jesse.,The cone is far from Jesse.,15,18,15,18,6,7,6,7
hallway__name_jesse__obj_cone__endpoint_placement__person_first,close_far_matched_scenes,1.1,hallway__name_jesse__obj_cone,hallway__name_jesse__obj_cone__person_first,hallway__name_jesse__obj_cone__endpoint_placement,name_jesse__obj_cone__endpoint_placement__person_first,hallway,hallway,ends,name_jesse,Jesse,obj_cone,cone,endpoint_placement,physical_endpoint_placement,two_sentence_person_then_object,person_first,person_first,False,True,True,True,False,False,False,"In the hallway, Jesse stands at one end. The cone rests at Jesse's feet.","In the hallway, Jesse stands at one end. The cone rests at the opposite end.",Jesse is close to the cone.,Jesse is far from the cone.,15,18,15,18,6,8,6,8
hallway__name_jesse__obj_helmet__direct_label__object_first,close_far_matched_scenes,1.1,hallway__name_jesse__obj_helmet,hallway__name_jesse__obj_helmet__object_first,hallway__name_jesse__obj_helmet__direct_label,name_jesse__obj_helmet__direct_label__object_first,hallway,hallway,ends,name_jesse,Jesse,obj_helmet,helmet,direct_label,explicit_relation,locative_object_subject,object_first,object_first,False,True,False,False,True,False,True,"In the hallway, the helmet is close to Jesse.","In the hallway, the helmet is far from Jesse.",The helmet is close to Jesse.,The helmet is far from Jesse.,9,11,9,11,6,7,6,7
hallway__name_jesse__obj_helmet__direct_label__person_first,close_far_matched_scenes,1.1,hallway__name_jesse__obj_helmet,hallway__name_jesse__obj_helmet__person_first,hallway__name_jesse__obj_helmet__direct_label,name_jesse__obj_helmet__direct_label__person_first,hallway,hallway,ends,name_jesse,Jesse,obj_helmet,helmet,direct_label,explicit_relation,locative_object_subject,object_first,person_first,True,True,False,False,True,False,False,"In the hallway, the helmet is close to Jesse.","In the hallway, the helmet is far from Jesse.",Jesse is close to the helmet.,Jesse is far from the helmet.,9,11,9,11,6,8,6,8
hallway__name_jesse__obj_helmet__distance_phrase__object_first,close_far_matched_scenes,1.1,hallway__name_jesse__obj_helmet,hallway__name_jesse__obj_helmet__object_first,hallway__name_jesse__obj_helmet__distance_phrase,name_jesse__obj_helmet__distance_phrase__object_first,hallway,hallway,ends,name_jesse,Jesse,obj_helmet,helmet,distance_phrase,distance_magnitude_phrase,locative_distance_subject,person_first,object_first,True,True,False,False,False,True,False,"In the hallway, a short distance separates Jesse and the helmet.","In the hallway, a long distance separates Jesse and the helmet.",The helmet is close to Jesse.,The helmet is far from Jesse.,11,13,11,13,6,7,6,7
hallway__name_jesse__obj_helmet__distance_phrase__person_first,close_far_matched_scenes,1.1,hallway__name_jesse__obj_helmet,hallway__name_jesse__obj_helmet__person_first,hallway__name_jesse__obj_helmet__distance_phrase,name_jesse__obj_helmet__distance_phrase__person_first,hallway,hallway,ends,name_jesse,Jesse,obj_helmet,helmet,distance_phrase,distance_magnitude_phrase,locative_distance_subject,person_first,person_first,False,True,False,False,False,True,False,"In the hallway, a short distance separates Jesse and the helmet.","In the hallway, a long distance separates Jesse and the helmet.",Jesse is close to the helmet.,Jesse is far from the helmet.,11,13,11,13,6,8,6,8
hallway__name_jesse__obj_helmet__distance_phrase_object_first__object_first,close_far_matched_scenes,1.1,hallway__name_jesse__obj_helmet,hallway__name_jesse__obj_helmet__object_first,hallway__name_jesse__obj_helmet__distance_phrase_object_first,name_jesse__obj_helmet__distance_phrase_object_first__object_first,hallway,hallway,ends,name_jesse,Jesse,obj_helmet,helmet,distance_phrase_object_first,distance_magnitude_phrase,locative_distance_subject,object_first,object_first,False,True,False,False,False,True,False,"In the hallway, a short distance separates the helmet and Jesse.","In the hallway, a long distance separates the helmet and Jesse.",The helmet is close to Jesse.,The helmet is far from Jesse.,11,13,11,13,6,7,6,7
hallway__name_jesse__obj_helmet__distance_phrase_object_first__person_first,close_far_matched_scenes,1.1,hallway__name_jesse__obj_helmet,hallway__name_jesse__obj_helmet__person_first,hallway__name_jesse__obj_helmet__distance_phrase_object_first,name_jesse__obj_helmet__distance_phrase_object_first__person_first,hallway,hallway,ends,name_jesse,Jesse,obj_helmet,helmet,distance_phrase_object_first,distance_magnitude_phrase,locative_distance_subject,object_first,person_first,True,True,False,False,False,True,False,"In the hallway, a short distance separates the helmet and Jesse.","In the hallway, a long distance separates the helmet and Jesse.",Jesse is close to the helmet.,Jesse is far from the helmet.,11,13,11,13,6,8,6,8
hallway__name_jesse__obj_helmet__endpoint_placement__object_first,close_far_matched_scenes,1.1,hallway__name_jesse__obj_helmet,hallway__name_jesse__obj_helmet__object_first,hallway__name_jesse__obj_helmet__endpoint_placement,name_jesse__obj_helmet__endpoint_placement__object_first,hallway,hallway,ends,name_jesse,Jesse,obj_helmet,helmet,endpoint_placement,physical_endpoint_placement,two_sentence_person_then_object,person_first,object_first,True,True,True,True,False,False,False,"In the hallway, Jesse stands at one end. The helmet rests at Jesse's feet.","In the hallway, Jesse stands at one end. The helmet rests at the opposite end.",The helmet is close to Jesse.,The helmet is far from Jesse.,15,18,15,18,6,7,6,7
hallway__name_jesse__obj_helmet__endpoint_placement__person_first,close_far_matched_scenes,1.1,hallway__name_jesse__obj_helmet,hallway__name_jesse__obj_helmet__person_first,hallway__name_jesse__obj_helmet__endpoint_placement,name_jesse__obj_helmet__endpoint_placement__person_first,hallway,hallway,ends,name_jesse,Jesse,obj_helmet,helmet,endpoint_placement,physical_endpoint_placement,two_sentence_person_then_object,person_first,person_first,False,True,True,True,False,False,False,"In the hallway, Jesse stands at one end. The helmet rests at Jesse's feet.","In the hallway, Jesse stands at one end. The helmet rests at the opposite end.",Jesse is close to the helmet.,Jesse is far from the helmet.,15,18,15,18,6,8,6,8
hallway__name_jesse__obj_cup__direct_label__object_first,close_far_matched_scenes,1.1,hallway__name_jesse__obj_cup,hallway__name_jesse__obj_cup__object_first,hallway__name_jesse__obj_cup__direct_label,name_jesse__obj_cup__direct_label__object_first,hallway,hallway,ends,name_jesse,Jesse,obj_cup,cup,direct_label,explicit_relation,locative_object_subject,object_first,object_first,False,True,False,False,True,False,True,"In the hallway, the cup is close to Jesse.","In the hallway, the cup is far from Jesse.",The cup is close to Jesse.,The cup is far from Jesse.,9,11,9,11,6,7,6,7
hallway__name_jesse__obj_cup__direct_label__person_first,close_far_matched_scenes,1.1,hallway__name_jesse__obj_cup,hallway__name_jesse__obj_cup__person_first,hallway__name_jesse__obj_cup__direct_label,name_jesse__obj_cup__direct_label__person_first,hallway,hallway,ends,name_jesse,Jesse,obj_cup,cup,direct_label,explicit_relation,locative_object_subject,object_first,person_first,True,True,False,False,True,False,False,"In the hallway, the cup is close to Jesse.","In the hallway, the cup is far from Jesse.",Jesse is close to the cup.,Jesse is far from the cup.,9,11,9,11,6,8,6,8
hallway__name_jesse__obj_cup__distance_phrase__object_first,close_far_matched_scenes,1.1,hallway__name_jesse__obj_cup,hallway__name_jesse__obj_cup__object_first,hallway__name_jesse__obj_cup__distance_phrase,name_jesse__obj_cup__distance_phrase__object_first,hallway,hallway,ends,name_jesse,Jesse,obj_cup,cup,distance_phrase,distance_magnitude_phrase,locative_distance_subject,person_first,object_first,True,True,False,False,False,True,False,"In the hallway, a short distance separates Jesse and the cup.","In the hallway, a long distance separates Jesse and the cup.",The cup is close to Jesse.,The cup is far from Jesse.,11,13,11,13,6,7,6,7
hallway__name_jesse__obj_cup__distance_phrase__person_first,close_far_matched_scenes,1.1,hallway__name_jesse__obj_cup,hallway__name_jesse__obj_cup__person_first,hallway__name_jesse__obj_cup__distance_phrase,name_jesse__obj_cup__distance_phrase__person_first,hallway,hallway,ends,name_jesse,Jesse,obj_cup,cup,distance_phrase,distance_magnitude_phrase,locative_distance_subject,person_first,person_first,False,True,False,False,False,True,False,"In the hallway, a short distance separates Jesse and the cup.","In the hallway, a long distance separates Jesse and the cup.",Jesse is close to the cup.,Jesse is far from the cup.,11,13,11,13,6,8,6,8
hallway__name_jesse__obj_cup__distance_phrase_object_first__object_first,close_far_matched_scenes,1.1,hallway__name_jesse__obj_cup,hallway__name_jesse__obj_cup__object_first,hallway__name_jesse__obj_cup__distance_phrase_object_first,name_jesse__obj_cup__distance_phrase_object_first__object_first,hallway,hallway,ends,name_jesse,Jesse,obj_cup,cup,distance_phrase_object_first,distance_magnitude_phrase,locative_distance_subject,object_first,object_first,False,True,False,False,False,True,False,"In the hallway, a short distance separates the cup and Jesse.","In the hallway, a long distance separates the cup and Jesse.",The cup is close to Jesse.,The cup is far from Jesse.,11,13,11,13,6,7,6,7
hallway__name_jesse__obj_cup__distance_phrase_object_first__person_first,close_far_matched_scenes,1.1,hallway__name_jesse__obj_cup,hallway__name_jesse__obj_cup__person_first,hallway__name_jesse__obj_cup__distance_phrase_object_first,name_jesse__obj_cup__distance_phrase_object_first__person_first,hallway,hallway,ends,name_jesse,Jesse,obj_cup,cup,distance_phrase_object_first,distance_magnitude_phrase,locative_distance_subject,object_first,person_first,True,True,False,False,False,True,False,"In the hallway, a short distance separates the cup and Jesse.","In the hallway, a long distance separates the cup and Jesse.",Jesse is close to the cup.,Jesse is far from the cup.,11,13,11,13,6,8,6,8
hallway__name_jesse__obj_cup__endpoint_placement__object_first,close_far_matched_scenes,1.1,hallway__name_jesse__obj_cup,hallway__name_jesse__obj_cup__object_first,hallway__name_jesse__obj_cup__endpoint_placement,name_jesse__obj_cup__endpoint_placement__object_first,hallway,hallway,ends,name_jesse,Jesse,obj_cup,cup,endpoint_placement,physical_endpoint_placement,two_sentence_person_then_object,person_first,object_first,True,True,True,True,False,False,False,"In the hallway, Jesse stands at one end. The cup rests at Jesse's feet.","In the hallway, Jesse stands at one end. The cup rests at the opposite end.",The cup is close to Jesse.,The cup is far from Jesse.,15,18,15,18,6,7,6,7
hallway__name_jesse__obj_cup__endpoint_placement__person_first,close_far_matched_scenes,1.1,hallway__name_jesse__obj_cup,hallway__name_jesse__obj_cup__person_first,hallway__name_jesse__obj_cup__endpoint_placement,name_jesse__obj_cup__endpoint_placement__person_first,hallway,hallway,ends,name_jesse,Jesse,obj_cup,cup,endpoint_placement,physical_endpoint_placement,two_sentence_person_then_object,person_first,person_first,False,True,True,True,False,False,False,"In the hallway, Jesse stands at one end. The cup rests at Jesse's feet.","In the hallway, Jesse stands at one end. The cup rests at the opposite end.",Jesse is close to the cup.,Jesse is far from the cup.,15,18,15,18,6,8,6,8
hallway__name_jesse__obj_key__direct_label__object_first,close_far_matched_scenes,1.1,hallway__name_jesse__obj_key,hallway__name_jesse__obj_key__object_first,hallway__name_jesse__obj_key__direct_label,name_jesse__obj_key__direct_label__object_first,hallway,hallway,ends,name_jesse,Jesse,obj_key,key,direct_label,explicit_relation,locative_object_subject,object_first,object_first,False,True,False,False,True,False,True,"In the hallway, the key is close to Jesse.","In the hallway, the key is far from Jesse.",The key is close to Jesse.,The key is far from Jesse.,9,11,9,11,6,7,6,7
hallway__name_jesse__obj_key__direct_label__person_first,close_far_matched_scenes,1.1,hallway__name_jesse__obj_key,hallway__name_jesse__obj_key__person_first,hallway__name_jesse__obj_key__direct_label,name_jesse__obj_key__direct_label__person_first,hallway,hallway,ends,name_jesse,Jesse,obj_key,key,direct_label,explicit_relation,locative_object_subject,object_first,person_first,True,True,False,False,True,False,False,"In the hallway, the key is close to Jesse.","In the hallway, the key is far from Jesse.",Jesse is close to the key.,Jesse is far from the key.,9,11,9,11,6,8,6,8
hallway__name_jesse__obj_key__distance_phrase__object_first,close_far_matched_scenes,1.1,hallway__name_jesse__obj_key,hallway__name_jesse__obj_key__object_first,hallway__name_jesse__obj_key__distance_phrase,name_jesse__obj_key__distance_phrase__object_first,hallway,hallway,ends,name_jesse,Jesse,obj_key,key,distance_phrase,distance_magnitude_phrase,locative_distance_subject,person_first,object_first,True,True,False,False,False,True,False,"In the hallway, a short distance separates Jesse and the key.","In the hallway, a long distance separates Jesse and the key.",The key is close to Jesse.,The key is far from Jesse.,11,13,11,13,6,7,6,7
hallway__name_jesse__obj_key__distance_phrase__person_first,close_far_matched_scenes,1.1,hallway__name_jesse__obj_key,hallway__name_jesse__obj_key__person_first,hallway__name_jesse__obj_key__distance_phrase,name_jesse__obj_key__distance_phrase__person_first,hallway,hallway,ends,name_jesse,Jesse,obj_key,key,distance_phrase,distance_magnitude_phrase,locative_distance_subject,person_first,person_first,False,True,False,False,False,True,False,"In the hallway, a short distance separates Jesse and the key.","In the hallway, a long distance separates Jesse and the key.",Jesse is close to the key.,Jesse is far from the key.,11,13,11,13,6,8,6,8
hallway__name_jesse__obj_key__distance_phrase_object_first__object_first,close_far_matched_scenes,1.1,hallway__name_jesse__obj_key,hallway__name_jesse__obj_key__object_first,hallway__name_jesse__obj_key__distance_phrase_object_first,name_jesse__obj_key__distance_phrase_object_first__object_first,hallway,hallway,ends,name_jesse,Jesse,obj_key,key,distance_phrase_object_first,distance_magnitude_phrase,locative_distance_subject,object_first,object_first,False,True,False,False,False,True,False,"In the hallway, a short distance separates the key and Jesse.","In the hallway, a long distance separates the key and Jesse.",The key is close to Jesse.,The key is far from Jesse.,11,13,11,13,6,7,6,7
hallway__name_jesse__obj_key__distance_phrase_object_first__person_first,close_far_matched_scenes,1.1,hallway__name_jesse__obj_key,hallway__name_jesse__obj_key__person_first,hallway__name_jesse__obj_key__distance_phrase_object_first,name_jesse__obj_key__distance_phrase_object_first__person_first,hallway,hallway,ends,name_jesse,Jesse,obj_key,key,distance_phrase_object_first,distance_magnitude_phrase,locative_distance_subject,object_first,person_first,True,True,False,False,False,True,False,"In the hallway, a short distance separates the key and Jesse.","In the hallway, a long distance separates the key and Jesse.",Jesse is close to the key.,Jesse is far from the key.,11,13,11,13,6,8,6,8
hallway__name_jesse__obj_key__endpoint_placement__object_first,close_far_matched_scenes,1.1,hallway__name_jesse__obj_key,hallway__name_jesse__obj_key__object_first,hallway__name_jesse__obj_key__endpoint_placement,name_jesse__obj_key__endpoint_placement__object_first,hallway,hallway,ends,name_jesse,Jesse,obj_key,key,endpoint_placement,physical_endpoint_placement,two_sentence_person_then_object,person_first,object_first,True,True,True,True,False,False,False,"In the hallway, Jesse stands at one end. The key rests at Jesse's feet.","In the hallway, Jesse stands at one end. The key rests at the opposite end.",The key is close to Jesse.,The key is far from Jesse.,15,18,15,18,6,7,6,7
hallway__name_jesse__obj_key__endpoint_placement__person_first,close_far_matched_scenes,1.1,hallway__name_jesse__obj_key,hallway__name_jesse__obj_key__person_first,hallway__name_jesse__obj_key__endpoint_placement,name_jesse__obj_key__endpoint_placement__person_first,hallway,hallway,ends,name_jesse,Jesse,obj_key,key,endpoint_placement,physical_endpoint_placement,two_sentence_person_then_object,person_first,person_first,False,True,True,True,False,False,False,"In the hallway, Jesse stands at one end. The key rests at Jesse's feet.","In the hallway, Jesse stands at one end. The key rests at the opposite end.",Jesse is close to the key.,Jesse is far from the key.,15,18,15,18,6,8,6,8
hallway__name_jesse__obj_box__direct_label__object_first,close_far_matched_scenes,1.1,hallway__name_jesse__obj_box,hallway__name_jesse__obj_box__object_first,hallway__name_jesse__obj_box__direct_label,name_jesse__obj_box__direct_label__object_first,hallway,hallway,ends,name_jesse,Jesse,obj_box,box,direct_label,explicit_relation,locative_object_subject,object_first,object_first,False,True,False,False,True,False,True,"In the hallway, the box is close to Jesse.","In the hallway, the box is far from Jesse.",The box is close to Jesse.,The box is far from Jesse.,9,11,9,11,6,7,6,7
hallway__name_jesse__obj_box__direct_label__person_first,close_far_matched_scenes,1.1,hallway__name_jesse__obj_box,hallway__name_jesse__obj_box__person_first,hallway__name_jesse__obj_box__direct_label,name_jesse__obj_box__direct_label__person_first,hallway,hallway,ends,name_jesse,Jesse,obj_box,box,direct_label,explicit_relation,locative_object_subject,object_first,person_first,True,True,False,False,True,False,False,"In the hallway, the box is close to Jesse.","In the hallway, the box is far from Jesse.",Jesse is close to the box.,Jesse is far from the box.,9,11,9,11,6,8,6,8
hallway__name_jesse__obj_box__distance_phrase__object_first,close_far_matched_scenes,1.1,hallway__name_jesse__obj_box,hallway__name_jesse__obj_box__object_first,hallway__name_jesse__obj_box__distance_phrase,name_jesse__obj_box__distance_phrase__object_first,hallway,hallway,ends,name_jesse,Jesse,obj_box,box,distance_phrase,distance_magnitude_phrase,locative_distance_subject,person_first,object_first,True,True,False,False,False,True,False,"In the hallway, a short distance separates Jesse and the box.","In the hallway, a long distance separates Jesse and the box.",The box is close to Jesse.,The box is far from Jesse.,11,13,11,13,6,7,6,7
hallway__name_jesse__obj_box__distance_phrase__person_first,close_far_matched_scenes,1.1,hallway__name_jesse__obj_box,hallway__name_jesse__obj_box__person_first,hallway__name_jesse__obj_box__distance_phrase,name_jesse__obj_box__distance_phrase__person_first,hallway,hallway,ends,name_jesse,Jesse,obj_box,box,distance_phrase,distance_magnitude_phrase,locative_distance_subject,person_first,person_first,False,True,False,False,False,True,False,"In the hallway, a short distance separates Jesse and the box.","In the hallway, a long distance separates Jesse and the box.",Jesse is close to the box.,Jesse is far from the box.,11,13,11,13,6,8,6,8
hallway__name_jesse__obj_box__distance_phrase_object_first__object_first,close_far_matched_scenes,1.1,hallway__name_jesse__obj_box,hallway__name_jesse__obj_box__object_first,hallway__name_jesse__obj_box__distance_phrase_object_first,name_jesse__obj_box__distance_phrase_object_first__object_first,hallway,hallway,ends,name_jesse,Jesse,obj_box,box,distance_phrase_object_first,distance_magnitude_phrase,locative_distance_subject,object_first,object_first,False,True,False,False,False,True,False,"In the hallway, a short distance separates the box and Jesse.","In the hallway, a long distance separates the box and Jesse.",The box is close to Jesse.,The box is far from Jesse.,11,13,11,13,6,7,6,7
hallway__name_jesse__obj_box__distance_phrase_object_first__person_first,close_far_matched_scenes,1.1,hallway__name_jesse__obj_box,hallway__name_jesse__obj_box__person_first,hallway__name_jesse__obj_box__distance_phrase_object_first,name_jesse__obj_box__distance_phrase_object_first__person_first,hallway,hallway,ends,name_jesse,Jesse,obj_box,box,distance_phrase_object_first,distance_magnitude_phrase,locative_distance_subject,object_first,person_first,True,True,False,False,False,True,False,"In the hallway, a short distance separates the box and Jesse.","In the hallway, a long distance separates the box and Jesse.",Jesse is close to the box.,Jesse is far from the box.,11,13,11,13,6,8,6,8
hallway__name_jesse__obj_box__endpoint_placement__object_first,close_far_matched_scenes,1.1,hallway__name_jesse__obj_box,hallway__name_jesse__obj_box__object_first,hallway__name_jesse__obj_box__endpoint_placement,name_jesse__obj_box__endpoint_placement__object_first,hallway,hallway,ends,name_jesse,Jesse,obj_box,box,endpoint_placement,physical_endpoint_placement,two_sentence_person_then_object,person_first,object_first,True,True,True,True,False,False,False,"In the hallway, Jesse stands at one end. The box rests at Jesse's feet.","In the hallway, Jesse stands at one end. The box rests at the opposite end.",The box is close to Jesse.,The box is far from Jesse.,15,18,15,18,6,7,6,7
hallway__name_jesse__obj_box__endpoint_placement__person_first,close_far_matched_scenes,1.1,hallway__name_jesse__obj_box,hallway__name_jesse__obj_box__person_first,hallway__name_jesse__obj_box__endpoint_placement,name_jesse__obj_box__endpoint_placement__person_first,hallway,hallway,ends,name_jesse,Jesse,obj_box,box,endpoint_placement,physical_endpoint_placement,two_sentence_person_then_object,person_first,person_first,False,True,True,True,False,False,False,"In the hallway, Jesse stands at one end. The box rests at Jesse's feet.","In the hallway, Jesse stands at one end. The box rests at the opposite end.",Jesse is close to the box.,Jesse is far from the box.,15,18,15,18,6,8,6,8
hallway__name_li__obj_ball__direct_label__object_first,close_far_matched_scenes,1.1,hallway__name_li__obj_ball,hallway__name_li__obj_ball__object_first,hallway__name_li__obj_ball__direct_label,name_li__obj_ball__direct_label__object_first,hallway,hallway,ends,name_li,Li,obj_ball,ball,direct_label,explicit_relation,locative_object_subject,object_first,object_first,False,True,False,False,True,False,True,"In the hallway, the ball is close to Li.","In the hallway, the ball is far from Li.",The ball is close to Li.,The ball is far from Li.,9,11,9,11,6,7,6,7
hallway__name_li__obj_ball__direct_label__person_first,close_far_matched_scenes,1.1,hallway__name_li__obj_ball,hallway__name_li__obj_ball__person_first,hallway__name_li__obj_ball__direct_label,name_li__obj_ball__direct_label__person_first,hallway,hallway,ends,name_li,Li,obj_ball,ball,direct_label,explicit_relation,locative_object_subject,object_first,person_first,True,True,False,False,True,False,False,"In the hallway, the ball is close to Li.","In the hallway, the ball is far from Li.",Li is close to the ball.,Li is far from the ball.,9,11,9,11,6,7,6,7
hallway__name_li__obj_ball__distance_phrase__object_first,close_far_matched_scenes,1.1,hallway__name_li__obj_ball,hallway__name_li__obj_ball__object_first,hallway__name_li__obj_ball__distance_phrase,name_li__obj_ball__distance_phrase__object_first,hallway,hallway,ends,name_li,Li,obj_ball,ball,distance_phrase,distance_magnitude_phrase,locative_distance_subject,person_first,object_first,True,True,False,False,False,True,False,"In the hallway, a short distance separates Li and the ball.","In the hallway, a long distance separates Li and the ball.",The ball is close to Li.,The ball is far from Li.,11,13,11,13,6,7,6,7
hallway__name_li__obj_ball__distance_phrase__person_first,close_far_matched_scenes,1.1,hallway__name_li__obj_ball,hallway__name_li__obj_ball__person_first,hallway__name_li__obj_ball__distance_phrase,name_li__obj_ball__distance_phrase__person_first,hallway,hallway,ends,name_li,Li,obj_ball,ball,distance_phrase,distance_magnitude_phrase,locative_distance_subject,person_first,person_first,False,True,False,False,False,True,False,"In the hallway, a short distance separates Li and the ball.","In the hallway, a long distance separates Li and the ball.",Li is close to the ball.,Li is far from the ball.,11,13,11,13,6,7,6,7
hallway__name_li__obj_ball__distance_phrase_object_first__object_first,close_far_matched_scenes,1.1,hallway__name_li__obj_ball,hallway__name_li__obj_ball__object_first,hallway__name_li__obj_ball__distance_phrase_object_first,name_li__obj_ball__distance_phrase_object_first__object_first,hallway,hallway,ends,name_li,Li,obj_ball,ball,distance_phrase_object_first,distance_magnitude_phrase,locative_distance_subject,object_first,object_first,False,True,False,False,False,True,False,"In the hallway, a short distance separates the ball and Li.","In the hallway, a long distance separates the ball and Li.",The ball is close to Li.,The ball is far from Li.,11,13,11,13,6,7,6,7
hallway__name_li__obj_ball__distance_phrase_object_first__person_first,close_far_matched_scenes,1.1,hallway__name_li__obj_ball,hallway__name_li__obj_ball__person_first,hallway__name_li__obj_ball__distance_phrase_object_first,name_li__obj_ball__distance_phrase_object_first__person_first,hallway,hallway,ends,name_li,Li,obj_ball,ball,distance_phrase_object_first,distance_magnitude_phrase,locative_distance_subject,object_first,person_first,True,True,False,False,False,True,False,"In the hallway, a short distance separates the ball and Li.","In the hallway, a long distance separates the ball and Li.",Li is close to the ball.,Li is far from the ball.,11,13,11,13,6,7,6,7
hallway__name_li__obj_ball__endpoint_placement__object_first,close_far_matched_scenes,1.1,hallway__name_li__obj_ball,hallway__name_li__obj_ball__object_first,hallway__name_li__obj_ball__endpoint_placement,name_li__obj_ball__endpoint_placement__object_first,hallway,hallway,ends,name_li,Li,obj_ball,ball,endpoint_placement,physical_endpoint_placement,two_sentence_person_then_object,person_first,object_first,True,True,True,True,False,False,False,"In the hallway, Li stands at one end. The ball rests at Li's feet.","In the hallway, Li stands at one end. The ball rests at the opposite end.",The ball is close to Li.,The ball is far from Li.,15,18,15,18,6,7,6,7
hallway__name_li__obj_ball__endpoint_placement__person_first,close_far_matched_scenes,1.1,hallway__name_li__obj_ball,hallway__name_li__obj_ball__person_first,hallway__name_li__obj_ball__endpoint_placement,name_li__obj_ball__endpoint_placement__person_first,hallway,hallway,ends,name_li,Li,obj_ball,ball,endpoint_placement,physical_endpoint_placement,two_sentence_person_then_object,person_first,person_first,False,True,True,True,False,False,False,"In the hallway, Li stands at one end. The ball rests at Li's feet.","In the hallway, Li stands at one end. The ball rests at the opposite end.",Li is close to the ball.,Li is far from the ball.,15,18,15,18,6,7,6,7
hallway__name_li__obj_bag__direct_label__object_first,close_far_matched_scenes,1.1,hallway__name_li__obj_bag,hallway__name_li__obj_bag__object_first,hallway__name_li__obj_bag__direct_label,name_li__obj_bag__direct_label__object_first,hallway,hallway,ends,name_li,Li,obj_bag,bag,direct_label,explicit_relation,locative_object_subject,object_first,object_first,False,True,False,False,True,False,True,"In the hallway, the bag is close to Li.","In the hallway, the bag is far from Li.",The bag is close to Li.,The bag is far from Li.,9,11,9,11,6,7,6,7
hallway__name_li__obj_bag__direct_label__person_first,close_far_matched_scenes,1.1,hallway__name_li__obj_bag,hallway__name_li__obj_bag__person_first,hallway__name_li__obj_bag__direct_label,name_li__obj_bag__direct_label__person_first,hallway,hallway,ends,name_li,Li,obj_bag,bag,direct_label,explicit_relation,locative_object_subject,object_first,person_first,True,True,False,False,True,False,False,"In the hallway, the bag is close to Li.","In the hallway, the bag is far from Li.",Li is close to the bag.,Li is far from the bag.,9,11,9,11,6,7,6,7
hallway__name_li__obj_bag__distance_phrase__object_first,close_far_matched_scenes,1.1,hallway__name_li__obj_bag,hallway__name_li__obj_bag__object_first,hallway__name_li__obj_bag__distance_phrase,name_li__obj_bag__distance_phrase__object_first,hallway,hallway,ends,name_li,Li,obj_bag,bag,distance_phrase,distance_magnitude_phrase,locative_distance_subject,person_first,object_first,True,True,False,False,False,True,False,"In the hallway, a short distance separates Li and the bag.","In the hallway, a long distance separates Li and the bag.",The bag is close to Li.,The bag is far from Li.,11,13,11,13,6,7,6,7
hallway__name_li__obj_bag__distance_phrase__person_first,close_far_matched_scenes,1.1,hallway__name_li__obj_bag,hallway__name_li__obj_bag__person_first,hallway__name_li__obj_bag__distance_phrase,name_li__obj_bag__distance_phrase__person_first,hallway,hallway,ends,name_li,Li,obj_bag,bag,distance_phrase,distance_magnitude_phrase,locative_distance_subject,person_first,person_first,False,True,False,False,False,True,False,"In the hallway, a short distance separates Li and the bag.","In the hallway, a long distance separates Li and the bag.",Li is close to the bag.,Li is far from the bag.,11,13,11,13,6,7,6,7
hallway__name_li__obj_bag__distance_phrase_object_first__object_first,close_far_matched_scenes,1.1,hallway__name_li__obj_bag,hallway__name_li__obj_bag__object_first,hallway__name_li__obj_bag__distance_phrase_object_first,name_li__obj_bag__distance_phrase_object_first__object_first,hallway,hallway,ends,name_li,Li,obj_bag,bag,distance_phrase_object_first,distance_magnitude_phrase,locative_distance_subject,object_first,object_first,False,True,False,False,False,True,False,"In the hallway, a short distance separates the bag and Li.","In the hallway, a long distance separates the bag and Li.",The bag is close to Li.,The bag is far from Li.,11,13,11,13,6,7,6,7
hallway__name_li__obj_bag__distance_phrase_object_first__person_first,close_far_matched_scenes,1.1,hallway__name_li__obj_bag,hallway__name_li__obj_bag__person_first,hallway__name_li__obj_bag__distance_phrase_object_first,name_li__obj_bag__distance_phrase_object_first__person_first,hallway,hallway,ends,name_li,Li,obj_bag,bag,distance_phrase_object_first,distance_magnitude_phrase,locative_distance_subject,object_first,person_first,True,True,False,False,False,True,False,"In the hallway, a short distance separates the bag and Li.","In the hallway, a long distance separates the bag and Li.",Li is close to the bag.,Li is far from the bag.,11,13,11,13,6,7,6,7
hallway__name_li__obj_bag__endpoint_placement__object_first,close_far_matched_scenes,1.1,hallway__name_li__obj_bag,hallway__name_li__obj_bag__object_first,hallway__name_li__obj_bag__endpoint_placement,name_li__obj_bag__endpoint_placement__object_first,hallway,hallway,ends,name_li,Li,obj_bag,bag,endpoint_placement,physical_endpoint_placement,two_sentence_person_then_object,person_first,object_first,True,True,True,True,False,False,False,"In the hallway, Li stands at one end. The bag rests at Li's feet.","In the hallway, Li stands at one end. The bag rests at the opposite end.",The bag is close to Li.,The bag is far from Li.,15,18,15,18,6,7,6,7
hallway__name_li__obj_bag__endpoint_placement__person_first,close_far_matched_scenes,1.1,hallway__name_li__obj_bag,hallway__name_li__obj_bag__person_first,hallway__name_li__obj_bag__endpoint_placement,name_li__obj_bag__endpoint_placement__person_first,hallway,hallway,ends,name_li,Li,obj_bag,bag,endpoint_placement,physical_endpoint_placement,two_sentence_person_then_object,person_first,person_first,False,True,True,True,False,False,False,"In the hallway, Li stands at one end. The bag rests at Li's feet.","In the hallway, Li stands at one end. The bag rests at the opposite end.",Li is close to the bag.,Li is far from the bag.,15,18,15,18,6,7,6,7
hallway__name_li__obj_book__direct_label__object_first,close_far_matched_scenes,1.1,hallway__name_li__obj_book,hallway__name_li__obj_book__object_first,hallway__name_li__obj_book__direct_label,name_li__obj_book__direct_label__object_first,hallway,hallway,ends,name_li,Li,obj_book,book,direct_label,explicit_relation,locative_object_subject,object_first,object_first,False,True,False,False,True,False,True,"In the hallway, the book is close to Li.","In the hallway, the book is far from Li.",The book is close to Li.,The book is far from Li.,9,11,9,11,6,7,6,7
hallway__name_li__obj_book__direct_label__person_first,close_far_matched_scenes,1.1,hallway__name_li__obj_book,hallway__name_li__obj_book__person_first,hallway__name_li__obj_book__direct_label,name_li__obj_book__direct_label__person_first,hallway,hallway,ends,name_li,Li,obj_book,book,direct_label,explicit_relation,locative_object_subject,object_first,person_first,True,True,False,False,True,False,False,"In the hallway, the book is close to Li.","In the hallway, the book is far from Li.",Li is close to the book.,Li is far from the book.,9,11,9,11,6,7,6,7
hallway__name_li__obj_book__distance_phrase__object_first,close_far_matched_scenes,1.1,hallway__name_li__obj_book,hallway__name_li__obj_book__object_first,hallway__name_li__obj_book__distance_phrase,name_li__obj_book__distance_phrase__object_first,hallway,hallway,ends,name_li,Li,obj_book,book,distance_phrase,distance_magnitude_phrase,locative_distance_subject,person_first,object_first,True,True,False,False,False,True,False,"In the hallway, a short distance separates Li and the book.","In the hallway, a long distance separates Li and the book.",The book is close to Li.,The book is far from Li.,11,13,11,13,6,7,6,7
hallway__name_li__obj_book__distance_phrase__person_first,close_far_matched_scenes,1.1,hallway__name_li__obj_book,hallway__name_li__obj_book__person_first,hallway__name_li__obj_book__distance_phrase,name_li__obj_book__distance_phrase__person_first,hallway,hallway,ends,name_li,Li,obj_book,book,distance_phrase,distance_magnitude_phrase,locative_distance_subject,person_first,person_first,False,True,False,False,False,True,False,"In the hallway, a short distance separates Li and the book.","In the hallway, a long distance separates Li and the book.",Li is close to the book.,Li is far from the book.,11,13,11,13,6,7,6,7
hallway__name_li__obj_book__distance_phrase_object_first__object_first,close_far_matched_scenes,1.1,hallway__name_li__obj_book,hallway__name_li__obj_book__object_first,hallway__name_li__obj_book__distance_phrase_object_first,name_li__obj_book__distance_phrase_object_first__object_first,hallway,hallway,ends,name_li,Li,obj_book,book,distance_phrase_object_first,distance_magnitude_phrase,locative_distance_subject,object_first,object_first,False,True,False,False,False,True,False,"In the hallway, a short distance separates the book and Li.","In the hallway, a long distance separates the book and Li.",The book is close to Li.,The book is far from Li.,11,13,11,13,6,7,6,7
hallway__name_li__obj_book__distance_phrase_object_first__person_first,close_far_matched_scenes,1.1,hallway__name_li__obj_book,hallway__name_li__obj_book__person_first,hallway__name_li__obj_book__distance_phrase_object_first,name_li__obj_book__distance_phrase_object_first__person_first,hallway,hallway,ends,name_li,Li,obj_book,book,distance_phrase_object_first,distance_magnitude_phrase,locative_distance_subject,object_first,person_first,True,True,False,False,False,True,False,"In the hallway, a short distance separates the book and Li.","In the hallway, a long distance separates the book and Li.",Li is close to the book.,Li is far from the book.,11,13,11,13,6,7,6,7
hallway__name_li__obj_book__endpoint_placement__object_first,close_far_matched_scenes,1.1,hallway__name_li__obj_book,hallway__name_li__obj_book__object_first,hallway__name_li__obj_book__endpoint_placement,name_li__obj_book__endpoint_placement__object_first,hallway,hallway,ends,name_li,Li,obj_book,book,endpoint_placement,physical_endpoint_placement,two_sentence_person_then_object,person_first,object_first,True,True,True,True,False,False,False,"In the hallway, Li stands at one end. The book rests at Li's feet.","In the hallway, Li stands at one end. The book rests at the opposite end.",The book is close to Li.,The book is far from Li.,15,18,15,18,6,7,6,7
hallway__name_li__obj_book__endpoint_placement__person_first,close_far_matched_scenes,1.1,hallway__name_li__obj_book,hallway__name_li__obj_book__person_first,hallway__name_li__obj_book__endpoint_placement,name_li__obj_book__endpoint_placement__person_first,hallway,hallway,ends,name_li,Li,obj_book,book,endpoint_placement,physical_endpoint_placement,two_sentence_person_then_object,person_first,person_first,False,True,True,True,False,False,False,"In the hallway, Li stands at one end. The book rests at Li's feet.","In the hallway, Li stands at one end. The book rests at the opposite end.",Li is close to the book.,Li is far from the book.,15,18,15,18,6,7,6,7
hallway__name_li__obj_cone__direct_label__object_first,close_far_matched_scenes,1.1,hallway__name_li__obj_cone,hallway__name_li__obj_cone__object_first,hallway__name_li__obj_cone__direct_label,name_li__obj_cone__direct_label__object_first,hallway,hallway,ends,name_li,Li,obj_cone,cone,direct_label,explicit_relation,locative_object_subject,object_first,object_first,False,True,False,False,True,False,True,"In the hallway, the cone is close to Li.","In the hallway, the cone is far from Li.",The cone is close to Li.,The cone is far from Li.,9,11,9,11,6,7,6,7
hallway__name_li__obj_cone__direct_label__person_first,close_far_matched_scenes,1.1,hallway__name_li__obj_cone,hallway__name_li__obj_cone__person_first,hallway__name_li__obj_cone__direct_label,name_li__obj_cone__direct_label__person_first,hallway,hallway,ends,name_li,Li,obj_cone,cone,direct_label,explicit_relation,locative_object_subject,object_first,person_first,True,True,False,False,True,False,False,"In the hallway, the cone is close to Li.","In the hallway, the cone is far from Li.",Li is close to the cone.,Li is far from the cone.,9,11,9,11,6,7,6,7
hallway__name_li__obj_cone__distance_phrase__object_first,close_far_matched_scenes,1.1,hallway__name_li__obj_cone,hallway__name_li__obj_cone__object_first,hallway__name_li__obj_cone__distance_phrase,name_li__obj_cone__distance_phrase__object_first,hallway,hallway,ends,name_li,Li,obj_cone,cone,distance_phrase,distance_magnitude_phrase,locative_distance_subject,person_first,object_first,True,True,False,False,False,True,False,"In the hallway, a short distance separates Li and the cone.","In the hallway, a long distance separates Li and the cone.",The cone is close to Li.,The cone is far from Li.,11,13,11,13,6,7,6,7
hallway__name_li__obj_cone__distance_phrase__person_first,close_far_matched_scenes,1.1,hallway__name_li__obj_cone,hallway__name_li__obj_cone__person_first,hallway__name_li__obj_cone__distance_phrase,name_li__obj_cone__distance_phrase__person_first,hallway,hallway,ends,name_li,Li,obj_cone,cone,distance_phrase,distance_magnitude_phrase,locative_distance_subject,person_first,person_first,False,True,False,False,False,True,False,"In the hallway, a short distance separates Li and the cone.","In the hallway, a long distance separates Li and the cone.",Li is close to the cone.,Li is far from the cone.,11,13,11,13,6,7,6,7
hallway__name_li__obj_cone__distance_phrase_object_first__object_first,close_far_matched_scenes,1.1,hallway__name_li__obj_cone,hallway__name_li__obj_cone__object_first,hallway__name_li__obj_cone__distance_phrase_object_first,name_li__obj_cone__distance_phrase_object_first__object_first,hallway,hallway,ends,name_li,Li,obj_cone,cone,distance_phrase_object_first,distance_magnitude_phrase,locative_distance_subject,object_first,object_first,False,True,False,False,False,True,False,"In the hallway, a short distance separates the cone and Li.","In the hallway, a long distance separates the cone and Li.",The cone is close to Li.,The cone is far from Li.,11,13,11,13,6,7,6,7
hallway__name_li__obj_cone__distance_phrase_object_first__person_first,close_far_matched_scenes,1.1,hallway__name_li__obj_cone,hallway__name_li__obj_cone__person_first,hallway__name_li__obj_cone__distance_phrase_object_first,name_li__obj_cone__distance_phrase_object_first__person_first,hallway,hallway,ends,name_li,Li,obj_cone,cone,distance_phrase_object_first,distance_magnitude_phrase,locative_distance_subject,object_first,person_first,True,True,False,False,False,True,False,"In the hallway, a short distance separates the cone and Li.","In the hallway, a long distance separates the cone and Li.",Li is close to the cone.,Li is far from the cone.,11,13,11,13,6,7,6,7
hallway__name_li__obj_cone__endpoint_placement__object_first,close_far_matched_scenes,1.1,hallway__name_li__obj_cone,hallway__name_li__obj_cone__object_first,hallway__name_li__obj_cone__endpoint_placement,name_li__obj_cone__endpoint_placement__object_first,hallway,hallway,ends,name_li,Li,obj_cone,cone,endpoint_placement,physical_endpoint_placement,two_sentence_person_then_object,person_first,object_first,True,True,True,True,False,False,False,"In the hallway, Li stands at one end. The cone rests at Li's feet.","In the hallway, Li stands at one end. The cone rests at the opposite end.",The cone is close to Li.,The cone is far from Li.,15,18,15,18,6,7,6,7
hallway__name_li__obj_cone__endpoint_placement__person_first,close_far_matched_scenes,1.1,hallway__name_li__obj_cone,hallway__name_li__obj_cone__person_first,hallway__name_li__obj_cone__endpoint_placement,name_li__obj_cone__endpoint_placement__person_first,hallway,hallway,ends,name_li,Li,obj_cone,cone,endpoint_placement,physical_endpoint_placement,two_sentence_person_then_object,person_first,person_first,False,True,True,True,False,False,False,"In the hallway, Li stands at one end. The cone rests at Li's feet.","In the hallway, Li stands at one end. The cone rests at the opposite end.",Li is close to the cone.,Li is far from the cone.,15,18,15,18,6,7,6,7
hallway__name_li__obj_helmet__direct_label__object_first,close_far_matched_scenes,1.1,hallway__name_li__obj_helmet,hallway__name_li__obj_helmet__object_first,hallway__name_li__obj_helmet__direct_label,name_li__obj_helmet__direct_label__object_first,hallway,hallway,ends,name_li,Li,obj_helmet,helmet,direct_label,explicit_relation,locative_object_subject,object_first,object_first,False,True,False,False,True,False,True,"In the hallway, the helmet is close to Li.","In the hallway, the helmet is far from Li.",The helmet is close to Li.,The helmet is far from Li.,9,11,9,11,6,7,6,7
hallway__name_li__obj_helmet__direct_label__person_first,close_far_matched_scenes,1.1,hallway__name_li__obj_helmet,hallway__name_li__obj_helmet__person_first,hallway__name_li__obj_helmet__direct_label,name_li__obj_helmet__direct_label__person_first,hallway,hallway,ends,name_li,Li,obj_helmet,helmet,direct_label,explicit_relation,locative_object_subject,object_first,person_first,True,True,False,False,True,False,False,"In the hallway, the helmet is close to Li.","In the hallway, the helmet is far from Li.",Li is close to the helmet.,Li is far from the helmet.,9,11,9,11,6,7,6,7
hallway__name_li__obj_helmet__distance_phrase__object_first,close_far_matched_scenes,1.1,hallway__name_li__obj_helmet,hallway__name_li__obj_helmet__object_first,hallway__name_li__obj_helmet__distance_phrase,name_li__obj_helmet__distance_phrase__object_first,hallway,hallway,ends,name_li,Li,obj_helmet,helmet,distance_phrase,distance_magnitude_phrase,locative_distance_subject,person_first,object_first,True,True,False,False,False,True,False,"In the hallway, a short distance separates Li and the helmet.","In the hallway, a long distance separates Li and the helmet.",The helmet is close to Li.,The helmet is far from Li.,11,13,11,13,6,7,6,7
hallway__name_li__obj_helmet__distance_phrase__person_first,close_far_matched_scenes,1.1,hallway__name_li__obj_helmet,hallway__name_li__obj_helmet__person_first,hallway__name_li__obj_helmet__distance_phrase,name_li__obj_helmet__distance_phrase__person_first,hallway,hallway,ends,name_li,Li,obj_helmet,helmet,distance_phrase,distance_magnitude_phrase,locative_distance_subject,person_first,person_first,False,True,False,False,False,True,False,"In the hallway, a short distance separates Li and the helmet.","In the hallway, a long distance separates Li and the helmet.",Li is close to the helmet.,Li is far from the helmet.,11,13,11,13,6,7,6,7
hallway__name_li__obj_helmet__distance_phrase_object_first__object_first,close_far_matched_scenes,1.1,hallway__name_li__obj_helmet,hallway__name_li__obj_helmet__object_first,hallway__name_li__obj_helmet__distance_phrase_object_first,name_li__obj_helmet__distance_phrase_object_first__object_first,hallway,hallway,ends,name_li,Li,obj_helmet,helmet,distance_phrase_object_first,distance_magnitude_phrase,locative_distance_subject,object_first,object_first,False,True,False,False,False,True,False,"In the hallway, a short distance separates the helmet and Li.","In the hallway, a long distance separates the helmet and Li.",The helmet is close to Li.,The helmet is far from Li.,11,13,11,13,6,7,6,7
hallway__name_li__obj_helmet__distance_phrase_object_first__person_first,close_far_matched_scenes,1.1,hallway__name_li__obj_helmet,hallway__name_li__obj_helmet__person_first,hallway__name_li__obj_helmet__distance_phrase_object_first,name_li__obj_helmet__distance_phrase_object_first__person_first,hallway,hallway,ends,name_li,Li,obj_helmet,helmet,distance_phrase_object_first,distance_magnitude_phrase,locative_distance_subject,object_first,person_first,True,True,False,False,False,True,False,"In the hallway, a short distance separates the helmet and Li.","In the hallway, a long distance separates the helmet and Li.",Li is close to the helmet.,Li is far from the helmet.,11,13,11,13,6,7,6,7
hallway__name_li__obj_helmet__endpoint_placement__object_first,close_far_matched_scenes,1.1,hallway__name_li__obj_helmet,hallway__name_li__obj_helmet__object_first,hallway__name_li__obj_helmet__endpoint_placement,name_li__obj_helmet__endpoint_placement__object_first,hallway,hallway,ends,name_li,Li,obj_helmet,helmet,endpoint_placement,physical_endpoint_placement,two_sentence_person_then_object,person_first,object_first,True,True,True,True,False,False,False,"In the hallway, Li stands at one end. The helmet rests at Li's feet.","In the hallway, Li stands at one end. The helmet rests at the opposite end.",The helmet is close to Li.,The helmet is far from Li.,15,18,15,18,6,7,6,7
hallway__name_li__obj_helmet__endpoint_placement__person_first,close_far_matched_scenes,1.1,hallway__name_li__obj_helmet,hallway__name_li__obj_helmet__person_first,hallway__name_li__obj_helmet__endpoint_placement,name_li__obj_helmet__endpoint_placement__person_first,hallway,hallway,ends,name_li,Li,obj_helmet,helmet,endpoint_placement,physical_endpoint_placement,two_sentence_person_then_object,person_first,person_first,False,True,True,True,False,False,False,"In the hallway, Li stands at one end. The helmet rests at Li's feet.","In the hallway, Li stands at one end. The helmet rests at the opposite end.",Li is close to the helmet.,Li is far from the helmet.,15,18,15,18,6,7,6,7
hallway__name_li__obj_cup__direct_label__object_first,close_far_matched_scenes,1.1,hallway__name_li__obj_cup,hallway__name_li__obj_cup__object_first,hallway__name_li__obj_cup__direct_label,name_li__obj_cup__direct_label__object_first,hallway,hallway,ends,name_li,Li,obj_cup,cup,direct_label,explicit_relation,locative_object_subject,object_first,object_first,False,True,False,False,True,False,True,"In the hallway, the cup is close to Li.","In the hallway, the cup is far from Li.",The cup is close to Li.,The cup is far from Li.,9,11,9,11,6,7,6,7
hallway__name_li__obj_cup__direct_label__person_first,close_far_matched_scenes,1.1,hallway__name_li__obj_cup,hallway__name_li__obj_cup__person_first,hallway__name_li__obj_cup__direct_label,name_li__obj_cup__direct_label__person_first,hallway,hallway,ends,name_li,Li,obj_cup,cup,direct_label,explicit_relation,locative_object_subject,object_first,person_first,True,True,False,False,True,False,False,"In the hallway, the cup is close to Li.","In the hallway, the cup is far from Li.",Li is close to the cup.,Li is far from the cup.,9,11,9,11,6,7,6,7
hallway__name_li__obj_cup__distance_phrase__object_first,close_far_matched_scenes,1.1,hallway__name_li__obj_cup,hallway__name_li__obj_cup__object_first,hallway__name_li__obj_cup__distance_phrase,name_li__obj_cup__distance_phrase__object_first,hallway,hallway,ends,name_li,Li,obj_cup,cup,distance_phrase,distance_magnitude_phrase,locative_distance_subject,person_first,object_first,True,True,False,False,False,True,False,"In the hallway, a short distance separates Li and the cup.","In the hallway, a long distance separates Li and the cup.",The cup is close to Li.,The cup is far from Li.,11,13,11,13,6,7,6,7
hallway__name_li__obj_cup__distance_phrase__person_first,close_far_matched_scenes,1.1,hallway__name_li__obj_cup,hallway__name_li__obj_cup__person_first,hallway__name_li__obj_cup__distance_phrase,name_li__obj_cup__distance_phrase__person_first,hallway,hallway,ends,name_li,Li,obj_cup,cup,distance_phrase,distance_magnitude_phrase,locative_distance_subject,person_first,person_first,False,True,False,False,False,True,False,"In the hallway, a short distance separates Li and the cup.","In the hallway, a long distance separates Li and the cup.",Li is close to the cup.,Li is far from the cup.,11,13,11,13,6,7,6,7
hallway__name_li__obj_cup__distance_phrase_object_first__object_first,close_far_matched_scenes,1.1,hallway__name_li__obj_cup,hallway__name_li__obj_cup__object_first,hallway__name_li__obj_cup__distance_phrase_object_first,name_li__obj_cup__distance_phrase_object_first__object_first,hallway,hallway,ends,name_li,Li,obj_cup,cup,distance_phrase_object_first,distance_magnitude_phrase,locative_distance_subject,object_first,object_first,False,True,False,False,False,True,False,"In the hallway, a short distance separates the cup and Li.","In the hallway, a long distance separates the cup and Li.",The cup is close to Li.,The cup is far from Li.,11,13,11,13,6,7,6,7
hallway__name_li__obj_cup__distance_phrase_object_first__person_first,close_far_matched_scenes,1.1,hallway__name_li__obj_cup,hallway__name_li__obj_cup__person_first,hallway__name_li__obj_cup__distance_phrase_object_first,name_li__obj_cup__distance_phrase_object_first__person_first,hallway,hallway,ends,name_li,Li,obj_cup,cup,distance_phrase_object_first,distance_magnitude_phrase,locative_distance_subject,object_first,person_first,True,True,False,False,False,True,False,"In the hallway, a short distance separates the cup and Li.","In the hallway, a long distance separates the cup and Li.",Li is close to the cup.,Li is far from the cup.,11,13,11,13,6,7,6,7
hallway__name_li__obj_cup__endpoint_placement__object_first,close_far_matched_scenes,1.1,hallway__name_li__obj_cup,hallway__name_li__obj_cup__object_first,hallway__name_li__obj_cup__endpoint_placement,name_li__obj_cup__endpoint_placement__object_first,hallway,hallway,ends,name_li,Li,obj_cup,cup,endpoint_placement,physical_endpoint_placement,two_sentence_person_then_object,person_first,object_first,True,True,True,True,False,False,False,"In the hallway, Li stands at one end. The cup rests at Li's feet.","In the hallway, Li stands at one end. The cup rests at the opposite end.",The cup is close to Li.,The cup is far from Li.,15,18,15,18,6,7,6,7
hallway__name_li__obj_cup__endpoint_placement__person_first,close_far_matched_scenes,1.1,hallway__name_li__obj_cup,hallway__name_li__obj_cup__person_first,hallway__name_li__obj_cup__endpoint_placement,name_li__obj_cup__endpoint_placement__person_first,hallway,hallway,ends,name_li,Li,obj_cup,cup,endpoint_placement,physical_endpoint_placement,two_sentence_person_then_object,person_first,person_first,False,True,True,True,False,False,False,"In the hallway, Li stands at one end. The cup rests at Li's feet.","In the hallway, Li stands at one end. The cup rests at the opposite end.",Li is close to the cup.,Li is far from the cup.,15,18,15,18,6,7,6,7
hallway__name_li__obj_key__direct_label__object_first,close_far_matched_scenes,1.1,hallway__name_li__obj_key,hallway__name_li__obj_key__object_first,hallway__name_li__obj_key__direct_label,name_li__obj_key__direct_label__object_first,hallway,hallway,ends,name_li,Li,obj_key,key,direct_label,explicit_relation,locative_object_subject,object_first,object_first,False,True,False,False,True,False,True,"In the hallway, the key is close to Li.","In the hallway, the key is far from Li.",The key is close to Li.,The key is far from Li.,9,11,9,11,6,7,6,7
hallway__name_li__obj_key__direct_label__person_first,close_far_matched_scenes,1.1,hallway__name_li__obj_key,hallway__name_li__obj_key__person_first,hallway__name_li__obj_key__direct_label,name_li__obj_key__direct_label__person_first,hallway,hallway,ends,name_li,Li,obj_key,key,direct_label,explicit_relation,locative_object_subject,object_first,person_first,True,True,False,False,True,False,False,"In the hallway, the key is close to Li.","In the hallway, the key is far from Li.",Li is close to the key.,Li is far from the key.,9,11,9,11,6,7,6,7
hallway__name_li__obj_key__distance_phrase__object_first,close_far_matched_scenes,1.1,hallway__name_li__obj_key,hallway__name_li__obj_key__object_first,hallway__name_li__obj_key__distance_phrase,name_li__obj_key__distance_phrase__object_first,hallway,hallway,ends,name_li,Li,obj_key,key,distance_phrase,distance_magnitude_phrase,locative_distance_subject,person_first,object_first,True,True,False,False,False,True,False,"In the hallway, a short distance separates Li and the key.","In the hallway, a long distance separates Li and the key.",The key is close to Li.,The key is far from Li.,11,13,11,13,6,7,6,7
hallway__name_li__obj_key__distance_phrase__person_first,close_far_matched_scenes,1.1,hallway__name_li__obj_key,hallway__name_li__obj_key__person_first,hallway__name_li__obj_key__distance_phrase,name_li__obj_key__distance_phrase__person_first,hallway,hallway,ends,name_li,Li,obj_key,key,distance_phrase,distance_magnitude_phrase,locative_distance_subject,person_first,person_first,False,True,False,False,False,True,False,"In the hallway, a short distance separates Li and the key.","In the hallway, a long distance separates Li and the key.",Li is close to the key.,Li is far from the key.,11,13,11,13,6,7,6,7
hallway__name_li__obj_key__distance_phrase_object_first__object_first,close_far_matched_scenes,1.1,hallway__name_li__obj_key,hallway__name_li__obj_key__object_first,hallway__name_li__obj_key__distance_phrase_object_first,name_li__obj_key__distance_phrase_object_first__object_first,hallway,hallway,ends,name_li,Li,obj_key,key,distance_phrase_object_first,distance_magnitude_phrase,locative_distance_subject,object_first,object_first,False,True,False,False,False,True,False,"In the hallway, a short distance separates the key and Li.","In the hallway, a long distance separates the key and Li.",The key is close to Li.,The key is far from Li.,11,13,11,13,6,7,6,7
hallway__name_li__obj_key__distance_phrase_object_first__person_first,close_far_matched_scenes,1.1,hallway__name_li__obj_key,hallway__name_li__obj_key__person_first,hallway__name_li__obj_key__distance_phrase_object_first,name_li__obj_key__distance_phrase_object_first__person_first,hallway,hallway,ends,name_li,Li,obj_key,key,distance_phrase_object_first,distance_magnitude_phrase,locative_distance_subject,object_first,person_first,True,True,False,False,False,True,False,"In the hallway, a short distance separates the key and Li.","In the hallway, a long distance separates the key and Li.",Li is close to the key.,Li is far from the key.,11,13,11,13,6,7,6,7
hallway__name_li__obj_key__endpoint_placement__object_first,close_far_matched_scenes,1.1,hallway__name_li__obj_key,hallway__name_li__obj_key__object_first,hallway__name_li__obj_key__endpoint_placement,name_li__obj_key__endpoint_placement__object_first,hallway,hallway,ends,name_li,Li,obj_key,key,endpoint_placement,physical_endpoint_placement,two_sentence_person_then_object,person_first,object_first,True,True,True,True,False,False,False,"In the hallway, Li stands at one end. The key rests at Li's feet.","In the hallway, Li stands at one end. The key rests at the opposite end.",The key is close to Li.,The key is far from Li.,15,18,15,18,6,7,6,7
hallway__name_li__obj_key__endpoint_placement__person_first,close_far_matched_scenes,1.1,hallway__name_li__obj_key,hallway__name_li__obj_key__person_first,hallway__name_li__obj_key__endpoint_placement,name_li__obj_key__endpoint_placement__person_first,hallway,hallway,ends,name_li,Li,obj_key,key,endpoint_placement,physical_endpoint_placement,two_sentence_person_then_object,person_first,person_first,False,True,True,True,False,False,False,"In the hallway, Li stands at one end. The key rests at Li's feet.","In the hallway, Li stands at one end. The key rests at the opposite end.",Li is close to the key.,Li is far from the key.,15,18,15,18,6,7,6,7
hallway__name_li__obj_box__direct_label__object_first,close_far_matched_scenes,1.1,hallway__name_li__obj_box,hallway__name_li__obj_box__object_first,hallway__name_li__obj_box__direct_label,name_li__obj_box__direct_label__object_first,hallway,hallway,ends,name_li,Li,obj_box,box,direct_label,explicit_relation,locative_object_subject,object_first,object_first,False,True,False,False,True,False,True,"In the hallway, the box is close to Li.","In the hallway, the box is far from Li.",The box is close to Li.,The box is far from Li.,9,11,9,11,6,7,6,7
hallway__name_li__obj_box__direct_label__person_first,close_far_matched_scenes,1.1,hallway__name_li__obj_box,hallway__name_li__obj_box__person_first,hallway__name_li__obj_box__direct_label,name_li__obj_box__direct_label__person_first,hallway,hallway,ends,name_li,Li,obj_box,box,direct_label,explicit_relation,locative_object_subject,object_first,person_first,True,True,False,False,True,False,False,"In the hallway, the box is close to Li.","In the hallway, the box is far from Li.",Li is close to the box.,Li is far from the box.,9,11,9,11,6,7,6,7
hallway__name_li__obj_box__distance_phrase__object_first,close_far_matched_scenes,1.1,hallway__name_li__obj_box,hallway__name_li__obj_box__object_first,hallway__name_li__obj_box__distance_phrase,name_li__obj_box__distance_phrase__object_first,hallway,hallway,ends,name_li,Li,obj_box,box,distance_phrase,distance_magnitude_phrase,locative_distance_subject,person_first,object_first,True,True,False,False,False,True,False,"In the hallway, a short distance separates Li and the box.","In the hallway, a long distance separates Li and the box.",The box is close to Li.,The box is far from Li.,11,13,11,13,6,7,6,7
hallway__name_li__obj_box__distance_phrase__person_first,close_far_matched_scenes,1.1,hallway__name_li__obj_box,hallway__name_li__obj_box__person_first,hallway__name_li__obj_box__distance_phrase,name_li__obj_box__distance_phrase__person_first,hallway,hallway,ends,name_li,Li,obj_box,box,distance_phrase,distance_magnitude_phrase,locative_distance_subject,person_first,person_first,False,True,False,False,False,True,False,"In the hallway, a short distance separates Li and the box.","In the hallway, a long distance separates Li and the box.",Li is close to the box.,Li is far from the box.,11,13,11,13,6,7,6,7
hallway__name_li__obj_box__distance_phrase_object_first__object_first,close_far_matched_scenes,1.1,hallway__name_li__obj_box,hallway__name_li__obj_box__object_first,hallway__name_li__obj_box__distance_phrase_object_first,name_li__obj_box__distance_phrase_object_first__object_first,hallway,hallway,ends,name_li,Li,obj_box,box,distance_phrase_object_first,distance_magnitude_phrase,locative_distance_subject,object_first,object_first,False,True,False,False,False,True,False,"In the hallway, a short distance separates the box and Li.","In the hallway, a long distance separates the box and Li.",The box is close to Li.,The box is far from Li.,11,13,11,13,6,7,6,7
hallway__name_li__obj_box__distance_phrase_object_first__person_first,close_far_matched_scenes,1.1,hallway__name_li__obj_box,hallway__name_li__obj_box__person_first,hallway__name_li__obj_box__distance_phrase_object_first,name_li__obj_box__distance_phrase_object_first__person_first,hallway,hallway,ends,name_li,Li,obj_box,box,distance_phrase_object_first,distance_magnitude_phrase,locative_distance_subject,object_first,person_first,True,True,False,False,False,True,False,"In the hallway, a short distance separates the box and Li.","In the hallway, a long distance separates the box and Li.",Li is close to the box.,Li is far from the box.,11,13,11,13,6,7,6,7
hallway__name_li__obj_box__endpoint_placement__object_first,close_far_matched_scenes,1.1,hallway__name_li__obj_box,hallway__name_li__obj_box__object_first,hallway__name_li__obj_box__endpoint_placement,name_li__obj_box__endpoint_placement__object_first,hallway,hallway,ends,name_li,Li,obj_box,box,endpoint_placement,physical_endpoint_placement,two_sentence_person_then_object,person_first,object_first,True,True,True,True,False,False,False,"In the hallway, Li stands at one end. The box rests at Li's feet.","In the hallway, Li stands at one end. The box rests at the opposite end.",The box is close to Li.,The box is far from Li.,15,18,15,18,6,7,6,7
hallway__name_li__obj_box__endpoint_placement__person_first,close_far_matched_scenes,1.1,hallway__name_li__obj_box,hallway__name_li__obj_box__person_first,hallway__name_li__obj_box__endpoint_placement,name_li__obj_box__endpoint_placement__person_first,hallway,hallway,ends,name_li,Li,obj_box,box,endpoint_placement,physical_endpoint_placement,two_sentence_person_then_object,person_first,person_first,False,True,True,True,False,False,False,"In the hallway, Li stands at one end. The box rests at Li's feet.","In the hallway, Li stands at one end. The box rests at the opposite end.",Li is close to the box.,Li is far from the box.,15,18,15,18,6,7,6,7
hallway__name_omar__obj_ball__direct_label__object_first,close_far_matched_scenes,1.1,hallway__name_omar__obj_ball,hallway__name_omar__obj_ball__object_first,hallway__name_omar__obj_ball__direct_label,name_omar__obj_ball__direct_label__object_first,hallway,hallway,ends,name_omar,Omar,obj_ball,ball,direct_label,explicit_relation,locative_object_subject,object_first,object_first,False,True,False,False,True,False,True,"In the hallway, the ball is close to Omar.","In the hallway, the ball is far from Omar.",The ball is close to Omar.,The ball is far from Omar.,9,11,9,11,6,7,6,7
hallway__name_omar__obj_ball__direct_label__person_first,close_far_matched_scenes,1.1,hallway__name_omar__obj_ball,hallway__name_omar__obj_ball__person_first,hallway__name_omar__obj_ball__direct_label,name_omar__obj_ball__direct_label__person_first,hallway,hallway,ends,name_omar,Omar,obj_ball,ball,direct_label,explicit_relation,locative_object_subject,object_first,person_first,True,True,False,False,True,False,False,"In the hallway, the ball is close to Omar.","In the hallway, the ball is far from Omar.",Omar is close to the ball.,Omar is far from the ball.,9,11,9,11,6,8,6,8
hallway__name_omar__obj_ball__distance_phrase__object_first,close_far_matched_scenes,1.1,hallway__name_omar__obj_ball,hallway__name_omar__obj_ball__object_first,hallway__name_omar__obj_ball__distance_phrase,name_omar__obj_ball__distance_phrase__object_first,hallway,hallway,ends,name_omar,Omar,obj_ball,ball,distance_phrase,distance_magnitude_phrase,locative_distance_subject,person_first,object_first,True,True,False,False,False,True,False,"In the hallway, a short distance separates Omar and the ball.","In the hallway, a long distance separates Omar and the ball.",The ball is close to Omar.,The ball is far from Omar.,11,13,11,13,6,7,6,7
hallway__name_omar__obj_ball__distance_phrase__person_first,close_far_matched_scenes,1.1,hallway__name_omar__obj_ball,hallway__name_omar__obj_ball__person_first,hallway__name_omar__obj_ball__distance_phrase,name_omar__obj_ball__distance_phrase__person_first,hallway,hallway,ends,name_omar,Omar,obj_ball,ball,distance_phrase,distance_magnitude_phrase,locative_distance_subject,person_first,person_first,False,True,False,False,False,True,False,"In the hallway, a short distance separates Omar and the ball.","In the hallway, a long distance separates Omar and the ball.",Omar is close to the ball.,Omar is far from the ball.,11,13,11,13,6,8,6,8
hallway__name_omar__obj_ball__distance_phrase_object_first__object_first,close_far_matched_scenes,1.1,hallway__name_omar__obj_ball,hallway__name_omar__obj_ball__object_first,hallway__name_omar__obj_ball__distance_phrase_object_first,name_omar__obj_ball__distance_phrase_object_first__object_first,hallway,hallway,ends,name_omar,Omar,obj_ball,ball,distance_phrase_object_first,distance_magnitude_phrase,locative_distance_subject,object_first,object_first,False,True,False,False,False,True,False,"In the hallway, a short distance separates the ball and Omar.","In the hallway, a long distance separates the ball and Omar.",The ball is close to Omar.,The ball is far from Omar.,11,13,11,13,6,7,6,7
hallway__name_omar__obj_ball__distance_phrase_object_first__person_first,close_far_matched_scenes,1.1,hallway__name_omar__obj_ball,hallway__name_omar__obj_ball__person_first,hallway__name_omar__obj_ball__distance_phrase_object_first,name_omar__obj_ball__distance_phrase_object_first__person_first,hallway,hallway,ends,name_omar,Omar,obj_ball,ball,distance_phrase_object_first,distance_magnitude_phrase,locative_distance_subject,object_first,person_first,True,True,False,False,False,True,False,"In the hallway, a short distance separates the ball and Omar.","In the hallway, a long distance separates the ball and Omar.",Omar is close to the ball.,Omar is far from the ball.,11,13,11,13,6,8,6,8
hallway__name_omar__obj_ball__endpoint_placement__object_first,close_far_matched_scenes,1.1,hallway__name_omar__obj_ball,hallway__name_omar__obj_ball__object_first,hallway__name_omar__obj_ball__endpoint_placement,name_omar__obj_ball__endpoint_placement__object_first,hallway,hallway,ends,name_omar,Omar,obj_ball,ball,endpoint_placement,physical_endpoint_placement,two_sentence_person_then_object,person_first,object_first,True,True,True,True,False,False,False,"In the hallway, Omar stands at one end. The ball rests at Omar's feet.","In the hallway, Omar stands at one end. The ball rests at the opposite end.",The ball is close to Omar.,The ball is far from Omar.,15,18,15,18,6,7,6,7
hallway__name_omar__obj_ball__endpoint_placement__person_first,close_far_matched_scenes,1.1,hallway__name_omar__obj_ball,hallway__name_omar__obj_ball__person_first,hallway__name_omar__obj_ball__endpoint_placement,name_omar__obj_ball__endpoint_placement__person_first,hallway,hallway,ends,name_omar,Omar,obj_ball,ball,endpoint_placement,physical_endpoint_placement,two_sentence_person_then_object,person_first,person_first,False,True,True,True,False,False,False,"In the hallway, Omar stands at one end. The ball rests at Omar's feet.","In the hallway, Omar stands at one end. The ball rests at the opposite end.",Omar is close to the ball.,Omar is far from the ball.,15,18,15,18,6,8,6,8
hallway__name_omar__obj_bag__direct_label__object_first,close_far_matched_scenes,1.1,hallway__name_omar__obj_bag,hallway__name_omar__obj_bag__object_first,hallway__name_omar__obj_bag__direct_label,name_omar__obj_bag__direct_label__object_first,hallway,hallway,ends,name_omar,Omar,obj_bag,bag,direct_label,explicit_relation,locative_object_subject,object_first,object_first,False,True,False,False,True,False,True,"In the hallway, the bag is close to Omar.","In the hallway, the bag is far from Omar.",The bag is close to Omar.,The bag is far from Omar.,9,11,9,11,6,7,6,7
hallway__name_omar__obj_bag__direct_label__person_first,close_far_matched_scenes,1.1,hallway__name_omar__obj_bag,hallway__name_omar__obj_bag__person_first,hallway__name_omar__obj_bag__direct_label,name_omar__obj_bag__direct_label__person_first,hallway,hallway,ends,name_omar,Omar,obj_bag,bag,direct_label,explicit_relation,locative_object_subject,object_first,person_first,True,True,False,False,True,False,False,"In the hallway, the bag is close to Omar.","In the hallway, the bag is far from Omar.",Omar is close to the bag.,Omar is far from the bag.,9,11,9,11,6,8,6,8
hallway__name_omar__obj_bag__distance_phrase__object_first,close_far_matched_scenes,1.1,hallway__name_omar__obj_bag,hallway__name_omar__obj_bag__object_first,hallway__name_omar__obj_bag__distance_phrase,name_omar__obj_bag__distance_phrase__object_first,hallway,hallway,ends,name_omar,Omar,obj_bag,bag,distance_phrase,distance_magnitude_phrase,locative_distance_subject,person_first,object_first,True,True,False,False,False,True,False,"In the hallway, a short distance separates Omar and the bag.","In the hallway, a long distance separates Omar and the bag.",The bag is close to Omar.,The bag is far from Omar.,11,13,11,13,6,7,6,7
hallway__name_omar__obj_bag__distance_phrase__person_first,close_far_matched_scenes,1.1,hallway__name_omar__obj_bag,hallway__name_omar__obj_bag__person_first,hallway__name_omar__obj_bag__distance_phrase,name_omar__obj_bag__distance_phrase__person_first,hallway,hallway,ends,name_omar,Omar,obj_bag,bag,distance_phrase,distance_magnitude_phrase,locative_distance_subject,person_first,person_first,False,True,False,False,False,True,False,"In the hallway, a short distance separates Omar and the bag.","In the hallway, a long distance separates Omar and the bag.",Omar is close to the bag.,Omar is far from the bag.,11,13,11,13,6,8,6,8
hallway__name_omar__obj_bag__distance_phrase_object_first__object_first,close_far_matched_scenes,1.1,hallway__name_omar__obj_bag,hallway__name_omar__obj_bag__object_first,hallway__name_omar__obj_bag__distance_phrase_object_first,name_omar__obj_bag__distance_phrase_object_first__object_first,hallway,hallway,ends,name_omar,Omar,obj_bag,bag,distance_phrase_object_first,distance_magnitude_phrase,locative_distance_subject,object_first,object_first,False,True,False,False,False,True,False,"In the hallway, a short distance separates the bag and Omar.","In the hallway, a long distance separates the bag and Omar.",The bag is close to Omar.,The bag is far from Omar.,11,13,11,13,6,7,6,7
hallway__name_omar__obj_bag__distance_phrase_object_first__person_first,close_far_matched_scenes,1.1,hallway__name_omar__obj_bag,hallway__name_omar__obj_bag__person_first,hallway__name_omar__obj_bag__distance_phrase_object_first,name_omar__obj_bag__distance_phrase_object_first__person_first,hallway,hallway,ends,name_omar,Omar,obj_bag,bag,distance_phrase_object_first,distance_magnitude_phrase,locative_distance_subject,object_first,person_first,True,True,False,False,False,True,False,"In the hallway, a short distance separates the bag and Omar.","In the hallway, a long distance separates the bag and Omar.",Omar is close to the bag.,Omar is far from the bag.,11,13,11,13,6,8,6,8
hallway__name_omar__obj_bag__endpoint_placement__object_first,close_far_matched_scenes,1.1,hallway__name_omar__obj_bag,hallway__name_omar__obj_bag__object_first,hallway__name_omar__obj_bag__endpoint_placement,name_omar__obj_bag__endpoint_placement__object_first,hallway,hallway,ends,name_omar,Omar,obj_bag,bag,endpoint_placement,physical_endpoint_placement,two_sentence_person_then_object,person_first,object_first,True,True,True,True,False,False,False,"In the hallway, Omar stands at one end. The bag rests at Omar's feet.","In the hallway, Omar stands at one end. The bag rests at the opposite end.",The bag is close to Omar.,The bag is far from Omar.,15,18,15,18,6,7,6,7
hallway__name_omar__obj_bag__endpoint_placement__person_first,close_far_matched_scenes,1.1,hallway__name_omar__obj_bag,hallway__name_omar__obj_bag__person_first,hallway__name_omar__obj_bag__endpoint_placement,name_omar__obj_bag__endpoint_placement__person_first,hallway,hallway,ends,name_omar,Omar,obj_bag,bag,endpoint_placement,physical_endpoint_placement,two_sentence_person_then_object,person_first,person_first,False,True,True,True,False,False,False,"In the hallway, Omar stands at one end. The bag rests at Omar's feet.","In the hallway, Omar stands at one end. The bag rests at the opposite end.",Omar is close to the bag.,Omar is far from the bag.,15,18,15,18,6,8,6,8
hallway__name_omar__obj_book__direct_label__object_first,close_far_matched_scenes,1.1,hallway__name_omar__obj_book,hallway__name_omar__obj_book__object_first,hallway__name_omar__obj_book__direct_label,name_omar__obj_book__direct_label__object_first,hallway,hallway,ends,name_omar,Omar,obj_book,book,direct_label,explicit_relation,locative_object_subject,object_first,object_first,False,True,False,False,True,False,True,"In the hallway, the book is close to Omar.","In the hallway, the book is far from Omar.",The book is close to Omar.,The book is far from Omar.,9,11,9,11,6,7,6,7
hallway__name_omar__obj_book__direct_label__person_first,close_far_matched_scenes,1.1,hallway__name_omar__obj_book,hallway__name_omar__obj_book__person_first,hallway__name_omar__obj_book__direct_label,name_omar__obj_book__direct_label__person_first,hallway,hallway,ends,name_omar,Omar,obj_book,book,direct_label,explicit_relation,locative_object_subject,object_first,person_first,True,True,False,False,True,False,False,"In the hallway, the book is close to Omar.","In the hallway, the book is far from Omar.",Omar is close to the book.,Omar is far from the book.,9,11,9,11,6,8,6,8
hallway__name_omar__obj_book__distance_phrase__object_first,close_far_matched_scenes,1.1,hallway__name_omar__obj_book,hallway__name_omar__obj_book__object_first,hallway__name_omar__obj_book__distance_phrase,name_omar__obj_book__distance_phrase__object_first,hallway,hallway,ends,name_omar,Omar,obj_book,book,distance_phrase,distance_magnitude_phrase,locative_distance_subject,person_first,object_first,True,True,False,False,False,True,False,"In the hallway, a short distance separates Omar and the book.","In the hallway, a long distance separates Omar and the book.",The book is close to Omar.,The book is far from Omar.,11,13,11,13,6,7,6,7
hallway__name_omar__obj_book__distance_phrase__person_first,close_far_matched_scenes,1.1,hallway__name_omar__obj_book,hallway__name_omar__obj_book__person_first,hallway__name_omar__obj_book__distance_phrase,name_omar__obj_book__distance_phrase__person_first,hallway,hallway,ends,name_omar,Omar,obj_book,book,distance_phrase,distance_magnitude_phrase,locative_distance_subject,person_first,person_first,False,True,False,False,False,True,False,"In the hallway, a short distance separates Omar and the book.","In the hallway, a long distance separates Omar and the book.",Omar is close to the book.,Omar is far from the book.,11,13,11,13,6,8,6,8
hallway__name_omar__obj_book__distance_phrase_object_first__object_first,close_far_matched_scenes,1.1,hallway__name_omar__obj_book,hallway__name_omar__obj_book__object_first,hallway__name_omar__obj_book__distance_phrase_object_first,name_omar__obj_book__distance_phrase_object_first__object_first,hallway,hallway,ends,name_omar,Omar,obj_book,book,distance_phrase_object_first,distance_magnitude_phrase,locative_distance_subject,object_first,object_first,False,True,False,False,False,True,False,"In the hallway, a short distance separates the book and Omar.","In the hallway, a long distance separates the book and Omar.",The book is close to Omar.,The book is far from Omar.,11,13,11,13,6,7,6,7
hallway__name_omar__obj_book__distance_phrase_object_first__person_first,close_far_matched_scenes,1.1,hallway__name_omar__obj_book,hallway__name_omar__obj_book__person_first,hallway__name_omar__obj_book__distance_phrase_object_first,name_omar__obj_book__distance_phrase_object_first__person_first,hallway,hallway,ends,name_omar,Omar,obj_book,book,distance_phrase_object_first,distance_magnitude_phrase,locative_distance_subject,object_first,person_first,True,True,False,False,False,True,False,"In the hallway, a short distance separates the book and Omar.","In the hallway, a long distance separates the book and Omar.",Omar is close to the book.,Omar is far from the book.,11,13,11,13,6,8,6,8
hallway__name_omar__obj_book__endpoint_placement__object_first,close_far_matched_scenes,1.1,hallway__name_omar__obj_book,hallway__name_omar__obj_book__object_first,hallway__name_omar__obj_book__endpoint_placement,name_omar__obj_book__endpoint_placement__object_first,hallway,hallway,ends,name_omar,Omar,obj_book,book,endpoint_placement,physical_endpoint_placement,two_sentence_person_then_object,person_first,object_first,True,True,True,True,False,False,False,"In the hallway, Omar stands at one end. The book rests at Omar's feet.","In the hallway, Omar stands at one end. The book rests at the opposite end.",The book is close to Omar.,The book is far from Omar.,15,18,15,18,6,7,6,7
hallway__name_omar__obj_book__endpoint_placement__person_first,close_far_matched_scenes,1.1,hallway__name_omar__obj_book,hallway__name_omar__obj_book__person_first,hallway__name_omar__obj_book__endpoint_placement,name_omar__obj_book__endpoint_placement__person_first,hallway,hallway,ends,name_omar,Omar,obj_book,book,endpoint_placement,physical_endpoint_placement,two_sentence_person_then_object,person_first,person_first,False,True,True,True,False,False,False,"In the hallway, Omar stands at one end. The book rests at Omar's feet.","In the hallway, Omar stands at one end. The book rests at the opposite end.",Omar is close to the book.,Omar is far from the book.,15,18,15,18,6,8,6,8
hallway__name_omar__obj_cone__direct_label__object_first,close_far_matched_scenes,1.1,hallway__name_omar__obj_cone,hallway__name_omar__obj_cone__object_first,hallway__name_omar__obj_cone__direct_label,name_omar__obj_cone__direct_label__object_first,hallway,hallway,ends,name_omar,Omar,obj_cone,cone,direct_label,explicit_relation,locative_object_subject,object_first,object_first,False,True,False,False,True,False,True,"In the hallway, the cone is close to Omar.","In the hallway, the cone is far from Omar.",The cone is close to Omar.,The cone is far from Omar.,9,11,9,11,6,7,6,7
hallway__name_omar__obj_cone__direct_label__person_first,close_far_matched_scenes,1.1,hallway__name_omar__obj_cone,hallway__name_omar__obj_cone__person_first,hallway__name_omar__obj_cone__direct_label,name_omar__obj_cone__direct_label__person_first,hallway,hallway,ends,name_omar,Omar,obj_cone,cone,direct_label,explicit_relation,locative_object_subject,object_first,person_first,True,True,False,False,True,False,False,"In the hallway, the cone is close to Omar.","In the hallway, the cone is far from Omar.",Omar is close to the cone.,Omar is far from the cone.,9,11,9,11,6,8,6,8
hallway__name_omar__obj_cone__distance_phrase__object_first,close_far_matched_scenes,1.1,hallway__name_omar__obj_cone,hallway__name_omar__obj_cone__object_first,hallway__name_omar__obj_cone__distance_phrase,name_omar__obj_cone__distance_phrase__object_first,hallway,hallway,ends,name_omar,Omar,obj_cone,cone,distance_phrase,distance_magnitude_phrase,locative_distance_subject,person_first,object_first,True,True,False,False,False,True,False,"In the hallway, a short distance separates Omar and the cone.","In the hallway, a long distance separates Omar and the cone.",The cone is close to Omar.,The cone is far from Omar.,11,13,11,13,6,7,6,7
hallway__name_omar__obj_cone__distance_phrase__person_first,close_far_matched_scenes,1.1,hallway__name_omar__obj_cone,hallway__name_omar__obj_cone__person_first,hallway__name_omar__obj_cone__distance_phrase,name_omar__obj_cone__distance_phrase__person_first,hallway,hallway,ends,name_omar,Omar,obj_cone,cone,distance_phrase,distance_magnitude_phrase,locative_distance_subject,person_first,person_first,False,True,False,False,False,True,False,"In the hallway, a short distance separates Omar and the cone.","In the hallway, a long distance separates Omar and the cone.",Omar is close to the cone.,Omar is far from the cone.,11,13,11,13,6,8,6,8
hallway__name_omar__obj_cone__distance_phrase_object_first__object_first,close_far_matched_scenes,1.1,hallway__name_omar__obj_cone,hallway__name_omar__obj_cone__object_first,hallway__name_omar__obj_cone__distance_phrase_object_first,name_omar__obj_cone__distance_phrase_object_first__object_first,hallway,hallway,ends,name_omar,Omar,obj_cone,cone,distance_phrase_object_first,distance_magnitude_phrase,locative_distance_subject,object_first,object_first,False,True,False,False,False,True,False,"In the hallway, a short distance separates the cone and Omar.","In the hallway, a long distance separates the cone and Omar.",The cone is close to Omar.,The cone is far from Omar.,11,13,11,13,6,7,6,7
hallway__name_omar__obj_cone__distance_phrase_object_first__person_first,close_far_matched_scenes,1.1,hallway__name_omar__obj_cone,hallway__name_omar__obj_cone__person_first,hallway__name_omar__obj_cone__distance_phrase_object_first,name_omar__obj_cone__distance_phrase_object_first__person_first,hallway,hallway,ends,name_omar,Omar,obj_cone,cone,distance_phrase_object_first,distance_magnitude_phrase,locative_distance_subject,object_first,person_first,True,True,False,False,False,True,False,"In the hallway, a short distance separates the cone and Omar.","In the hallway, a long distance separates the cone and Omar.",Omar is close to the cone.,Omar is far from the cone.,11,13,11,13,6,8,6,8
hallway__name_omar__obj_cone__endpoint_placement__object_first,close_far_matched_scenes,1.1,hallway__name_omar__obj_cone,hallway__name_omar__obj_cone__object_first,hallway__name_omar__obj_cone__endpoint_placement,name_omar__obj_cone__endpoint_placement__object_first,hallway,hallway,ends,name_omar,Omar,obj_cone,cone,endpoint_placement,physical_endpoint_placement,two_sentence_person_then_object,person_first,object_first,True,True,True,True,False,False,False,"In the hallway, Omar stands at one end. The cone rests at Omar's feet.","In the hallway, Omar stands at one end. The cone rests at the opposite end.",The cone is close to Omar.,The cone is far from Omar.,15,18,15,18,6,7,6,7
hallway__name_omar__obj_cone__endpoint_placement__person_first,close_far_matched_scenes,1.1,hallway__name_omar__obj_cone,hallway__name_omar__obj_cone__person_first,hallway__name_omar__obj_cone__endpoint_placement,name_omar__obj_cone__endpoint_placement__person_first,hallway,hallway,ends,name_omar,Omar,obj_cone,cone,endpoint_placement,physical_endpoint_placement,two_sentence_person_then_object,person_first,person_first,False,True,True,True,False,False,False,"In the hallway, Omar stands at one end. The cone rests at Omar's feet.","In the hallway, Omar stands at one end. The cone rests at the opposite end.",Omar is close to the cone.,Omar is far from the cone.,15,18,15,18,6,8,6,8
hallway__name_omar__obj_helmet__direct_label__object_first,close_far_matched_scenes,1.1,hallway__name_omar__obj_helmet,hallway__name_omar__obj_helmet__object_first,hallway__name_omar__obj_helmet__direct_label,name_omar__obj_helmet__direct_label__object_first,hallway,hallway,ends,name_omar,Omar,obj_helmet,helmet,direct_label,explicit_relation,locative_object_subject,object_first,object_first,False,True,False,False,True,False,True,"In the hallway, the helmet is close to Omar.","In the hallway, the helmet is far from Omar.",The helmet is close to Omar.,The helmet is far from Omar.,9,11,9,11,6,7,6,7
hallway__name_omar__obj_helmet__direct_label__person_first,close_far_matched_scenes,1.1,hallway__name_omar__obj_helmet,hallway__name_omar__obj_helmet__person_first,hallway__name_omar__obj_helmet__direct_label,name_omar__obj_helmet__direct_label__person_first,hallway,hallway,ends,name_omar,Omar,obj_helmet,helmet,direct_label,explicit_relation,locative_object_subject,object_first,person_first,True,True,False,False,True,False,False,"In the hallway, the helmet is close to Omar.","In the hallway, the helmet is far from Omar.",Omar is close to the helmet.,Omar is far from the helmet.,9,11,9,11,6,8,6,8
hallway__name_omar__obj_helmet__distance_phrase__object_first,close_far_matched_scenes,1.1,hallway__name_omar__obj_helmet,hallway__name_omar__obj_helmet__object_first,hallway__name_omar__obj_helmet__distance_phrase,name_omar__obj_helmet__distance_phrase__object_first,hallway,hallway,ends,name_omar,Omar,obj_helmet,helmet,distance_phrase,distance_magnitude_phrase,locative_distance_subject,person_first,object_first,True,True,False,False,False,True,False,"In the hallway, a short distance separates Omar and the helmet.","In the hallway, a long distance separates Omar and the helmet.",The helmet is close to Omar.,The helmet is far from Omar.,11,13,11,13,6,7,6,7
hallway__name_omar__obj_helmet__distance_phrase__person_first,close_far_matched_scenes,1.1,hallway__name_omar__obj_helmet,hallway__name_omar__obj_helmet__person_first,hallway__name_omar__obj_helmet__distance_phrase,name_omar__obj_helmet__distance_phrase__person_first,hallway,hallway,ends,name_omar,Omar,obj_helmet,helmet,distance_phrase,distance_magnitude_phrase,locative_distance_subject,person_first,person_first,False,True,False,False,False,True,False,"In the hallway, a short distance separates Omar and the helmet.","In the hallway, a long distance separates Omar and the helmet.",Omar is close to the helmet.,Omar is far from the helmet.,11,13,11,13,6,8,6,8
hallway__name_omar__obj_helmet__distance_phrase_object_first__object_first,close_far_matched_scenes,1.1,hallway__name_omar__obj_helmet,hallway__name_omar__obj_helmet__object_first,hallway__name_omar__obj_helmet__distance_phrase_object_first,name_omar__obj_helmet__distance_phrase_object_first__object_first,hallway,hallway,ends,name_omar,Omar,obj_helmet,helmet,distance_phrase_object_first,distance_magnitude_phrase,locative_distance_subject,object_first,object_first,False,True,False,False,False,True,False,"In the hallway, a short distance separates the helmet and Omar.","In the hallway, a long distance separates the helmet and Omar.",The helmet is close to Omar.,The helmet is far from Omar.,11,13,11,13,6,7,6,7
hallway__name_omar__obj_helmet__distance_phrase_object_first__person_first,close_far_matched_scenes,1.1,hallway__name_omar__obj_helmet,hallway__name_omar__obj_helmet__person_first,hallway__name_omar__obj_helmet__distance_phrase_object_first,name_omar__obj_helmet__distance_phrase_object_first__person_first,hallway,hallway,ends,name_omar,Omar,obj_helmet,helmet,distance_phrase_object_first,distance_magnitude_phrase,locative_distance_subject,object_first,person_first,True,True,False,False,False,True,False,"In the hallway, a short distance separates the helmet and Omar.","In the hallway, a long distance separates the helmet and Omar.",Omar is close to the helmet.,Omar is far from the helmet.,11,13,11,13,6,8,6,8
hallway__name_omar__obj_helmet__endpoint_placement__object_first,close_far_matched_scenes,1.1,hallway__name_omar__obj_helmet,hallway__name_omar__obj_helmet__object_first,hallway__name_omar__obj_helmet__endpoint_placement,name_omar__obj_helmet__endpoint_placement__object_first,hallway,hallway,ends,name_omar,Omar,obj_helmet,helmet,endpoint_placement,physical_endpoint_placement,two_sentence_person_then_object,person_first,object_first,True,True,True,True,False,False,False,"In the hallway, Omar stands at one end. The helmet rests at Omar's feet.","In the hallway, Omar stands at one end. The helmet rests at the opposite end.",The helmet is close to Omar.,The helmet is far from Omar.,15,18,15,18,6,7,6,7
hallway__name_omar__obj_helmet__endpoint_placement__person_first,close_far_matched_scenes,1.1,hallway__name_omar__obj_helmet,hallway__name_omar__obj_helmet__person_first,hallway__name_omar__obj_helmet__endpoint_placement,name_omar__obj_helmet__endpoint_placement__person_first,hallway,hallway,ends,name_omar,Omar,obj_helmet,helmet,endpoint_placement,physical_endpoint_placement,two_sentence_person_then_object,person_first,person_first,False,True,True,True,False,False,False,"In the hallway, Omar stands at one end. The helmet rests at Omar's feet.","In the hallway, Omar stands at one end. The helmet rests at the opposite end.",Omar is close to the helmet.,Omar is far from the helmet.,15,18,15,18,6,8,6,8
hallway__name_omar__obj_cup__direct_label__object_first,close_far_matched_scenes,1.1,hallway__name_omar__obj_cup,hallway__name_omar__obj_cup__object_first,hallway__name_omar__obj_cup__direct_label,name_omar__obj_cup__direct_label__object_first,hallway,hallway,ends,name_omar,Omar,obj_cup,cup,direct_label,explicit_relation,locative_object_subject,object_first,object_first,False,True,False,False,True,False,True,"In the hallway, the cup is close to Omar.","In the hallway, the cup is far from Omar.",The cup is close to Omar.,The cup is far from Omar.,9,11,9,11,6,7,6,7
hallway__name_omar__obj_cup__direct_label__person_first,close_far_matched_scenes,1.1,hallway__name_omar__obj_cup,hallway__name_omar__obj_cup__person_first,hallway__name_omar__obj_cup__direct_label,name_omar__obj_cup__direct_label__person_first,hallway,hallway,ends,name_omar,Omar,obj_cup,cup,direct_label,explicit_relation,locative_object_subject,object_first,person_first,True,True,False,False,True,False,False,"In the hallway, the cup is close to Omar.","In the hallway, the cup is far from Omar.",Omar is close to the cup.,Omar is far from the cup.,9,11,9,11,6,8,6,8
hallway__name_omar__obj_cup__distance_phrase__object_first,close_far_matched_scenes,1.1,hallway__name_omar__obj_cup,hallway__name_omar__obj_cup__object_first,hallway__name_omar__obj_cup__distance_phrase,name_omar__obj_cup__distance_phrase__object_first,hallway,hallway,ends,name_omar,Omar,obj_cup,cup,distance_phrase,distance_magnitude_phrase,locative_distance_subject,person_first,object_first,True,True,False,False,False,True,False,"In the hallway, a short distance separates Omar and the cup.","In the hallway, a long distance separates Omar and the cup.",The cup is close to Omar.,The cup is far from Omar.,11,13,11,13,6,7,6,7
hallway__name_omar__obj_cup__distance_phrase__person_first,close_far_matched_scenes,1.1,hallway__name_omar__obj_cup,hallway__name_omar__obj_cup__person_first,hallway__name_omar__obj_cup__distance_phrase,name_omar__obj_cup__distance_phrase__person_first,hallway,hallway,ends,name_omar,Omar,obj_cup,cup,distance_phrase,distance_magnitude_phrase,locative_distance_subject,person_first,person_first,False,True,False,False,False,True,False,"In the hallway, a short distance separates Omar and the cup.","In the hallway, a long distance separates Omar and the cup.",Omar is close to the cup.,Omar is far from the cup.,11,13,11,13,6,8,6,8
hallway__name_omar__obj_cup__distance_phrase_object_first__object_first,close_far_matched_scenes,1.1,hallway__name_omar__obj_cup,hallway__name_omar__obj_cup__object_first,hallway__name_omar__obj_cup__distance_phrase_object_first,name_omar__obj_cup__distance_phrase_object_first__object_first,hallway,hallway,ends,name_omar,Omar,obj_cup,cup,distance_phrase_object_first,distance_magnitude_phrase,locative_distance_subject,object_first,object_first,False,True,False,False,False,True,False,"In the hallway, a short distance separates the cup and Omar.","In the hallway, a long distance separates the cup and Omar.",The cup is close to Omar.,The cup is far from Omar.,11,13,11,13,6,7,6,7
hallway__name_omar__obj_cup__distance_phrase_object_first__person_first,close_far_matched_scenes,1.1,hallway__name_omar__obj_cup,hallway__name_omar__obj_cup__person_first,hallway__name_omar__obj_cup__distance_phrase_object_first,name_omar__obj_cup__distance_phrase_object_first__person_first,hallway,hallway,ends,name_omar,Omar,obj_cup,cup,distance_phrase_object_first,distance_magnitude_phrase,locative_distance_subject,object_first,person_first,True,True,False,False,False,True,False,"In the hallway, a short distance separates the cup and Omar.","In the hallway, a long distance separates the cup and Omar.",Omar is close to the cup.,Omar is far from the cup.,11,13,11,13,6,8,6,8
hallway__name_omar__obj_cup__endpoint_placement__object_first,close_far_matched_scenes,1.1,hallway__name_omar__obj_cup,hallway__name_omar__obj_cup__object_first,hallway__name_omar__obj_cup__endpoint_placement,name_omar__obj_cup__endpoint_placement__object_first,hallway,hallway,ends,name_omar,Omar,obj_cup,cup,endpoint_placement,physical_endpoint_placement,two_sentence_person_then_object,person_first,object_first,True,True,True,True,False,False,False,"In the hallway, Omar stands at one end. The cup rests at Omar's feet.","In the hallway, Omar stands at one end. The cup rests at the opposite end.",The cup is close to Omar.,The cup is far from Omar.,15,18,15,18,6,7,6,7
hallway__name_omar__obj_cup__endpoint_placement__person_first,close_far_matched_scenes,1.1,hallway__name_omar__obj_cup,hallway__name_omar__obj_cup__person_first,hallway__name_omar__obj_cup__endpoint_placement,name_omar__obj_cup__endpoint_placement__person_first,hallway,hallway,ends,name_omar,Omar,obj_cup,cup,endpoint_placement,physical_endpoint_placement,two_sentence_person_then_object,person_first,person_first,False,True,True,True,False,False,False,"In the hallway, Omar stands at one end. The cup rests at Omar's feet.","In the hallway, Omar stands at one end. The cup rests at the opposite end.",Omar is close to the cup.,Omar is far from the cup.,15,18,15,18,6,8,6,8
hallway__name_omar__obj_key__direct_label__object_first,close_far_matched_scenes,1.1,hallway__name_omar__obj_key,hallway__name_omar__obj_key__object_first,hallway__name_omar__obj_key__direct_label,name_omar__obj_key__direct_label__object_first,hallway,hallway,ends,name_omar,Omar,obj_key,key,direct_label,explicit_relation,locative_object_subject,object_first,object_first,False,True,False,False,True,False,True,"In the hallway, the key is close to Omar.","In the hallway, the key is far from Omar.",The key is close to Omar.,The key is far from Omar.,9,11,9,11,6,7,6,7
hallway__name_omar__obj_key__direct_label__person_first,close_far_matched_scenes,1.1,hallway__name_omar__obj_key,hallway__name_omar__obj_key__person_first,hallway__name_omar__obj_key__direct_label,name_omar__obj_key__direct_label__person_first,hallway,hallway,ends,name_omar,Omar,obj_key,key,direct_label,explicit_relation,locative_object_subject,object_first,person_first,True,True,False,False,True,False,False,"In the hallway, the key is close to Omar.","In the hallway, the key is far from Omar.",Omar is close to the key.,Omar is far from the key.,9,11,9,11,6,8,6,8
hallway__name_omar__obj_key__distance_phrase__object_first,close_far_matched_scenes,1.1,hallway__name_omar__obj_key,hallway__name_omar__obj_key__object_first,hallway__name_omar__obj_key__distance_phrase,name_omar__obj_key__distance_phrase__object_first,hallway,hallway,ends,name_omar,Omar,obj_key,key,distance_phrase,distance_magnitude_phrase,locative_distance_subject,person_first,object_first,True,True,False,False,False,True,False,"In the hallway, a short distance separates Omar and the key.","In the hallway, a long distance separates Omar and the key.",The key is close to Omar.,The key is far from Omar.,11,13,11,13,6,7,6,7
hallway__name_omar__obj_key__distance_phrase__person_first,close_far_matched_scenes,1.1,hallway__name_omar__obj_key,hallway__name_omar__obj_key__person_first,hallway__name_omar__obj_key__distance_phrase,name_omar__obj_key__distance_phrase__person_first,hallway,hallway,ends,name_omar,Omar,obj_key,key,distance_phrase,distance_magnitude_phrase,locative_distance_subject,person_first,person_first,False,True,False,False,False,True,False,"In the hallway, a short distance separates Omar and the key.","In the hallway, a long distance separates Omar and the key.",Omar is close to the key.,Omar is far from the key.,11,13,11,13,6,8,6,8
hallway__name_omar__obj_key__distance_phrase_object_first__object_first,close_far_matched_scenes,1.1,hallway__name_omar__obj_key,hallway__name_omar__obj_key__object_first,hallway__name_omar__obj_key__distance_phrase_object_first,name_omar__obj_key__distance_phrase_object_first__object_first,hallway,hallway,ends,name_omar,Omar,obj_key,key,distance_phrase_object_first,distance_magnitude_phrase,locative_distance_subject,object_first,object_first,False,True,False,False,False,True,False,"In the hallway, a short distance separates the key and Omar.","In the hallway, a long distance separates the key and Omar.",The key is close to Omar.,The key is far from Omar.,11,13,11,13,6,7,6,7
hallway__name_omar__obj_key__distance_phrase_object_first__person_first,close_far_matched_scenes,1.1,hallway__name_omar__obj_key,hallway__name_omar__obj_key__person_first,hallway__name_omar__obj_key__distance_phrase_object_first,name_omar__obj_key__distance_phrase_object_first__person_first,hallway,hallway,ends,name_omar,Omar,obj_key,key,distance_phrase_object_first,distance_magnitude_phrase,locative_distance_subject,object_first,person_first,True,True,False,False,False,True,False,"In the hallway, a short distance separates the key and Omar.","In the hallway, a long distance separates the key and Omar.",Omar is close to the key.,Omar is far from the key.,11,13,11,13,6,8,6,8
hallway__name_omar__obj_key__endpoint_placement__object_first,close_far_matched_scenes,1.1,hallway__name_omar__obj_key,hallway__name_omar__obj_key__object_first,hallway__name_omar__obj_key__endpoint_placement,name_omar__obj_key__endpoint_placement__object_first,hallway,hallway,ends,name_omar,Omar,obj_key,key,endpoint_placement,physical_endpoint_placement,two_sentence_person_then_object,person_first,object_first,True,True,True,True,False,False,False,"In the hallway, Omar stands at one end. The key rests at Omar's feet.","In the hallway, Omar stands at one end. The key rests at the opposite end.",The key is close to Omar.,The key is far from Omar.,15,18,15,18,6,7,6,7
hallway__name_omar__obj_key__endpoint_placement__person_first,close_far_matched_scenes,1.1,hallway__name_omar__obj_key,hallway__name_omar__obj_key__person_first,hallway__name_omar__obj_key__endpoint_placement,name_omar__obj_key__endpoint_placement__person_first,hallway,hallway,ends,name_omar,Omar,obj_key,key,endpoint_placement,physical_endpoint_placement,two_sentence_person_then_object,person_first,person_first,False,True,True,True,False,False,False,"In the hallway, Omar stands at one end. The key rests at Omar's feet.","In the hallway, Omar stands at one end. The key rests at the opposite end.",Omar is close to the key.,Omar is far from the key.,15,18,15,18,6,8,6,8
hallway__name_omar__obj_box__direct_label__object_first,close_far_matched_scenes,1.1,hallway__name_omar__obj_box,hallway__name_omar__obj_box__object_first,hallway__name_omar__obj_box__direct_label,name_omar__obj_box__direct_label__object_first,hallway,hallway,ends,name_omar,Omar,obj_box,box,direct_label,explicit_relation,locative_object_subject,object_first,object_first,False,True,False,False,True,False,True,"In the hallway, the box is close to Omar.","In the hallway, the box is far from Omar.",The box is close to Omar.,The box is far from Omar.,9,11,9,11,6,7,6,7
hallway__name_omar__obj_box__direct_label__person_first,close_far_matched_scenes,1.1,hallway__name_omar__obj_box,hallway__name_omar__obj_box__person_first,hallway__name_omar__obj_box__direct_label,name_omar__obj_box__direct_label__person_first,hallway,hallway,ends,name_omar,Omar,obj_box,box,direct_label,explicit_relation,locative_object_subject,object_first,person_first,True,True,False,False,True,False,False,"In the hallway, the box is close to Omar.","In the hallway, the box is far from Omar.",Omar is close to the box.,Omar is far from the box.,9,11,9,11,6,8,6,8
hallway__name_omar__obj_box__distance_phrase__object_first,close_far_matched_scenes,1.1,hallway__name_omar__obj_box,hallway__name_omar__obj_box__object_first,hallway__name_omar__obj_box__distance_phrase,name_omar__obj_box__distance_phrase__object_first,hallway,hallway,ends,name_omar,Omar,obj_box,box,distance_phrase,distance_magnitude_phrase,locative_distance_subject,person_first,object_first,True,True,False,False,False,True,False,"In the hallway, a short distance separates Omar and the box.","In the hallway, a long distance separates Omar and the box.",The box is close to Omar.,The box is far from Omar.,11,13,11,13,6,7,6,7
hallway__name_omar__obj_box__distance_phrase__person_first,close_far_matched_scenes,1.1,hallway__name_omar__obj_box,hallway__name_omar__obj_box__person_first,hallway__name_omar__obj_box__distance_phrase,name_omar__obj_box__distance_phrase__person_first,hallway,hallway,ends,name_omar,Omar,obj_box,box,distance_phrase,distance_magnitude_phrase,locative_distance_subject,person_first,person_first,False,True,False,False,False,True,False,"In the hallway, a short distance separates Omar and the box.","In the hallway, a long distance separates Omar and the box.",Omar is close to the box.,Omar is far from the box.,11,13,11,13,6,8,6,8
hallway__name_omar__obj_box__distance_phrase_object_first__object_first,close_far_matched_scenes,1.1,hallway__name_omar__obj_box,hallway__name_omar__obj_box__object_first,hallway__name_omar__obj_box__distance_phrase_object_first,name_omar__obj_box__distance_phrase_object_first__object_first,hallway,hallway,ends,name_omar,Omar,obj_box,box,distance_phrase_object_first,distance_magnitude_phrase,locative_distance_subject,object_first,object_first,False,True,False,False,False,True,False,"In the hallway, a short distance separates the box and Omar.","In the hallway, a long distance separates the box and Omar.",The box is close to Omar.,The box is far from Omar.,11,13,11,13,6,7,6,7
hallway__name_omar__obj_box__distance_phrase_object_first__person_first,close_far_matched_scenes,1.1,hallway__name_omar__obj_box,hallway__name_omar__obj_box__person_first,hallway__name_omar__obj_box__distance_phrase_object_first,name_omar__obj_box__distance_phrase_object_first__person_first,hallway,hallway,ends,name_omar,Omar,obj_box,box,distance_phrase_object_first,distance_magnitude_phrase,locative_distance_subject,object_first,person_first,True,True,False,False,False,True,False,"In the hallway, a short distance separates the box and Omar.","In the hallway, a long distance separates the box and Omar.",Omar is close to the box.,Omar is far from the box.,11,13,11,13,6,8,6,8
hallway__name_omar__obj_box__endpoint_placement__object_first,close_far_matched_scenes,1.1,hallway__name_omar__obj_box,hallway__name_omar__obj_box__object_first,hallway__name_omar__obj_box__endpoint_placement,name_omar__obj_box__endpoint_placement__object_first,hallway,hallway,ends,name_omar,Omar,obj_box,box,endpoint_placement,physical_endpoint_placement,two_sentence_person_then_object,person_first,object_first,True,True,True,True,False,False,False,"In the hallway, Omar stands at one end. The box rests at Omar's feet.","In the hallway, Omar stands at one end. The box rests at the opposite end.",The box is close to Omar.,The box is far from Omar.,15,18,15,18,6,7,6,7
hallway__name_omar__obj_box__endpoint_placement__person_first,close_far_matched_scenes,1.1,hallway__name_omar__obj_box,hallway__name_omar__obj_box__person_first,hallway__name_omar__obj_box__endpoint_placement,name_omar__obj_box__endpoint_placement__person_first,hallway,hallway,ends,name_omar,Omar,obj_box,box,endpoint_placement,physical_endpoint_placement,two_sentence_person_then_object,person_first,person_first,False,True,True,True,False,False,False,"In the hallway, Omar stands at one end. The box rests at Omar's feet.","In the hallway, Omar stands at one end. The box rests at the opposite end.",Omar is close to the box.,Omar is far from the box.,15,18,15,18,6,8,6,8
courtyard__name_maya__obj_ball__direct_label__object_first,close_far_matched_scenes,1.1,courtyard__name_maya__obj_ball,courtyard__name_maya__obj_ball__object_first,courtyard__name_maya__obj_ball__direct_label,name_maya__obj_ball__direct_label__object_first,courtyard,courtyard,edges,name_maya,Maya,obj_ball,ball,direct_label,explicit_relation,locative_object_subject,object_first,object_first,False,True,False,False,True,False,True,"In the courtyard, the ball is close to Maya.","In the courtyard, the ball is far from Maya.",The ball is close to Maya.,The ball is far from Maya.,9,11,9,11,6,7,6,7
courtyard__name_maya__obj_ball__direct_label__person_first,close_far_matched_scenes,1.1,courtyard__name_maya__obj_ball,courtyard__name_maya__obj_ball__person_first,courtyard__name_maya__obj_ball__direct_label,name_maya__obj_ball__direct_label__person_first,courtyard,courtyard,edges,name_maya,Maya,obj_ball,ball,direct_label,explicit_relation,locative_object_subject,object_first,person_first,True,True,False,False,True,False,False,"In the courtyard, the ball is close to Maya.","In the courtyard, the ball is far from Maya.",Maya is close to the ball.,Maya is far from the ball.,9,11,9,11,6,8,6,8
courtyard__name_maya__obj_ball__distance_phrase__object_first,close_far_matched_scenes,1.1,courtyard__name_maya__obj_ball,courtyard__name_maya__obj_ball__object_first,courtyard__name_maya__obj_ball__distance_phrase,name_maya__obj_ball__distance_phrase__object_first,courtyard,courtyard,edges,name_maya,Maya,obj_ball,ball,distance_phrase,distance_magnitude_phrase,locative_distance_subject,person_first,object_first,True,True,False,False,False,True,False,"In the courtyard, a short distance separates Maya and the ball.","In the courtyard, a long distance separates Maya and the ball.",The ball is close to Maya.,The ball is far from Maya.,11,13,11,13,6,7,6,7
courtyard__name_maya__obj_ball__distance_phrase__person_first,close_far_matched_scenes,1.1,courtyard__name_maya__obj_ball,courtyard__name_maya__obj_ball__person_first,courtyard__name_maya__obj_ball__distance_phrase,name_maya__obj_ball__distance_phrase__person_first,courtyard,courtyard,edges,name_maya,Maya,obj_ball,ball,distance_phrase,distance_magnitude_phrase,locative_distance_subject,person_first,person_first,False,True,False,False,False,True,False,"In the courtyard, a short distance separates Maya and the ball.","In the courtyard, a long distance separates Maya and the ball.",Maya is close to the ball.,Maya is far from the ball.,11,13,11,13,6,8,6,8
courtyard__name_maya__obj_ball__distance_phrase_object_first__object_first,close_far_matched_scenes,1.1,courtyard__name_maya__obj_ball,courtyard__name_maya__obj_ball__object_first,courtyard__name_maya__obj_ball__distance_phrase_object_first,name_maya__obj_ball__distance_phrase_object_first__object_first,courtyard,courtyard,edges,name_maya,Maya,obj_ball,ball,distance_phrase_object_first,distance_magnitude_phrase,locative_distance_subject,object_first,object_first,False,True,False,False,False,True,False,"In the courtyard, a short distance separates the ball and Maya.","In the courtyard, a long distance separates the ball and Maya.",The ball is close to Maya.,The ball is far from Maya.,11,13,11,13,6,7,6,7
courtyard__name_maya__obj_ball__distance_phrase_object_first__person_first,close_far_matched_scenes,1.1,courtyard__name_maya__obj_ball,courtyard__name_maya__obj_ball__person_first,courtyard__name_maya__obj_ball__distance_phrase_object_first,name_maya__obj_ball__distance_phrase_object_first__person_first,courtyard,courtyard,edges,name_maya,Maya,obj_ball,ball,distance_phrase_object_first,distance_magnitude_phrase,locative_distance_subject,object_first,person_first,True,True,False,False,False,True,False,"In the courtyard, a short distance separates the ball and Maya.","In the courtyard, a long distance separates the ball and Maya.",Maya is close to the ball.,Maya is far from the ball.,11,13,11,13,6,8,6,8
courtyard__name_maya__obj_ball__endpoint_placement__object_first,close_far_matched_scenes,1.1,courtyard__name_maya__obj_ball,courtyard__name_maya__obj_ball__object_first,courtyard__name_maya__obj_ball__endpoint_placement,name_maya__obj_ball__endpoint_placement__object_first,courtyard,courtyard,edges,name_maya,Maya,obj_ball,ball,endpoint_placement,physical_endpoint_placement,two_sentence_person_then_object,person_first,object_first,True,True,True,True,False,False,False,"In the courtyard, Maya stands at one edge. The ball rests at Maya's feet.","In the courtyard, Maya stands at one edge. The ball rests at the opposite edge.",The ball is close to Maya.,The ball is far from Maya.,15,18,15,18,6,7,6,7
courtyard__name_maya__obj_ball__endpoint_placement__person_first,close_far_matched_scenes,1.1,courtyard__name_maya__obj_ball,courtyard__name_maya__obj_ball__person_first,courtyard__name_maya__obj_ball__endpoint_placement,name_maya__obj_ball__endpoint_placement__person_first,courtyard,courtyard,edges,name_maya,Maya,obj_ball,ball,endpoint_placement,physical_endpoint_placement,two_sentence_person_then_object,person_first,person_first,False,True,True,True,False,False,False,"In the courtyard, Maya stands at one edge. The ball rests at Maya's feet.","In the courtyard, Maya stands at one edge. The ball rests at the opposite edge.",Maya is close to the ball.,Maya is far from the ball.,15,18,15,18,6,8,6,8
courtyard__name_maya__obj_bag__direct_label__object_first,close_far_matched_scenes,1.1,courtyard__name_maya__obj_bag,courtyard__name_maya__obj_bag__object_first,courtyard__name_maya__obj_bag__direct_label,name_maya__obj_bag__direct_label__object_first,courtyard,courtyard,edges,name_maya,Maya,obj_bag,bag,direct_label,explicit_relation,locative_object_subject,object_first,object_first,False,True,False,False,True,False,True,"In the courtyard, the bag is close to Maya.","In the courtyard, the bag is far from Maya.",The bag is close to Maya.,The bag is far from Maya.,9,11,9,11,6,7,6,7
courtyard__name_maya__obj_bag__direct_label__person_first,close_far_matched_scenes,1.1,courtyard__name_maya__obj_bag,courtyard__name_maya__obj_bag__person_first,courtyard__name_maya__obj_bag__direct_label,name_maya__obj_bag__direct_label__person_first,courtyard,courtyard,edges,name_maya,Maya,obj_bag,bag,direct_label,explicit_relation,locative_object_subject,object_first,person_first,True,True,False,False,True,False,False,"In the courtyard, the bag is close to Maya.","In the courtyard, the bag is far from Maya.",Maya is close to the bag.,Maya is far from the bag.,9,11,9,11,6,8,6,8
courtyard__name_maya__obj_bag__distance_phrase__object_first,close_far_matched_scenes,1.1,courtyard__name_maya__obj_bag,courtyard__name_maya__obj_bag__object_first,courtyard__name_maya__obj_bag__distance_phrase,name_maya__obj_bag__distance_phrase__object_first,courtyard,courtyard,edges,name_maya,Maya,obj_bag,bag,distance_phrase,distance_magnitude_phrase,locative_distance_subject,person_first,object_first,True,True,False,False,False,True,False,"In the courtyard, a short distance separates Maya and the bag.","In the courtyard, a long distance separates Maya and the bag.",The bag is close to Maya.,The bag is far from Maya.,11,13,11,13,6,7,6,7
courtyard__name_maya__obj_bag__distance_phrase__person_first,close_far_matched_scenes,1.1,courtyard__name_maya__obj_bag,courtyard__name_maya__obj_bag__person_first,courtyard__name_maya__obj_bag__distance_phrase,name_maya__obj_bag__distance_phrase__person_first,courtyard,courtyard,edges,name_maya,Maya,obj_bag,bag,distance_phrase,distance_magnitude_phrase,locative_distance_subject,person_first,person_first,False,True,False,False,False,True,False,"In the courtyard, a short distance separates Maya and the bag.","In the courtyard, a long distance separates Maya and the bag.",Maya is close to the bag.,Maya is far from the bag.,11,13,11,13,6,8,6,8
courtyard__name_maya__obj_bag__distance_phrase_object_first__object_first,close_far_matched_scenes,1.1,courtyard__name_maya__obj_bag,courtyard__name_maya__obj_bag__object_first,courtyard__name_maya__obj_bag__distance_phrase_object_first,name_maya__obj_bag__distance_phrase_object_first__object_first,courtyard,courtyard,edges,name_maya,Maya,obj_bag,bag,distance_phrase_object_first,distance_magnitude_phrase,locative_distance_subject,object_first,object_first,False,True,False,False,False,True,False,"In the courtyard, a short distance separates the bag and Maya.","In the courtyard, a long distance separates the bag and Maya.",The bag is close to Maya.,The bag is far from Maya.,11,13,11,13,6,7,6,7
courtyard__name_maya__obj_bag__distance_phrase_object_first__person_first,close_far_matched_scenes,1.1,courtyard__name_maya__obj_bag,courtyard__name_maya__obj_bag__person_first,courtyard__name_maya__obj_bag__distance_phrase_object_first,name_maya__obj_bag__distance_phrase_object_first__person_first,courtyard,courtyard,edges,name_maya,Maya,obj_bag,bag,distance_phrase_object_first,distance_magnitude_phrase,locative_distance_subject,object_first,person_first,True,True,False,False,False,True,False,"In the courtyard, a short distance separates the bag and Maya.","In the courtyard, a long distance separates the bag and Maya.",Maya is close to the bag.,Maya is far from the bag.,11,13,11,13,6,8,6,8
courtyard__name_maya__obj_bag__endpoint_placement__object_first,close_far_matched_scenes,1.1,courtyard__name_maya__obj_bag,courtyard__name_maya__obj_bag__object_first,courtyard__name_maya__obj_bag__endpoint_placement,name_maya__obj_bag__endpoint_placement__object_first,courtyard,courtyard,edges,name_maya,Maya,obj_bag,bag,endpoint_placement,physical_endpoint_placement,two_sentence_person_then_object,person_first,object_first,True,True,True,True,False,False,False,"In the courtyard, Maya stands at one edge. The bag rests at Maya's feet.","In the courtyard, Maya stands at one edge. The bag rests at the opposite edge.",The bag is close to Maya.,The bag is far from Maya.,15,18,15,18,6,7,6,7
courtyard__name_maya__obj_bag__endpoint_placement__person_first,close_far_matched_scenes,1.1,courtyard__name_maya__obj_bag,courtyard__name_maya__obj_bag__person_first,courtyard__name_maya__obj_bag__endpoint_placement,name_maya__obj_bag__endpoint_placement__person_first,courtyard,courtyard,edges,name_maya,Maya,obj_bag,bag,endpoint_placement,physical_endpoint_placement,two_sentence_person_then_object,person_first,person_first,False,True,True,True,False,False,False,"In the courtyard, Maya stands at one edge. The bag rests at Maya's feet.","In the courtyard, Maya stands at one edge. The bag rests at the opposite edge.",Maya is close to the bag.,Maya is far from the bag.,15,18,15,18,6,8,6,8
courtyard__name_maya__obj_book__direct_label__object_first,close_far_matched_scenes,1.1,courtyard__name_maya__obj_book,courtyard__name_maya__obj_book__object_first,courtyard__name_maya__obj_book__direct_label,name_maya__obj_book__direct_label__object_first,courtyard,courtyard,edges,name_maya,Maya,obj_book,book,direct_label,explicit_relation,locative_object_subject,object_first,object_first,False,True,False,False,True,False,True,"In the courtyard, the book is close to Maya.","In the courtyard, the book is far from Maya.",The book is close to Maya.,The book is far from Maya.,9,11,9,11,6,7,6,7
courtyard__name_maya__obj_book__direct_label__person_first,close_far_matched_scenes,1.1,courtyard__name_maya__obj_book,courtyard__name_maya__obj_book__person_first,courtyard__name_maya__obj_book__direct_label,name_maya__obj_book__direct_label__person_first,courtyard,courtyard,edges,name_maya,Maya,obj_book,book,direct_label,explicit_relation,locative_object_subject,object_first,person_first,True,True,False,False,True,False,False,"In the courtyard, the book is close to Maya.","In the courtyard, the book is far from Maya.",Maya is close to the book.,Maya is far from the book.,9,11,9,11,6,8,6,8
courtyard__name_maya__obj_book__distance_phrase__object_first,close_far_matched_scenes,1.1,courtyard__name_maya__obj_book,courtyard__name_maya__obj_book__object_first,courtyard__name_maya__obj_book__distance_phrase,name_maya__obj_book__distance_phrase__object_first,courtyard,courtyard,edges,name_maya,Maya,obj_book,book,distance_phrase,distance_magnitude_phrase,locative_distance_subject,person_first,object_first,True,True,False,False,False,True,False,"In the courtyard, a short distance separates Maya and the book.","In the courtyard, a long distance separates Maya and the book.",The book is close to Maya.,The book is far from Maya.,11,13,11,13,6,7,6,7
courtyard__name_maya__obj_book__distance_phrase__person_first,close_far_matched_scenes,1.1,courtyard__name_maya__obj_book,courtyard__name_maya__obj_book__person_first,courtyard__name_maya__obj_book__distance_phrase,name_maya__obj_book__distance_phrase__person_first,courtyard,courtyard,edges,name_maya,Maya,obj_book,book,distance_phrase,distance_magnitude_phrase,locative_distance_subject,person_first,person_first,False,True,False,False,False,True,False,"In the courtyard, a short distance separates Maya and the book.","In the courtyard, a long distance separates Maya and the book.",Maya is close to the book.,Maya is far from the book.,11,13,11,13,6,8,6,8
courtyard__name_maya__obj_book__distance_phrase_object_first__object_first,close_far_matched_scenes,1.1,courtyard__name_maya__obj_book,courtyard__name_maya__obj_book__object_first,courtyard__name_maya__obj_book__distance_phrase_object_first,name_maya__obj_book__distance_phrase_object_first__object_first,courtyard,courtyard,edges,name_maya,Maya,obj_book,book,distance_phrase_object_first,distance_magnitude_phrase,locative_distance_subject,object_first,object_first,False,True,False,False,False,True,False,"In the courtyard, a short distance separates the book and Maya.","In the courtyard, a long distance separates the book and Maya.",The book is close to Maya.,The book is far from Maya.,11,13,11,13,6,7,6,7
courtyard__name_maya__obj_book__distance_phrase_object_first__person_first,close_far_matched_scenes,1.1,courtyard__name_maya__obj_book,courtyard__name_maya__obj_book__person_first,courtyard__name_maya__obj_book__distance_phrase_object_first,name_maya__obj_book__distance_phrase_object_first__person_first,courtyard,courtyard,edges,name_maya,Maya,obj_book,book,distance_phrase_object_first,distance_magnitude_phrase,locative_distance_subject,object_first,person_first,True,True,False,False,False,True,False,"In the courtyard, a short distance separates the book and Maya.","In the courtyard, a long distance separates the book and Maya.",Maya is close to the book.,Maya is far from the book.,11,13,11,13,6,8,6,8
courtyard__name_maya__obj_book__endpoint_placement__object_first,close_far_matched_scenes,1.1,courtyard__name_maya__obj_book,courtyard__name_maya__obj_book__object_first,courtyard__name_maya__obj_book__endpoint_placement,name_maya__obj_book__endpoint_placement__object_first,courtyard,courtyard,edges,name_maya,Maya,obj_book,book,endpoint_placement,physical_endpoint_placement,two_sentence_person_then_object,person_first,object_first,True,True,True,True,False,False,False,"In the courtyard, Maya stands at one edge. The book rests at Maya's feet.","In the courtyard, Maya stands at one edge. The book rests at the opposite edge.",The book is close to Maya.,The book is far from Maya.,15,18,15,18,6,7,6,7
courtyard__name_maya__obj_book__endpoint_placement__person_first,close_far_matched_scenes,1.1,courtyard__name_maya__obj_book,courtyard__name_maya__obj_book__person_first,courtyard__name_maya__obj_book__endpoint_placement,name_maya__obj_book__endpoint_placement__person_first,courtyard,courtyard,edges,name_maya,Maya,obj_book,book,endpoint_placement,physical_endpoint_placement,two_sentence_person_then_object,person_first,person_first,False,True,True,True,False,False,False,"In the courtyard, Maya stands at one edge. The book rests at Maya's feet.","In the courtyard, Maya stands at one edge. The book rests at the opposite edge.",Maya is close to the book.,Maya is far from the book.,15,18,15,18,6,8,6,8
courtyard__name_maya__obj_cone__direct_label__object_first,close_far_matched_scenes,1.1,courtyard__name_maya__obj_cone,courtyard__name_maya__obj_cone__object_first,courtyard__name_maya__obj_cone__direct_label,name_maya__obj_cone__direct_label__object_first,courtyard,courtyard,edges,name_maya,Maya,obj_cone,cone,direct_label,explicit_relation,locative_object_subject,object_first,object_first,False,True,False,False,True,False,True,"In the courtyard, the cone is close to Maya.","In the courtyard, the cone is far from Maya.",The cone is close to Maya.,The cone is far from Maya.,9,11,9,11,6,7,6,7
courtyard__name_maya__obj_cone__direct_label__person_first,close_far_matched_scenes,1.1,courtyard__name_maya__obj_cone,courtyard__name_maya__obj_cone__person_first,courtyard__name_maya__obj_cone__direct_label,name_maya__obj_cone__direct_label__person_first,courtyard,courtyard,edges,name_maya,Maya,obj_cone,cone,direct_label,explicit_relation,locative_object_subject,object_first,person_first,True,True,False,False,True,False,False,"In the courtyard, the cone is close to Maya.","In the courtyard, the cone is far from Maya.",Maya is close to the cone.,Maya is far from the cone.,9,11,9,11,6,8,6,8
courtyard__name_maya__obj_cone__distance_phrase__object_first,close_far_matched_scenes,1.1,courtyard__name_maya__obj_cone,courtyard__name_maya__obj_cone__object_first,courtyard__name_maya__obj_cone__distance_phrase,name_maya__obj_cone__distance_phrase__object_first,courtyard,courtyard,edges,name_maya,Maya,obj_cone,cone,distance_phrase,distance_magnitude_phrase,locative_distance_subject,person_first,object_first,True,True,False,False,False,True,False,"In the courtyard, a short distance separates Maya and the cone.","In the courtyard, a long distance separates Maya and the cone.",The cone is close to Maya.,The cone is far from Maya.,11,13,11,13,6,7,6,7
courtyard__name_maya__obj_cone__distance_phrase__person_first,close_far_matched_scenes,1.1,courtyard__name_maya__obj_cone,courtyard__name_maya__obj_cone__person_first,courtyard__name_maya__obj_cone__distance_phrase,name_maya__obj_cone__distance_phrase__person_first,courtyard,courtyard,edges,name_maya,Maya,obj_cone,cone,distance_phrase,distance_magnitude_phrase,locative_distance_subject,person_first,person_first,False,True,False,False,False,True,False,"In the courtyard, a short distance separates Maya and the cone.","In the courtyard, a long distance separates Maya and the cone.",Maya is close to the cone.,Maya is far from the cone.,11,13,11,13,6,8,6,8
courtyard__name_maya__obj_cone__distance_phrase_object_first__object_first,close_far_matched_scenes,1.1,courtyard__name_maya__obj_cone,courtyard__name_maya__obj_cone__object_first,courtyard__name_maya__obj_cone__distance_phrase_object_first,name_maya__obj_cone__distance_phrase_object_first__object_first,courtyard,courtyard,edges,name_maya,Maya,obj_cone,cone,distance_phrase_object_first,distance_magnitude_phrase,locative_distance_subject,object_first,object_first,False,True,False,False,False,True,False,"In the courtyard, a short distance separates the cone and Maya.","In the courtyard, a long distance separates the cone and Maya.",The cone is close to Maya.,The cone is far from Maya.,11,13,11,13,6,7,6,7
courtyard__name_maya__obj_cone__distance_phrase_object_first__person_first,close_far_matched_scenes,1.1,courtyard__name_maya__obj_cone,courtyard__name_maya__obj_cone__person_first,courtyard__name_maya__obj_cone__distance_phrase_object_first,name_maya__obj_cone__distance_phrase_object_first__person_first,courtyard,courtyard,edges,name_maya,Maya,obj_cone,cone,distance_phrase_object_first,distance_magnitude_phrase,locative_distance_subject,object_first,person_first,True,True,False,False,False,True,False,"In the courtyard, a short distance separates the cone and Maya.","In the courtyard, a long distance separates the cone and Maya.",Maya is close to the cone.,Maya is far from the cone.,11,13,11,13,6,8,6,8
courtyard__name_maya__obj_cone__endpoint_placement__object_first,close_far_matched_scenes,1.1,courtyard__name_maya__obj_cone,courtyard__name_maya__obj_cone__object_first,courtyard__name_maya__obj_cone__endpoint_placement,name_maya__obj_cone__endpoint_placement__object_first,courtyard,courtyard,edges,name_maya,Maya,obj_cone,cone,endpoint_placement,physical_endpoint_placement,two_sentence_person_then_object,person_first,object_first,True,True,True,True,False,False,False,"In the courtyard, Maya stands at one edge. The cone rests at Maya's feet.","In the courtyard, Maya stands at one edge. The cone rests at the opposite edge.",The cone is close to Maya.,The cone is far from Maya.,15,18,15,18,6,7,6,7
courtyard__name_maya__obj_cone__endpoint_placement__person_first,close_far_matched_scenes,1.1,courtyard__name_maya__obj_cone,courtyard__name_maya__obj_cone__person_first,courtyard__name_maya__obj_cone__endpoint_placement,name_maya__obj_cone__endpoint_placement__person_first,courtyard,courtyard,edges,name_maya,Maya,obj_cone,cone,endpoint_placement,physical_endpoint_placement,two_sentence_person_then_object,person_first,person_first,False,True,True,True,False,False,False,"In the courtyard, Maya stands at one edge. The cone rests at Maya's feet.","In the courtyard, Maya stands at one edge. The cone rests at the opposite edge.",Maya is close to the cone.,Maya is far from the cone.,15,18,15,18,6,8,6,8
courtyard__name_maya__obj_helmet__direct_label__object_first,close_far_matched_scenes,1.1,courtyard__name_maya__obj_helmet,courtyard__name_maya__obj_helmet__object_first,courtyard__name_maya__obj_helmet__direct_label,name_maya__obj_helmet__direct_label__object_first,courtyard,courtyard,edges,name_maya,Maya,obj_helmet,helmet,direct_label,explicit_relation,locative_object_subject,object_first,object_first,False,True,False,False,True,False,True,"In the courtyard, the helmet is close to Maya.","In the courtyard, the helmet is far from Maya.",The helmet is close to Maya.,The helmet is far from Maya.,9,11,9,11,6,7,6,7
courtyard__name_maya__obj_helmet__direct_label__person_first,close_far_matched_scenes,1.1,courtyard__name_maya__obj_helmet,courtyard__name_maya__obj_helmet__person_first,courtyard__name_maya__obj_helmet__direct_label,name_maya__obj_helmet__direct_label__person_first,courtyard,courtyard,edges,name_maya,Maya,obj_helmet,helmet,direct_label,explicit_relation,locative_object_subject,object_first,person_first,True,True,False,False,True,False,False,"In the courtyard, the helmet is close to Maya.","In the courtyard, the helmet is far from Maya.",Maya is close to the helmet.,Maya is far from the helmet.,9,11,9,11,6,8,6,8
courtyard__name_maya__obj_helmet__distance_phrase__object_first,close_far_matched_scenes,1.1,courtyard__name_maya__obj_helmet,courtyard__name_maya__obj_helmet__object_first,courtyard__name_maya__obj_helmet__distance_phrase,name_maya__obj_helmet__distance_phrase__object_first,courtyard,courtyard,edges,name_maya,Maya,obj_helmet,helmet,distance_phrase,distance_magnitude_phrase,locative_distance_subject,person_first,object_first,True,True,False,False,False,True,False,"In the courtyard, a short distance separates Maya and the helmet.","In the courtyard, a long distance separates Maya and the helmet.",The helmet is close to Maya.,The helmet is far from Maya.,11,13,11,13,6,7,6,7
courtyard__name_maya__obj_helmet__distance_phrase__person_first,close_far_matched_scenes,1.1,courtyard__name_maya__obj_helmet,courtyard__name_maya__obj_helmet__person_first,courtyard__name_maya__obj_helmet__distance_phrase,name_maya__obj_helmet__distance_phrase__person_first,courtyard,courtyard,edges,name_maya,Maya,obj_helmet,helmet,distance_phrase,distance_magnitude_phrase,locative_distance_subject,person_first,person_first,False,True,False,False,False,True,False,"In the courtyard, a short distance separates Maya and the helmet.","In the courtyard, a long distance separates Maya and the helmet.",Maya is close to the helmet.,Maya is far from the helmet.,11,13,11,13,6,8,6,8
courtyard__name_maya__obj_helmet__distance_phrase_object_first__object_first,close_far_matched_scenes,1.1,courtyard__name_maya__obj_helmet,courtyard__name_maya__obj_helmet__object_first,courtyard__name_maya__obj_helmet__distance_phrase_object_first,name_maya__obj_helmet__distance_phrase_object_first__object_first,courtyard,courtyard,edges,name_maya,Maya,obj_helmet,helmet,distance_phrase_object_first,distance_magnitude_phrase,locative_distance_subject,object_first,object_first,False,True,False,False,False,True,False,"In the courtyard, a short distance separates the helmet and Maya.","In the courtyard, a long distance separates the helmet and Maya.",The helmet is close to Maya.,The helmet is far from Maya.,11,13,11,13,6,7,6,7
courtyard__name_maya__obj_helmet__distance_phrase_object_first__person_first,close_far_matched_scenes,1.1,courtyard__name_maya__obj_helmet,courtyard__name_maya__obj_helmet__person_first,courtyard__name_maya__obj_helmet__distance_phrase_object_first,name_maya__obj_helmet__distance_phrase_object_first__person_first,courtyard,courtyard,edges,name_maya,Maya,obj_helmet,helmet,distance_phrase_object_first,distance_magnitude_phrase,locative_distance_subject,object_first,person_first,True,True,False,False,False,True,False,"In the courtyard, a short distance separates the helmet and Maya.","In the courtyard, a long distance separates the helmet and Maya.",Maya is close to the helmet.,Maya is far from the helmet.,11,13,11,13,6,8,6,8
courtyard__name_maya__obj_helmet__endpoint_placement__object_first,close_far_matched_scenes,1.1,courtyard__name_maya__obj_helmet,courtyard__name_maya__obj_helmet__object_first,courtyard__name_maya__obj_helmet__endpoint_placement,name_maya__obj_helmet__endpoint_placement__object_first,courtyard,courtyard,edges,name_maya,Maya,obj_helmet,helmet,endpoint_placement,physical_endpoint_placement,two_sentence_person_then_object,person_first,object_first,True,True,True,True,False,False,False,"In the courtyard, Maya stands at one edge. The helmet rests at Maya's feet.","In the courtyard, Maya stands at one edge. The helmet rests at the opposite edge.",The helmet is close to Maya.,The helmet is far from Maya.,15,18,15,18,6,7,6,7
courtyard__name_maya__obj_helmet__endpoint_placement__person_first,close_far_matched_scenes,1.1,courtyard__name_maya__obj_helmet,courtyard__name_maya__obj_helmet__person_first,courtyard__name_maya__obj_helmet__endpoint_placement,name_maya__obj_helmet__endpoint_placement__person_first,courtyard,courtyard,edges,name_maya,Maya,obj_helmet,helmet,endpoint_placement,physical_endpoint_placement,two_sentence_person_then_object,person_first,person_first,False,True,True,True,False,False,False,"In the courtyard, Maya stands at one edge. The helmet rests at Maya's feet.","In the courtyard, Maya stands at one edge. The helmet rests at the opposite edge.",Maya is close to the helmet.,Maya is far from the helmet.,15,18,15,18,6,8,6,8
courtyard__name_maya__obj_cup__direct_label__object_first,close_far_matched_scenes,1.1,courtyard__name_maya__obj_cup,courtyard__name_maya__obj_cup__object_first,courtyard__name_maya__obj_cup__direct_label,name_maya__obj_cup__direct_label__object_first,courtyard,courtyard,edges,name_maya,Maya,obj_cup,cup,direct_label,explicit_relation,locative_object_subject,object_first,object_first,False,True,False,False,True,False,True,"In the courtyard, the cup is close to Maya.","In the courtyard, the cup is far from Maya.",The cup is close to Maya.,The cup is far from Maya.,9,11,9,11,6,7,6,7
courtyard__name_maya__obj_cup__direct_label__person_first,close_far_matched_scenes,1.1,courtyard__name_maya__obj_cup,courtyard__name_maya__obj_cup__person_first,courtyard__name_maya__obj_cup__direct_label,name_maya__obj_cup__direct_label__person_first,courtyard,courtyard,edges,name_maya,Maya,obj_cup,cup,direct_label,explicit_relation,locative_object_subject,object_first,person_first,True,True,False,False,True,False,False,"In the courtyard, the cup is close to Maya.","In the courtyard, the cup is far from Maya.",Maya is close to the cup.,Maya is far from the cup.,9,11,9,11,6,8,6,8
courtyard__name_maya__obj_cup__distance_phrase__object_first,close_far_matched_scenes,1.1,courtyard__name_maya__obj_cup,courtyard__name_maya__obj_cup__object_first,courtyard__name_maya__obj_cup__distance_phrase,name_maya__obj_cup__distance_phrase__object_first,courtyard,courtyard,edges,name_maya,Maya,obj_cup,cup,distance_phrase,distance_magnitude_phrase,locative_distance_subject,person_first,object_first,True,True,False,False,False,True,False,"In the courtyard, a short distance separates Maya and the cup.","In the courtyard, a long distance separates Maya and the cup.",The cup is close to Maya.,The cup is far from Maya.,11,13,11,13,6,7,6,7
courtyard__name_maya__obj_cup__distance_phrase__person_first,close_far_matched_scenes,1.1,courtyard__name_maya__obj_cup,courtyard__name_maya__obj_cup__person_first,courtyard__name_maya__obj_cup__distance_phrase,name_maya__obj_cup__distance_phrase__person_first,courtyard,courtyard,edges,name_maya,Maya,obj_cup,cup,distance_phrase,distance_magnitude_phrase,locative_distance_subject,person_first,person_first,False,True,False,False,False,True,False,"In the courtyard, a short distance separates Maya and the cup.","In the courtyard, a long distance separates Maya and the cup.",Maya is close to the cup.,Maya is far from the cup.,11,13,11,13,6,8,6,8
courtyard__name_maya__obj_cup__distance_phrase_object_first__object_first,close_far_matched_scenes,1.1,courtyard__name_maya__obj_cup,courtyard__name_maya__obj_cup__object_first,courtyard__name_maya__obj_cup__distance_phrase_object_first,name_maya__obj_cup__distance_phrase_object_first__object_first,courtyard,courtyard,edges,name_maya,Maya,obj_cup,cup,distance_phrase_object_first,distance_magnitude_phrase,locative_distance_subject,object_first,object_first,False,True,False,False,False,True,False,"In the courtyard, a short distance separates the cup and Maya.","In the courtyard, a long distance separates the cup and Maya.",The cup is close to Maya.,The cup is far from Maya.,11,13,11,13,6,7,6,7
courtyard__name_maya__obj_cup__distance_phrase_object_first__person_first,close_far_matched_scenes,1.1,courtyard__name_maya__obj_cup,courtyard__name_maya__obj_cup__person_first,courtyard__name_maya__obj_cup__distance_phrase_object_first,name_maya__obj_cup__distance_phrase_object_first__person_first,courtyard,courtyard,edges,name_maya,Maya,obj_cup,cup,distance_phrase_object_first,distance_magnitude_phrase,locative_distance_subject,object_first,person_first,True,True,False,False,False,True,False,"In the courtyard, a short distance separates the cup and Maya.","In the courtyard, a long distance separates the cup and Maya.",Maya is close to the cup.,Maya is far from the cup.,11,13,11,13,6,8,6,8
courtyard__name_maya__obj_cup__endpoint_placement__object_first,close_far_matched_scenes,1.1,courtyard__name_maya__obj_cup,courtyard__name_maya__obj_cup__object_first,courtyard__name_maya__obj_cup__endpoint_placement,name_maya__obj_cup__endpoint_placement__object_first,courtyard,courtyard,edges,name_maya,Maya,obj_cup,cup,endpoint_placement,physical_endpoint_placement,two_sentence_person_then_object,person_first,object_first,True,True,True,True,False,False,False,"In the courtyard, Maya stands at one edge. The cup rests at Maya's feet.","In the courtyard, Maya stands at one edge. The cup rests at the opposite edge.",The cup is close to Maya.,The cup is far from Maya.,15,18,15,18,6,7,6,7
courtyard__name_maya__obj_cup__endpoint_placement__person_first,close_far_matched_scenes,1.1,courtyard__name_maya__obj_cup,courtyard__name_maya__obj_cup__person_first,courtyard__name_maya__obj_cup__endpoint_placement,name_maya__obj_cup__endpoint_placement__person_first,courtyard,courtyard,edges,name_maya,Maya,obj_cup,cup,endpoint_placement,physical_endpoint_placement,two_sentence_person_then_object,person_first,person_first,False,True,True,True,False,False,False,"In the courtyard, Maya stands at one edge. The cup rests at Maya's feet.","In the courtyard, Maya stands at one edge. The cup rests at the opposite edge.",Maya is close to the cup.,Maya is far from the cup.,15,18,15,18,6,8,6,8
courtyard__name_maya__obj_key__direct_label__object_first,close_far_matched_scenes,1.1,courtyard__name_maya__obj_key,courtyard__name_maya__obj_key__object_first,courtyard__name_maya__obj_key__direct_label,name_maya__obj_key__direct_label__object_first,courtyard,courtyard,edges,name_maya,Maya,obj_key,key,direct_label,explicit_relation,locative_object_subject,object_first,object_first,False,True,False,False,True,False,True,"In the courtyard, the key is close to Maya.","In the courtyard, the key is far from Maya.",The key is close to Maya.,The key is far from Maya.,9,11,9,11,6,7,6,7
courtyard__name_maya__obj_key__direct_label__person_first,close_far_matched_scenes,1.1,courtyard__name_maya__obj_key,courtyard__name_maya__obj_key__person_first,courtyard__name_maya__obj_key__direct_label,name_maya__obj_key__direct_label__person_first,courtyard,courtyard,edges,name_maya,Maya,obj_key,key,direct_label,explicit_relation,locative_object_subject,object_first,person_first,True,True,False,False,True,False,False,"In the courtyard, the key is close to Maya.","In the courtyard, the key is far from Maya.",Maya is close to the key.,Maya is far from the key.,9,11,9,11,6,8,6,8
courtyard__name_maya__obj_key__distance_phrase__object_first,close_far_matched_scenes,1.1,courtyard__name_maya__obj_key,courtyard__name_maya__obj_key__object_first,courtyard__name_maya__obj_key__distance_phrase,name_maya__obj_key__distance_phrase__object_first,courtyard,courtyard,edges,name_maya,Maya,obj_key,key,distance_phrase,distance_magnitude_phrase,locative_distance_subject,person_first,object_first,True,True,False,False,False,True,False,"In the courtyard, a short distance separates Maya and the key.","In the courtyard, a long distance separates Maya and the key.",The key is close to Maya.,The key is far from Maya.,11,13,11,13,6,7,6,7
courtyard__name_maya__obj_key__distance_phrase__person_first,close_far_matched_scenes,1.1,courtyard__name_maya__obj_key,courtyard__name_maya__obj_key__person_first,courtyard__name_maya__obj_key__distance_phrase,name_maya__obj_key__distance_phrase__person_first,courtyard,courtyard,edges,name_maya,Maya,obj_key,key,distance_phrase,distance_magnitude_phrase,locative_distance_subject,person_first,person_first,False,True,False,False,False,True,False,"In the courtyard, a short distance separates Maya and the key.","In the courtyard, a long distance separates Maya and the key.",Maya is close to the key.,Maya is far from the key.,11,13,11,13,6,8,6,8
courtyard__name_maya__obj_key__distance_phrase_object_first__object_first,close_far_matched_scenes,1.1,courtyard__name_maya__obj_key,courtyard__name_maya__obj_key__object_first,courtyard__name_maya__obj_key__distance_phrase_object_first,name_maya__obj_key__distance_phrase_object_first__object_first,courtyard,courtyard,edges,name_maya,Maya,obj_key,key,distance_phrase_object_first,distance_magnitude_phrase,locative_distance_subject,object_first,object_first,False,True,False,False,False,True,False,"In the courtyard, a short distance separates the key and Maya.","In the courtyard, a long distance separates the key and Maya.",The key is close to Maya.,The key is far from Maya.,11,13,11,13,6,7,6,7
courtyard__name_maya__obj_key__distance_phrase_object_first__person_first,close_far_matched_scenes,1.1,courtyard__name_maya__obj_key,courtyard__name_maya__obj_key__person_first,courtyard__name_maya__obj_key__distance_phrase_object_first,name_maya__obj_key__distance_phrase_object_first__person_first,courtyard,courtyard,edges,name_maya,Maya,obj_key,key,distance_phrase_object_first,distance_magnitude_phrase,locative_distance_subject,object_first,person_first,True,True,False,False,False,True,False,"In the courtyard, a short distance separates the key and Maya.","In the courtyard, a long distance separates the key and Maya.",Maya is close to the key.,Maya is far from the key.,11,13,11,13,6,8,6,8
courtyard__name_maya__obj_key__endpoint_placement__object_first,close_far_matched_scenes,1.1,courtyard__name_maya__obj_key,courtyard__name_maya__obj_key__object_first,courtyard__name_maya__obj_key__endpoint_placement,name_maya__obj_key__endpoint_placement__object_first,courtyard,courtyard,edges,name_maya,Maya,obj_key,key,endpoint_placement,physical_endpoint_placement,two_sentence_person_then_object,person_first,object_first,True,True,True,True,False,False,False,"In the courtyard, Maya stands at one edge. The key rests at Maya's feet.","In the courtyard, Maya stands at one edge. The key rests at the opposite edge.",The key is close to Maya.,The key is far from Maya.,15,18,15,18,6,7,6,7
courtyard__name_maya__obj_key__endpoint_placement__person_first,close_far_matched_scenes,1.1,courtyard__name_maya__obj_key,courtyard__name_maya__obj_key__person_first,courtyard__name_maya__obj_key__endpoint_placement,name_maya__obj_key__endpoint_placement__person_first,courtyard,courtyard,edges,name_maya,Maya,obj_key,key,endpoint_placement,physical_endpoint_placement,two_sentence_person_then_object,person_first,person_first,False,True,True,True,False,False,False,"In the courtyard, Maya stands at one edge. The key rests at Maya's feet.","In the courtyard, Maya stands at one edge. The key rests at the opposite edge.",Maya is close to the key.,Maya is far from the key.,15,18,15,18,6,8,6,8
courtyard__name_maya__obj_box__direct_label__object_first,close_far_matched_scenes,1.1,courtyard__name_maya__obj_box,courtyard__name_maya__obj_box__object_first,courtyard__name_maya__obj_box__direct_label,name_maya__obj_box__direct_label__object_first,courtyard,courtyard,edges,name_maya,Maya,obj_box,box,direct_label,explicit_relation,locative_object_subject,object_first,object_first,False,True,False,False,True,False,True,"In the courtyard, the box is close to Maya.","In the courtyard, the box is far from Maya.",The box is close to Maya.,The box is far from Maya.,9,11,9,11,6,7,6,7
courtyard__name_maya__obj_box__direct_label__person_first,close_far_matched_scenes,1.1,courtyard__name_maya__obj_box,courtyard__name_maya__obj_box__person_first,courtyard__name_maya__obj_box__direct_label,name_maya__obj_box__direct_label__person_first,courtyard,courtyard,edges,name_maya,Maya,obj_box,box,direct_label,explicit_relation,locative_object_subject,object_first,person_first,True,True,False,False,True,False,False,"In the courtyard, the box is close to Maya.","In the courtyard, the box is far from Maya.",Maya is close to the box.,Maya is far from the box.,9,11,9,11,6,8,6,8
courtyard__name_maya__obj_box__distance_phrase__object_first,close_far_matched_scenes,1.1,courtyard__name_maya__obj_box,courtyard__name_maya__obj_box__object_first,courtyard__name_maya__obj_box__distance_phrase,name_maya__obj_box__distance_phrase__object_first,courtyard,courtyard,edges,name_maya,Maya,obj_box,box,distance_phrase,distance_magnitude_phrase,locative_distance_subject,person_first,object_first,True,True,False,False,False,True,False,"In the courtyard, a short distance separates Maya and the box.","In the courtyard, a long distance separates Maya and the box.",The box is close to Maya.,The box is far from Maya.,11,13,11,13,6,7,6,7
courtyard__name_maya__obj_box__distance_phrase__person_first,close_far_matched_scenes,1.1,courtyard__name_maya__obj_box,courtyard__name_maya__obj_box__person_first,courtyard__name_maya__obj_box__distance_phrase,name_maya__obj_box__distance_phrase__person_first,courtyard,courtyard,edges,name_maya,Maya,obj_box,box,distance_phrase,distance_magnitude_phrase,locative_distance_subject,person_first,person_first,False,True,False,False,False,True,False,"In the courtyard, a short distance separates Maya and the box.","In the courtyard, a long distance separates Maya and the box.",Maya is close to the box.,Maya is far from the box.,11,13,11,13,6,8,6,8
courtyard__name_maya__obj_box__distance_phrase_object_first__object_first,close_far_matched_scenes,1.1,courtyard__name_maya__obj_box,courtyard__name_maya__obj_box__object_first,courtyard__name_maya__obj_box__distance_phrase_object_first,name_maya__obj_box__distance_phrase_object_first__object_first,courtyard,courtyard,edges,name_maya,Maya,obj_box,box,distance_phrase_object_first,distance_magnitude_phrase,locative_distance_subject,object_first,object_first,False,True,False,False,False,True,False,"In the courtyard, a short distance separates the box and Maya.","In the courtyard, a long distance separates the box and Maya.",The box is close to Maya.,The box is far from Maya.,11,13,11,13,6,7,6,7
courtyard__name_maya__obj_box__distance_phrase_object_first__person_first,close_far_matched_scenes,1.1,courtyard__name_maya__obj_box,courtyard__name_maya__obj_box__person_first,courtyard__name_maya__obj_box__distance_phrase_object_first,name_maya__obj_box__distance_phrase_object_first__person_first,courtyard,courtyard,edges,name_maya,Maya,obj_box,box,distance_phrase_object_first,distance_magnitude_phrase,locative_distance_subject,object_first,person_first,True,True,False,False,False,True,False,"In the courtyard, a short distance separates the box and Maya.","In the courtyard, a long distance separates the box and Maya.",Maya is close to the box.,Maya is far from the box.,11,13,11,13,6,8,6,8
courtyard__name_maya__obj_box__endpoint_placement__object_first,close_far_matched_scenes,1.1,courtyard__name_maya__obj_box,courtyard__name_maya__obj_box__object_first,courtyard__name_maya__obj_box__endpoint_placement,name_maya__obj_box__endpoint_placement__object_first,courtyard,courtyard,edges,name_maya,Maya,obj_box,box,endpoint_placement,physical_endpoint_placement,two_sentence_person_then_object,person_first,object_first,True,True,True,True,False,False,False,"In the courtyard, Maya stands at one edge. The box rests at Maya's feet.","In the courtyard, Maya stands at one edge. The box rests at the opposite edge.",The box is close to Maya.,The box is far from Maya.,15,18,15,18,6,7,6,7
courtyard__name_maya__obj_box__endpoint_placement__person_first,close_far_matched_scenes,1.1,courtyard__name_maya__obj_box,courtyard__name_maya__obj_box__person_first,courtyard__name_maya__obj_box__endpoint_placement,name_maya__obj_box__endpoint_placement__person_first,courtyard,courtyard,edges,name_maya,Maya,obj_box,box,endpoint_placement,physical_endpoint_placement,two_sentence_person_then_object,person_first,person_first,False,True,True,True,False,False,False,"In the courtyard, Maya stands at one edge. The box rests at Maya's feet.","In the courtyard, Maya stands at one edge. The box rests at the opposite edge.",Maya is close to the box.,Maya is far from the box.,15,18,15,18,6,8,6,8
courtyard__name_jesse__obj_ball__direct_label__object_first,close_far_matched_scenes,1.1,courtyard__name_jesse__obj_ball,courtyard__name_jesse__obj_ball__object_first,courtyard__name_jesse__obj_ball__direct_label,name_jesse__obj_ball__direct_label__object_first,courtyard,courtyard,edges,name_jesse,Jesse,obj_ball,ball,direct_label,explicit_relation,locative_object_subject,object_first,object_first,False,True,False,False,True,False,True,"In the courtyard, the ball is close to Jesse.","In the courtyard, the ball is far from Jesse.",The ball is close to Jesse.,The ball is far from Jesse.,9,11,9,11,6,7,6,7
courtyard__name_jesse__obj_ball__direct_label__person_first,close_far_matched_scenes,1.1,courtyard__name_jesse__obj_ball,courtyard__name_jesse__obj_ball__person_first,courtyard__name_jesse__obj_ball__direct_label,name_jesse__obj_ball__direct_label__person_first,courtyard,courtyard,edges,name_jesse,Jesse,obj_ball,ball,direct_label,explicit_relation,locative_object_subject,object_first,person_first,True,True,False,False,True,False,False,"In the courtyard, the ball is close to Jesse.","In the courtyard, the ball is far from Jesse.",Jesse is close to the ball.,Jesse is far from the ball.,9,11,9,11,6,8,6,8
courtyard__name_jesse__obj_ball__distance_phrase__object_first,close_far_matched_scenes,1.1,courtyard__name_jesse__obj_ball,courtyard__name_jesse__obj_ball__object_first,courtyard__name_jesse__obj_ball__distance_phrase,name_jesse__obj_ball__distance_phrase__object_first,courtyard,courtyard,edges,name_jesse,Jesse,obj_ball,ball,distance_phrase,distance_magnitude_phrase,locative_distance_subject,person_first,object_first,True,True,False,False,False,True,False,"In the courtyard, a short distance separates Jesse and the ball.","In the courtyard, a long distance separates Jesse and the ball.",The ball is close to Jesse.,The ball is far from Jesse.,11,13,11,13,6,7,6,7
courtyard__name_jesse__obj_ball__distance_phrase__person_first,close_far_matched_scenes,1.1,courtyard__name_jesse__obj_ball,courtyard__name_jesse__obj_ball__person_first,courtyard__name_jesse__obj_ball__distance_phrase,name_jesse__obj_ball__distance_phrase__person_first,courtyard,courtyard,edges,name_jesse,Jesse,obj_ball,ball,distance_phrase,distance_magnitude_phrase,locative_distance_subject,person_first,person_first,False,True,False,False,False,True,False,"In the courtyard, a short distance separates Jesse and the ball.","In the courtyard, a long distance separates Jesse and the ball.",Jesse is close to the ball.,Jesse is far from the ball.,11,13,11,13,6,8,6,8
courtyard__name_jesse__obj_ball__distance_phrase_object_first__object_first,close_far_matched_scenes,1.1,courtyard__name_jesse__obj_ball,courtyard__name_jesse__obj_ball__object_first,courtyard__name_jesse__obj_ball__distance_phrase_object_first,name_jesse__obj_ball__distance_phrase_object_first__object_first,courtyard,courtyard,edges,name_jesse,Jesse,obj_ball,ball,distance_phrase_object_first,distance_magnitude_phrase,locative_distance_subject,object_first,object_first,False,True,False,False,False,True,False,"In the courtyard, a short distance separates the ball and Jesse.","In the courtyard, a long distance separates the ball and Jesse.",The ball is close to Jesse.,The ball is far from Jesse.,11,13,11,13,6,7,6,7
courtyard__name_jesse__obj_ball__distance_phrase_object_first__person_first,close_far_matched_scenes,1.1,courtyard__name_jesse__obj_ball,courtyard__name_jesse__obj_ball__person_first,courtyard__name_jesse__obj_ball__distance_phrase_object_first,name_jesse__obj_ball__distance_phrase_object_first__person_first,courtyard,courtyard,edges,name_jesse,Jesse,obj_ball,ball,distance_phrase_object_first,distance_magnitude_phrase,locative_distance_subject,object_first,person_first,True,True,False,False,False,True,False,"In the courtyard, a short distance separates the ball and Jesse.","In the courtyard, a long distance separates the ball and Jesse.",Jesse is close to the ball.,Jesse is far from the ball.,11,13,11,13,6,8,6,8
courtyard__name_jesse__obj_ball__endpoint_placement__object_first,close_far_matched_scenes,1.1,courtyard__name_jesse__obj_ball,courtyard__name_jesse__obj_ball__object_first,courtyard__name_jesse__obj_ball__endpoint_placement,name_jesse__obj_ball__endpoint_placement__object_first,courtyard,courtyard,edges,name_jesse,Jesse,obj_ball,ball,endpoint_placement,physical_endpoint_placement,two_sentence_person_then_object,person_first,object_first,True,True,True,True,False,False,False,"In the courtyard, Jesse stands at one edge. The ball rests at Jesse's feet.","In the courtyard, Jesse stands at one edge. The ball rests at the opposite edge.",The ball is close to Jesse.,The ball is far from Jesse.,15,18,15,18,6,7,6,7
courtyard__name_jesse__obj_ball__endpoint_placement__person_first,close_far_matched_scenes,1.1,courtyard__name_jesse__obj_ball,courtyard__name_jesse__obj_ball__person_first,courtyard__name_jesse__obj_ball__endpoint_placement,name_jesse__obj_ball__endpoint_placement__person_first,courtyard,courtyard,edges,name_jesse,Jesse,obj_ball,ball,endpoint_placement,physical_endpoint_placement,two_sentence_person_then_object,person_first,person_first,False,True,True,True,False,False,False,"In the courtyard, Jesse stands at one edge. The ball rests at Jesse's feet.","In the courtyard, Jesse stands at one edge. The ball rests at the opposite edge.",Jesse is close to the ball.,Jesse is far from the ball.,15,18,15,18,6,8,6,8
courtyard__name_jesse__obj_bag__direct_label__object_first,close_far_matched_scenes,1.1,courtyard__name_jesse__obj_bag,courtyard__name_jesse__obj_bag__object_first,courtyard__name_jesse__obj_bag__direct_label,name_jesse__obj_bag__direct_label__object_first,courtyard,courtyard,edges,name_jesse,Jesse,obj_bag,bag,direct_label,explicit_relation,locative_object_subject,object_first,object_first,False,True,False,False,True,False,True,"In the courtyard, the bag is close to Jesse.","In the courtyard, the bag is far from Jesse.",The bag is close to Jesse.,The bag is far from Jesse.,9,11,9,11,6,7,6,7
courtyard__name_jesse__obj_bag__direct_label__person_first,close_far_matched_scenes,1.1,courtyard__name_jesse__obj_bag,courtyard__name_jesse__obj_bag__person_first,courtyard__name_jesse__obj_bag__direct_label,name_jesse__obj_bag__direct_label__person_first,courtyard,courtyard,edges,name_jesse,Jesse,obj_bag,bag,direct_label,explicit_relation,locative_object_subject,object_first,person_first,True,True,False,False,True,False,False,"In the courtyard, the bag is close to Jesse.","In the courtyard, the bag is far from Jesse.",Jesse is close to the bag.,Jesse is far from the bag.,9,11,9,11,6,8,6,8
courtyard__name_jesse__obj_bag__distance_phrase__object_first,close_far_matched_scenes,1.1,courtyard__name_jesse__obj_bag,courtyard__name_jesse__obj_bag__object_first,courtyard__name_jesse__obj_bag__distance_phrase,name_jesse__obj_bag__distance_phrase__object_first,courtyard,courtyard,edges,name_jesse,Jesse,obj_bag,bag,distance_phrase,distance_magnitude_phrase,locative_distance_subject,person_first,object_first,True,True,False,False,False,True,False,"In the courtyard, a short distance separates Jesse and the bag.","In the courtyard, a long distance separates Jesse and the bag.",The bag is close to Jesse.,The bag is far from Jesse.,11,13,11,13,6,7,6,7
courtyard__name_jesse__obj_bag__distance_phrase__person_first,close_far_matched_scenes,1.1,courtyard__name_jesse__obj_bag,courtyard__name_jesse__obj_bag__person_first,courtyard__name_jesse__obj_bag__distance_phrase,name_jesse__obj_bag__distance_phrase__person_first,courtyard,courtyard,edges,name_jesse,Jesse,obj_bag,bag,distance_phrase,distance_magnitude_phrase,locative_distance_subject,person_first,person_first,False,True,False,False,False,True,False,"In the courtyard, a short distance separates Jesse and the bag.","In the courtyard, a long distance separates Jesse and the bag.",Jesse is close to the bag.,Jesse is far from the bag.,11,13,11,13,6,8,6,8
courtyard__name_jesse__obj_bag__distance_phrase_object_first__object_first,close_far_matched_scenes,1.1,courtyard__name_jesse__obj_bag,courtyard__name_jesse__obj_bag__object_first,courtyard__name_jesse__obj_bag__distance_phrase_object_first,name_jesse__obj_bag__distance_phrase_object_first__object_first,courtyard,courtyard,edges,name_jesse,Jesse,obj_bag,bag,distance_phrase_object_first,distance_magnitude_phrase,locative_distance_subject,object_first,object_first,False,True,False,False,False,True,False,"In the courtyard, a short distance separates the bag and Jesse.","In the courtyard, a long distance separates the bag and Jesse.",The bag is close to Jesse.,The bag is far from Jesse.,11,13,11,13,6,7,6,7
courtyard__name_jesse__obj_bag__distance_phrase_object_first__person_first,close_far_matched_scenes,1.1,courtyard__name_jesse__obj_bag,courtyard__name_jesse__obj_bag__person_first,courtyard__name_jesse__obj_bag__distance_phrase_object_first,name_jesse__obj_bag__distance_phrase_object_first__person_first,courtyard,courtyard,edges,name_jesse,Jesse,obj_bag,bag,distance_phrase_object_first,distance_magnitude_phrase,locative_distance_subject,object_first,person_first,True,True,False,False,False,True,False,"In the courtyard, a short distance separates the bag and Jesse.","In the courtyard, a long distance separates the bag and Jesse.",Jesse is close to the bag.,Jesse is far from the bag.,11,13,11,13,6,8,6,8
courtyard__name_jesse__obj_bag__endpoint_placement__object_first,close_far_matched_scenes,1.1,courtyard__name_jesse__obj_bag,courtyard__name_jesse__obj_bag__object_first,courtyard__name_jesse__obj_bag__endpoint_placement,name_jesse__obj_bag__endpoint_placement__object_first,courtyard,courtyard,edges,name_jesse,Jesse,obj_bag,bag,endpoint_placement,physical_endpoint_placement,two_sentence_person_then_object,person_first,object_first,True,True,True,True,False,False,False,"In the courtyard, Jesse stands at one edge. The bag rests at Jesse's feet.","In the courtyard, Jesse stands at one edge. The bag rests at the opposite edge.",The bag is close to Jesse.,The bag is far from Jesse.,15,18,15,18,6,7,6,7
courtyard__name_jesse__obj_bag__endpoint_placement__person_first,close_far_matched_scenes,1.1,courtyard__name_jesse__obj_bag,courtyard__name_jesse__obj_bag__person_first,courtyard__name_jesse__obj_bag__endpoint_placement,name_jesse__obj_bag__endpoint_placement__person_first,courtyard,courtyard,edges,name_jesse,Jesse,obj_bag,bag,endpoint_placement,physical_endpoint_placement,two_sentence_person_then_object,person_first,person_first,False,True,True,True,False,False,False,"In the courtyard, Jesse stands at one edge. The bag rests at Jesse's feet.","In the courtyard, Jesse stands at one edge. The bag rests at the opposite edge.",Jesse is close to the bag.,Jesse is far from the bag.,15,18,15,18,6,8,6,8
courtyard__name_jesse__obj_book__direct_label__object_first,close_far_matched_scenes,1.1,courtyard__name_jesse__obj_book,courtyard__name_jesse__obj_book__object_first,courtyard__name_jesse__obj_book__direct_label,name_jesse__obj_book__direct_label__object_first,courtyard,courtyard,edges,name_jesse,Jesse,obj_book,book,direct_label,explicit_relation,locative_object_subject,object_first,object_first,False,True,False,False,True,False,True,"In the courtyard, the book is close to Jesse.","In the courtyard, the book is far from Jesse.",The book is close to Jesse.,The book is far from Jesse.,9,11,9,11,6,7,6,7
courtyard__name_jesse__obj_book__direct_label__person_first,close_far_matched_scenes,1.1,courtyard__name_jesse__obj_book,courtyard__name_jesse__obj_book__person_first,courtyard__name_jesse__obj_book__direct_label,name_jesse__obj_book__direct_label__person_first,courtyard,courtyard,edges,name_jesse,Jesse,obj_book,book,direct_label,explicit_relation,locative_object_subject,object_first,person_first,True,True,False,False,True,False,False,"In the courtyard, the book is close to Jesse.","In the courtyard, the book is far from Jesse.",Jesse is close to the book.,Jesse is far from the book.,9,11,9,11,6,8,6,8
courtyard__name_jesse__obj_book__distance_phrase__object_first,close_far_matched_scenes,1.1,courtyard__name_jesse__obj_book,courtyard__name_jesse__obj_book__object_first,courtyard__name_jesse__obj_book__distance_phrase,name_jesse__obj_book__distance_phrase__object_first,courtyard,courtyard,edges,name_jesse,Jesse,obj_book,book,distance_phrase,distance_magnitude_phrase,locative_distance_subject,person_first,object_first,True,True,False,False,False,True,False,"In the courtyard, a short distance separates Jesse and the book.","In the courtyard, a long distance separates Jesse and the book.",The book is close to Jesse.,The book is far from Jesse.,11,13,11,13,6,7,6,7
courtyard__name_jesse__obj_book__distance_phrase__person_first,close_far_matched_scenes,1.1,courtyard__name_jesse__obj_book,courtyard__name_jesse__obj_book__person_first,courtyard__name_jesse__obj_book__distance_phrase,name_jesse__obj_book__distance_phrase__person_first,courtyard,courtyard,edges,name_jesse,Jesse,obj_book,book,distance_phrase,distance_magnitude_phrase,locative_distance_subject,person_first,person_first,False,True,False,False,False,True,False,"In the courtyard, a short distance separates Jesse and the book.","In the courtyard, a long distance separates Jesse and the book.",Jesse is close to the book.,Jesse is far from the book.,11,13,11,13,6,8,6,8
courtyard__name_jesse__obj_book__distance_phrase_object_first__object_first,close_far_matched_scenes,1.1,courtyard__name_jesse__obj_book,courtyard__name_jesse__obj_book__object_first,courtyard__name_jesse__obj_book__distance_phrase_object_first,name_jesse__obj_book__distance_phrase_object_first__object_first,courtyard,courtyard,edges,name_jesse,Jesse,obj_book,book,distance_phrase_object_first,distance_magnitude_phrase,locative_distance_subject,object_first,object_first,False,True,False,False,False,True,False,"In the courtyard, a short distance separates the book and Jesse.","In the courtyard, a long distance separates the book and Jesse.",The book is close to Jesse.,The book is far from Jesse.,11,13,11,13,6,7,6,7
courtyard__name_jesse__obj_book__distance_phrase_object_first__person_first,close_far_matched_scenes,1.1,courtyard__name_jesse__obj_book,courtyard__name_jesse__obj_book__person_first,courtyard__name_jesse__obj_book__distance_phrase_object_first,name_jesse__obj_book__distance_phrase_object_first__person_first,courtyard,courtyard,edges,name_jesse,Jesse,obj_book,book,distance_phrase_object_first,distance_magnitude_phrase,locative_distance_subject,object_first,person_first,True,True,False,False,False,True,False,"In the courtyard, a short distance separates the book and Jesse.","In the courtyard, a long distance separates the book and Jesse.",Jesse is close to the book.,Jesse is far from the book.,11,13,11,13,6,8,6,8
courtyard__name_jesse__obj_book__endpoint_placement__object_first,close_far_matched_scenes,1.1,courtyard__name_jesse__obj_book,courtyard__name_jesse__obj_book__object_first,courtyard__name_jesse__obj_book__endpoint_placement,name_jesse__obj_book__endpoint_placement__object_first,courtyard,courtyard,edges,name_jesse,Jesse,obj_book,book,endpoint_placement,physical_endpoint_placement,two_sentence_person_then_object,person_first,object_first,True,True,True,True,False,False,False,"In the courtyard, Jesse stands at one edge. The book rests at Jesse's feet.","In the courtyard, Jesse stands at one edge. The book rests at the opposite edge.",The book is close to Jesse.,The book is far from Jesse.,15,18,15,18,6,7,6,7
courtyard__name_jesse__obj_book__endpoint_placement__person_first,close_far_matched_scenes,1.1,courtyard__name_jesse__obj_book,courtyard__name_jesse__obj_book__person_first,courtyard__name_jesse__obj_book__endpoint_placement,name_jesse__obj_book__endpoint_placement__person_first,courtyard,courtyard,edges,name_jesse,Jesse,obj_book,book,endpoint_placement,physical_endpoint_placement,two_sentence_person_then_object,person_first,person_first,False,True,True,True,False,False,False,"In the courtyard, Jesse stands at one edge. The book rests at Jesse's feet.","In the courtyard, Jesse stands at one edge. The book rests at the opposite edge.",Jesse is close to the book.,Jesse is far from the book.,15,18,15,18,6,8,6,8
courtyard__name_jesse__obj_cone__direct_label__object_first,close_far_matched_scenes,1.1,courtyard__name_jesse__obj_cone,courtyard__name_jesse__obj_cone__object_first,courtyard__name_jesse__obj_cone__direct_label,name_jesse__obj_cone__direct_label__object_first,courtyard,courtyard,edges,name_jesse,Jesse,obj_cone,cone,direct_label,explicit_relation,locative_object_subject,object_first,object_first,False,True,False,False,True,False,True,"In the courtyard, the cone is close to Jesse.","In the courtyard, the cone is far from Jesse.",The cone is close to Jesse.,The cone is far from Jesse.,9,11,9,11,6,7,6,7
courtyard__name_jesse__obj_cone__direct_label__person_first,close_far_matched_scenes,1.1,courtyard__name_jesse__obj_cone,courtyard__name_jesse__obj_cone__person_first,courtyard__name_jesse__obj_cone__direct_label,name_jesse__obj_cone__direct_label__person_first,courtyard,courtyard,edges,name_jesse,Jesse,obj_cone,cone,direct_label,explicit_relation,locative_object_subject,object_first,person_first,True,True,False,False,True,False,False,"In the courtyard, the cone is close to Jesse.","In the courtyard, the cone is far from Jesse.",Jesse is close to the cone.,Jesse is far from the cone.,9,11,9,11,6,8,6,8
courtyard__name_jesse__obj_cone__distance_phrase__object_first,close_far_matched_scenes,1.1,courtyard__name_jesse__obj_cone,courtyard__name_jesse__obj_cone__object_first,courtyard__name_jesse__obj_cone__distance_phrase,name_jesse__obj_cone__distance_phrase__object_first,courtyard,courtyard,edges,name_jesse,Jesse,obj_cone,cone,distance_phrase,distance_magnitude_phrase,locative_distance_subject,person_first,object_first,True,True,False,False,False,True,False,"In the courtyard, a short distance separates Jesse and the cone.","In the courtyard, a long distance separates Jesse and the cone.",The cone is close to Jesse.,The cone is far from Jesse.,11,13,11,13,6,7,6,7
courtyard__name_jesse__obj_cone__distance_phrase__person_first,close_far_matched_scenes,1.1,courtyard__name_jesse__obj_cone,courtyard__name_jesse__obj_cone__person_first,courtyard__name_jesse__obj_cone__distance_phrase,name_jesse__obj_cone__distance_phrase__person_first,courtyard,courtyard,edges,name_jesse,Jesse,obj_cone,cone,distance_phrase,distance_magnitude_phrase,locative_distance_subject,person_first,person_first,False,True,False,False,False,True,False,"In the courtyard, a short distance separates Jesse and the cone.","In the courtyard, a long distance separates Jesse and the cone.",Jesse is close to the cone.,Jesse is far from the cone.,11,13,11,13,6,8,6,8
courtyard__name_jesse__obj_cone__distance_phrase_object_first__object_first,close_far_matched_scenes,1.1,courtyard__name_jesse__obj_cone,courtyard__name_jesse__obj_cone__object_first,courtyard__name_jesse__obj_cone__distance_phrase_object_first,name_jesse__obj_cone__distance_phrase_object_first__object_first,courtyard,courtyard,edges,name_jesse,Jesse,obj_cone,cone,distance_phrase_object_first,distance_magnitude_phrase,locative_distance_subject,object_first,object_first,False,True,False,False,False,True,False,"In the courtyard, a short distance separates the cone and Jesse.","In the courtyard, a long distance separates the cone and Jesse.",The cone is close to Jesse.,The cone is far from Jesse.,11,13,11,13,6,7,6,7
courtyard__name_jesse__obj_cone__distance_phrase_object_first__person_first,close_far_matched_scenes,1.1,courtyard__name_jesse__obj_cone,courtyard__name_jesse__obj_cone__person_first,courtyard__name_jesse__obj_cone__distance_phrase_object_first,name_jesse__obj_cone__distance_phrase_object_first__person_first,courtyard,courtyard,edges,name_jesse,Jesse,obj_cone,cone,distance_phrase_object_first,distance_magnitude_phrase,locative_distance_subject,object_first,person_first,True,True,False,False,False,True,False,"In the courtyard, a short distance separates the cone and Jesse.","In the courtyard, a long distance separates the cone and Jesse.",Jesse is close to the cone.,Jesse is far from the cone.,11,13,11,13,6,8,6,8
courtyard__name_jesse__obj_cone__endpoint_placement__object_first,close_far_matched_scenes,1.1,courtyard__name_jesse__obj_cone,courtyard__name_jesse__obj_cone__object_first,courtyard__name_jesse__obj_cone__endpoint_placement,name_jesse__obj_cone__endpoint_placement__object_first,courtyard,courtyard,edges,name_jesse,Jesse,obj_cone,cone,endpoint_placement,physical_endpoint_placement,two_sentence_person_then_object,person_first,object_first,True,True,True,True,False,False,False,"In the courtyard, Jesse stands at one edge. The cone rests at Jesse's feet.","In the courtyard, Jesse stands at one edge. The cone rests at the opposite edge.",The cone is close to Jesse.,The cone is far from Jesse.,15,18,15,18,6,7,6,7
courtyard__name_jesse__obj_cone__endpoint_placement__person_first,close_far_matched_scenes,1.1,courtyard__name_jesse__obj_cone,courtyard__name_jesse__obj_cone__person_first,courtyard__name_jesse__obj_cone__endpoint_placement,name_jesse__obj_cone__endpoint_placement__person_first,courtyard,courtyard,edges,name_jesse,Jesse,obj_cone,cone,endpoint_placement,physical_endpoint_placement,two_sentence_person_then_object,person_first,person_first,False,True,True,True,False,False,False,"In the courtyard, Jesse stands at one edge. The cone rests at Jesse's feet.","In the courtyard, Jesse stands at one edge. The cone rests at the opposite edge.",Jesse is close to the cone.,Jesse is far from the cone.,15,18,15,18,6,8,6,8
courtyard__name_jesse__obj_helmet__direct_label__object_first,close_far_matched_scenes,1.1,courtyard__name_jesse__obj_helmet,courtyard__name_jesse__obj_helmet__object_first,courtyard__name_jesse__obj_helmet__direct_label,name_jesse__obj_helmet__direct_label__object_first,courtyard,courtyard,edges,name_jesse,Jesse,obj_helmet,helmet,direct_label,explicit_relation,locative_object_subject,object_first,object_first,False,True,False,False,True,False,True,"In the courtyard, the helmet is close to Jesse.","In the courtyard, the helmet is far from Jesse.",The helmet is close to Jesse.,The helmet is far from Jesse.,9,11,9,11,6,7,6,7
courtyard__name_jesse__obj_helmet__direct_label__person_first,close_far_matched_scenes,1.1,courtyard__name_jesse__obj_helmet,courtyard__name_jesse__obj_helmet__person_first,courtyard__name_jesse__obj_helmet__direct_label,name_jesse__obj_helmet__direct_label__person_first,courtyard,courtyard,edges,name_jesse,Jesse,obj_helmet,helmet,direct_label,explicit_relation,locative_object_subject,object_first,person_first,True,True,False,False,True,False,False,"In the courtyard, the helmet is close to Jesse.","In the courtyard, the helmet is far from Jesse.",Jesse is close to the helmet.,Jesse is far from the helmet.,9,11,9,11,6,8,6,8
courtyard__name_jesse__obj_helmet__distance_phrase__object_first,close_far_matched_scenes,1.1,courtyard__name_jesse__obj_helmet,courtyard__name_jesse__obj_helmet__object_first,courtyard__name_jesse__obj_helmet__distance_phrase,name_jesse__obj_helmet__distance_phrase__object_first,courtyard,courtyard,edges,name_jesse,Jesse,obj_helmet,helmet,distance_phrase,distance_magnitude_phrase,locative_distance_subject,person_first,object_first,True,True,False,False,False,True,False,"In the courtyard, a short distance separates Jesse and the helmet.","In the courtyard, a long distance separates Jesse and the helmet.",The helmet is close to Jesse.,The helmet is far from Jesse.,11,13,11,13,6,7,6,7
courtyard__name_jesse__obj_helmet__distance_phrase__person_first,close_far_matched_scenes,1.1,courtyard__name_jesse__obj_helmet,courtyard__name_jesse__obj_helmet__person_first,courtyard__name_jesse__obj_helmet__distance_phrase,name_jesse__obj_helmet__distance_phrase__person_first,courtyard,courtyard,edges,name_jesse,Jesse,obj_helmet,helmet,distance_phrase,distance_magnitude_phrase,locative_distance_subject,person_first,person_first,False,True,False,False,False,True,False,"In the courtyard, a short distance separates Jesse and the helmet.","In the courtyard, a long distance separates Jesse and the helmet.",Jesse is close to the helmet.,Jesse is far from the helmet.,11,13,11,13,6,8,6,8
courtyard__name_jesse__obj_helmet__distance_phrase_object_first__object_first,close_far_matched_scenes,1.1,courtyard__name_jesse__obj_helmet,courtyard__name_jesse__obj_helmet__object_first,courtyard__name_jesse__obj_helmet__distance_phrase_object_first,name_jesse__obj_helmet__distance_phrase_object_first__object_first,courtyard,courtyard,edges,name_jesse,Jesse,obj_helmet,helmet,distance_phrase_object_first,distance_magnitude_phrase,locative_distance_subject,object_first,object_first,False,True,False,False,False,True,False,"In the courtyard, a short distance separates the helmet and Jesse.","In the courtyard, a long distance separates the helmet and Jesse.",The helmet is close to Jesse.,The helmet is far from Jesse.,11,13,11,13,6,7,6,7
courtyard__name_jesse__obj_helmet__distance_phrase_object_first__person_first,close_far_matched_scenes,1.1,courtyard__name_jesse__obj_helmet,courtyard__name_jesse__obj_helmet__person_first,courtyard__name_jesse__obj_helmet__distance_phrase_object_first,name_jesse__obj_helmet__distance_phrase_object_first__person_first,courtyard,courtyard,edges,name_jesse,Jesse,obj_helmet,helmet,distance_phrase_object_first,distance_magnitude_phrase,locative_distance_subject,object_first,person_first,True,True,False,False,False,True,False,"In the courtyard, a short distance separates the helmet and Jesse.","In the courtyard, a long distance separates the helmet and Jesse.",Jesse is close to the helmet.,Jesse is far from the helmet.,11,13,11,13,6,8,6,8
courtyard__name_jesse__obj_helmet__endpoint_placement__object_first,close_far_matched_scenes,1.1,courtyard__name_jesse__obj_helmet,courtyard__name_jesse__obj_helmet__object_first,courtyard__name_jesse__obj_helmet__endpoint_placement,name_jesse__obj_helmet__endpoint_placement__object_first,courtyard,courtyard,edges,name_jesse,Jesse,obj_helmet,helmet,endpoint_placement,physical_endpoint_placement,two_sentence_person_then_object,person_first,object_first,True,True,True,True,False,False,False,"In the courtyard, Jesse stands at one edge. The helmet rests at Jesse's feet.","In the courtyard, Jesse stands at one edge. The helmet rests at the opposite edge.",The helmet is close to Jesse.,The helmet is far from Jesse.,15,18,15,18,6,7,6,7
courtyard__name_jesse__obj_helmet__endpoint_placement__person_first,close_far_matched_scenes,1.1,courtyard__name_jesse__obj_helmet,courtyard__name_jesse__obj_helmet__person_first,courtyard__name_jesse__obj_helmet__endpoint_placement,name_jesse__obj_helmet__endpoint_placement__person_first,courtyard,courtyard,edges,name_jesse,Jesse,obj_helmet,helmet,endpoint_placement,physical_endpoint_placement,two_sentence_person_then_object,person_first,person_first,False,True,True,True,False,False,False,"In the courtyard, Jesse stands at one edge. The helmet rests at Jesse's feet.","In the courtyard, Jesse stands at one edge. The helmet rests at the opposite edge.",Jesse is close to the helmet.,Jesse is far from the helmet.,15,18,15,18,6,8,6,8
courtyard__name_jesse__obj_cup__direct_label__object_first,close_far_matched_scenes,1.1,courtyard__name_jesse__obj_cup,courtyard__name_jesse__obj_cup__object_first,courtyard__name_jesse__obj_cup__direct_label,name_jesse__obj_cup__direct_label__object_first,courtyard,courtyard,edges,name_jesse,Jesse,obj_cup,cup,direct_label,explicit_relation,locative_object_subject,object_first,object_first,False,True,False,False,True,False,True,"In the courtyard, the cup is close to Jesse.","In the courtyard, the cup is far from Jesse.",The cup is close to Jesse.,The cup is far from Jesse.,9,11,9,11,6,7,6,7
courtyard__name_jesse__obj_cup__direct_label__person_first,close_far_matched_scenes,1.1,courtyard__name_jesse__obj_cup,courtyard__name_jesse__obj_cup__person_first,courtyard__name_jesse__obj_cup__direct_label,name_jesse__obj_cup__direct_label__person_first,courtyard,courtyard,edges,name_jesse,Jesse,obj_cup,cup,direct_label,explicit_relation,locative_object_subject,object_first,person_first,True,True,False,False,True,False,False,"In the courtyard, the cup is close to Jesse.","In the courtyard, the cup is far from Jesse.",Jesse is close to the cup.,Jesse is far from the cup.,9,11,9,11,6,8,6,8
courtyard__name_jesse__obj_cup__distance_phrase__object_first,close_far_matched_scenes,1.1,courtyard__name_jesse__obj_cup,courtyard__name_jesse__obj_cup__object_first,courtyard__name_jesse__obj_cup__distance_phrase,name_jesse__obj_cup__distance_phrase__object_first,courtyard,courtyard,edges,name_jesse,Jesse,obj_cup,cup,distance_phrase,distance_magnitude_phrase,locative_distance_subject,person_first,object_first,True,True,False,False,False,True,False,"In the courtyard, a short distance separates Jesse and the cup.","In the courtyard, a long distance separates Jesse and the cup.",The cup is close to Jesse.,The cup is far from Jesse.,11,13,11,13,6,7,6,7
courtyard__name_jesse__obj_cup__distance_phrase__person_first,close_far_matched_scenes,1.1,courtyard__name_jesse__obj_cup,courtyard__name_jesse__obj_cup__person_first,courtyard__name_jesse__obj_cup__distance_phrase,name_jesse__obj_cup__distance_phrase__person_first,courtyard,courtyard,edges,name_jesse,Jesse,obj_cup,cup,distance_phrase,distance_magnitude_phrase,locative_distance_subject,person_first,person_first,False,True,False,False,False,True,False,"In the courtyard, a short distance separates Jesse and the cup.","In the courtyard, a long distance separates Jesse and the cup.",Jesse is close to the cup.,Jesse is far from the cup.,11,13,11,13,6,8,6,8
courtyard__name_jesse__obj_cup__distance_phrase_object_first__object_first,close_far_matched_scenes,1.1,courtyard__name_jesse__obj_cup,courtyard__name_jesse__obj_cup__object_first,courtyard__name_jesse__obj_cup__distance_phrase_object_first,name_jesse__obj_cup__distance_phrase_object_first__object_first,courtyard,courtyard,edges,name_jesse,Jesse,obj_cup,cup,distance_phrase_object_first,distance_magnitude_phrase,locative_distance_subject,object_first,object_first,False,True,False,False,False,True,False,"In the courtyard, a short distance separates the cup and Jesse.","In the courtyard, a long distance separates the cup and Jesse.",The cup is close to Jesse.,The cup is far from Jesse.,11,13,11,13,6,7,6,7
courtyard__name_jesse__obj_cup__distance_phrase_object_first__person_first,close_far_matched_scenes,1.1,courtyard__name_jesse__obj_cup,courtyard__name_jesse__obj_cup__person_first,courtyard__name_jesse__obj_cup__distance_phrase_object_first,name_jesse__obj_cup__distance_phrase_object_first__person_first,courtyard,courtyard,edges,name_jesse,Jesse,obj_cup,cup,distance_phrase_object_first,distance_magnitude_phrase,locative_distance_subject,object_first,person_first,True,True,False,False,False,True,False,"In the courtyard, a short distance separates the cup and Jesse.","In the courtyard, a long distance separates the cup and Jesse.",Jesse is close to the cup.,Jesse is far from the cup.,11,13,11,13,6,8,6,8
courtyard__name_jesse__obj_cup__endpoint_placement__object_first,close_far_matched_scenes,1.1,courtyard__name_jesse__obj_cup,courtyard__name_jesse__obj_cup__object_first,courtyard__name_jesse__obj_cup__endpoint_placement,name_jesse__obj_cup__endpoint_placement__object_first,courtyard,courtyard,edges,name_jesse,Jesse,obj_cup,cup,endpoint_placement,physical_endpoint_placement,two_sentence_person_then_object,person_first,object_first,True,True,True,True,False,False,False,"In the courtyard, Jesse stands at one edge. The cup rests at Jesse's feet.","In the courtyard, Jesse stands at one edge. The cup rests at the opposite edge.",The cup is close to Jesse.,The cup is far from Jesse.,15,18,15,18,6,7,6,7
courtyard__name_jesse__obj_cup__endpoint_placement__person_first,close_far_matched_scenes,1.1,courtyard__name_jesse__obj_cup,courtyard__name_jesse__obj_cup__person_first,courtyard__name_jesse__obj_cup__endpoint_placement,name_jesse__obj_cup__endpoint_placement__person_first,courtyard,courtyard,edges,name_jesse,Jesse,obj_cup,cup,endpoint_placement,physical_endpoint_placement,two_sentence_person_then_object,person_first,person_first,False,True,True,True,False,False,False,"In the courtyard, Jesse stands at one edge. The cup rests at Jesse's feet.","In the courtyard, Jesse stands at one edge. The cup rests at the opposite edge.",Jesse is close to the cup.,Jesse is far from the cup.,15,18,15,18,6,8,6,8
courtyard__name_jesse__obj_key__direct_label__object_first,close_far_matched_scenes,1.1,courtyard__name_jesse__obj_key,courtyard__name_jesse__obj_key__object_first,courtyard__name_jesse__obj_key__direct_label,name_jesse__obj_key__direct_label__object_first,courtyard,courtyard,edges,name_jesse,Jesse,obj_key,key,direct_label,explicit_relation,locative_object_subject,object_first,object_first,False,True,False,False,True,False,True,"In the courtyard, the key is close to Jesse.","In the courtyard, the key is far from Jesse.",The key is close to Jesse.,The key is far from Jesse.,9,11,9,11,6,7,6,7
courtyard__name_jesse__obj_key__direct_label__person_first,close_far_matched_scenes,1.1,courtyard__name_jesse__obj_key,courtyard__name_jesse__obj_key__person_first,courtyard__name_jesse__obj_key__direct_label,name_jesse__obj_key__direct_label__person_first,courtyard,courtyard,edges,name_jesse,Jesse,obj_key,key,direct_label,explicit_relation,locative_object_subject,object_first,person_first,True,True,False,False,True,False,False,"In the courtyard, the key is close to Jesse.","In the courtyard, the key is far from Jesse.",Jesse is close to the key.,Jesse is far from the key.,9,11,9,11,6,8,6,8
courtyard__name_jesse__obj_key__distance_phrase__object_first,close_far_matched_scenes,1.1,courtyard__name_jesse__obj_key,courtyard__name_jesse__obj_key__object_first,courtyard__name_jesse__obj_key__distance_phrase,name_jesse__obj_key__distance_phrase__object_first,courtyard,courtyard,edges,name_jesse,Jesse,obj_key,key,distance_phrase,distance_magnitude_phrase,locative_distance_subject,person_first,object_first,True,True,False,False,False,True,False,"In the courtyard, a short distance separates Jesse and the key.","In the courtyard, a long distance separates Jesse and the key.",The key is close to Jesse.,The key is far from Jesse.,11,13,11,13,6,7,6,7
courtyard__name_jesse__obj_key__distance_phrase__person_first,close_far_matched_scenes,1.1,courtyard__name_jesse__obj_key,courtyard__name_jesse__obj_key__person_first,courtyard__name_jesse__obj_key__distance_phrase,name_jesse__obj_key__distance_phrase__person_first,courtyard,courtyard,edges,name_jesse,Jesse,obj_key,key,distance_phrase,distance_magnitude_phrase,locative_distance_subject,person_first,person_first,False,True,False,False,False,True,False,"In the courtyard, a short distance separates Jesse and the key.","In the courtyard, a long distance separates Jesse and the key.",Jesse is close to the key.,Jesse is far from the key.,11,13,11,13,6,8,6,8
courtyard__name_jesse__obj_key__distance_phrase_object_first__object_first,close_far_matched_scenes,1.1,courtyard__name_jesse__obj_key,courtyard__name_jesse__obj_key__object_first,courtyard__name_jesse__obj_key__distance_phrase_object_first,name_jesse__obj_key__distance_phrase_object_first__object_first,courtyard,courtyard,edges,name_jesse,Jesse,obj_key,key,distance_phrase_object_first,distance_magnitude_phrase,locative_distance_subject,object_first,object_first,False,True,False,False,False,True,False,"In the courtyard, a short distance separates the key and Jesse.","In the courtyard, a long distance separates the key and Jesse.",The key is close to Jesse.,The key is far from Jesse.,11,13,11,13,6,7,6,7
courtyard__name_jesse__obj_key__distance_phrase_object_first__person_first,close_far_matched_scenes,1.1,courtyard__name_jesse__obj_key,courtyard__name_jesse__obj_key__person_first,courtyard__name_jesse__obj_key__distance_phrase_object_first,name_jesse__obj_key__distance_phrase_object_first__person_first,courtyard,courtyard,edges,name_jesse,Jesse,obj_key,key,distance_phrase_object_first,distance_magnitude_phrase,locative_distance_subject,object_first,person_first,True,True,False,False,False,True,False,"In the courtyard, a short distance separates the key and Jesse.","In the courtyard, a long distance separates the key and Jesse.",Jesse is close to the key.,Jesse is far from the key.,11,13,11,13,6,8,6,8
courtyard__name_jesse__obj_key__endpoint_placement__object_first,close_far_matched_scenes,1.1,courtyard__name_jesse__obj_key,courtyard__name_jesse__obj_key__object_first,courtyard__name_jesse__obj_key__endpoint_placement,name_jesse__obj_key__endpoint_placement__object_first,courtyard,courtyard,edges,name_jesse,Jesse,obj_key,key,endpoint_placement,physical_endpoint_placement,two_sentence_person_then_object,person_first,object_first,True,True,True,True,False,False,False,"In the courtyard, Jesse stands at one edge. The key rests at Jesse's feet.","In the courtyard, Jesse stands at one edge. The key rests at the opposite edge.",The key is close to Jesse.,The key is far from Jesse.,15,18,15,18,6,7,6,7
courtyard__name_jesse__obj_key__endpoint_placement__person_first,close_far_matched_scenes,1.1,courtyard__name_jesse__obj_key,courtyard__name_jesse__obj_key__person_first,courtyard__name_jesse__obj_key__endpoint_placement,name_jesse__obj_key__endpoint_placement__person_first,courtyard,courtyard,edges,name_jesse,Jesse,obj_key,key,endpoint_placement,physical_endpoint_placement,two_sentence_person_then_object,person_first,person_first,False,True,True,True,False,False,False,"In the courtyard, Jesse stands at one edge. The key rests at Jesse's feet.","In the courtyard, Jesse stands at one edge. The key rests at the opposite edge.",Jesse is close to the key.,Jesse is far from the key.,15,18,15,18,6,8,6,8
courtyard__name_jesse__obj_box__direct_label__object_first,close_far_matched_scenes,1.1,courtyard__name_jesse__obj_box,courtyard__name_jesse__obj_box__object_first,courtyard__name_jesse__obj_box__direct_label,name_jesse__obj_box__direct_label__object_first,courtyard,courtyard,edges,name_jesse,Jesse,obj_box,box,direct_label,explicit_relation,locative_object_subject,object_first,object_first,False,True,False,False,True,False,True,"In the courtyard, the box is close to Jesse.","In the courtyard, the box is far from Jesse.",The box is close to Jesse.,The box is far from Jesse.,9,11,9,11,6,7,6,7
courtyard__name_jesse__obj_box__direct_label__person_first,close_far_matched_scenes,1.1,courtyard__name_jesse__obj_box,courtyard__name_jesse__obj_box__person_first,courtyard__name_jesse__obj_box__direct_label,name_jesse__obj_box__direct_label__person_first,courtyard,courtyard,edges,name_jesse,Jesse,obj_box,box,direct_label,explicit_relation,locative_object_subject,object_first,person_first,True,True,False,False,True,False,False,"In the courtyard, the box is close to Jesse.","In the courtyard, the box is far from Jesse.",Jesse is close to the box.,Jesse is far from the box.,9,11,9,11,6,8,6,8
courtyard__name_jesse__obj_box__distance_phrase__object_first,close_far_matched_scenes,1.1,courtyard__name_jesse__obj_box,courtyard__name_jesse__obj_box__object_first,courtyard__name_jesse__obj_box__distance_phrase,name_jesse__obj_box__distance_phrase__object_first,courtyard,courtyard,edges,name_jesse,Jesse,obj_box,box,distance_phrase,distance_magnitude_phrase,locative_distance_subject,person_first,object_first,True,True,False,False,False,True,False,"In the courtyard, a short distance separates Jesse and the box.","In the courtyard, a long distance separates Jesse and the box.",The box is close to Jesse.,The box is far from Jesse.,11,13,11,13,6,7,6,7
courtyard__name_jesse__obj_box__distance_phrase__person_first,close_far_matched_scenes,1.1,courtyard__name_jesse__obj_box,courtyard__name_jesse__obj_box__person_first,courtyard__name_jesse__obj_box__distance_phrase,name_jesse__obj_box__distance_phrase__person_first,courtyard,courtyard,edges,name_jesse,Jesse,obj_box,box,distance_phrase,distance_magnitude_phrase,locative_distance_subject,person_first,person_first,False,True,False,False,False,True,False,"In the courtyard, a short distance separates Jesse and the box.","In the courtyard, a long distance separates Jesse and the box.",Jesse is close to the box.,Jesse is far from the box.,11,13,11,13,6,8,6,8
courtyard__name_jesse__obj_box__distance_phrase_object_first__object_first,close_far_matched_scenes,1.1,courtyard__name_jesse__obj_box,courtyard__name_jesse__obj_box__object_first,courtyard__name_jesse__obj_box__distance_phrase_object_first,name_jesse__obj_box__distance_phrase_object_first__object_first,courtyard,courtyard,edges,name_jesse,Jesse,obj_box,box,distance_phrase_object_first,distance_magnitude_phrase,locative_distance_subject,object_first,object_first,False,True,False,False,False,True,False,"In the courtyard, a short distance separates the box and Jesse.","In the courtyard, a long distance separates the box and Jesse.",The box is close to Jesse.,The box is far from Jesse.,11,13,11,13,6,7,6,7
courtyard__name_jesse__obj_box__distance_phrase_object_first__person_first,close_far_matched_scenes,1.1,courtyard__name_jesse__obj_box,courtyard__name_jesse__obj_box__person_first,courtyard__name_jesse__obj_box__distance_phrase_object_first,name_jesse__obj_box__distance_phrase_object_first__person_first,courtyard,courtyard,edges,name_jesse,Jesse,obj_box,box,distance_phrase_object_first,distance_magnitude_phrase,locative_distance_subject,object_first,person_first,True,True,False,False,False,True,False,"In the courtyard, a short distance separates the box and Jesse.","In the courtyard, a long distance separates the box and Jesse.",Jesse is close to the box.,Jesse is far from the box.,11,13,11,13,6,8,6,8
courtyard__name_jesse__obj_box__endpoint_placement__object_first,close_far_matched_scenes,1.1,courtyard__name_jesse__obj_box,courtyard__name_jesse__obj_box__object_first,courtyard__name_jesse__obj_box__endpoint_placement,name_jesse__obj_box__endpoint_placement__object_first,courtyard,courtyard,edges,name_jesse,Jesse,obj_box,box,endpoint_placement,physical_endpoint_placement,two_sentence_person_then_object,person_first,object_first,True,True,True,True,False,False,False,"In the courtyard, Jesse stands at one edge. The box rests at Jesse's feet.","In the courtyard, Jesse stands at one edge. The box rests at the opposite edge.",The box is close to Jesse.,The box is far from Jesse.,15,18,15,18,6,7,6,7
courtyard__name_jesse__obj_box__endpoint_placement__person_first,close_far_matched_scenes,1.1,courtyard__name_jesse__obj_box,courtyard__name_jesse__obj_box__person_first,courtyard__name_jesse__obj_box__endpoint_placement,name_jesse__obj_box__endpoint_placement__person_first,courtyard,courtyard,edges,name_jesse,Jesse,obj_box,box,endpoint_placement,physical_endpoint_placement,two_sentence_person_then_object,person_first,person_first,False,True,True,True,False,False,False,"In the courtyard, Jesse stands at one edge. The box rests at Jesse's feet.","In the courtyard, Jesse stands at one edge. The box rests at the opposite edge.",Jesse is close to the box.,Jesse is far from the box.,15,18,15,18,6,8,6,8
courtyard__name_li__obj_ball__direct_label__object_first,close_far_matched_scenes,1.1,courtyard__name_li__obj_ball,courtyard__name_li__obj_ball__object_first,courtyard__name_li__obj_ball__direct_label,name_li__obj_ball__direct_label__object_first,courtyard,courtyard,edges,name_li,Li,obj_ball,ball,direct_label,explicit_relation,locative_object_subject,object_first,object_first,False,True,False,False,True,False,True,"In the courtyard, the ball is close to Li.","In the courtyard, the ball is far from Li.",The ball is close to Li.,The ball is far from Li.,9,11,9,11,6,7,6,7
courtyard__name_li__obj_ball__direct_label__person_first,close_far_matched_scenes,1.1,courtyard__name_li__obj_ball,courtyard__name_li__obj_ball__person_first,courtyard__name_li__obj_ball__direct_label,name_li__obj_ball__direct_label__person_first,courtyard,courtyard,edges,name_li,Li,obj_ball,ball,direct_label,explicit_relation,locative_object_subject,object_first,person_first,True,True,False,False,True,False,False,"In the courtyard, the ball is close to Li.","In the courtyard, the ball is far from Li.",Li is close to the ball.,Li is far from the ball.,9,11,9,11,6,7,6,7
courtyard__name_li__obj_ball__distance_phrase__object_first,close_far_matched_scenes,1.1,courtyard__name_li__obj_ball,courtyard__name_li__obj_ball__object_first,courtyard__name_li__obj_ball__distance_phrase,name_li__obj_ball__distance_phrase__object_first,courtyard,courtyard,edges,name_li,Li,obj_ball,ball,distance_phrase,distance_magnitude_phrase,locative_distance_subject,person_first,object_first,True,True,False,False,False,True,False,"In the courtyard, a short distance separates Li and the ball.","In the courtyard, a long distance separates Li and the ball.",The ball is close to Li.,The ball is far from Li.,11,13,11,13,6,7,6,7
courtyard__name_li__obj_ball__distance_phrase__person_first,close_far_matched_scenes,1.1,courtyard__name_li__obj_ball,courtyard__name_li__obj_ball__person_first,courtyard__name_li__obj_ball__distance_phrase,name_li__obj_ball__distance_phrase__person_first,courtyard,courtyard,edges,name_li,Li,obj_ball,ball,distance_phrase,distance_magnitude_phrase,locative_distance_subject,person_first,person_first,False,True,False,False,False,True,False,"In the courtyard, a short distance separates Li and the ball.","In the courtyard, a long distance separates Li and the ball.",Li is close to the ball.,Li is far from the ball.,11,13,11,13,6,7,6,7
courtyard__name_li__obj_ball__distance_phrase_object_first__object_first,close_far_matched_scenes,1.1,courtyard__name_li__obj_ball,courtyard__name_li__obj_ball__object_first,courtyard__name_li__obj_ball__distance_phrase_object_first,name_li__obj_ball__distance_phrase_object_first__object_first,courtyard,courtyard,edges,name_li,Li,obj_ball,ball,distance_phrase_object_first,distance_magnitude_phrase,locative_distance_subject,object_first,object_first,False,True,False,False,False,True,False,"In the courtyard, a short distance separates the ball and Li.","In the courtyard, a long distance separates the ball and Li.",The ball is close to Li.,The ball is far from Li.,11,13,11,13,6,7,6,7
courtyard__name_li__obj_ball__distance_phrase_object_first__person_first,close_far_matched_scenes,1.1,courtyard__name_li__obj_ball,courtyard__name_li__obj_ball__person_first,courtyard__name_li__obj_ball__distance_phrase_object_first,name_li__obj_ball__distance_phrase_object_first__person_first,courtyard,courtyard,edges,name_li,Li,obj_ball,ball,distance_phrase_object_first,distance_magnitude_phrase,locative_distance_subject,object_first,person_first,True,True,False,False,False,True,False,"In the courtyard, a short distance separates the ball and Li.","In the courtyard, a long distance separates the ball and Li.",Li is close to the ball.,Li is far from the ball.,11,13,11,13,6,7,6,7
courtyard__name_li__obj_ball__endpoint_placement__object_first,close_far_matched_scenes,1.1,courtyard__name_li__obj_ball,courtyard__name_li__obj_ball__object_first,courtyard__name_li__obj_ball__endpoint_placement,name_li__obj_ball__endpoint_placement__object_first,courtyard,courtyard,edges,name_li,Li,obj_ball,ball,endpoint_placement,physical_endpoint_placement,two_sentence_person_then_object,person_first,object_first,True,True,True,True,False,False,False,"In the courtyard, Li stands at one edge. The ball rests at Li's feet.","In the courtyard, Li stands at one edge. The ball rests at the opposite edge.",The ball is close to Li.,The ball is far from Li.,15,18,15,18,6,7,6,7
courtyard__name_li__obj_ball__endpoint_placement__person_first,close_far_matched_scenes,1.1,courtyard__name_li__obj_ball,courtyard__name_li__obj_ball__person_first,courtyard__name_li__obj_ball__endpoint_placement,name_li__obj_ball__endpoint_placement__person_first,courtyard,courtyard,edges,name_li,Li,obj_ball,ball,endpoint_placement,physical_endpoint_placement,two_sentence_person_then_object,person_first,person_first,False,True,True,True,False,False,False,"In the courtyard, Li stands at one edge. The ball rests at Li's feet.","In the courtyard, Li stands at one edge. The ball rests at the opposite edge.",Li is close to the ball.,Li is far from the ball.,15,18,15,18,6,7,6,7
courtyard__name_li__obj_bag__direct_label__object_first,close_far_matched_scenes,1.1,courtyard__name_li__obj_bag,courtyard__name_li__obj_bag__object_first,courtyard__name_li__obj_bag__direct_label,name_li__obj_bag__direct_label__object_first,courtyard,courtyard,edges,name_li,Li,obj_bag,bag,direct_label,explicit_relation,locative_object_subject,object_first,object_first,False,True,False,False,True,False,True,"In the courtyard, the bag is close to Li.","In the courtyard, the bag is far from Li.",The bag is close to Li.,The bag is far from Li.,9,11,9,11,6,7,6,7
courtyard__name_li__obj_bag__direct_label__person_first,close_far_matched_scenes,1.1,courtyard__name_li__obj_bag,courtyard__name_li__obj_bag__person_first,courtyard__name_li__obj_bag__direct_label,name_li__obj_bag__direct_label__person_first,courtyard,courtyard,edges,name_li,Li,obj_bag,bag,direct_label,explicit_relation,locative_object_subject,object_first,person_first,True,True,False,False,True,False,False,"In the courtyard, the bag is close to Li.","In the courtyard, the bag is far from Li.",Li is close to the bag.,Li is far from the bag.,9,11,9,11,6,7,6,7
courtyard__name_li__obj_bag__distance_phrase__object_first,close_far_matched_scenes,1.1,courtyard__name_li__obj_bag,courtyard__name_li__obj_bag__object_first,courtyard__name_li__obj_bag__distance_phrase,name_li__obj_bag__distance_phrase__object_first,courtyard,courtyard,edges,name_li,Li,obj_bag,bag,distance_phrase,distance_magnitude_phrase,locative_distance_subject,person_first,object_first,True,True,False,False,False,True,False,"In the courtyard, a short distance separates Li and the bag.","In the courtyard, a long distance separates Li and the bag.",The bag is close to Li.,The bag is far from Li.,11,13,11,13,6,7,6,7
courtyard__name_li__obj_bag__distance_phrase__person_first,close_far_matched_scenes,1.1,courtyard__name_li__obj_bag,courtyard__name_li__obj_bag__person_first,courtyard__name_li__obj_bag__distance_phrase,name_li__obj_bag__distance_phrase__person_first,courtyard,courtyard,edges,name_li,Li,obj_bag,bag,distance_phrase,distance_magnitude_phrase,locative_distance_subject,person_first,person_first,False,True,False,False,False,True,False,"In the courtyard, a short distance separates Li and the bag.","In the courtyard, a long distance separates Li and the bag.",Li is close to the bag.,Li is far from the bag.,11,13,11,13,6,7,6,7
courtyard__name_li__obj_bag__distance_phrase_object_first__object_first,close_far_matched_scenes,1.1,courtyard__name_li__obj_bag,courtyard__name_li__obj_bag__object_first,courtyard__name_li__obj_bag__distance_phrase_object_first,name_li__obj_bag__distance_phrase_object_first__object_first,courtyard,courtyard,edges,name_li,Li,obj_bag,bag,distance_phrase_object_first,distance_magnitude_phrase,locative_distance_subject,object_first,object_first,False,True,False,False,False,True,False,"In the courtyard, a short distance separates the bag and Li.","In the courtyard, a long distance separates the bag and Li.",The bag is close to Li.,The bag is far from Li.,11,13,11,13,6,7,6,7
courtyard__name_li__obj_bag__distance_phrase_object_first__person_first,close_far_matched_scenes,1.1,courtyard__name_li__obj_bag,courtyard__name_li__obj_bag__person_first,courtyard__name_li__obj_bag__distance_phrase_object_first,name_li__obj_bag__distance_phrase_object_first__person_first,courtyard,courtyard,edges,name_li,Li,obj_bag,bag,distance_phrase_object_first,distance_magnitude_phrase,locative_distance_subject,object_first,person_first,True,True,False,False,False,True,False,"In the courtyard, a short distance separates the bag and Li.","In the courtyard, a long distance separates the bag and Li.",Li is close to the bag.,Li is far from the bag.,11,13,11,13,6,7,6,7
courtyard__name_li__obj_bag__endpoint_placement__object_first,close_far_matched_scenes,1.1,courtyard__name_li__obj_bag,courtyard__name_li__obj_bag__object_first,courtyard__name_li__obj_bag__endpoint_placement,name_li__obj_bag__endpoint_placement__object_first,courtyard,courtyard,edges,name_li,Li,obj_bag,bag,endpoint_placement,physical_endpoint_placement,two_sentence_person_then_object,person_first,object_first,True,True,True,True,False,False,False,"In the courtyard, Li stands at one edge. The bag rests at Li's feet.","In the courtyard, Li stands at one edge. The bag rests at the opposite edge.",The bag is close to Li.,The bag is far from Li.,15,18,15,18,6,7,6,7
courtyard__name_li__obj_bag__endpoint_placement__person_first,close_far_matched_scenes,1.1,courtyard__name_li__obj_bag,courtyard__name_li__obj_bag__person_first,courtyard__name_li__obj_bag__endpoint_placement,name_li__obj_bag__endpoint_placement__person_first,courtyard,courtyard,edges,name_li,Li,obj_bag,bag,endpoint_placement,physical_endpoint_placement,two_sentence_person_then_object,person_first,person_first,False,True,True,True,False,False,False,"In the courtyard, Li stands at one edge. The bag rests at Li's feet.","In the courtyard, Li stands at one edge. The bag rests at the opposite edge.",Li is close to the bag.,Li is far from the bag.,15,18,15,18,6,7,6,7
courtyard__name_li__obj_book__direct_label__object_first,close_far_matched_scenes,1.1,courtyard__name_li__obj_book,courtyard__name_li__obj_book__object_first,courtyard__name_li__obj_book__direct_label,name_li__obj_book__direct_label__object_first,courtyard,courtyard,edges,name_li,Li,obj_book,book,direct_label,explicit_relation,locative_object_subject,object_first,object_first,False,True,False,False,True,False,True,"In the courtyard, the book is close to Li.","In the courtyard, the book is far from Li.",The book is close to Li.,The book is far from Li.,9,11,9,11,6,7,6,7
courtyard__name_li__obj_book__direct_label__person_first,close_far_matched_scenes,1.1,courtyard__name_li__obj_book,courtyard__name_li__obj_book__person_first,courtyard__name_li__obj_book__direct_label,name_li__obj_book__direct_label__person_first,courtyard,courtyard,edges,name_li,Li,obj_book,book,direct_label,explicit_relation,locative_object_subject,object_first,person_first,True,True,False,False,True,False,False,"In the courtyard, the book is close to Li.","In the courtyard, the book is far from Li.",Li is close to the book.,Li is far from the book.,9,11,9,11,6,7,6,7
courtyard__name_li__obj_book__distance_phrase__object_first,close_far_matched_scenes,1.1,courtyard__name_li__obj_book,courtyard__name_li__obj_book__object_first,courtyard__name_li__obj_book__distance_phrase,name_li__obj_book__distance_phrase__object_first,courtyard,courtyard,edges,name_li,Li,obj_book,book,distance_phrase,distance_magnitude_phrase,locative_distance_subject,person_first,object_first,True,True,False,False,False,True,False,"In the courtyard, a short distance separates Li and the book.","In the courtyard, a long distance separates Li and the book.",The book is close to Li.,The book is far from Li.,11,13,11,13,6,7,6,7
courtyard__name_li__obj_book__distance_phrase__person_first,close_far_matched_scenes,1.1,courtyard__name_li__obj_book,courtyard__name_li__obj_book__person_first,courtyard__name_li__obj_book__distance_phrase,name_li__obj_book__distance_phrase__person_first,courtyard,courtyard,edges,name_li,Li,obj_book,book,distance_phrase,distance_magnitude_phrase,locative_distance_subject,person_first,person_first,False,True,False,False,False,True,False,"In the courtyard, a short distance separates Li and the book.","In the courtyard, a long distance separates Li and the book.",Li is close to the book.,Li is far from the book.,11,13,11,13,6,7,6,7
courtyard__name_li__obj_book__distance_phrase_object_first__object_first,close_far_matched_scenes,1.1,courtyard__name_li__obj_book,courtyard__name_li__obj_book__object_first,courtyard__name_li__obj_book__distance_phrase_object_first,name_li__obj_book__distance_phrase_object_first__object_first,courtyard,courtyard,edges,name_li,Li,obj_book,book,distance_phrase_object_first,distance_magnitude_phrase,locative_distance_subject,object_first,object_first,False,True,False,False,False,True,False,"In the courtyard, a short distance separates the book and Li.","In the courtyard, a long distance separates the book and Li.",The book is close to Li.,The book is far from Li.,11,13,11,13,6,7,6,7
courtyard__name_li__obj_book__distance_phrase_object_first__person_first,close_far_matched_scenes,1.1,courtyard__name_li__obj_book,courtyard__name_li__obj_book__person_first,courtyard__name_li__obj_book__distance_phrase_object_first,name_li__obj_book__distance_phrase_object_first__person_first,courtyard,courtyard,edges,name_li,Li,obj_book,book,distance_phrase_object_first,distance_magnitude_phrase,locative_distance_subject,object_first,person_first,True,True,False,False,False,True,False,"In the courtyard, a short distance separates the book and Li.","In the courtyard, a long distance separates the book and Li.",Li is close to the book.,Li is far from the book.,11,13,11,13,6,7,6,7
courtyard__name_li__obj_book__endpoint_placement__object_first,close_far_matched_scenes,1.1,courtyard__name_li__obj_book,courtyard__name_li__obj_book__object_first,courtyard__name_li__obj_book__endpoint_placement,name_li__obj_book__endpoint_placement__object_first,courtyard,courtyard,edges,name_li,Li,obj_book,book,endpoint_placement,physical_endpoint_placement,two_sentence_person_then_object,person_first,object_first,True,True,True,True,False,False,False,"In the courtyard, Li stands at one edge. The book rests at Li's feet.","In the courtyard, Li stands at one edge. The book rests at the opposite edge.",The book is close to Li.,The book is far from Li.,15,18,15,18,6,7,6,7
courtyard__name_li__obj_book__endpoint_placement__person_first,close_far_matched_scenes,1.1,courtyard__name_li__obj_book,courtyard__name_li__obj_book__person_first,courtyard__name_li__obj_book__endpoint_placement,name_li__obj_book__endpoint_placement__person_first,courtyard,courtyard,edges,name_li,Li,obj_book,book,endpoint_placement,physical_endpoint_placement,two_sentence_person_then_object,person_first,person_first,False,True,True,True,False,False,False,"In the courtyard, Li stands at one edge. The book rests at Li's feet.","In the courtyard, Li stands at one edge. The book rests at the opposite edge.",Li is close to the book.,Li is far from the book.,15,18,15,18,6,7,6,7
courtyard__name_li__obj_cone__direct_label__object_first,close_far_matched_scenes,1.1,courtyard__name_li__obj_cone,courtyard__name_li__obj_cone__object_first,courtyard__name_li__obj_cone__direct_label,name_li__obj_cone__direct_label__object_first,courtyard,courtyard,edges,name_li,Li,obj_cone,cone,direct_label,explicit_relation,locative_object_subject,object_first,object_first,False,True,False,False,True,False,True,"In the courtyard, the cone is close to Li.","In the courtyard, the cone is far from Li.",The cone is close to Li.,The cone is far from Li.,9,11,9,11,6,7,6,7
courtyard__name_li__obj_cone__direct_label__person_first,close_far_matched_scenes,1.1,courtyard__name_li__obj_cone,courtyard__name_li__obj_cone__person_first,courtyard__name_li__obj_cone__direct_label,name_li__obj_cone__direct_label__person_first,courtyard,courtyard,edges,name_li,Li,obj_cone,cone,direct_label,explicit_relation,locative_object_subject,object_first,person_first,True,True,False,False,True,False,False,"In the courtyard, the cone is close to Li.","In the courtyard, the cone is far from Li.",Li is close to the cone.,Li is far from the cone.,9,11,9,11,6,7,6,7
courtyard__name_li__obj_cone__distance_phrase__object_first,close_far_matched_scenes,1.1,courtyard__name_li__obj_cone,courtyard__name_li__obj_cone__object_first,courtyard__name_li__obj_cone__distance_phrase,name_li__obj_cone__distance_phrase__object_first,courtyard,courtyard,edges,name_li,Li,obj_cone,cone,distance_phrase,distance_magnitude_phrase,locative_distance_subject,person_first,object_first,True,True,False,False,False,True,False,"In the courtyard, a short distance separates Li and the cone.","In the courtyard, a long distance separates Li and the cone.",The cone is close to Li.,The cone is far from Li.,11,13,11,13,6,7,6,7
courtyard__name_li__obj_cone__distance_phrase__person_first,close_far_matched_scenes,1.1,courtyard__name_li__obj_cone,courtyard__name_li__obj_cone__person_first,courtyard__name_li__obj_cone__distance_phrase,name_li__obj_cone__distance_phrase__person_first,courtyard,courtyard,edges,name_li,Li,obj_cone,cone,distance_phrase,distance_magnitude_phrase,locative_distance_subject,person_first,person_first,False,True,False,False,False,True,False,"In the courtyard, a short distance separates Li and the cone.","In the courtyard, a long distance separates Li and the cone.",Li is close to the cone.,Li is far from the cone.,11,13,11,13,6,7,6,7
courtyard__name_li__obj_cone__distance_phrase_object_first__object_first,close_far_matched_scenes,1.1,courtyard__name_li__obj_cone,courtyard__name_li__obj_cone__object_first,courtyard__name_li__obj_cone__distance_phrase_object_first,name_li__obj_cone__distance_phrase_object_first__object_first,courtyard,courtyard,edges,name_li,Li,obj_cone,cone,distance_phrase_object_first,distance_magnitude_phrase,locative_distance_subject,object_first,object_first,False,True,False,False,False,True,False,"In the courtyard, a short distance separates the cone and Li.","In the courtyard, a long distance separates the cone and Li.",The cone is close to Li.,The cone is far from Li.,11,13,11,13,6,7,6,7
courtyard__name_li__obj_cone__distance_phrase_object_first__person_first,close_far_matched_scenes,1.1,courtyard__name_li__obj_cone,courtyard__name_li__obj_cone__person_first,courtyard__name_li__obj_cone__distance_phrase_object_first,name_li__obj_cone__distance_phrase_object_first__person_first,courtyard,courtyard,edges,name_li,Li,obj_cone,cone,distance_phrase_object_first,distance_magnitude_phrase,locative_distance_subject,object_first,person_first,True,True,False,False,False,True,False,"In the courtyard, a short distance separates the cone and Li.","In the courtyard, a long distance separates the cone and Li.",Li is close to the cone.,Li is far from the cone.,11,13,11,13,6,7,6,7
courtyard__name_li__obj_cone__endpoint_placement__object_first,close_far_matched_scenes,1.1,courtyard__name_li__obj_cone,courtyard__name_li__obj_cone__object_first,courtyard__name_li__obj_cone__endpoint_placement,name_li__obj_cone__endpoint_placement__object_first,courtyard,courtyard,edges,name_li,Li,obj_cone,cone,endpoint_placement,physical_endpoint_placement,two_sentence_person_then_object,person_first,object_first,True,True,True,True,False,False,False,"In the courtyard, Li stands at one edge. The cone rests at Li's feet.","In the courtyard, Li stands at one edge. The cone rests at the opposite edge.",The cone is close to Li.,The cone is far from Li.,15,18,15,18,6,7,6,7
courtyard__name_li__obj_cone__endpoint_placement__person_first,close_far_matched_scenes,1.1,courtyard__name_li__obj_cone,courtyard__name_li__obj_cone__person_first,courtyard__name_li__obj_cone__endpoint_placement,name_li__obj_cone__endpoint_placement__person_first,courtyard,courtyard,edges,name_li,Li,obj_cone,cone,endpoint_placement,physical_endpoint_placement,two_sentence_person_then_object,person_first,person_first,False,True,True,True,False,False,False,"In the courtyard, Li stands at one edge. The cone rests at Li's feet.","In the courtyard, Li stands at one edge. The cone rests at the opposite edge.",Li is close to the cone.,Li is far from the cone.,15,18,15,18,6,7,6,7
courtyard__name_li__obj_helmet__direct_label__object_first,close_far_matched_scenes,1.1,courtyard__name_li__obj_helmet,courtyard__name_li__obj_helmet__object_first,courtyard__name_li__obj_helmet__direct_label,name_li__obj_helmet__direct_label__object_first,courtyard,courtyard,edges,name_li,Li,obj_helmet,helmet,direct_label,explicit_relation,locative_object_subject,object_first,object_first,False,True,False,False,True,False,True,"In the courtyard, the helmet is close to Li.","In the courtyard, the helmet is far from Li.",The helmet is close to Li.,The helmet is far from Li.,9,11,9,11,6,7,6,7
courtyard__name_li__obj_helmet__direct_label__person_first,close_far_matched_scenes,1.1,courtyard__name_li__obj_helmet,courtyard__name_li__obj_helmet__person_first,courtyard__name_li__obj_helmet__direct_label,name_li__obj_helmet__direct_label__person_first,courtyard,courtyard,edges,name_li,Li,obj_helmet,helmet,direct_label,explicit_relation,locative_object_subject,object_first,person_first,True,True,False,False,True,False,False,"In the courtyard, the helmet is close to Li.","In the courtyard, the helmet is far from Li.",Li is close to the helmet.,Li is far from the helmet.,9,11,9,11,6,7,6,7
courtyard__name_li__obj_helmet__distance_phrase__object_first,close_far_matched_scenes,1.1,courtyard__name_li__obj_helmet,courtyard__name_li__obj_helmet__object_first,courtyard__name_li__obj_helmet__distance_phrase,name_li__obj_helmet__distance_phrase__object_first,courtyard,courtyard,edges,name_li,Li,obj_helmet,helmet,distance_phrase,distance_magnitude_phrase,locative_distance_subject,person_first,object_first,True,True,False,False,False,True,False,"In the courtyard, a short distance separates Li and the helmet.","In the courtyard, a long distance separates Li and the helmet.",The helmet is close to Li.,The helmet is far from Li.,11,13,11,13,6,7,6,7
courtyard__name_li__obj_helmet__distance_phrase__person_first,close_far_matched_scenes,1.1,courtyard__name_li__obj_helmet,courtyard__name_li__obj_helmet__person_first,courtyard__name_li__obj_helmet__distance_phrase,name_li__obj_helmet__distance_phrase__person_first,courtyard,courtyard,edges,name_li,Li,obj_helmet,helmet,distance_phrase,distance_magnitude_phrase,locative_distance_subject,person_first,person_first,False,True,False,False,False,True,False,"In the courtyard, a short distance separates Li and the helmet.","In the courtyard, a long distance separates Li and the helmet.",Li is close to the helmet.,Li is far from the helmet.,11,13,11,13,6,7,6,7
courtyard__name_li__obj_helmet__distance_phrase_object_first__object_first,close_far_matched_scenes,1.1,courtyard__name_li__obj_helmet,courtyard__name_li__obj_helmet__object_first,courtyard__name_li__obj_helmet__distance_phrase_object_first,name_li__obj_helmet__distance_phrase_object_first__object_first,courtyard,courtyard,edges,name_li,Li,obj_helmet,helmet,distance_phrase_object_first,distance_magnitude_phrase,locative_distance_subject,object_first,object_first,False,True,False,False,False,True,False,"In the courtyard, a short distance separates the helmet and Li.","In the courtyard, a long distance separates the helmet and Li.",The helmet is close to Li.,The helmet is far from Li.,11,13,11,13,6,7,6,7
courtyard__name_li__obj_helmet__distance_phrase_object_first__person_first,close_far_matched_scenes,1.1,courtyard__name_li__obj_helmet,courtyard__name_li__obj_helmet__person_first,courtyard__name_li__obj_helmet__distance_phrase_object_first,name_li__obj_helmet__distance_phrase_object_first__person_first,courtyard,courtyard,edges,name_li,Li,obj_helmet,helmet,distance_phrase_object_first,distance_magnitude_phrase,locative_distance_subject,object_first,person_first,True,True,False,False,False,True,False,"In the courtyard, a short distance separates the helmet and Li.","In the courtyard, a long distance separates the helmet and Li.",Li is close to the helmet.,Li is far from the helmet.,11,13,11,13,6,7,6,7
courtyard__name_li__obj_helmet__endpoint_placement__object_first,close_far_matched_scenes,1.1,courtyard__name_li__obj_helmet,courtyard__name_li__obj_helmet__object_first,courtyard__name_li__obj_helmet__endpoint_placement,name_li__obj_helmet__endpoint_placement__object_first,courtyard,courtyard,edges,name_li,Li,obj_helmet,helmet,endpoint_placement,physical_endpoint_placement,two_sentence_person_then_object,person_first,object_first,True,True,True,True,False,False,False,"In the courtyard, Li stands at one edge. The helmet rests at Li's feet.","In the courtyard, Li stands at one edge. The helmet rests at the opposite edge.",The helmet is close to Li.,The helmet is far from Li.,15,18,15,18,6,7,6,7
courtyard__name_li__obj_helmet__endpoint_placement__person_first,close_far_matched_scenes,1.1,courtyard__name_li__obj_helmet,courtyard__name_li__obj_helmet__person_first,courtyard__name_li__obj_helmet__endpoint_placement,name_li__obj_helmet__endpoint_placement__person_first,courtyard,courtyard,edges,name_li,Li,obj_helmet,helmet,endpoint_placement,physical_endpoint_placement,two_sentence_person_then_object,person_first,person_first,False,True,True,True,False,False,False,"In the courtyard, Li stands at one edge. The helmet rests at Li's feet.","In the courtyard, Li stands at one edge. The helmet rests at the opposite edge.",Li is close to the helmet.,Li is far from the helmet.,15,18,15,18,6,7,6,7
courtyard__name_li__obj_cup__direct_label__object_first,close_far_matched_scenes,1.1,courtyard__name_li__obj_cup,courtyard__name_li__obj_cup__object_first,courtyard__name_li__obj_cup__direct_label,name_li__obj_cup__direct_label__object_first,courtyard,courtyard,edges,name_li,Li,obj_cup,cup,direct_label,explicit_relation,locative_object_subject,object_first,object_first,False,True,False,False,True,False,True,"In the courtyard, the cup is close to Li.","In the courtyard, the cup is far from Li.",The cup is close to Li.,The cup is far from Li.,9,11,9,11,6,7,6,7
courtyard__name_li__obj_cup__direct_label__person_first,close_far_matched_scenes,1.1,courtyard__name_li__obj_cup,courtyard__name_li__obj_cup__person_first,courtyard__name_li__obj_cup__direct_label,name_li__obj_cup__direct_label__person_first,courtyard,courtyard,edges,name_li,Li,obj_cup,cup,direct_label,explicit_relation,locative_object_subject,object_first,person_first,True,True,False,False,True,False,False,"In the courtyard, the cup is close to Li.","In the courtyard, the cup is far from Li.",Li is close to the cup.,Li is far from the cup.,9,11,9,11,6,7,6,7
courtyard__name_li__obj_cup__distance_phrase__object_first,close_far_matched_scenes,1.1,courtyard__name_li__obj_cup,courtyard__name_li__obj_cup__object_first,courtyard__name_li__obj_cup__distance_phrase,name_li__obj_cup__distance_phrase__object_first,courtyard,courtyard,edges,name_li,Li,obj_cup,cup,distance_phrase,distance_magnitude_phrase,locative_distance_subject,person_first,object_first,True,True,False,False,False,True,False,"In the courtyard, a short distance separates Li and the cup.","In the courtyard, a long distance separates Li and the cup.",The cup is close to Li.,The cup is far from Li.,11,13,11,13,6,7,6,7
courtyard__name_li__obj_cup__distance_phrase__person_first,close_far_matched_scenes,1.1,courtyard__name_li__obj_cup,courtyard__name_li__obj_cup__person_first,courtyard__name_li__obj_cup__distance_phrase,name_li__obj_cup__distance_phrase__person_first,courtyard,courtyard,edges,name_li,Li,obj_cup,cup,distance_phrase,distance_magnitude_phrase,locative_distance_subject,person_first,person_first,False,True,False,False,False,True,False,"In the courtyard, a short distance separates Li and the cup.","In the courtyard, a long distance separates Li and the cup.",Li is close to the cup.,Li is far from the cup.,11,13,11,13,6,7,6,7
courtyard__name_li__obj_cup__distance_phrase_object_first__object_first,close_far_matched_scenes,1.1,courtyard__name_li__obj_cup,courtyard__name_li__obj_cup__object_first,courtyard__name_li__obj_cup__distance_phrase_object_first,name_li__obj_cup__distance_phrase_object_first__object_first,courtyard,courtyard,edges,name_li,Li,obj_cup,cup,distance_phrase_object_first,distance_magnitude_phrase,locative_distance_subject,object_first,object_first,False,True,False,False,False,True,False,"In the courtyard, a short distance separates the cup and Li.","In the courtyard, a long distance separates the cup and Li.",The cup is close to Li.,The cup is far from Li.,11,13,11,13,6,7,6,7
courtyard__name_li__obj_cup__distance_phrase_object_first__person_first,close_far_matched_scenes,1.1,courtyard__name_li__obj_cup,courtyard__name_li__obj_cup__person_first,courtyard__name_li__obj_cup__distance_phrase_object_first,name_li__obj_cup__distance_phrase_object_first__person_first,courtyard,courtyard,edges,name_li,Li,obj_cup,cup,distance_phrase_object_first,distance_magnitude_phrase,locative_distance_subject,object_first,person_first,True,True,False,False,False,True,False,"In the courtyard, a short distance separates the cup and Li.","In the courtyard, a long distance separates the cup and Li.",Li is close to the cup.,Li is far from the cup.,11,13,11,13,6,7,6,7
courtyard__name_li__obj_cup__endpoint_placement__object_first,close_far_matched_scenes,1.1,courtyard__name_li__obj_cup,courtyard__name_li__obj_cup__object_first,courtyard__name_li__obj_cup__endpoint_placement,name_li__obj_cup__endpoint_placement__object_first,courtyard,courtyard,edges,name_li,Li,obj_cup,cup,endpoint_placement,physical_endpoint_placement,two_sentence_person_then_object,person_first,object_first,True,True,True,True,False,False,False,"In the courtyard, Li stands at one edge. The cup rests at Li's feet.","In the courtyard, Li stands at one edge. The cup rests at the opposite edge.",The cup is close to Li.,The cup is far from Li.,15,18,15,18,6,7,6,7
courtyard__name_li__obj_cup__endpoint_placement__person_first,close_far_matched_scenes,1.1,courtyard__name_li__obj_cup,courtyard__name_li__obj_cup__person_first,courtyard__name_li__obj_cup__endpoint_placement,name_li__obj_cup__endpoint_placement__person_first,courtyard,courtyard,edges,name_li,Li,obj_cup,cup,endpoint_placement,physical_endpoint_placement,two_sentence_person_then_object,person_first,person_first,False,True,True,True,False,False,False,"In the courtyard, Li stands at one edge. The cup rests at Li's feet.","In the courtyard, Li stands at one edge. The cup rests at the opposite edge.",Li is close to the cup.,Li is far from the cup.,15,18,15,18,6,7,6,7
courtyard__name_li__obj_key__direct_label__object_first,close_far_matched_scenes,1.1,courtyard__name_li__obj_key,courtyard__name_li__obj_key__object_first,courtyard__name_li__obj_key__direct_label,name_li__obj_key__direct_label__object_first,courtyard,courtyard,edges,name_li,Li,obj_key,key,direct_label,explicit_relation,locative_object_subject,object_first,object_first,False,True,False,False,True,False,True,"In the courtyard, the key is close to Li.","In the courtyard, the key is far from Li.",The key is close to Li.,The key is far from Li.,9,11,9,11,6,7,6,7
courtyard__name_li__obj_key__direct_label__person_first,close_far_matched_scenes,1.1,courtyard__name_li__obj_key,courtyard__name_li__obj_key__person_first,courtyard__name_li__obj_key__direct_label,name_li__obj_key__direct_label__person_first,courtyard,courtyard,edges,name_li,Li,obj_key,key,direct_label,explicit_relation,locative_object_subject,object_first,person_first,True,True,False,False,True,False,False,"In the courtyard, the key is close to Li.","In the courtyard, the key is far from Li.",Li is close to the key.,Li is far from the key.,9,11,9,11,6,7,6,7
courtyard__name_li__obj_key__distance_phrase__object_first,close_far_matched_scenes,1.1,courtyard__name_li__obj_key,courtyard__name_li__obj_key__object_first,courtyard__name_li__obj_key__distance_phrase,name_li__obj_key__distance_phrase__object_first,courtyard,courtyard,edges,name_li,Li,obj_key,key,distance_phrase,distance_magnitude_phrase,locative_distance_subject,person_first,object_first,True,True,False,False,False,True,False,"In the courtyard, a short distance separates Li and the key.","In the courtyard, a long distance separates Li and the key.",The key is close to Li.,The key is far from Li.,11,13,11,13,6,7,6,7
courtyard__name_li__obj_key__distance_phrase__person_first,close_far_matched_scenes,1.1,courtyard__name_li__obj_key,courtyard__name_li__obj_key__person_first,courtyard__name_li__obj_key__distance_phrase,name_li__obj_key__distance_phrase__person_first,courtyard,courtyard,edges,name_li,Li,obj_key,key,distance_phrase,distance_magnitude_phrase,locative_distance_subject,person_first,person_first,False,True,False,False,False,True,False,"In the courtyard, a short distance separates Li and the key.","In the courtyard, a long distance separates Li and the key.",Li is close to the key.,Li is far from the key.,11,13,11,13,6,7,6,7
courtyard__name_li__obj_key__distance_phrase_object_first__object_first,close_far_matched_scenes,1.1,courtyard__name_li__obj_key,courtyard__name_li__obj_key__object_first,courtyard__name_li__obj_key__distance_phrase_object_first,name_li__obj_key__distance_phrase_object_first__object_first,courtyard,courtyard,edges,name_li,Li,obj_key,key,distance_phrase_object_first,distance_magnitude_phrase,locative_distance_subject,object_first,object_first,False,True,False,False,False,True,False,"In the courtyard, a short distance separates the key and Li.","In the courtyard, a long distance separates the key and Li.",The key is close to Li.,The key is far from Li.,11,13,11,13,6,7,6,7
courtyard__name_li__obj_key__distance_phrase_object_first__person_first,close_far_matched_scenes,1.1,courtyard__name_li__obj_key,courtyard__name_li__obj_key__person_first,courtyard__name_li__obj_key__distance_phrase_object_first,name_li__obj_key__distance_phrase_object_first__person_first,courtyard,courtyard,edges,name_li,Li,obj_key,key,distance_phrase_object_first,distance_magnitude_phrase,locative_distance_subject,object_first,person_first,True,True,False,False,False,True,False,"In the courtyard, a short distance separates the key and Li.","In the courtyard, a long distance separates the key and Li.",Li is close to the key.,Li is far from the key.,11,13,11,13,6,7,6,7
courtyard__name_li__obj_key__endpoint_placement__object_first,close_far_matched_scenes,1.1,courtyard__name_li__obj_key,courtyard__name_li__obj_key__object_first,courtyard__name_li__obj_key__endpoint_placement,name_li__obj_key__endpoint_placement__object_first,courtyard,courtyard,edges,name_li,Li,obj_key,key,endpoint_placement,physical_endpoint_placement,two_sentence_person_then_object,person_first,object_first,True,True,True,True,False,False,False,"In the courtyard, Li stands at one edge. The key rests at Li's feet.","In the courtyard, Li stands at one edge. The key rests at the opposite edge.",The key is close to Li.,The key is far from Li.,15,18,15,18,6,7,6,7
courtyard__name_li__obj_key__endpoint_placement__person_first,close_far_matched_scenes,1.1,courtyard__name_li__obj_key,courtyard__name_li__obj_key__person_first,courtyard__name_li__obj_key__endpoint_placement,name_li__obj_key__endpoint_placement__person_first,courtyard,courtyard,edges,name_li,Li,obj_key,key,endpoint_placement,physical_endpoint_placement,two_sentence_person_then_object,person_first,person_first,False,True,True,True,False,False,False,"In the courtyard, Li stands at one edge. The key rests at Li's feet.","In the courtyard, Li stands at one edge. The key rests at the opposite edge.",Li is close to the key.,Li is far from the key.,15,18,15,18,6,7,6,7
courtyard__name_li__obj_box__direct_label__object_first,close_far_matched_scenes,1.1,courtyard__name_li__obj_box,courtyard__name_li__obj_box__object_first,courtyard__name_li__obj_box__direct_label,name_li__obj_box__direct_label__object_first,courtyard,courtyard,edges,name_li,Li,obj_box,box,direct_label,explicit_relation,locative_object_subject,object_first,object_first,False,True,False,False,True,False,True,"In the courtyard, the box is close to Li.","In the courtyard, the box is far from Li.",The box is close to Li.,The box is far from Li.,9,11,9,11,6,7,6,7
courtyard__name_li__obj_box__direct_label__person_first,close_far_matched_scenes,1.1,courtyard__name_li__obj_box,courtyard__name_li__obj_box__person_first,courtyard__name_li__obj_box__direct_label,name_li__obj_box__direct_label__person_first,courtyard,courtyard,edges,name_li,Li,obj_box,box,direct_label,explicit_relation,locative_object_subject,object_first,person_first,True,True,False,False,True,False,False,"In the courtyard, the box is close to Li.","In the courtyard, the box is far from Li.",Li is close to the box.,Li is far from the box.,9,11,9,11,6,7,6,7
courtyard__name_li__obj_box__distance_phrase__object_first,close_far_matched_scenes,1.1,courtyard__name_li__obj_box,courtyard__name_li__obj_box__object_first,courtyard__name_li__obj_box__distance_phrase,name_li__obj_box__distance_phrase__object_first,courtyard,courtyard,edges,name_li,Li,obj_box,box,distance_phrase,distance_magnitude_phrase,locative_distance_subject,person_first,object_first,True,True,False,False,False,True,False,"In the courtyard, a short distance separates Li and the box.","In the courtyard, a long distance separates Li and the box.",The box is close to Li.,The box is far from Li.,11,13,11,13,6,7,6,7
courtyard__name_li__obj_box__distance_phrase__person_first,close_far_matched_scenes,1.1,courtyard__name_li__obj_box,courtyard__name_li__obj_box__person_first,courtyard__name_li__obj_box__distance_phrase,name_li__obj_box__distance_phrase__person_first,courtyard,courtyard,edges,name_li,Li,obj_box,box,distance_phrase,distance_magnitude_phrase,locative_distance_subject,person_first,person_first,False,True,False,False,False,True,False,"In the courtyard, a short distance separates Li and the box.","In the courtyard, a long distance separates Li and the box.",Li is close to the box.,Li is far from the box.,11,13,11,13,6,7,6,7
courtyard__name_li__obj_box__distance_phrase_object_first__object_first,close_far_matched_scenes,1.1,courtyard__name_li__obj_box,courtyard__name_li__obj_box__object_first,courtyard__name_li__obj_box__distance_phrase_object_first,name_li__obj_box__distance_phrase_object_first__object_first,courtyard,courtyard,edges,name_li,Li,obj_box,box,distance_phrase_object_first,distance_magnitude_phrase,locative_distance_subject,object_first,object_first,False,True,False,False,False,True,False,"In the courtyard, a short distance separates the box and Li.","In the courtyard, a long distance separates the box and Li.",The box is close to Li.,The box is far from Li.,11,13,11,13,6,7,6,7
courtyard__name_li__obj_box__distance_phrase_object_first__person_first,close_far_matched_scenes,1.1,courtyard__name_li__obj_box,courtyard__name_li__obj_box__person_first,courtyard__name_li__obj_box__distance_phrase_object_first,name_li__obj_box__distance_phrase_object_first__person_first,courtyard,courtyard,edges,name_li,Li,obj_box,box,distance_phrase_object_first,distance_magnitude_phrase,locative_distance_subject,object_first,person_first,True,True,False,False,False,True,False,"In the courtyard, a short distance separates the box and Li.","In the courtyard, a long distance separates the box and Li.",Li is close to the box.,Li is far from the box.,11,13,11,13,6,7,6,7
courtyard__name_li__obj_box__endpoint_placement__object_first,close_far_matched_scenes,1.1,courtyard__name_li__obj_box,courtyard__name_li__obj_box__object_first,courtyard__name_li__obj_box__endpoint_placement,name_li__obj_box__endpoint_placement__object_first,courtyard,courtyard,edges,name_li,Li,obj_box,box,endpoint_placement,physical_endpoint_placement,two_sentence_person_then_object,person_first,object_first,True,True,True,True,False,False,False,"In the courtyard, Li stands at one edge. The box rests at Li's feet.","In the courtyard, Li stands at one edge. The box rests at the opposite edge.",The box is close to Li.,The box is far from Li.,15,18,15,18,6,7,6,7
courtyard__name_li__obj_box__endpoint_placement__person_first,close_far_matched_scenes,1.1,courtyard__name_li__obj_box,courtyard__name_li__obj_box__person_first,courtyard__name_li__obj_box__endpoint_placement,name_li__obj_box__endpoint_placement__person_first,courtyard,courtyard,edges,name_li,Li,obj_box,box,endpoint_placement,physical_endpoint_placement,two_sentence_person_then_object,person_first,person_first,False,True,True,True,False,False,False,"In the courtyard, Li stands at one edge. The box rests at Li's feet.","In the courtyard, Li stands at one edge. The box rests at the opposite edge.",Li is close to the box.,Li is far from the box.,15,18,15,18,6,7,6,7
courtyard__name_omar__obj_ball__direct_label__object_first,close_far_matched_scenes,1.1,courtyard__name_omar__obj_ball,courtyard__name_omar__obj_ball__object_first,courtyard__name_omar__obj_ball__direct_label,name_omar__obj_ball__direct_label__object_first,courtyard,courtyard,edges,name_omar,Omar,obj_ball,ball,direct_label,explicit_relation,locative_object_subject,object_first,object_first,False,True,False,False,True,False,True,"In the courtyard, the ball is close to Omar.","In the courtyard, the ball is far from Omar.",The ball is close to Omar.,The ball is far from Omar.,9,11,9,11,6,7,6,7
courtyard__name_omar__obj_ball__direct_label__person_first,close_far_matched_scenes,1.1,courtyard__name_omar__obj_ball,courtyard__name_omar__obj_ball__person_first,courtyard__name_omar__obj_ball__direct_label,name_omar__obj_ball__direct_label__person_first,courtyard,courtyard,edges,name_omar,Omar,obj_ball,ball,direct_label,explicit_relation,locative_object_subject,object_first,person_first,True,True,False,False,True,False,False,"In the courtyard, the ball is close to Omar.","In the courtyard, the ball is far from Omar.",Omar is close to the ball.,Omar is far from the ball.,9,11,9,11,6,8,6,8
courtyard__name_omar__obj_ball__distance_phrase__object_first,close_far_matched_scenes,1.1,courtyard__name_omar__obj_ball,courtyard__name_omar__obj_ball__object_first,courtyard__name_omar__obj_ball__distance_phrase,name_omar__obj_ball__distance_phrase__object_first,courtyard,courtyard,edges,name_omar,Omar,obj_ball,ball,distance_phrase,distance_magnitude_phrase,locative_distance_subject,person_first,object_first,True,True,False,False,False,True,False,"In the courtyard, a short distance separates Omar and the ball.","In the courtyard, a long distance separates Omar and the ball.",The ball is close to Omar.,The ball is far from Omar.,11,13,11,13,6,7,6,7
courtyard__name_omar__obj_ball__distance_phrase__person_first,close_far_matched_scenes,1.1,courtyard__name_omar__obj_ball,courtyard__name_omar__obj_ball__person_first,courtyard__name_omar__obj_ball__distance_phrase,name_omar__obj_ball__distance_phrase__person_first,courtyard,courtyard,edges,name_omar,Omar,obj_ball,ball,distance_phrase,distance_magnitude_phrase,locative_distance_subject,person_first,person_first,False,True,False,False,False,True,False,"In the courtyard, a short distance separates Omar and the ball.","In the courtyard, a long distance separates Omar and the ball.",Omar is close to the ball.,Omar is far from the ball.,11,13,11,13,6,8,6,8
courtyard__name_omar__obj_ball__distance_phrase_object_first__object_first,close_far_matched_scenes,1.1,courtyard__name_omar__obj_ball,courtyard__name_omar__obj_ball__object_first,courtyard__name_omar__obj_ball__distance_phrase_object_first,name_omar__obj_ball__distance_phrase_object_first__object_first,courtyard,courtyard,edges,name_omar,Omar,obj_ball,ball,distance_phrase_object_first,distance_magnitude_phrase,locative_distance_subject,object_first,object_first,False,True,False,False,False,True,False,"In the courtyard, a short distance separates the ball and Omar.","In the courtyard, a long distance separates the ball and Omar.",The ball is close to Omar.,The ball is far from Omar.,11,13,11,13,6,7,6,7
courtyard__name_omar__obj_ball__distance_phrase_object_first__person_first,close_far_matched_scenes,1.1,courtyard__name_omar__obj_ball,courtyard__name_omar__obj_ball__person_first,courtyard__name_omar__obj_ball__distance_phrase_object_first,name_omar__obj_ball__distance_phrase_object_first__person_first,courtyard,courtyard,edges,name_omar,Omar,obj_ball,ball,distance_phrase_object_first,distance_magnitude_phrase,locative_distance_subject,object_first,person_first,True,True,False,False,False,True,False,"In the courtyard, a short distance separates the ball and Omar.","In the courtyard, a long distance separates the ball and Omar.",Omar is close to the ball.,Omar is far from the ball.,11,13,11,13,6,8,6,8
courtyard__name_omar__obj_ball__endpoint_placement__object_first,close_far_matched_scenes,1.1,courtyard__name_omar__obj_ball,courtyard__name_omar__obj_ball__object_first,courtyard__name_omar__obj_ball__endpoint_placement,name_omar__obj_ball__endpoint_placement__object_first,courtyard,courtyard,edges,name_omar,Omar,obj_ball,ball,endpoint_placement,physical_endpoint_placement,two_sentence_person_then_object,person_first,object_first,True,True,True,True,False,False,False,"In the courtyard, Omar stands at one edge. The ball rests at Omar's feet.","In the courtyard, Omar stands at one edge. The ball rests at the opposite edge.",The ball is close to Omar.,The ball is far from Omar.,15,18,15,18,6,7,6,7
courtyard__name_omar__obj_ball__endpoint_placement__person_first,close_far_matched_scenes,1.1,courtyard__name_omar__obj_ball,courtyard__name_omar__obj_ball__person_first,courtyard__name_omar__obj_ball__endpoint_placement,name_omar__obj_ball__endpoint_placement__person_first,courtyard,courtyard,edges,name_omar,Omar,obj_ball,ball,endpoint_placement,physical_endpoint_placement,two_sentence_person_then_object,person_first,person_first,False,True,True,True,False,False,False,"In the courtyard, Omar stands at one edge. The ball rests at Omar's feet.","In the courtyard, Omar stands at one edge. The ball rests at the opposite edge.",Omar is close to the ball.,Omar is far from the ball.,15,18,15,18,6,8,6,8
courtyard__name_omar__obj_bag__direct_label__object_first,close_far_matched_scenes,1.1,courtyard__name_omar__obj_bag,courtyard__name_omar__obj_bag__object_first,courtyard__name_omar__obj_bag__direct_label,name_omar__obj_bag__direct_label__object_first,courtyard,courtyard,edges,name_omar,Omar,obj_bag,bag,direct_label,explicit_relation,locative_object_subject,object_first,object_first,False,True,False,False,True,False,True,"In the courtyard, the bag is close to Omar.","In the courtyard, the bag is far from Omar.",The bag is close to Omar.,The bag is far from Omar.,9,11,9,11,6,7,6,7
courtyard__name_omar__obj_bag__direct_label__person_first,close_far_matched_scenes,1.1,courtyard__name_omar__obj_bag,courtyard__name_omar__obj_bag__person_first,courtyard__name_omar__obj_bag__direct_label,name_omar__obj_bag__direct_label__person_first,courtyard,courtyard,edges,name_omar,Omar,obj_bag,bag,direct_label,explicit_relation,locative_object_subject,object_first,person_first,True,True,False,False,True,False,False,"In the courtyard, the bag is close to Omar.","In the courtyard, the bag is far from Omar.",Omar is close to the bag.,Omar is far from the bag.,9,11,9,11,6,8,6,8
courtyard__name_omar__obj_bag__distance_phrase__object_first,close_far_matched_scenes,1.1,courtyard__name_omar__obj_bag,courtyard__name_omar__obj_bag__object_first,courtyard__name_omar__obj_bag__distance_phrase,name_omar__obj_bag__distance_phrase__object_first,courtyard,courtyard,edges,name_omar,Omar,obj_bag,bag,distance_phrase,distance_magnitude_phrase,locative_distance_subject,person_first,object_first,True,True,False,False,False,True,False,"In the courtyard, a short distance separates Omar and the bag.","In the courtyard, a long distance separates Omar and the bag.",The bag is close to Omar.,The bag is far from Omar.,11,13,11,13,6,7,6,7
courtyard__name_omar__obj_bag__distance_phrase__person_first,close_far_matched_scenes,1.1,courtyard__name_omar__obj_bag,courtyard__name_omar__obj_bag__person_first,courtyard__name_omar__obj_bag__distance_phrase,name_omar__obj_bag__distance_phrase__person_first,courtyard,courtyard,edges,name_omar,Omar,obj_bag,bag,distance_phrase,distance_magnitude_phrase,locative_distance_subject,person_first,person_first,False,True,False,False,False,True,False,"In the courtyard, a short distance separates Omar and the bag.","In the courtyard, a long distance separates Omar and the bag.",Omar is close to the bag.,Omar is far from the bag.,11,13,11,13,6,8,6,8
courtyard__name_omar__obj_bag__distance_phrase_object_first__object_first,close_far_matched_scenes,1.1,courtyard__name_omar__obj_bag,courtyard__name_omar__obj_bag__object_first,courtyard__name_omar__obj_bag__distance_phrase_object_first,name_omar__obj_bag__distance_phrase_object_first__object_first,courtyard,courtyard,edges,name_omar,Omar,obj_bag,bag,distance_phrase_object_first,distance_magnitude_phrase,locative_distance_subject,object_first,object_first,False,True,False,False,False,True,False,"In the courtyard, a short distance separates the bag and Omar.","In the courtyard, a long distance separates the bag and Omar.",The bag is close to Omar.,The bag is far from Omar.,11,13,11,13,6,7,6,7
courtyard__name_omar__obj_bag__distance_phrase_object_first__person_first,close_far_matched_scenes,1.1,courtyard__name_omar__obj_bag,courtyard__name_omar__obj_bag__person_first,courtyard__name_omar__obj_bag__distance_phrase_object_first,name_omar__obj_bag__distance_phrase_object_first__person_first,courtyard,courtyard,edges,name_omar,Omar,obj_bag,bag,distance_phrase_object_first,distance_magnitude_phrase,locative_distance_subject,object_first,person_first,True,True,False,False,False,True,False,"In the courtyard, a short distance separates the bag and Omar.","In the courtyard, a long distance separates the bag and Omar.",Omar is close to the bag.,Omar is far from the bag.,11,13,11,13,6,8,6,8
courtyard__name_omar__obj_bag__endpoint_placement__object_first,close_far_matched_scenes,1.1,courtyard__name_omar__obj_bag,courtyard__name_omar__obj_bag__object_first,courtyard__name_omar__obj_bag__endpoint_placement,name_omar__obj_bag__endpoint_placement__object_first,courtyard,courtyard,edges,name_omar,Omar,obj_bag,bag,endpoint_placement,physical_endpoint_placement,two_sentence_person_then_object,person_first,object_first,True,True,True,True,False,False,False,"In the courtyard, Omar stands at one edge. The bag rests at Omar's feet.","In the courtyard, Omar stands at one edge. The bag rests at the opposite edge.",The bag is close to Omar.,The bag is far from Omar.,15,18,15,18,6,7,6,7
courtyard__name_omar__obj_bag__endpoint_placement__person_first,close_far_matched_scenes,1.1,courtyard__name_omar__obj_bag,courtyard__name_omar__obj_bag__person_first,courtyard__name_omar__obj_bag__endpoint_placement,name_omar__obj_bag__endpoint_placement__person_first,courtyard,courtyard,edges,name_omar,Omar,obj_bag,bag,endpoint_placement,physical_endpoint_placement,two_sentence_person_then_object,person_first,person_first,False,True,True,True,False,False,False,"In the courtyard, Omar stands at one edge. The bag rests at Omar's feet.","In the courtyard, Omar stands at one edge. The bag rests at the opposite edge.",Omar is close to the bag.,Omar is far from the bag.,15,18,15,18,6,8,6,8
courtyard__name_omar__obj_book__direct_label__object_first,close_far_matched_scenes,1.1,courtyard__name_omar__obj_book,courtyard__name_omar__obj_book__object_first,courtyard__name_omar__obj_book__direct_label,name_omar__obj_book__direct_label__object_first,courtyard,courtyard,edges,name_omar,Omar,obj_book,book,direct_label,explicit_relation,locative_object_subject,object_first,object_first,False,True,False,False,True,False,True,"In the courtyard, the book is close to Omar.","In the courtyard, the book is far from Omar.",The book is close to Omar.,The book is far from Omar.,9,11,9,11,6,7,6,7
courtyard__name_omar__obj_book__direct_label__person_first,close_far_matched_scenes,1.1,courtyard__name_omar__obj_book,courtyard__name_omar__obj_book__person_first,courtyard__name_omar__obj_book__direct_label,name_omar__obj_book__direct_label__person_first,courtyard,courtyard,edges,name_omar,Omar,obj_book,book,direct_label,explicit_relation,locative_object_subject,object_first,person_first,True,True,False,False,True,False,False,"In the courtyard, the book is close to Omar.","In the courtyard, the book is far from Omar.",Omar is close to the book.,Omar is far from the book.,9,11,9,11,6,8,6,8
courtyard__name_omar__obj_book__distance_phrase__object_first,close_far_matched_scenes,1.1,courtyard__name_omar__obj_book,courtyard__name_omar__obj_book__object_first,courtyard__name_omar__obj_book__distance_phrase,name_omar__obj_book__distance_phrase__object_first,courtyard,courtyard,edges,name_omar,Omar,obj_book,book,distance_phrase,distance_magnitude_phrase,locative_distance_subject,person_first,object_first,True,True,False,False,False,True,False,"In the courtyard, a short distance separates Omar and the book.","In the courtyard, a long distance separates Omar and the book.",The book is close to Omar.,The book is far from Omar.,11,13,11,13,6,7,6,7
courtyard__name_omar__obj_book__distance_phrase__person_first,close_far_matched_scenes,1.1,courtyard__name_omar__obj_book,courtyard__name_omar__obj_book__person_first,courtyard__name_omar__obj_book__distance_phrase,name_omar__obj_book__distance_phrase__person_first,courtyard,courtyard,edges,name_omar,Omar,obj_book,book,distance_phrase,distance_magnitude_phrase,locative_distance_subject,person_first,person_first,False,True,False,False,False,True,False,"In the courtyard, a short distance separates Omar and the book.","In the courtyard, a long distance separates Omar and the book.",Omar is close to the book.,Omar is far from the book.,11,13,11,13,6,8,6,8
courtyard__name_omar__obj_book__distance_phrase_object_first__object_first,close_far_matched_scenes,1.1,courtyard__name_omar__obj_book,courtyard__name_omar__obj_book__object_first,courtyard__name_omar__obj_book__distance_phrase_object_first,name_omar__obj_book__distance_phrase_object_first__object_first,courtyard,courtyard,edges,name_omar,Omar,obj_book,book,distance_phrase_object_first,distance_magnitude_phrase,locative_distance_subject,object_first,object_first,False,True,False,False,False,True,False,"In the courtyard, a short distance separates the book and Omar.","In the courtyard, a long distance separates the book and Omar.",The book is close to Omar.,The book is far from Omar.,11,13,11,13,6,7,6,7
courtyard__name_omar__obj_book__distance_phrase_object_first__person_first,close_far_matched_scenes,1.1,courtyard__name_omar__obj_book,courtyard__name_omar__obj_book__person_first,courtyard__name_omar__obj_book__distance_phrase_object_first,name_omar__obj_book__distance_phrase_object_first__person_first,courtyard,courtyard,edges,name_omar,Omar,obj_book,book,distance_phrase_object_first,distance_magnitude_phrase,locative_distance_subject,object_first,person_first,True,True,False,False,False,True,False,"In the courtyard, a short distance separates the book and Omar.","In the courtyard, a long distance separates the book and Omar.",Omar is close to the book.,Omar is far from the book.,11,13,11,13,6,8,6,8
courtyard__name_omar__obj_book__endpoint_placement__object_first,close_far_matched_scenes,1.1,courtyard__name_omar__obj_book,courtyard__name_omar__obj_book__object_first,courtyard__name_omar__obj_book__endpoint_placement,name_omar__obj_book__endpoint_placement__object_first,courtyard,courtyard,edges,name_omar,Omar,obj_book,book,endpoint_placement,physical_endpoint_placement,two_sentence_person_then_object,person_first,object_first,True,True,True,True,False,False,False,"In the courtyard, Omar stands at one edge. The book rests at Omar's feet.","In the courtyard, Omar stands at one edge. The book rests at the opposite edge.",The book is close to Omar.,The book is far from Omar.,15,18,15,18,6,7,6,7
courtyard__name_omar__obj_book__endpoint_placement__person_first,close_far_matched_scenes,1.1,courtyard__name_omar__obj_book,courtyard__name_omar__obj_book__person_first,courtyard__name_omar__obj_book__endpoint_placement,name_omar__obj_book__endpoint_placement__person_first,courtyard,courtyard,edges,name_omar,Omar,obj_book,book,endpoint_placement,physical_endpoint_placement,two_sentence_person_then_object,person_first,person_first,False,True,True,True,False,False,False,"In the courtyard, Omar stands at one edge. The book rests at Omar's feet.","In the courtyard, Omar stands at one edge. The book rests at the opposite edge.",Omar is close to the book.,Omar is far from the book.,15,18,15,18,6,8,6,8
courtyard__name_omar__obj_cone__direct_label__object_first,close_far_matched_scenes,1.1,courtyard__name_omar__obj_cone,courtyard__name_omar__obj_cone__object_first,courtyard__name_omar__obj_cone__direct_label,name_omar__obj_cone__direct_label__object_first,courtyard,courtyard,edges,name_omar,Omar,obj_cone,cone,direct_label,explicit_relation,locative_object_subject,object_first,object_first,False,True,False,False,True,False,True,"In the courtyard, the cone is close to Omar.","In the courtyard, the cone is far from Omar.",The cone is close to Omar.,The cone is far from Omar.,9,11,9,11,6,7,6,7
courtyard__name_omar__obj_cone__direct_label__person_first,close_far_matched_scenes,1.1,courtyard__name_omar__obj_cone,courtyard__name_omar__obj_cone__person_first,courtyard__name_omar__obj_cone__direct_label,name_omar__obj_cone__direct_label__person_first,courtyard,courtyard,edges,name_omar,Omar,obj_cone,cone,direct_label,explicit_relation,locative_object_subject,object_first,person_first,True,True,False,False,True,False,False,"In the courtyard, the cone is close to Omar.","In the courtyard, the cone is far from Omar.",Omar is close to the cone.,Omar is far from the cone.,9,11,9,11,6,8,6,8
courtyard__name_omar__obj_cone__distance_phrase__object_first,close_far_matched_scenes,1.1,courtyard__name_omar__obj_cone,courtyard__name_omar__obj_cone__object_first,courtyard__name_omar__obj_cone__distance_phrase,name_omar__obj_cone__distance_phrase__object_first,courtyard,courtyard,edges,name_omar,Omar,obj_cone,cone,distance_phrase,distance_magnitude_phrase,locative_distance_subject,person_first,object_first,True,True,False,False,False,True,False,"In the courtyard, a short distance separates Omar and the cone.","In the courtyard, a long distance separates Omar and the cone.",The cone is close to Omar.,The cone is far from Omar.,11,13,11,13,6,7,6,7
courtyard__name_omar__obj_cone__distance_phrase__person_first,close_far_matched_scenes,1.1,courtyard__name_omar__obj_cone,courtyard__name_omar__obj_cone__person_first,courtyard__name_omar__obj_cone__distance_phrase,name_omar__obj_cone__distance_phrase__person_first,courtyard,courtyard,edges,name_omar,Omar,obj_cone,cone,distance_phrase,distance_magnitude_phrase,locative_distance_subject,person_first,person_first,False,True,False,False,False,True,False,"In the courtyard, a short distance separates Omar and the cone.","In the courtyard, a long distance separates Omar and the cone.",Omar is close to the cone.,Omar is far from the cone.,11,13,11,13,6,8,6,8
courtyard__name_omar__obj_cone__distance_phrase_object_first__object_first,close_far_matched_scenes,1.1,courtyard__name_omar__obj_cone,courtyard__name_omar__obj_cone__object_first,courtyard__name_omar__obj_cone__distance_phrase_object_first,name_omar__obj_cone__distance_phrase_object_first__object_first,courtyard,courtyard,edges,name_omar,Omar,obj_cone,cone,distance_phrase_object_first,distance_magnitude_phrase,locative_distance_subject,object_first,object_first,False,True,False,False,False,True,False,"In the courtyard, a short distance separates the cone and Omar.","In the courtyard, a long distance separates the cone and Omar.",The cone is close to Omar.,The cone is far from Omar.,11,13,11,13,6,7,6,7
courtyard__name_omar__obj_cone__distance_phrase_object_first__person_first,close_far_matched_scenes,1.1,courtyard__name_omar__obj_cone,courtyard__name_omar__obj_cone__person_first,courtyard__name_omar__obj_cone__distance_phrase_object_first,name_omar__obj_cone__distance_phrase_object_first__person_first,courtyard,courtyard,edges,name_omar,Omar,obj_cone,cone,distance_phrase_object_first,distance_magnitude_phrase,locative_distance_subject,object_first,person_first,True,True,False,False,False,True,False,"In the courtyard, a short distance separates the cone and Omar.","In the courtyard, a long distance separates the cone and Omar.",Omar is close to the cone.,Omar is far from the cone.,11,13,11,13,6,8,6,8
courtyard__name_omar__obj_cone__endpoint_placement__object_first,close_far_matched_scenes,1.1,courtyard__name_omar__obj_cone,courtyard__name_omar__obj_cone__object_first,courtyard__name_omar__obj_cone__endpoint_placement,name_omar__obj_cone__endpoint_placement__object_first,courtyard,courtyard,edges,name_omar,Omar,obj_cone,cone,endpoint_placement,physical_endpoint_placement,two_sentence_person_then_object,person_first,object_first,True,True,True,True,False,False,False,"In the courtyard, Omar stands at one edge. The cone rests at Omar's feet.","In the courtyard, Omar stands at one edge. The cone rests at the opposite edge.",The cone is close to Omar.,The cone is far from Omar.,15,18,15,18,6,7,6,7
courtyard__name_omar__obj_cone__endpoint_placement__person_first,close_far_matched_scenes,1.1,courtyard__name_omar__obj_cone,courtyard__name_omar__obj_cone__person_first,courtyard__name_omar__obj_cone__endpoint_placement,name_omar__obj_cone__endpoint_placement__person_first,courtyard,courtyard,edges,name_omar,Omar,obj_cone,cone,endpoint_placement,physical_endpoint_placement,two_sentence_person_then_object,person_first,person_first,False,True,True,True,False,False,False,"In the courtyard, Omar stands at one edge. The cone rests at Omar's feet.","In the courtyard, Omar stands at one edge. The cone rests at the opposite edge.",Omar is close to the cone.,Omar is far from the cone.,15,18,15,18,6,8,6,8
courtyard__name_omar__obj_helmet__direct_label__object_first,close_far_matched_scenes,1.1,courtyard__name_omar__obj_helmet,courtyard__name_omar__obj_helmet__object_first,courtyard__name_omar__obj_helmet__direct_label,name_omar__obj_helmet__direct_label__object_first,courtyard,courtyard,edges,name_omar,Omar,obj_helmet,helmet,direct_label,explicit_relation,locative_object_subject,object_first,object_first,False,True,False,False,True,False,True,"In the courtyard, the helmet is close to Omar.","In the courtyard, the helmet is far from Omar.",The helmet is close to Omar.,The helmet is far from Omar.,9,11,9,11,6,7,6,7
courtyard__name_omar__obj_helmet__direct_label__person_first,close_far_matched_scenes,1.1,courtyard__name_omar__obj_helmet,courtyard__name_omar__obj_helmet__person_first,courtyard__name_omar__obj_helmet__direct_label,name_omar__obj_helmet__direct_label__person_first,courtyard,courtyard,edges,name_omar,Omar,obj_helmet,helmet,direct_label,explicit_relation,locative_object_subject,object_first,person_first,True,True,False,False,True,False,False,"In the courtyard, the helmet is close to Omar.","In the courtyard, the helmet is far from Omar.",Omar is close to the helmet.,Omar is far from the helmet.,9,11,9,11,6,8,6,8
courtyard__name_omar__obj_helmet__distance_phrase__object_first,close_far_matched_scenes,1.1,courtyard__name_omar__obj_helmet,courtyard__name_omar__obj_helmet__object_first,courtyard__name_omar__obj_helmet__distance_phrase,name_omar__obj_helmet__distance_phrase__object_first,courtyard,courtyard,edges,name_omar,Omar,obj_helmet,helmet,distance_phrase,distance_magnitude_phrase,locative_distance_subject,person_first,object_first,True,True,False,False,False,True,False,"In the courtyard, a short distance separates Omar and the helmet.","In the courtyard, a long distance separates Omar and the helmet.",The helmet is close to Omar.,The helmet is far from Omar.,11,13,11,13,6,7,6,7
courtyard__name_omar__obj_helmet__distance_phrase__person_first,close_far_matched_scenes,1.1,courtyard__name_omar__obj_helmet,courtyard__name_omar__obj_helmet__person_first,courtyard__name_omar__obj_helmet__distance_phrase,name_omar__obj_helmet__distance_phrase__person_first,courtyard,courtyard,edges,name_omar,Omar,obj_helmet,helmet,distance_phrase,distance_magnitude_phrase,locative_distance_subject,person_first,person_first,False,True,False,False,False,True,False,"In the courtyard, a short distance separates Omar and the helmet.","In the courtyard, a long distance separates Omar and the helmet.",Omar is close to the helmet.,Omar is far from the helmet.,11,13,11,13,6,8,6,8
courtyard__name_omar__obj_helmet__distance_phrase_object_first__object_first,close_far_matched_scenes,1.1,courtyard__name_omar__obj_helmet,courtyard__name_omar__obj_helmet__object_first,courtyard__name_omar__obj_helmet__distance_phrase_object_first,name_omar__obj_helmet__distance_phrase_object_first__object_first,courtyard,courtyard,edges,name_omar,Omar,obj_helmet,helmet,distance_phrase_object_first,distance_magnitude_phrase,locative_distance_subject,object_first,object_first,False,True,False,False,False,True,False,"In the courtyard, a short distance separates the helmet and Omar.","In the courtyard, a long distance separates the helmet and Omar.",The helmet is close to Omar.,The helmet is far from Omar.,11,13,11,13,6,7,6,7
courtyard__name_omar__obj_helmet__distance_phrase_object_first__person_first,close_far_matched_scenes,1.1,courtyard__name_omar__obj_helmet,courtyard__name_omar__obj_helmet__person_first,courtyard__name_omar__obj_helmet__distance_phrase_object_first,name_omar__obj_helmet__distance_phrase_object_first__person_first,courtyard,courtyard,edges,name_omar,Omar,obj_helmet,helmet,distance_phrase_object_first,distance_magnitude_phrase,locative_distance_subject,object_first,person_first,True,True,False,False,False,True,False,"In the courtyard, a short distance separates the helmet and Omar.","In the courtyard, a long distance separates the helmet and Omar.",Omar is close to the helmet.,Omar is far from the helmet.,11,13,11,13,6,8,6,8
courtyard__name_omar__obj_helmet__endpoint_placement__object_first,close_far_matched_scenes,1.1,courtyard__name_omar__obj_helmet,courtyard__name_omar__obj_helmet__object_first,courtyard__name_omar__obj_helmet__endpoint_placement,name_omar__obj_helmet__endpoint_placement__object_first,courtyard,courtyard,edges,name_omar,Omar,obj_helmet,helmet,endpoint_placement,physical_endpoint_placement,two_sentence_person_then_object,person_first,object_first,True,True,True,True,False,False,False,"In the courtyard, Omar stands at one edge. The helmet rests at Omar's feet.","In the courtyard, Omar stands at one edge. The helmet rests at the opposite edge.",The helmet is close to Omar.,The helmet is far from Omar.,15,18,15,18,6,7,6,7
courtyard__name_omar__obj_helmet__endpoint_placement__person_first,close_far_matched_scenes,1.1,courtyard__name_omar__obj_helmet,courtyard__name_omar__obj_helmet__person_first,courtyard__name_omar__obj_helmet__endpoint_placement,name_omar__obj_helmet__endpoint_placement__person_first,courtyard,courtyard,edges,name_omar,Omar,obj_helmet,helmet,endpoint_placement,physical_endpoint_placement,two_sentence_person_then_object,person_first,person_first,False,True,True,True,False,False,False,"In the courtyard, Omar stands at one edge. The helmet rests at Omar's feet.","In the courtyard, Omar stands at one edge. The helmet rests at the opposite edge.",Omar is close to the helmet.,Omar is far from the helmet.,15,18,15,18,6,8,6,8
courtyard__name_omar__obj_cup__direct_label__object_first,close_far_matched_scenes,1.1,courtyard__name_omar__obj_cup,courtyard__name_omar__obj_cup__object_first,courtyard__name_omar__obj_cup__direct_label,name_omar__obj_cup__direct_label__object_first,courtyard,courtyard,edges,name_omar,Omar,obj_cup,cup,direct_label,explicit_relation,locative_object_subject,object_first,object_first,False,True,False,False,True,False,True,"In the courtyard, the cup is close to Omar.","In the courtyard, the cup is far from Omar.",The cup is close to Omar.,The cup is far from Omar.,9,11,9,11,6,7,6,7
courtyard__name_omar__obj_cup__direct_label__person_first,close_far_matched_scenes,1.1,courtyard__name_omar__obj_cup,courtyard__name_omar__obj_cup__person_first,courtyard__name_omar__obj_cup__direct_label,name_omar__obj_cup__direct_label__person_first,courtyard,courtyard,edges,name_omar,Omar,obj_cup,cup,direct_label,explicit_relation,locative_object_subject,object_first,person_first,True,True,False,False,True,False,False,"In the courtyard, the cup is close to Omar.","In the courtyard, the cup is far from Omar.",Omar is close to the cup.,Omar is far from the cup.,9,11,9,11,6,8,6,8
courtyard__name_omar__obj_cup__distance_phrase__object_first,close_far_matched_scenes,1.1,courtyard__name_omar__obj_cup,courtyard__name_omar__obj_cup__object_first,courtyard__name_omar__obj_cup__distance_phrase,name_omar__obj_cup__distance_phrase__object_first,courtyard,courtyard,edges,name_omar,Omar,obj_cup,cup,distance_phrase,distance_magnitude_phrase,locative_distance_subject,person_first,object_first,True,True,False,False,False,True,False,"In the courtyard, a short distance separates Omar and the cup.","In the courtyard, a long distance separates Omar and the cup.",The cup is close to Omar.,The cup is far from Omar.,11,13,11,13,6,7,6,7
courtyard__name_omar__obj_cup__distance_phrase__person_first,close_far_matched_scenes,1.1,courtyard__name_omar__obj_cup,courtyard__name_omar__obj_cup__person_first,courtyard__name_omar__obj_cup__distance_phrase,name_omar__obj_cup__distance_phrase__person_first,courtyard,courtyard,edges,name_omar,Omar,obj_cup,cup,distance_phrase,distance_magnitude_phrase,locative_distance_subject,person_first,person_first,False,True,False,False,False,True,False,"In the courtyard, a short distance separates Omar and the cup.","In the courtyard, a long distance separates Omar and the cup.",Omar is close to the cup.,Omar is far from the cup.,11,13,11,13,6,8,6,8
courtyard__name_omar__obj_cup__distance_phrase_object_first__object_first,close_far_matched_scenes,1.1,courtyard__name_omar__obj_cup,courtyard__name_omar__obj_cup__object_first,courtyard__name_omar__obj_cup__distance_phrase_object_first,name_omar__obj_cup__distance_phrase_object_first__object_first,courtyard,courtyard,edges,name_omar,Omar,obj_cup,cup,distance_phrase_object_first,distance_magnitude_phrase,locative_distance_subject,object_first,object_first,False,True,False,False,False,True,False,"In the courtyard, a short distance separates the cup and Omar.","In the courtyard, a long distance separates the cup and Omar.",The cup is close to Omar.,The cup is far from Omar.,11,13,11,13,6,7,6,7
courtyard__name_omar__obj_cup__distance_phrase_object_first__person_first,close_far_matched_scenes,1.1,courtyard__name_omar__obj_cup,courtyard__name_omar__obj_cup__person_first,courtyard__name_omar__obj_cup__distance_phrase_object_first,name_omar__obj_cup__distance_phrase_object_first__person_first,courtyard,courtyard,edges,name_omar,Omar,obj_cup,cup,distance_phrase_object_first,distance_magnitude_phrase,locative_distance_subject,object_first,person_first,True,True,False,False,False,True,False,"In the courtyard, a short distance separates the cup and Omar.","In the courtyard, a long distance separates the cup and Omar.",Omar is close to the cup.,Omar is far from the cup.,11,13,11,13,6,8,6,8
courtyard__name_omar__obj_cup__endpoint_placement__object_first,close_far_matched_scenes,1.1,courtyard__name_omar__obj_cup,courtyard__name_omar__obj_cup__object_first,courtyard__name_omar__obj_cup__endpoint_placement,name_omar__obj_cup__endpoint_placement__object_first,courtyard,courtyard,edges,name_omar,Omar,obj_cup,cup,endpoint_placement,physical_endpoint_placement,two_sentence_person_then_object,person_first,object_first,True,True,True,True,False,False,False,"In the courtyard, Omar stands at one edge. The cup rests at Omar's feet.","In the courtyard, Omar stands at one edge. The cup rests at the opposite edge.",The cup is close to Omar.,The cup is far from Omar.,15,18,15,18,6,7,6,7
courtyard__name_omar__obj_cup__endpoint_placement__person_first,close_far_matched_scenes,1.1,courtyard__name_omar__obj_cup,courtyard__name_omar__obj_cup__person_first,courtyard__name_omar__obj_cup__endpoint_placement,name_omar__obj_cup__endpoint_placement__person_first,courtyard,courtyard,edges,name_omar,Omar,obj_cup,cup,endpoint_placement,physical_endpoint_placement,two_sentence_person_then_object,person_first,person_first,False,True,True,True,False,False,False,"In the courtyard, Omar stands at one edge. The cup rests at Omar's feet.","In the courtyard, Omar stands at one edge. The cup rests at the opposite edge.",Omar is close to the cup.,Omar is far from the cup.,15,18,15,18,6,8,6,8
courtyard__name_omar__obj_key__direct_label__object_first,close_far_matched_scenes,1.1,courtyard__name_omar__obj_key,courtyard__name_omar__obj_key__object_first,courtyard__name_omar__obj_key__direct_label,name_omar__obj_key__direct_label__object_first,courtyard,courtyard,edges,name_omar,Omar,obj_key,key,direct_label,explicit_relation,locative_object_subject,object_first,object_first,False,True,False,False,True,False,True,"In the courtyard, the key is close to Omar.","In the courtyard, the key is far from Omar.",The key is close to Omar.,The key is far from Omar.,9,11,9,11,6,7,6,7
courtyard__name_omar__obj_key__direct_label__person_first,close_far_matched_scenes,1.1,courtyard__name_omar__obj_key,courtyard__name_omar__obj_key__person_first,courtyard__name_omar__obj_key__direct_label,name_omar__obj_key__direct_label__person_first,courtyard,courtyard,edges,name_omar,Omar,obj_key,key,direct_label,explicit_relation,locative_object_subject,object_first,person_first,True,True,False,False,True,False,False,"In the courtyard, the key is close to Omar.","In the courtyard, the key is far from Omar.",Omar is close to the key.,Omar is far from the key.,9,11,9,11,6,8,6,8
courtyard__name_omar__obj_key__distance_phrase__object_first,close_far_matched_scenes,1.1,courtyard__name_omar__obj_key,courtyard__name_omar__obj_key__object_first,courtyard__name_omar__obj_key__distance_phrase,name_omar__obj_key__distance_phrase__object_first,courtyard,courtyard,edges,name_omar,Omar,obj_key,key,distance_phrase,distance_magnitude_phrase,locative_distance_subject,person_first,object_first,True,True,False,False,False,True,False,"In the courtyard, a short distance separates Omar and the key.","In the courtyard, a long distance separates Omar and the key.",The key is close to Omar.,The key is far from Omar.,11,13,11,13,6,7,6,7
courtyard__name_omar__obj_key__distance_phrase__person_first,close_far_matched_scenes,1.1,courtyard__name_omar__obj_key,courtyard__name_omar__obj_key__person_first,courtyard__name_omar__obj_key__distance_phrase,name_omar__obj_key__distance_phrase__person_first,courtyard,courtyard,edges,name_omar,Omar,obj_key,key,distance_phrase,distance_magnitude_phrase,locative_distance_subject,person_first,person_first,False,True,False,False,False,True,False,"In the courtyard, a short distance separates Omar and the key.","In the courtyard, a long distance separates Omar and the key.",Omar is close to the key.,Omar is far from the key.,11,13,11,13,6,8,6,8
courtyard__name_omar__obj_key__distance_phrase_object_first__object_first,close_far_matched_scenes,1.1,courtyard__name_omar__obj_key,courtyard__name_omar__obj_key__object_first,courtyard__name_omar__obj_key__distance_phrase_object_first,name_omar__obj_key__distance_phrase_object_first__object_first,courtyard,courtyard,edges,name_omar,Omar,obj_key,key,distance_phrase_object_first,distance_magnitude_phrase,locative_distance_subject,object_first,object_first,False,True,False,False,False,True,False,"In the courtyard, a short distance separates the key and Omar.","In the courtyard, a long distance separates the key and Omar.",The key is close to Omar.,The key is far from Omar.,11,13,11,13,6,7,6,7
courtyard__name_omar__obj_key__distance_phrase_object_first__person_first,close_far_matched_scenes,1.1,courtyard__name_omar__obj_key,courtyard__name_omar__obj_key__person_first,courtyard__name_omar__obj_key__distance_phrase_object_first,name_omar__obj_key__distance_phrase_object_first__person_first,courtyard,courtyard,edges,name_omar,Omar,obj_key,key,distance_phrase_object_first,distance_magnitude_phrase,locative_distance_subject,object_first,person_first,True,True,False,False,False,True,False,"In the courtyard, a short distance separates the key and Omar.","In the courtyard, a long distance separates the key and Omar.",Omar is close to the key.,Omar is far from the key.,11,13,11,13,6,8,6,8
courtyard__name_omar__obj_key__endpoint_placement__object_first,close_far_matched_scenes,1.1,courtyard__name_omar__obj_key,courtyard__name_omar__obj_key__object_first,courtyard__name_omar__obj_key__endpoint_placement,name_omar__obj_key__endpoint_placement__object_first,courtyard,courtyard,edges,name_omar,Omar,obj_key,key,endpoint_placement,physical_endpoint_placement,two_sentence_person_then_object,person_first,object_first,True,True,True,True,False,False,False,"In the courtyard, Omar stands at one edge. The key rests at Omar's feet.","In the courtyard, Omar stands at one edge. The key rests at the opposite edge.",The key is close to Omar.,The key is far from Omar.,15,18,15,18,6,7,6,7
courtyard__name_omar__obj_key__endpoint_placement__person_first,close_far_matched_scenes,1.1,courtyard__name_omar__obj_key,courtyard__name_omar__obj_key__person_first,courtyard__name_omar__obj_key__endpoint_placement,name_omar__obj_key__endpoint_placement__person_first,courtyard,courtyard,edges,name_omar,Omar,obj_key,key,endpoint_placement,physical_endpoint_placement,two_sentence_person_then_object,person_first,person_first,False,True,True,True,False,False,False,"In the courtyard, Omar stands at one edge. The key rests at Omar's feet.","In the courtyard, Omar stands at one edge. The key rests at the opposite edge.",Omar is close to the key.,Omar is far from the key.,15,18,15,18,6,8,6,8
courtyard__name_omar__obj_box__direct_label__object_first,close_far_matched_scenes,1.1,courtyard__name_omar__obj_box,courtyard__name_omar__obj_box__object_first,courtyard__name_omar__obj_box__direct_label,name_omar__obj_box__direct_label__object_first,courtyard,courtyard,edges,name_omar,Omar,obj_box,box,direct_label,explicit_relation,locative_object_subject,object_first,object_first,False,True,False,False,True,False,True,"In the courtyard, the box is close to Omar.","In the courtyard, the box is far from Omar.",The box is close to Omar.,The box is far from Omar.,9,11,9,11,6,7,6,7
courtyard__name_omar__obj_box__direct_label__person_first,close_far_matched_scenes,1.1,courtyard__name_omar__obj_box,courtyard__name_omar__obj_box__person_first,courtyard__name_omar__obj_box__direct_label,name_omar__obj_box__direct_label__person_first,courtyard,courtyard,edges,name_omar,Omar,obj_box,box,direct_label,explicit_relation,locative_object_subject,object_first,person_first,True,True,False,False,True,False,False,"In the courtyard, the box is close to Omar.","In the courtyard, the box is far from Omar.",Omar is close to the box.,Omar is far from the box.,9,11,9,11,6,8,6,8
courtyard__name_omar__obj_box__distance_phrase__object_first,close_far_matched_scenes,1.1,courtyard__name_omar__obj_box,courtyard__name_omar__obj_box__object_first,courtyard__name_omar__obj_box__distance_phrase,name_omar__obj_box__distance_phrase__object_first,courtyard,courtyard,edges,name_omar,Omar,obj_box,box,distance_phrase,distance_magnitude_phrase,locative_distance_subject,person_first,object_first,True,True,False,False,False,True,False,"In the courtyard, a short distance separates Omar and the box.","In the courtyard, a long distance separates Omar and the box.",The box is close to Omar.,The box is far from Omar.,11,13,11,13,6,7,6,7
courtyard__name_omar__obj_box__distance_phrase__person_first,close_far_matched_scenes,1.1,courtyard__name_omar__obj_box,courtyard__name_omar__obj_box__person_first,courtyard__name_omar__obj_box__distance_phrase,name_omar__obj_box__distance_phrase__person_first,courtyard,courtyard,edges,name_omar,Omar,obj_box,box,distance_phrase,distance_magnitude_phrase,locative_distance_subject,person_first,person_first,False,True,False,False,False,True,False,"In the courtyard, a short distance separates Omar and the box.","In the courtyard, a long distance separates Omar and the box.",Omar is close to the box.,Omar is far from the box.,11,13,11,13,6,8,6,8
courtyard__name_omar__obj_box__distance_phrase_object_first__object_first,close_far_matched_scenes,1.1,courtyard__name_omar__obj_box,courtyard__name_omar__obj_box__object_first,courtyard__name_omar__obj_box__distance_phrase_object_first,name_omar__obj_box__distance_phrase_object_first__object_first,courtyard,courtyard,edges,name_omar,Omar,obj_box,box,distance_phrase_object_first,distance_magnitude_phrase,locative_distance_subject,object_first,object_first,False,True,False,False,False,True,False,"In the courtyard, a short distance separates the box and Omar.","In the courtyard, a long distance separates the box and Omar.",The box is close to Omar.,The box is far from Omar.,11,13,11,13,6,7,6,7
courtyard__name_omar__obj_box__distance_phrase_object_first__person_first,close_far_matched_scenes,1.1,courtyard__name_omar__obj_box,courtyard__name_omar__obj_box__person_first,courtyard__name_omar__obj_box__distance_phrase_object_first,name_omar__obj_box__distance_phrase_object_first__person_first,courtyard,courtyard,edges,name_omar,Omar,obj_box,box,distance_phrase_object_first,distance_magnitude_phrase,locative_distance_subject,object_first,person_first,True,True,False,False,False,True,False,"In the courtyard, a short distance separates the box and Omar.","In the courtyard, a long distance separates the box and Omar.",Omar is close to the box.,Omar is far from the box.,11,13,11,13,6,8,6,8
courtyard__name_omar__obj_box__endpoint_placement__object_first,close_far_matched_scenes,1.1,courtyard__name_omar__obj_box,courtyard__name_omar__obj_box__object_first,courtyard__name_omar__obj_box__endpoint_placement,name_omar__obj_box__endpoint_placement__object_first,courtyard,courtyard,edges,name_omar,Omar,obj_box,box,endpoint_placement,physical_endpoint_placement,two_sentence_person_then_object,person_first,object_first,True,True,True,True,False,False,False,"In the courtyard, Omar stands at one edge. The box rests at Omar's feet.","In the courtyard, Omar stands at one edge. The box rests at the opposite edge.",The box is close to Omar.,The box is far from Omar.,15,18,15,18,6,7,6,7
courtyard__name_omar__obj_box__endpoint_placement__person_first,close_far_matched_scenes,1.1,courtyard__name_omar__obj_box,courtyard__name_omar__obj_box__person_first,courtyard__name_omar__obj_box__endpoint_placement,name_omar__obj_box__endpoint_placement__person_first,courtyard,courtyard,edges,name_omar,Omar,obj_box,box,endpoint_placement,physical_endpoint_placement,two_sentence_person_then_object,person_first,person_first,False,True,True,True,False,False,False,"In the courtyard, Omar stands at one edge. The box rests at Omar's feet.","In the courtyard, Omar stands at one edge. The box rests at the opposite edge.",Omar is close to the box.,Omar is far from the box.,15,18,15,18,6,8,6,8
field__name_maya__obj_ball__direct_label__object_first,close_far_matched_scenes,1.1,field__name_maya__obj_ball,field__name_maya__obj_ball__object_first,field__name_maya__obj_ball__direct_label,name_maya__obj_ball__direct_label__object_first,field,field,sidelines,name_maya,Maya,obj_ball,ball,direct_label,explicit_relation,locative_object_subject,object_first,object_first,False,True,False,False,True,False,True,"In the field, the ball is close to Maya.","In the field, the ball is far from Maya.",The ball is close to Maya.,The ball is far from Maya.,9,11,9,11,6,7,6,7
field__name_maya__obj_ball__direct_label__person_first,close_far_matched_scenes,1.1,field__name_maya__obj_ball,field__name_maya__obj_ball__person_first,field__name_maya__obj_ball__direct_label,name_maya__obj_ball__direct_label__person_first,field,field,sidelines,name_maya,Maya,obj_ball,ball,direct_label,explicit_relation,locative_object_subject,object_first,person_first,True,True,False,False,True,False,False,"In the field, the ball is close to Maya.","In the field, the ball is far from Maya.",Maya is close to the ball.,Maya is far from the ball.,9,11,9,11,6,8,6,8
field__name_maya__obj_ball__distance_phrase__object_first,close_far_matched_scenes,1.1,field__name_maya__obj_ball,field__name_maya__obj_ball__object_first,field__name_maya__obj_ball__distance_phrase,name_maya__obj_ball__distance_phrase__object_first,field,field,sidelines,name_maya,Maya,obj_ball,ball,distance_phrase,distance_magnitude_phrase,locative_distance_subject,person_first,object_first,True,True,False,False,False,True,False,"In the field, a short distance separates Maya and the ball.","In the field, a long distance separates Maya and the ball.",The ball is close to Maya.,The ball is far from Maya.,11,13,11,13,6,7,6,7
field__name_maya__obj_ball__distance_phrase__person_first,close_far_matched_scenes,1.1,field__name_maya__obj_ball,field__name_maya__obj_ball__person_first,field__name_maya__obj_ball__distance_phrase,name_maya__obj_ball__distance_phrase__person_first,field,field,sidelines,name_maya,Maya,obj_ball,ball,distance_phrase,distance_magnitude_phrase,locative_distance_subject,person_first,person_first,False,True,False,False,False,True,False,"In the field, a short distance separates Maya and the ball.","In the field, a long distance separates Maya and the ball.",Maya is close to the ball.,Maya is far from the ball.,11,13,11,13,6,8,6,8
field__name_maya__obj_ball__distance_phrase_object_first__object_first,close_far_matched_scenes,1.1,field__name_maya__obj_ball,field__name_maya__obj_ball__object_first,field__name_maya__obj_ball__distance_phrase_object_first,name_maya__obj_ball__distance_phrase_object_first__object_first,field,field,sidelines,name_maya,Maya,obj_ball,ball,distance_phrase_object_first,distance_magnitude_phrase,locative_distance_subject,object_first,object_first,False,True,False,False,False,True,False,"In the field, a short distance separates the ball and Maya.","In the field, a long distance separates the ball and Maya.",The ball is close to Maya.,The ball is far from Maya.,11,13,11,13,6,7,6,7
field__name_maya__obj_ball__distance_phrase_object_first__person_first,close_far_matched_scenes,1.1,field__name_maya__obj_ball,field__name_maya__obj_ball__person_first,field__name_maya__obj_ball__distance_phrase_object_first,name_maya__obj_ball__distance_phrase_object_first__person_first,field,field,sidelines,name_maya,Maya,obj_ball,ball,distance_phrase_object_first,distance_magnitude_phrase,locative_distance_subject,object_first,person_first,True,True,False,False,False,True,False,"In the field, a short distance separates the ball and Maya.","In the field, a long distance separates the ball and Maya.",Maya is close to the ball.,Maya is far from the ball.,11,13,11,13,6,8,6,8
field__name_maya__obj_ball__endpoint_placement__object_first,close_far_matched_scenes,1.1,field__name_maya__obj_ball,field__name_maya__obj_ball__object_first,field__name_maya__obj_ball__endpoint_placement,name_maya__obj_ball__endpoint_placement__object_first,field,field,sidelines,name_maya,Maya,obj_ball,ball,endpoint_placement,physical_endpoint_placement,two_sentence_person_then_object,person_first,object_first,True,True,True,True,False,False,False,"In the field, Maya stands at one sideline. The ball rests at Maya's feet.","In the field, Maya stands at one sideline. The ball rests at the opposite sideline.",The ball is close to Maya.,The ball is far from Maya.,15,18,15,18,6,7,6,7
field__name_maya__obj_ball__endpoint_placement__person_first,close_far_matched_scenes,1.1,field__name_maya__obj_ball,field__name_maya__obj_ball__person_first,field__name_maya__obj_ball__endpoint_placement,name_maya__obj_ball__endpoint_placement__person_first,field,field,sidelines,name_maya,Maya,obj_ball,ball,endpoint_placement,physical_endpoint_placement,two_sentence_person_then_object,person_first,person_first,False,True,True,True,False,False,False,"In the field, Maya stands at one sideline. The ball rests at Maya's feet.","In the field, Maya stands at one sideline. The ball rests at the opposite sideline.",Maya is close to the ball.,Maya is far from the ball.,15,18,15,18,6,8,6,8
field__name_maya__obj_bag__direct_label__object_first,close_far_matched_scenes,1.1,field__name_maya__obj_bag,field__name_maya__obj_bag__object_first,field__name_maya__obj_bag__direct_label,name_maya__obj_bag__direct_label__object_first,field,field,sidelines,name_maya,Maya,obj_bag,bag,direct_label,explicit_relation,locative_object_subject,object_first,object_first,False,True,False,False,True,False,True,"In the field, the bag is close to Maya.","In the field, the bag is far from Maya.",The bag is close to Maya.,The bag is far from Maya.,9,11,9,11,6,7,6,7
field__name_maya__obj_bag__direct_label__person_first,close_far_matched_scenes,1.1,field__name_maya__obj_bag,field__name_maya__obj_bag__person_first,field__name_maya__obj_bag__direct_label,name_maya__obj_bag__direct_label__person_first,field,field,sidelines,name_maya,Maya,obj_bag,bag,direct_label,explicit_relation,locative_object_subject,object_first,person_first,True,True,False,False,True,False,False,"In the field, the bag is close to Maya.","In the field, the bag is far from Maya.",Maya is close to the bag.,Maya is far from the bag.,9,11,9,11,6,8,6,8
field__name_maya__obj_bag__distance_phrase__object_first,close_far_matched_scenes,1.1,field__name_maya__obj_bag,field__name_maya__obj_bag__object_first,field__name_maya__obj_bag__distance_phrase,name_maya__obj_bag__distance_phrase__object_first,field,field,sidelines,name_maya,Maya,obj_bag,bag,distance_phrase,distance_magnitude_phrase,locative_distance_subject,person_first,object_first,True,True,False,False,False,True,False,"In the field, a short distance separates Maya and the bag.","In the field, a long distance separates Maya and the bag.",The bag is close to Maya.,The bag is far from Maya.,11,13,11,13,6,7,6,7
field__name_maya__obj_bag__distance_phrase__person_first,close_far_matched_scenes,1.1,field__name_maya__obj_bag,field__name_maya__obj_bag__person_first,field__name_maya__obj_bag__distance_phrase,name_maya__obj_bag__distance_phrase__person_first,field,field,sidelines,name_maya,Maya,obj_bag,bag,distance_phrase,distance_magnitude_phrase,locative_distance_subject,person_first,person_first,False,True,False,False,False,True,False,"In the field, a short distance separates Maya and the bag.","In the field, a long distance separates Maya and the bag.",Maya is close to the bag.,Maya is far from the bag.,11,13,11,13,6,8,6,8
field__name_maya__obj_bag__distance_phrase_object_first__object_first,close_far_matched_scenes,1.1,field__name_maya__obj_bag,field__name_maya__obj_bag__object_first,field__name_maya__obj_bag__distance_phrase_object_first,name_maya__obj_bag__distance_phrase_object_first__object_first,field,field,sidelines,name_maya,Maya,obj_bag,bag,distance_phrase_object_first,distance_magnitude_phrase,locative_distance_subject,object_first,object_first,False,True,False,False,False,True,False,"In the field, a short distance separates the bag and Maya.","In the field, a long distance separates the bag and Maya.",The bag is close to Maya.,The bag is far from Maya.,11,13,11,13,6,7,6,7
field__name_maya__obj_bag__distance_phrase_object_first__person_first,close_far_matched_scenes,1.1,field__name_maya__obj_bag,field__name_maya__obj_bag__person_first,field__name_maya__obj_bag__distance_phrase_object_first,name_maya__obj_bag__distance_phrase_object_first__person_first,field,field,sidelines,name_maya,Maya,obj_bag,bag,distance_phrase_object_first,distance_magnitude_phrase,locative_distance_subject,object_first,person_first,True,True,False,False,False,True,False,"In the field, a short distance separates the bag and Maya.","In the field, a long distance separates the bag and Maya.",Maya is close to the bag.,Maya is far from the bag.,11,13,11,13,6,8,6,8
field__name_maya__obj_bag__endpoint_placement__object_first,close_far_matched_scenes,1.1,field__name_maya__obj_bag,field__name_maya__obj_bag__object_first,field__name_maya__obj_bag__endpoint_placement,name_maya__obj_bag__endpoint_placement__object_first,field,field,sidelines,name_maya,Maya,obj_bag,bag,endpoint_placement,physical_endpoint_placement,two_sentence_person_then_object,person_first,object_first,True,True,True,True,False,False,False,"In the field, Maya stands at one sideline. The bag rests at Maya's feet.","In the field, Maya stands at one sideline. The bag rests at the opposite sideline.",The bag is close to Maya.,The bag is far from Maya.,15,18,15,18,6,7,6,7
field__name_maya__obj_bag__endpoint_placement__person_first,close_far_matched_scenes,1.1,field__name_maya__obj_bag,field__name_maya__obj_bag__person_first,field__name_maya__obj_bag__endpoint_placement,name_maya__obj_bag__endpoint_placement__person_first,field,field,sidelines,name_maya,Maya,obj_bag,bag,endpoint_placement,physical_endpoint_placement,two_sentence_person_then_object,person_first,person_first,False,True,True,True,False,False,False,"In the field, Maya stands at one sideline. The bag rests at Maya's feet.","In the field, Maya stands at one sideline. The bag rests at the opposite sideline.",Maya is close to the bag.,Maya is far from the bag.,15,18,15,18,6,8,6,8
field__name_maya__obj_book__direct_label__object_first,close_far_matched_scenes,1.1,field__name_maya__obj_book,field__name_maya__obj_book__object_first,field__name_maya__obj_book__direct_label,name_maya__obj_book__direct_label__object_first,field,field,sidelines,name_maya,Maya,obj_book,book,direct_label,explicit_relation,locative_object_subject,object_first,object_first,False,True,False,False,True,False,True,"In the field, the book is close to Maya.","In the field, the book is far from Maya.",The book is close to Maya.,The book is far from Maya.,9,11,9,11,6,7,6,7
field__name_maya__obj_book__direct_label__person_first,close_far_matched_scenes,1.1,field__name_maya__obj_book,field__name_maya__obj_book__person_first,field__name_maya__obj_book__direct_label,name_maya__obj_book__direct_label__person_first,field,field,sidelines,name_maya,Maya,obj_book,book,direct_label,explicit_relation,locative_object_subject,object_first,person_first,True,True,False,False,True,False,False,"In the field, the book is close to Maya.","In the field, the book is far from Maya.",Maya is close to the book.,Maya is far from the book.,9,11,9,11,6,8,6,8
field__name_maya__obj_book__distance_phrase__object_first,close_far_matched_scenes,1.1,field__name_maya__obj_book,field__name_maya__obj_book__object_first,field__name_maya__obj_book__distance_phrase,name_maya__obj_book__distance_phrase__object_first,field,field,sidelines,name_maya,Maya,obj_book,book,distance_phrase,distance_magnitude_phrase,locative_distance_subject,person_first,object_first,True,True,False,False,False,True,False,"In the field, a short distance separates Maya and the book.","In the field, a long distance separates Maya and the book.",The book is close to Maya.,The book is far from Maya.,11,13,11,13,6,7,6,7
field__name_maya__obj_book__distance_phrase__person_first,close_far_matched_scenes,1.1,field__name_maya__obj_book,field__name_maya__obj_book__person_first,field__name_maya__obj_book__distance_phrase,name_maya__obj_book__distance_phrase__person_first,field,field,sidelines,name_maya,Maya,obj_book,book,distance_phrase,distance_magnitude_phrase,locative_distance_subject,person_first,person_first,False,True,False,False,False,True,False,"In the field, a short distance separates Maya and the book.","In the field, a long distance separates Maya and the book.",Maya is close to the book.,Maya is far from the book.,11,13,11,13,6,8,6,8
field__name_maya__obj_book__distance_phrase_object_first__object_first,close_far_matched_scenes,1.1,field__name_maya__obj_book,field__name_maya__obj_book__object_first,field__name_maya__obj_book__distance_phrase_object_first,name_maya__obj_book__distance_phrase_object_first__object_first,field,field,sidelines,name_maya,Maya,obj_book,book,distance_phrase_object_first,distance_magnitude_phrase,locative_distance_subject,object_first,object_first,False,True,False,False,False,True,False,"In the field, a short distance separates the book and Maya.","In the field, a long distance separates the book and Maya.",The book is close to Maya.,The book is far from Maya.,11,13,11,13,6,7,6,7
field__name_maya__obj_book__distance_phrase_object_first__person_first,close_far_matched_scenes,1.1,field__name_maya__obj_book,field__name_maya__obj_book__person_first,field__name_maya__obj_book__distance_phrase_object_first,name_maya__obj_book__distance_phrase_object_first__person_first,field,field,sidelines,name_maya,Maya,obj_book,book,distance_phrase_object_first,distance_magnitude_phrase,locative_distance_subject,object_first,person_first,True,True,False,False,False,True,False,"In the field, a short distance separates the book and Maya.","In the field, a long distance separates the book and Maya.",Maya is close to the book.,Maya is far from the book.,11,13,11,13,6,8,6,8
field__name_maya__obj_book__endpoint_placement__object_first,close_far_matched_scenes,1.1,field__name_maya__obj_book,field__name_maya__obj_book__object_first,field__name_maya__obj_book__endpoint_placement,name_maya__obj_book__endpoint_placement__object_first,field,field,sidelines,name_maya,Maya,obj_book,book,endpoint_placement,physical_endpoint_placement,two_sentence_person_then_object,person_first,object_first,True,True,True,True,False,False,False,"In the field, Maya stands at one sideline. The book rests at Maya's feet.","In the field, Maya stands at one sideline. The book rests at the opposite sideline.",The book is close to Maya.,The book is far from Maya.,15,18,15,18,6,7,6,7
field__name_maya__obj_book__endpoint_placement__person_first,close_far_matched_scenes,1.1,field__name_maya__obj_book,field__name_maya__obj_book__person_first,field__name_maya__obj_book__endpoint_placement,name_maya__obj_book__endpoint_placement__person_first,field,field,sidelines,name_maya,Maya,obj_book,book,endpoint_placement,physical_endpoint_placement,two_sentence_person_then_object,person_first,person_first,False,True,True,True,False,False,False,"In the field, Maya stands at one sideline. The book rests at Maya's feet.","In the field, Maya stands at one sideline. The book rests at the opposite sideline.",Maya is close to the book.,Maya is far from the book.,15,18,15,18,6,8,6,8
field__name_maya__obj_cone__direct_label__object_first,close_far_matched_scenes,1.1,field__name_maya__obj_cone,field__name_maya__obj_cone__object_first,field__name_maya__obj_cone__direct_label,name_maya__obj_cone__direct_label__object_first,field,field,sidelines,name_maya,Maya,obj_cone,cone,direct_label,explicit_relation,locative_object_subject,object_first,object_first,False,True,False,False,True,False,True,"In the field, the cone is close to Maya.","In the field, the cone is far from Maya.",The cone is close to Maya.,The cone is far from Maya.,9,11,9,11,6,7,6,7
field__name_maya__obj_cone__direct_label__person_first,close_far_matched_scenes,1.1,field__name_maya__obj_cone,field__name_maya__obj_cone__person_first,field__name_maya__obj_cone__direct_label,name_maya__obj_cone__direct_label__person_first,field,field,sidelines,name_maya,Maya,obj_cone,cone,direct_label,explicit_relation,locative_object_subject,object_first,person_first,True,True,False,False,True,False,False,"In the field, the cone is close to Maya.","In the field, the cone is far from Maya.",Maya is close to the cone.,Maya is far from the cone.,9,11,9,11,6,8,6,8
field__name_maya__obj_cone__distance_phrase__object_first,close_far_matched_scenes,1.1,field__name_maya__obj_cone,field__name_maya__obj_cone__object_first,field__name_maya__obj_cone__distance_phrase,name_maya__obj_cone__distance_phrase__object_first,field,field,sidelines,name_maya,Maya,obj_cone,cone,distance_phrase,distance_magnitude_phrase,locative_distance_subject,person_first,object_first,True,True,False,False,False,True,False,"In the field, a short distance separates Maya and the cone.","In the field, a long distance separates Maya and the cone.",The cone is close to Maya.,The cone is far from Maya.,11,13,11,13,6,7,6,7
field__name_maya__obj_cone__distance_phrase__person_first,close_far_matched_scenes,1.1,field__name_maya__obj_cone,field__name_maya__obj_cone__person_first,field__name_maya__obj_cone__distance_phrase,name_maya__obj_cone__distance_phrase__person_first,field,field,sidelines,name_maya,Maya,obj_cone,cone,distance_phrase,distance_magnitude_phrase,locative_distance_subject,person_first,person_first,False,True,False,False,False,True,False,"In the field, a short distance separates Maya and the cone.","In the field, a long distance separates Maya and the cone.",Maya is close to the cone.,Maya is far from the cone.,11,13,11,13,6,8,6,8
field__name_maya__obj_cone__distance_phrase_object_first__object_first,close_far_matched_scenes,1.1,field__name_maya__obj_cone,field__name_maya__obj_cone__object_first,field__name_maya__obj_cone__distance_phrase_object_first,name_maya__obj_cone__distance_phrase_object_first__object_first,field,field,sidelines,name_maya,Maya,obj_cone,cone,distance_phrase_object_first,distance_magnitude_phrase,locative_distance_subject,object_first,object_first,False,True,False,False,False,True,False,"In the field, a short distance separates the cone and Maya.","In the field, a long distance separates the cone and Maya.",The cone is close to Maya.,The cone is far from Maya.,11,13,11,13,6,7,6,7
field__name_maya__obj_cone__distance_phrase_object_first__person_first,close_far_matched_scenes,1.1,field__name_maya__obj_cone,field__name_maya__obj_cone__person_first,field__name_maya__obj_cone__distance_phrase_object_first,name_maya__obj_cone__distance_phrase_object_first__person_first,field,field,sidelines,name_maya,Maya,obj_cone,cone,distance_phrase_object_first,distance_magnitude_phrase,locative_distance_subject,object_first,person_first,True,True,False,False,False,True,False,"In the field, a short distance separates the cone and Maya.","In the field, a long distance separates the cone and Maya.",Maya is close to the cone.,Maya is far from the cone.,11,13,11,13,6,8,6,8
field__name_maya__obj_cone__endpoint_placement__object_first,close_far_matched_scenes,1.1,field__name_maya__obj_cone,field__name_maya__obj_cone__object_first,field__name_maya__obj_cone__endpoint_placement,name_maya__obj_cone__endpoint_placement__object_first,field,field,sidelines,name_maya,Maya,obj_cone,cone,endpoint_placement,physical_endpoint_placement,two_sentence_person_then_object,person_first,object_first,True,True,True,True,False,False,False,"In the field, Maya stands at one sideline. The cone rests at Maya's feet.","In the field, Maya stands at one sideline. The cone rests at the opposite sideline.",The cone is close to Maya.,The cone is far from Maya.,15,18,15,18,6,7,6,7
field__name_maya__obj_cone__endpoint_placement__person_first,close_far_matched_scenes,1.1,field__name_maya__obj_cone,field__name_maya__obj_cone__person_first,field__name_maya__obj_cone__endpoint_placement,name_maya__obj_cone__endpoint_placement__person_first,field,field,sidelines,name_maya,Maya,obj_cone,cone,endpoint_placement,physical_endpoint_placement,two_sentence_person_then_object,person_first,person_first,False,True,True,True,False,False,False,"In the field, Maya stands at one sideline. The cone rests at Maya's feet.","In the field, Maya stands at one sideline. The cone rests at the opposite sideline.",Maya is close to the cone.,Maya is far from the cone.,15,18,15,18,6,8,6,8
field__name_maya__obj_helmet__direct_label__object_first,close_far_matched_scenes,1.1,field__name_maya__obj_helmet,field__name_maya__obj_helmet__object_first,field__name_maya__obj_helmet__direct_label,name_maya__obj_helmet__direct_label__object_first,field,field,sidelines,name_maya,Maya,obj_helmet,helmet,direct_label,explicit_relation,locative_object_subject,object_first,object_first,False,True,False,False,True,False,True,"In the field, the helmet is close to Maya.","In the field, the helmet is far from Maya.",The helmet is close to Maya.,The helmet is far from Maya.,9,11,9,11,6,7,6,7
field__name_maya__obj_helmet__direct_label__person_first,close_far_matched_scenes,1.1,field__name_maya__obj_helmet,field__name_maya__obj_helmet__person_first,field__name_maya__obj_helmet__direct_label,name_maya__obj_helmet__direct_label__person_first,field,field,sidelines,name_maya,Maya,obj_helmet,helmet,direct_label,explicit_relation,locative_object_subject,object_first,person_first,True,True,False,False,True,False,False,"In the field, the helmet is close to Maya.","In the field, the helmet is far from Maya.",Maya is close to the helmet.,Maya is far from the helmet.,9,11,9,11,6,8,6,8
field__name_maya__obj_helmet__distance_phrase__object_first,close_far_matched_scenes,1.1,field__name_maya__obj_helmet,field__name_maya__obj_helmet__object_first,field__name_maya__obj_helmet__distance_phrase,name_maya__obj_helmet__distance_phrase__object_first,field,field,sidelines,name_maya,Maya,obj_helmet,helmet,distance_phrase,distance_magnitude_phrase,locative_distance_subject,person_first,object_first,True,True,False,False,False,True,False,"In the field, a short distance separates Maya and the helmet.","In the field, a long distance separates Maya and the helmet.",The helmet is close to Maya.,The helmet is far from Maya.,11,13,11,13,6,7,6,7
field__name_maya__obj_helmet__distance_phrase__person_first,close_far_matched_scenes,1.1,field__name_maya__obj_helmet,field__name_maya__obj_helmet__person_first,field__name_maya__obj_helmet__distance_phrase,name_maya__obj_helmet__distance_phrase__person_first,field,field,sidelines,name_maya,Maya,obj_helmet,helmet,distance_phrase,distance_magnitude_phrase,locative_distance_subject,person_first,person_first,False,True,False,False,False,True,False,"In the field, a short distance separates Maya and the helmet.","In the field, a long distance separates Maya and the helmet.",Maya is close to the helmet.,Maya is far from the helmet.,11,13,11,13,6,8,6,8
field__name_maya__obj_helmet__distance_phrase_object_first__object_first,close_far_matched_scenes,1.1,field__name_maya__obj_helmet,field__name_maya__obj_helmet__object_first,field__name_maya__obj_helmet__distance_phrase_object_first,name_maya__obj_helmet__distance_phrase_object_first__object_first,field,field,sidelines,name_maya,Maya,obj_helmet,helmet,distance_phrase_object_first,distance_magnitude_phrase,locative_distance_subject,object_first,object_first,False,True,False,False,False,True,False,"In the field, a short distance separates the helmet and Maya.","In the field, a long distance separates the helmet and Maya.",The helmet is close to Maya.,The helmet is far from Maya.,11,13,11,13,6,7,6,7
field__name_maya__obj_helmet__distance_phrase_object_first__person_first,close_far_matched_scenes,1.1,field__name_maya__obj_helmet,field__name_maya__obj_helmet__person_first,field__name_maya__obj_helmet__distance_phrase_object_first,name_maya__obj_helmet__distance_phrase_object_first__person_first,field,field,sidelines,name_maya,Maya,obj_helmet,helmet,distance_phrase_object_first,distance_magnitude_phrase,locative_distance_subject,object_first,person_first,True,True,False,False,False,True,False,"In the field, a short distance separates the helmet and Maya.","In the field, a long distance separates the helmet and Maya.",Maya is close to the helmet.,Maya is far from the helmet.,11,13,11,13,6,8,6,8
field__name_maya__obj_helmet__endpoint_placement__object_first,close_far_matched_scenes,1.1,field__name_maya__obj_helmet,field__name_maya__obj_helmet__object_first,field__name_maya__obj_helmet__endpoint_placement,name_maya__obj_helmet__endpoint_placement__object_first,field,field,sidelines,name_maya,Maya,obj_helmet,helmet,endpoint_placement,physical_endpoint_placement,two_sentence_person_then_object,person_first,object_first,True,True,True,True,False,False,False,"In the field, Maya stands at one sideline. The helmet rests at Maya's feet.","In the field, Maya stands at one sideline. The helmet rests at the opposite sideline.",The helmet is close to Maya.,The helmet is far from Maya.,15,18,15,18,6,7,6,7
field__name_maya__obj_helmet__endpoint_placement__person_first,close_far_matched_scenes,1.1,field__name_maya__obj_helmet,field__name_maya__obj_helmet__person_first,field__name_maya__obj_helmet__endpoint_placement,name_maya__obj_helmet__endpoint_placement__person_first,field,field,sidelines,name_maya,Maya,obj_helmet,helmet,endpoint_placement,physical_endpoint_placement,two_sentence_person_then_object,person_first,person_first,False,True,True,True,False,False,False,"In the field, Maya stands at one sideline. The helmet rests at Maya's feet.","In the field, Maya stands at one sideline. The helmet rests at the opposite sideline.",Maya is close to the helmet.,Maya is far from the helmet.,15,18,15,18,6,8,6,8
field__name_maya__obj_cup__direct_label__object_first,close_far_matched_scenes,1.1,field__name_maya__obj_cup,field__name_maya__obj_cup__object_first,field__name_maya__obj_cup__direct_label,name_maya__obj_cup__direct_label__object_first,field,field,sidelines,name_maya,Maya,obj_cup,cup,direct_label,explicit_relation,locative_object_subject,object_first,object_first,False,True,False,False,True,False,True,"In the field, the cup is close to Maya.","In the field, the cup is far from Maya.",The cup is close to Maya.,The cup is far from Maya.,9,11,9,11,6,7,6,7
field__name_maya__obj_cup__direct_label__person_first,close_far_matched_scenes,1.1,field__name_maya__obj_cup,field__name_maya__obj_cup__person_first,field__name_maya__obj_cup__direct_label,name_maya__obj_cup__direct_label__person_first,field,field,sidelines,name_maya,Maya,obj_cup,cup,direct_label,explicit_relation,locative_object_subject,object_first,person_first,True,True,False,False,True,False,False,"In the field, the cup is close to Maya.","In the field, the cup is far from Maya.",Maya is close to the cup.,Maya is far from the cup.,9,11,9,11,6,8,6,8
field__name_maya__obj_cup__distance_phrase__object_first,close_far_matched_scenes,1.1,field__name_maya__obj_cup,field__name_maya__obj_cup__object_first,field__name_maya__obj_cup__distance_phrase,name_maya__obj_cup__distance_phrase__object_first,field,field,sidelines,name_maya,Maya,obj_cup,cup,distance_phrase,distance_magnitude_phrase,locative_distance_subject,person_first,object_first,True,True,False,False,False,True,False,"In the field, a short distance separates Maya and the cup.","In the field, a long distance separates Maya and the cup.",The cup is close to Maya.,The cup is far from Maya.,11,13,11,13,6,7,6,7
field__name_maya__obj_cup__distance_phrase__person_first,close_far_matched_scenes,1.1,field__name_maya__obj_cup,field__name_maya__obj_cup__person_first,field__name_maya__obj_cup__distance_phrase,name_maya__obj_cup__distance_phrase__person_first,field,field,sidelines,name_maya,Maya,obj_cup,cup,distance_phrase,distance_magnitude_phrase,locative_distance_subject,person_first,person_first,False,True,False,False,False,True,False,"In the field, a short distance separates Maya and the cup.","In the field, a long distance separates Maya and the cup.",Maya is close to the cup.,Maya is far from the cup.,11,13,11,13,6,8,6,8
field__name_maya__obj_cup__distance_phrase_object_first__object_first,close_far_matched_scenes,1.1,field__name_maya__obj_cup,field__name_maya__obj_cup__object_first,field__name_maya__obj_cup__distance_phrase_object_first,name_maya__obj_cup__distance_phrase_object_first__object_first,field,field,sidelines,name_maya,Maya,obj_cup,cup,distance_phrase_object_first,distance_magnitude_phrase,locative_distance_subject,object_first,object_first,False,True,False,False,False,True,False,"In the field, a short distance separates the cup and Maya.","In the field, a long distance separates the cup and Maya.",The cup is close to Maya.,The cup is far from Maya.,11,13,11,13,6,7,6,7
field__name_maya__obj_cup__distance_phrase_object_first__person_first,close_far_matched_scenes,1.1,field__name_maya__obj_cup,field__name_maya__obj_cup__person_first,field__name_maya__obj_cup__distance_phrase_object_first,name_maya__obj_cup__distance_phrase_object_first__person_first,field,field,sidelines,name_maya,Maya,obj_cup,cup,distance_phrase_object_first,distance_magnitude_phrase,locative_distance_subject,object_first,person_first,True,True,False,False,False,True,False,"In the field, a short distance separates the cup and Maya.","In the field, a long distance separates the cup and Maya.",Maya is close to the cup.,Maya is far from the cup.,11,13,11,13,6,8,6,8
field__name_maya__obj_cup__endpoint_placement__object_first,close_far_matched_scenes,1.1,field__name_maya__obj_cup,field__name_maya__obj_cup__object_first,field__name_maya__obj_cup__endpoint_placement,name_maya__obj_cup__endpoint_placement__object_first,field,field,sidelines,name_maya,Maya,obj_cup,cup,endpoint_placement,physical_endpoint_placement,two_sentence_person_then_object,person_first,object_first,True,True,True,True,False,False,False,"In the field, Maya stands at one sideline. The cup rests at Maya's feet.","In the field, Maya stands at one sideline. The cup rests at the opposite sideline.",The cup is close to Maya.,The cup is far from Maya.,15,18,15,18,6,7,6,7
field__name_maya__obj_cup__endpoint_placement__person_first,close_far_matched_scenes,1.1,field__name_maya__obj_cup,field__name_maya__obj_cup__person_first,field__name_maya__obj_cup__endpoint_placement,name_maya__obj_cup__endpoint_placement__person_first,field,field,sidelines,name_maya,Maya,obj_cup,cup,endpoint_placement,physical_endpoint_placement,two_sentence_person_then_object,person_first,person_first,False,True,True,True,False,False,False,"In the field, Maya stands at one sideline. The cup rests at Maya's feet.","In the field, Maya stands at one sideline. The cup rests at the opposite sideline.",Maya is close to the cup.,Maya is far from the cup.,15,18,15,18,6,8,6,8
field__name_maya__obj_key__direct_label__object_first,close_far_matched_scenes,1.1,field__name_maya__obj_key,field__name_maya__obj_key__object_first,field__name_maya__obj_key__direct_label,name_maya__obj_key__direct_label__object_first,field,field,sidelines,name_maya,Maya,obj_key,key,direct_label,explicit_relation,locative_object_subject,object_first,object_first,False,True,False,False,True,False,True,"In the field, the key is close to Maya.","In the field, the key is far from Maya.",The key is close to Maya.,The key is far from Maya.,9,11,9,11,6,7,6,7
field__name_maya__obj_key__direct_label__person_first,close_far_matched_scenes,1.1,field__name_maya__obj_key,field__name_maya__obj_key__person_first,field__name_maya__obj_key__direct_label,name_maya__obj_key__direct_label__person_first,field,field,sidelines,name_maya,Maya,obj_key,key,direct_label,explicit_relation,locative_object_subject,object_first,person_first,True,True,False,False,True,False,False,"In the field, the key is close to Maya.","In the field, the key is far from Maya.",Maya is close to the key.,Maya is far from the key.,9,11,9,11,6,8,6,8
field__name_maya__obj_key__distance_phrase__object_first,close_far_matched_scenes,1.1,field__name_maya__obj_key,field__name_maya__obj_key__object_first,field__name_maya__obj_key__distance_phrase,name_maya__obj_key__distance_phrase__object_first,field,field,sidelines,name_maya,Maya,obj_key,key,distance_phrase,distance_magnitude_phrase,locative_distance_subject,person_first,object_first,True,True,False,False,False,True,False,"In the field, a short distance separates Maya and the key.","In the field, a long distance separates Maya and the key.",The key is close to Maya.,The key is far from Maya.,11,13,11,13,6,7,6,7
field__name_maya__obj_key__distance_phrase__person_first,close_far_matched_scenes,1.1,field__name_maya__obj_key,field__name_maya__obj_key__person_first,field__name_maya__obj_key__distance_phrase,name_maya__obj_key__distance_phrase__person_first,field,field,sidelines,name_maya,Maya,obj_key,key,distance_phrase,distance_magnitude_phrase,locative_distance_subject,person_first,person_first,False,True,False,False,False,True,False,"In the field, a short distance separates Maya and the key.","In the field, a long distance separates Maya and the key.",Maya is close to the key.,Maya is far from the key.,11,13,11,13,6,8,6,8
field__name_maya__obj_key__distance_phrase_object_first__object_first,close_far_matched_scenes,1.1,field__name_maya__obj_key,field__name_maya__obj_key__object_first,field__name_maya__obj_key__distance_phrase_object_first,name_maya__obj_key__distance_phrase_object_first__object_first,field,field,sidelines,name_maya,Maya,obj_key,key,distance_phrase_object_first,distance_magnitude_phrase,locative_distance_subject,object_first,object_first,False,True,False,False,False,True,False,"In the field, a short distance separates the key and Maya.","In the field, a long distance separates the key and Maya.",The key is close to Maya.,The key is far from Maya.,11,13,11,13,6,7,6,7
field__name_maya__obj_key__distance_phrase_object_first__person_first,close_far_matched_scenes,1.1,field__name_maya__obj_key,field__name_maya__obj_key__person_first,field__name_maya__obj_key__distance_phrase_object_first,name_maya__obj_key__distance_phrase_object_first__person_first,field,field,sidelines,name_maya,Maya,obj_key,key,distance_phrase_object_first,distance_magnitude_phrase,locative_distance_subject,object_first,person_first,True,True,False,False,False,True,False,"In the field, a short distance separates the key and Maya.","In the field, a long distance separates the key and Maya.",Maya is close to the key.,Maya is far from the key.,11,13,11,13,6,8,6,8
field__name_maya__obj_key__endpoint_placement__object_first,close_far_matched_scenes,1.1,field__name_maya__obj_key,field__name_maya__obj_key__object_first,field__name_maya__obj_key__endpoint_placement,name_maya__obj_key__endpoint_placement__object_first,field,field,sidelines,name_maya,Maya,obj_key,key,endpoint_placement,physical_endpoint_placement,two_sentence_person_then_object,person_first,object_first,True,True,True,True,False,False,False,"In the field, Maya stands at one sideline. The key rests at Maya's feet.","In the field, Maya stands at one sideline. The key rests at the opposite sideline.",The key is close to Maya.,The key is far from Maya.,15,18,15,18,6,7,6,7
field__name_maya__obj_key__endpoint_placement__person_first,close_far_matched_scenes,1.1,field__name_maya__obj_key,field__name_maya__obj_key__person_first,field__name_maya__obj_key__endpoint_placement,name_maya__obj_key__endpoint_placement__person_first,field,field,sidelines,name_maya,Maya,obj_key,key,endpoint_placement,physical_endpoint_placement,two_sentence_person_then_object,person_first,person_first,False,True,True,True,False,False,False,"In the field, Maya stands at one sideline. The key rests at Maya's feet.","In the field, Maya stands at one sideline. The key rests at the opposite sideline.",Maya is close to the key.,Maya is far from the key.,15,18,15,18,6,8,6,8
field__name_maya__obj_box__direct_label__object_first,close_far_matched_scenes,1.1,field__name_maya__obj_box,field__name_maya__obj_box__object_first,field__name_maya__obj_box__direct_label,name_maya__obj_box__direct_label__object_first,field,field,sidelines,name_maya,Maya,obj_box,box,direct_label,explicit_relation,locative_object_subject,object_first,object_first,False,True,False,False,True,False,True,"In the field, the box is close to Maya.","In the field, the box is far from Maya.",The box is close to Maya.,The box is far from Maya.,9,11,9,11,6,7,6,7
field__name_maya__obj_box__direct_label__person_first,close_far_matched_scenes,1.1,field__name_maya__obj_box,field__name_maya__obj_box__person_first,field__name_maya__obj_box__direct_label,name_maya__obj_box__direct_label__person_first,field,field,sidelines,name_maya,Maya,obj_box,box,direct_label,explicit_relation,locative_object_subject,object_first,person_first,True,True,False,False,True,False,False,"In the field, the box is close to Maya.","In the field, the box is far from Maya.",Maya is close to the box.,Maya is far from the box.,9,11,9,11,6,8,6,8
field__name_maya__obj_box__distance_phrase__object_first,close_far_matched_scenes,1.1,field__name_maya__obj_box,field__name_maya__obj_box__object_first,field__name_maya__obj_box__distance_phrase,name_maya__obj_box__distance_phrase__object_first,field,field,sidelines,name_maya,Maya,obj_box,box,distance_phrase,distance_magnitude_phrase,locative_distance_subject,person_first,object_first,True,True,False,False,False,True,False,"In the field, a short distance separates Maya and the box.","In the field, a long distance separates Maya and the box.",The box is close to Maya.,The box is far from Maya.,11,13,11,13,6,7,6,7
field__name_maya__obj_box__distance_phrase__person_first,close_far_matched_scenes,1.1,field__name_maya__obj_box,field__name_maya__obj_box__person_first,field__name_maya__obj_box__distance_phrase,name_maya__obj_box__distance_phrase__person_first,field,field,sidelines,name_maya,Maya,obj_box,box,distance_phrase,distance_magnitude_phrase,locative_distance_subject,person_first,person_first,False,True,False,False,False,True,False,"In the field, a short distance separates Maya and the box.","In the field, a long distance separates Maya and the box.",Maya is close to the box.,Maya is far from the box.,11,13,11,13,6,8,6,8
field__name_maya__obj_box__distance_phrase_object_first__object_first,close_far_matched_scenes,1.1,field__name_maya__obj_box,field__name_maya__obj_box__object_first,field__name_maya__obj_box__distance_phrase_object_first,name_maya__obj_box__distance_phrase_object_first__object_first,field,field,sidelines,name_maya,Maya,obj_box,box,distance_phrase_object_first,distance_magnitude_phrase,locative_distance_subject,object_first,object_first,False,True,False,False,False,True,False,"In the field, a short distance separates the box and Maya.","In the field, a long distance separates the box and Maya.",The box is close to Maya.,The box is far from Maya.,11,13,11,13,6,7,6,7
field__name_maya__obj_box__distance_phrase_object_first__person_first,close_far_matched_scenes,1.1,field__name_maya__obj_box,field__name_maya__obj_box__person_first,field__name_maya__obj_box__distance_phrase_object_first,name_maya__obj_box__distance_phrase_object_first__person_first,field,field,sidelines,name_maya,Maya,obj_box,box,distance_phrase_object_first,distance_magnitude_phrase,locative_distance_subject,object_first,person_first,True,True,False,False,False,True,False,"In the field, a short distance separates the box and Maya.","In the field, a long distance separates the box and Maya.",Maya is close to the box.,Maya is far from the box.,11,13,11,13,6,8,6,8
field__name_maya__obj_box__endpoint_placement__object_first,close_far_matched_scenes,1.1,field__name_maya__obj_box,field__name_maya__obj_box__object_first,field__name_maya__obj_box__endpoint_placement,name_maya__obj_box__endpoint_placement__object_first,field,field,sidelines,name_maya,Maya,obj_box,box,endpoint_placement,physical_endpoint_placement,two_sentence_person_then_object,person_first,object_first,True,True,True,True,False,False,False,"In the field, Maya stands at one sideline. The box rests at Maya's feet.","In the field, Maya stands at one sideline. The box rests at the opposite sideline.",The box is close to Maya.,The box is far from Maya.,15,18,15,18,6,7,6,7
field__name_maya__obj_box__endpoint_placement__person_first,close_far_matched_scenes,1.1,field__name_maya__obj_box,field__name_maya__obj_box__person_first,field__name_maya__obj_box__endpoint_placement,name_maya__obj_box__endpoint_placement__person_first,field,field,sidelines,name_maya,Maya,obj_box,box,endpoint_placement,physical_endpoint_placement,two_sentence_person_then_object,person_first,person_first,False,True,True,True,False,False,False,"In the field, Maya stands at one sideline. The box rests at Maya's feet.","In the field, Maya stands at one sideline. The box rests at the opposite sideline.",Maya is close to the box.,Maya is far from the box.,15,18,15,18,6,8,6,8
field__name_jesse__obj_ball__direct_label__object_first,close_far_matched_scenes,1.1,field__name_jesse__obj_ball,field__name_jesse__obj_ball__object_first,field__name_jesse__obj_ball__direct_label,name_jesse__obj_ball__direct_label__object_first,field,field,sidelines,name_jesse,Jesse,obj_ball,ball,direct_label,explicit_relation,locative_object_subject,object_first,object_first,False,True,False,False,True,False,True,"In the field, the ball is close to Jesse.","In the field, the ball is far from Jesse.",The ball is close to Jesse.,The ball is far from Jesse.,9,11,9,11,6,7,6,7
field__name_jesse__obj_ball__direct_label__person_first,close_far_matched_scenes,1.1,field__name_jesse__obj_ball,field__name_jesse__obj_ball__person_first,field__name_jesse__obj_ball__direct_label,name_jesse__obj_ball__direct_label__person_first,field,field,sidelines,name_jesse,Jesse,obj_ball,ball,direct_label,explicit_relation,locative_object_subject,object_first,person_first,True,True,False,False,True,False,False,"In the field, the ball is close to Jesse.","In the field, the ball is far from Jesse.",Jesse is close to the ball.,Jesse is far from the ball.,9,11,9,11,6,8,6,8
field__name_jesse__obj_ball__distance_phrase__object_first,close_far_matched_scenes,1.1,field__name_jesse__obj_ball,field__name_jesse__obj_ball__object_first,field__name_jesse__obj_ball__distance_phrase,name_jesse__obj_ball__distance_phrase__object_first,field,field,sidelines,name_jesse,Jesse,obj_ball,ball,distance_phrase,distance_magnitude_phrase,locative_distance_subject,person_first,object_first,True,True,False,False,False,True,False,"In the field, a short distance separates Jesse and the ball.","In the field, a long distance separates Jesse and the ball.",The ball is close to Jesse.,The ball is far from Jesse.,11,13,11,13,6,7,6,7
field__name_jesse__obj_ball__distance_phrase__person_first,close_far_matched_scenes,1.1,field__name_jesse__obj_ball,field__name_jesse__obj_ball__person_first,field__name_jesse__obj_ball__distance_phrase,name_jesse__obj_ball__distance_phrase__person_first,field,field,sidelines,name_jesse,Jesse,obj_ball,ball,distance_phrase,distance_magnitude_phrase,locative_distance_subject,person_first,person_first,False,True,False,False,False,True,False,"In the field, a short distance separates Jesse and the ball.","In the field, a long distance separates Jesse and the ball.",Jesse is close to the ball.,Jesse is far from the ball.,11,13,11,13,6,8,6,8
field__name_jesse__obj_ball__distance_phrase_object_first__object_first,close_far_matched_scenes,1.1,field__name_jesse__obj_ball,field__name_jesse__obj_ball__object_first,field__name_jesse__obj_ball__distance_phrase_object_first,name_jesse__obj_ball__distance_phrase_object_first__object_first,field,field,sidelines,name_jesse,Jesse,obj_ball,ball,distance_phrase_object_first,distance_magnitude_phrase,locative_distance_subject,object_first,object_first,False,True,False,False,False,True,False,"In the field, a short distance separates the ball and Jesse.","In the field, a long distance separates the ball and Jesse.",The ball is close to Jesse.,The ball is far from Jesse.,11,13,11,13,6,7,6,7
field__name_jesse__obj_ball__distance_phrase_object_first__person_first,close_far_matched_scenes,1.1,field__name_jesse__obj_ball,field__name_jesse__obj_ball__person_first,field__name_jesse__obj_ball__distance_phrase_object_first,name_jesse__obj_ball__distance_phrase_object_first__person_first,field,field,sidelines,name_jesse,Jesse,obj_ball,ball,distance_phrase_object_first,distance_magnitude_phrase,locative_distance_subject,object_first,person_first,True,True,False,False,False,True,False,"In the field, a short distance separates the ball and Jesse.","In the field, a long distance separates the ball and Jesse.",Jesse is close to the ball.,Jesse is far from the ball.,11,13,11,13,6,8,6,8
field__name_jesse__obj_ball__endpoint_placement__object_first,close_far_matched_scenes,1.1,field__name_jesse__obj_ball,field__name_jesse__obj_ball__object_first,field__name_jesse__obj_ball__endpoint_placement,name_jesse__obj_ball__endpoint_placement__object_first,field,field,sidelines,name_jesse,Jesse,obj_ball,ball,endpoint_placement,physical_endpoint_placement,two_sentence_person_then_object,person_first,object_first,True,True,True,True,False,False,False,"In the field, Jesse stands at one sideline. The ball rests at Jesse's feet.","In the field, Jesse stands at one sideline. The ball rests at the opposite sideline.",The ball is close to Jesse.,The ball is far from Jesse.,15,18,15,18,6,7,6,7
field__name_jesse__obj_ball__endpoint_placement__person_first,close_far_matched_scenes,1.1,field__name_jesse__obj_ball,field__name_jesse__obj_ball__person_first,field__name_jesse__obj_ball__endpoint_placement,name_jesse__obj_ball__endpoint_placement__person_first,field,field,sidelines,name_jesse,Jesse,obj_ball,ball,endpoint_placement,physical_endpoint_placement,two_sentence_person_then_object,person_first,person_first,False,True,True,True,False,False,False,"In the field, Jesse stands at one sideline. The ball rests at Jesse's feet.","In the field, Jesse stands at one sideline. The ball rests at the opposite sideline.",Jesse is close to the ball.,Jesse is far from the ball.,15,18,15,18,6,8,6,8
field__name_jesse__obj_bag__direct_label__object_first,close_far_matched_scenes,1.1,field__name_jesse__obj_bag,field__name_jesse__obj_bag__object_first,field__name_jesse__obj_bag__direct_label,name_jesse__obj_bag__direct_label__object_first,field,field,sidelines,name_jesse,Jesse,obj_bag,bag,direct_label,explicit_relation,locative_object_subject,object_first,object_first,False,True,False,False,True,False,True,"In the field, the bag is close to Jesse.","In the field, the bag is far from Jesse.",The bag is close to Jesse.,The bag is far from Jesse.,9,11,9,11,6,7,6,7
field__name_jesse__obj_bag__direct_label__person_first,close_far_matched_scenes,1.1,field__name_jesse__obj_bag,field__name_jesse__obj_bag__person_first,field__name_jesse__obj_bag__direct_label,name_jesse__obj_bag__direct_label__person_first,field,field,sidelines,name_jesse,Jesse,obj_bag,bag,direct_label,explicit_relation,locative_object_subject,object_first,person_first,True,True,False,False,True,False,False,"In the field, the bag is close to Jesse.","In the field, the bag is far from Jesse.",Jesse is close to the bag.,Jesse is far from the bag.,9,11,9,11,6,8,6,8
field__name_jesse__obj_bag__distance_phrase__object_first,close_far_matched_scenes,1.1,field__name_jesse__obj_bag,field__name_jesse__obj_bag__object_first,field__name_jesse__obj_bag__distance_phrase,name_jesse__obj_bag__distance_phrase__object_first,field,field,sidelines,name_jesse,Jesse,obj_bag,bag,distance_phrase,distance_magnitude_phrase,locative_distance_subject,person_first,object_first,True,True,False,False,False,True,False,"In the field, a short distance separates Jesse and the bag.","In the field, a long distance separates Jesse and the bag.",The bag is close to Jesse.,The bag is far from Jesse.,11,13,11,13,6,7,6,7
field__name_jesse__obj_bag__distance_phrase__person_first,close_far_matched_scenes,1.1,field__name_jesse__obj_bag,field__name_jesse__obj_bag__person_first,field__name_jesse__obj_bag__distance_phrase,name_jesse__obj_bag__distance_phrase__person_first,field,field,sidelines,name_jesse,Jesse,obj_bag,bag,distance_phrase,distance_magnitude_phrase,locative_distance_subject,person_first,person_first,False,True,False,False,False,True,False,"In the field, a short distance separates Jesse and the bag.","In the field, a long distance separates Jesse and the bag.",Jesse is close to the bag.,Jesse is far from the bag.,11,13,11,13,6,8,6,8
field__name_jesse__obj_bag__distance_phrase_object_first__object_first,close_far_matched_scenes,1.1,field__name_jesse__obj_bag,field__name_jesse__obj_bag__object_first,field__name_jesse__obj_bag__distance_phrase_object_first,name_jesse__obj_bag__distance_phrase_object_first__object_first,field,field,sidelines,name_jesse,Jesse,obj_bag,bag,distance_phrase_object_first,distance_magnitude_phrase,locative_distance_subject,object_first,object_first,False,True,False,False,False,True,False,"In the field, a short distance separates the bag and Jesse.","In the field, a long distance separates the bag and Jesse.",The bag is close to Jesse.,The bag is far from Jesse.,11,13,11,13,6,7,6,7
field__name_jesse__obj_bag__distance_phrase_object_first__person_first,close_far_matched_scenes,1.1,field__name_jesse__obj_bag,field__name_jesse__obj_bag__person_first,field__name_jesse__obj_bag__distance_phrase_object_first,name_jesse__obj_bag__distance_phrase_object_first__person_first,field,field,sidelines,name_jesse,Jesse,obj_bag,bag,distance_phrase_object_first,distance_magnitude_phrase,locative_distance_subject,object_first,person_first,True,True,False,False,False,True,False,"In the field, a short distance separates the bag and Jesse.","In the field, a long distance separates the bag and Jesse.",Jesse is close to the bag.,Jesse is far from the bag.,11,13,11,13,6,8,6,8
field__name_jesse__obj_bag__endpoint_placement__object_first,close_far_matched_scenes,1.1,field__name_jesse__obj_bag,field__name_jesse__obj_bag__object_first,field__name_jesse__obj_bag__endpoint_placement,name_jesse__obj_bag__endpoint_placement__object_first,field,field,sidelines,name_jesse,Jesse,obj_bag,bag,endpoint_placement,physical_endpoint_placement,two_sentence_person_then_object,person_first,object_first,True,True,True,True,False,False,False,"In the field, Jesse stands at one sideline. The bag rests at Jesse's feet.","In the field, Jesse stands at one sideline. The bag rests at the opposite sideline.",The bag is close to Jesse.,The bag is far from Jesse.,15,18,15,18,6,7,6,7
field__name_jesse__obj_bag__endpoint_placement__person_first,close_far_matched_scenes,1.1,field__name_jesse__obj_bag,field__name_jesse__obj_bag__person_first,field__name_jesse__obj_bag__endpoint_placement,name_jesse__obj_bag__endpoint_placement__person_first,field,field,sidelines,name_jesse,Jesse,obj_bag,bag,endpoint_placement,physical_endpoint_placement,two_sentence_person_then_object,person_first,person_first,False,True,True,True,False,False,False,"In the field, Jesse stands at one sideline. The bag rests at Jesse's feet.","In the field, Jesse stands at one sideline. The bag rests at the opposite sideline.",Jesse is close to the bag.,Jesse is far from the bag.,15,18,15,18,6,8,6,8
field__name_jesse__obj_book__direct_label__object_first,close_far_matched_scenes,1.1,field__name_jesse__obj_book,field__name_jesse__obj_book__object_first,field__name_jesse__obj_book__direct_label,name_jesse__obj_book__direct_label__object_first,field,field,sidelines,name_jesse,Jesse,obj_book,book,direct_label,explicit_relation,locative_object_subject,object_first,object_first,False,True,False,False,True,False,True,"In the field, the book is close to Jesse.","In the field, the book is far from Jesse.",The book is close to Jesse.,The book is far from Jesse.,9,11,9,11,6,7,6,7
field__name_jesse__obj_book__direct_label__person_first,close_far_matched_scenes,1.1,field__name_jesse__obj_book,field__name_jesse__obj_book__person_first,field__name_jesse__obj_book__direct_label,name_jesse__obj_book__direct_label__person_first,field,field,sidelines,name_jesse,Jesse,obj_book,book,direct_label,explicit_relation,locative_object_subject,object_first,person_first,True,True,False,False,True,False,False,"In the field, the book is close to Jesse.","In the field, the book is far from Jesse.",Jesse is close to the book.,Jesse is far from the book.,9,11,9,11,6,8,6,8
field__name_jesse__obj_book__distance_phrase__object_first,close_far_matched_scenes,1.1,field__name_jesse__obj_book,field__name_jesse__obj_book__object_first,field__name_jesse__obj_book__distance_phrase,name_jesse__obj_book__distance_phrase__object_first,field,field,sidelines,name_jesse,Jesse,obj_book,book,distance_phrase,distance_magnitude_phrase,locative_distance_subject,person_first,object_first,True,True,False,False,False,True,False,"In the field, a short distance separates Jesse and the book.","In the field, a long distance separates Jesse and the book.",The book is close to Jesse.,The book is far from Jesse.,11,13,11,13,6,7,6,7
field__name_jesse__obj_book__distance_phrase__person_first,close_far_matched_scenes,1.1,field__name_jesse__obj_book,field__name_jesse__obj_book__person_first,field__name_jesse__obj_book__distance_phrase,name_jesse__obj_book__distance_phrase__person_first,field,field,sidelines,name_jesse,Jesse,obj_book,book,distance_phrase,distance_magnitude_phrase,locative_distance_subject,person_first,person_first,False,True,False,False,False,True,False,"In the field, a short distance separates Jesse and the book.","In the field, a long distance separates Jesse and the book.",Jesse is close to the book.,Jesse is far from the book.,11,13,11,13,6,8,6,8
field__name_jesse__obj_book__distance_phrase_object_first__object_first,close_far_matched_scenes,1.1,field__name_jesse__obj_book,field__name_jesse__obj_book__object_first,field__name_jesse__obj_book__distance_phrase_object_first,name_jesse__obj_book__distance_phrase_object_first__object_first,field,field,sidelines,name_jesse,Jesse,obj_book,book,distance_phrase_object_first,distance_magnitude_phrase,locative_distance_subject,object_first,object_first,False,True,False,False,False,True,False,"In the field, a short distance separates the book and Jesse.","In the field, a long distance separates the book and Jesse.",The book is close to Jesse.,The book is far from Jesse.,11,13,11,13,6,7,6,7
field__name_jesse__obj_book__distance_phrase_object_first__person_first,close_far_matched_scenes,1.1,field__name_jesse__obj_book,field__name_jesse__obj_book__person_first,field__name_jesse__obj_book__distance_phrase_object_first,name_jesse__obj_book__distance_phrase_object_first__person_first,field,field,sidelines,name_jesse,Jesse,obj_book,book,distance_phrase_object_first,distance_magnitude_phrase,locative_distance_subject,object_first,person_first,True,True,False,False,False,True,False,"In the field, a short distance separates the book and Jesse.","In the field, a long distance separates the book and Jesse.",Jesse is close to the book.,Jesse is far from the book.,11,13,11,13,6,8,6,8
field__name_jesse__obj_book__endpoint_placement__object_first,close_far_matched_scenes,1.1,field__name_jesse__obj_book,field__name_jesse__obj_book__object_first,field__name_jesse__obj_book__endpoint_placement,name_jesse__obj_book__endpoint_placement__object_first,field,field,sidelines,name_jesse,Jesse,obj_book,book,endpoint_placement,physical_endpoint_placement,two_sentence_person_then_object,person_first,object_first,True,True,True,True,False,False,False,"In the field, Jesse stands at one sideline. The book rests at Jesse's feet.","In the field, Jesse stands at one sideline. The book rests at the opposite sideline.",The book is close to Jesse.,The book is far from Jesse.,15,18,15,18,6,7,6,7
field__name_jesse__obj_book__endpoint_placement__person_first,close_far_matched_scenes,1.1,field__name_jesse__obj_book,field__name_jesse__obj_book__person_first,field__name_jesse__obj_book__endpoint_placement,name_jesse__obj_book__endpoint_placement__person_first,field,field,sidelines,name_jesse,Jesse,obj_book,book,endpoint_placement,physical_endpoint_placement,two_sentence_person_then_object,person_first,person_first,False,True,True,True,False,False,False,"In the field, Jesse stands at one sideline. The book rests at Jesse's feet.","In the field, Jesse stands at one sideline. The book rests at the opposite sideline.",Jesse is close to the book.,Jesse is far from the book.,15,18,15,18,6,8,6,8
field__name_jesse__obj_cone__direct_label__object_first,close_far_matched_scenes,1.1,field__name_jesse__obj_cone,field__name_jesse__obj_cone__object_first,field__name_jesse__obj_cone__direct_label,name_jesse__obj_cone__direct_label__object_first,field,field,sidelines,name_jesse,Jesse,obj_cone,cone,direct_label,explicit_relation,locative_object_subject,object_first,object_first,False,True,False,False,True,False,True,"In the field, the cone is close to Jesse.","In the field, the cone is far from Jesse.",The cone is close to Jesse.,The cone is far from Jesse.,9,11,9,11,6,7,6,7
field__name_jesse__obj_cone__direct_label__person_first,close_far_matched_scenes,1.1,field__name_jesse__obj_cone,field__name_jesse__obj_cone__person_first,field__name_jesse__obj_cone__direct_label,name_jesse__obj_cone__direct_label__person_first,field,field,sidelines,name_jesse,Jesse,obj_cone,cone,direct_label,explicit_relation,locative_object_subject,object_first,person_first,True,True,False,False,True,False,False,"In the field, the cone is close to Jesse.","In the field, the cone is far from Jesse.",Jesse is close to the cone.,Jesse is far from the cone.,9,11,9,11,6,8,6,8
field__name_jesse__obj_cone__distance_phrase__object_first,close_far_matched_scenes,1.1,field__name_jesse__obj_cone,field__name_jesse__obj_cone__object_first,field__name_jesse__obj_cone__distance_phrase,name_jesse__obj_cone__distance_phrase__object_first,field,field,sidelines,name_jesse,Jesse,obj_cone,cone,distance_phrase,distance_magnitude_phrase,locative_distance_subject,person_first,object_first,True,True,False,False,False,True,False,"In the field, a short distance separates Jesse and the cone.","In the field, a long distance separates Jesse and the cone.",The cone is close to Jesse.,The cone is far from Jesse.,11,13,11,13,6,7,6,7
field__name_jesse__obj_cone__distance_phrase__person_first,close_far_matched_scenes,1.1,field__name_jesse__obj_cone,field__name_jesse__obj_cone__person_first,field__name_jesse__obj_cone__distance_phrase,name_jesse__obj_cone__distance_phrase__person_first,field,field,sidelines,name_jesse,Jesse,obj_cone,cone,distance_phrase,distance_magnitude_phrase,locative_distance_subject,person_first,person_first,False,True,False,False,False,True,False,"In the field, a short distance separates Jesse and the cone.","In the field, a long distance separates Jesse and the cone.",Jesse is close to the cone.,Jesse is far from the cone.,11,13,11,13,6,8,6,8
field__name_jesse__obj_cone__distance_phrase_object_first__object_first,close_far_matched_scenes,1.1,field__name_jesse__obj_cone,field__name_jesse__obj_cone__object_first,field__name_jesse__obj_cone__distance_phrase_object_first,name_jesse__obj_cone__distance_phrase_object_first__object_first,field,field,sidelines,name_jesse,Jesse,obj_cone,cone,distance_phrase_object_first,distance_magnitude_phrase,locative_distance_subject,object_first,object_first,False,True,False,False,False,True,False,"In the field, a short distance separates the cone and Jesse.","In the field, a long distance separates the cone and Jesse.",The cone is close to Jesse.,The cone is far from Jesse.,11,13,11,13,6,7,6,7
field__name_jesse__obj_cone__distance_phrase_object_first__person_first,close_far_matched_scenes,1.1,field__name_jesse__obj_cone,field__name_jesse__obj_cone__person_first,field__name_jesse__obj_cone__distance_phrase_object_first,name_jesse__obj_cone__distance_phrase_object_first__person_first,field,field,sidelines,name_jesse,Jesse,obj_cone,cone,distance_phrase_object_first,distance_magnitude_phrase,locative_distance_subject,object_first,person_first,True,True,False,False,False,True,False,"In the field, a short distance separates the cone and Jesse.","In the field, a long distance separates the cone and Jesse.",Jesse is close to the cone.,Jesse is far from the cone.,11,13,11,13,6,8,6,8
field__name_jesse__obj_cone__endpoint_placement__object_first,close_far_matched_scenes,1.1,field__name_jesse__obj_cone,field__name_jesse__obj_cone__object_first,field__name_jesse__obj_cone__endpoint_placement,name_jesse__obj_cone__endpoint_placement__object_first,field,field,sidelines,name_jesse,Jesse,obj_cone,cone,endpoint_placement,physical_endpoint_placement,two_sentence_person_then_object,person_first,object_first,True,True,True,True,False,False,False,"In the field, Jesse stands at one sideline. The cone rests at Jesse's feet.","In the field, Jesse stands at one sideline. The cone rests at the opposite sideline.",The cone is close to Jesse.,The cone is far from Jesse.,15,18,15,18,6,7,6,7
field__name_jesse__obj_cone__endpoint_placement__person_first,close_far_matched_scenes,1.1,field__name_jesse__obj_cone,field__name_jesse__obj_cone__person_first,field__name_jesse__obj_cone__endpoint_placement,name_jesse__obj_cone__endpoint_placement__person_first,field,field,sidelines,name_jesse,Jesse,obj_cone,cone,endpoint_placement,physical_endpoint_placement,two_sentence_person_then_object,person_first,person_first,False,True,True,True,False,False,False,"In the field, Jesse stands at one sideline. The cone rests at Jesse's feet.","In the field, Jesse stands at one sideline. The cone rests at the opposite sideline.",Jesse is close to the cone.,Jesse is far from the cone.,15,18,15,18,6,8,6,8
field__name_jesse__obj_helmet__direct_label__object_first,close_far_matched_scenes,1.1,field__name_jesse__obj_helmet,field__name_jesse__obj_helmet__object_first,field__name_jesse__obj_helmet__direct_label,name_jesse__obj_helmet__direct_label__object_first,field,field,sidelines,name_jesse,Jesse,obj_helmet,helmet,direct_label,explicit_relation,locative_object_subject,object_first,object_first,False,True,False,False,True,False,True,"In the field, the helmet is close to Jesse.","In the field, the helmet is far from Jesse.",The helmet is close to Jesse.,The helmet is far from Jesse.,9,11,9,11,6,7,6,7
field__name_jesse__obj_helmet__direct_label__person_first,close_far_matched_scenes,1.1,field__name_jesse__obj_helmet,field__name_jesse__obj_helmet__person_first,field__name_jesse__obj_helmet__direct_label,name_jesse__obj_helmet__direct_label__person_first,field,field,sidelines,name_jesse,Jesse,obj_helmet,helmet,direct_label,explicit_relation,locative_object_subject,object_first,person_first,True,True,False,False,True,False,False,"In the field, the helmet is close to Jesse.","In the field, the helmet is far from Jesse.",Jesse is close to the helmet.,Jesse is far from the helmet.,9,11,9,11,6,8,6,8
field__name_jesse__obj_helmet__distance_phrase__object_first,close_far_matched_scenes,1.1,field__name_jesse__obj_helmet,field__name_jesse__obj_helmet__object_first,field__name_jesse__obj_helmet__distance_phrase,name_jesse__obj_helmet__distance_phrase__object_first,field,field,sidelines,name_jesse,Jesse,obj_helmet,helmet,distance_phrase,distance_magnitude_phrase,locative_distance_subject,person_first,object_first,True,True,False,False,False,True,False,"In the field, a short distance separates Jesse and the helmet.","In the field, a long distance separates Jesse and the helmet.",The helmet is close to Jesse.,The helmet is far from Jesse.,11,13,11,13,6,7,6,7
field__name_jesse__obj_helmet__distance_phrase__person_first,close_far_matched_scenes,1.1,field__name_jesse__obj_helmet,field__name_jesse__obj_helmet__person_first,field__name_jesse__obj_helmet__distance_phrase,name_jesse__obj_helmet__distance_phrase__person_first,field,field,sidelines,name_jesse,Jesse,obj_helmet,helmet,distance_phrase,distance_magnitude_phrase,locative_distance_subject,person_first,person_first,False,True,False,False,False,True,False,"In the field, a short distance separates Jesse and the helmet.","In the field, a long distance separates Jesse and the helmet.",Jesse is close to the helmet.,Jesse is far from the helmet.,11,13,11,13,6,8,6,8
field__name_jesse__obj_helmet__distance_phrase_object_first__object_first,close_far_matched_scenes,1.1,field__name_jesse__obj_helmet,field__name_jesse__obj_helmet__object_first,field__name_jesse__obj_helmet__distance_phrase_object_first,name_jesse__obj_helmet__distance_phrase_object_first__object_first,field,field,sidelines,name_jesse,Jesse,obj_helmet,helmet,distance_phrase_object_first,distance_magnitude_phrase,locative_distance_subject,object_first,object_first,False,True,False,False,False,True,False,"In the field, a short distance separates the helmet and Jesse.","In the field, a long distance separates the helmet and Jesse.",The helmet is close to Jesse.,The helmet is far from Jesse.,11,13,11,13,6,7,6,7
field__name_jesse__obj_helmet__distance_phrase_object_first__person_first,close_far_matched_scenes,1.1,field__name_jesse__obj_helmet,field__name_jesse__obj_helmet__person_first,field__name_jesse__obj_helmet__distance_phrase_object_first,name_jesse__obj_helmet__distance_phrase_object_first__person_first,field,field,sidelines,name_jesse,Jesse,obj_helmet,helmet,distance_phrase_object_first,distance_magnitude_phrase,locative_distance_subject,object_first,person_first,True,True,False,False,False,True,False,"In the field, a short distance separates the helmet and Jesse.","In the field, a long distance separates the helmet and Jesse.",Jesse is close to the helmet.,Jesse is far from the helmet.,11,13,11,13,6,8,6,8
field__name_jesse__obj_helmet__endpoint_placement__object_first,close_far_matched_scenes,1.1,field__name_jesse__obj_helmet,field__name_jesse__obj_helmet__object_first,field__name_jesse__obj_helmet__endpoint_placement,name_jesse__obj_helmet__endpoint_placement__object_first,field,field,sidelines,name_jesse,Jesse,obj_helmet,helmet,endpoint_placement,physical_endpoint_placement,two_sentence_person_then_object,person_first,object_first,True,True,True,True,False,False,False,"In the field, Jesse stands at one sideline. The helmet rests at Jesse's feet.","In the field, Jesse stands at one sideline. The helmet rests at the opposite sideline.",The helmet is close to Jesse.,The helmet is far from Jesse.,15,18,15,18,6,7,6,7
field__name_jesse__obj_helmet__endpoint_placement__person_first,close_far_matched_scenes,1.1,field__name_jesse__obj_helmet,field__name_jesse__obj_helmet__person_first,field__name_jesse__obj_helmet__endpoint_placement,name_jesse__obj_helmet__endpoint_placement__person_first,field,field,sidelines,name_jesse,Jesse,obj_helmet,helmet,endpoint_placement,physical_endpoint_placement,two_sentence_person_then_object,person_first,person_first,False,True,True,True,False,False,False,"In the field, Jesse stands at one sideline. The helmet rests at Jesse's feet.","In the field, Jesse stands at one sideline. The helmet rests at the opposite sideline.",Jesse is close to the helmet.,Jesse is far from the helmet.,15,18,15,18,6,8,6,8
field__name_jesse__obj_cup__direct_label__object_first,close_far_matched_scenes,1.1,field__name_jesse__obj_cup,field__name_jesse__obj_cup__object_first,field__name_jesse__obj_cup__direct_label,name_jesse__obj_cup__direct_label__object_first,field,field,sidelines,name_jesse,Jesse,obj_cup,cup,direct_label,explicit_relation,locative_object_subject,object_first,object_first,False,True,False,False,True,False,True,"In the field, the cup is close to Jesse.","In the field, the cup is far from Jesse.",The cup is close to Jesse.,The cup is far from Jesse.,9,11,9,11,6,7,6,7
field__name_jesse__obj_cup__direct_label__person_first,close_far_matched_scenes,1.1,field__name_jesse__obj_cup,field__name_jesse__obj_cup__person_first,field__name_jesse__obj_cup__direct_label,name_jesse__obj_cup__direct_label__person_first,field,field,sidelines,name_jesse,Jesse,obj_cup,cup,direct_label,explicit_relation,locative_object_subject,object_first,person_first,True,True,False,False,True,False,False,"In the field, the cup is close to Jesse.","In the field, the cup is far from Jesse.",Jesse is close to the cup.,Jesse is far from the cup.,9,11,9,11,6,8,6,8
field__name_jesse__obj_cup__distance_phrase__object_first,close_far_matched_scenes,1.1,field__name_jesse__obj_cup,field__name_jesse__obj_cup__object_first,field__name_jesse__obj_cup__distance_phrase,name_jesse__obj_cup__distance_phrase__object_first,field,field,sidelines,name_jesse,Jesse,obj_cup,cup,distance_phrase,distance_magnitude_phrase,locative_distance_subject,person_first,object_first,True,True,False,False,False,True,False,"In the field, a short distance separates Jesse and the cup.","In the field, a long distance separates Jesse and the cup.",The cup is close to Jesse.,The cup is far from Jesse.,11,13,11,13,6,7,6,7
field__name_jesse__obj_cup__distance_phrase__person_first,close_far_matched_scenes,1.1,field__name_jesse__obj_cup,field__name_jesse__obj_cup__person_first,field__name_jesse__obj_cup__distance_phrase,name_jesse__obj_cup__distance_phrase__person_first,field,field,sidelines,name_jesse,Jesse,obj_cup,cup,distance_phrase,distance_magnitude_phrase,locative_distance_subject,person_first,person_first,False,True,False,False,False,True,False,"In the field, a short distance separates Jesse and the cup.","In the field, a long distance separates Jesse and the cup.",Jesse is close to the cup.,Jesse is far from the cup.,11,13,11,13,6,8,6,8
field__name_jesse__obj_cup__distance_phrase_object_first__object_first,close_far_matched_scenes,1.1,field__name_jesse__obj_cup,field__name_jesse__obj_cup__object_first,field__name_jesse__obj_cup__distance_phrase_object_first,name_jesse__obj_cup__distance_phrase_object_first__object_first,field,field,sidelines,name_jesse,Jesse,obj_cup,cup,distance_phrase_object_first,distance_magnitude_phrase,locative_distance_subject,object_first,object_first,False,True,False,False,False,True,False,"In the field, a short distance separates the cup and Jesse.","In the field, a long distance separates the cup and Jesse.",The cup is close to Jesse.,The cup is far from Jesse.,11,13,11,13,6,7,6,7
field__name_jesse__obj_cup__distance_phrase_object_first__person_first,close_far_matched_scenes,1.1,field__name_jesse__obj_cup,field__name_jesse__obj_cup__person_first,field__name_jesse__obj_cup__distance_phrase_object_first,name_jesse__obj_cup__distance_phrase_object_first__person_first,field,field,sidelines,name_jesse,Jesse,obj_cup,cup,distance_phrase_object_first,distance_magnitude_phrase,locative_distance_subject,object_first,person_first,True,True,False,False,False,True,False,"In the field, a short distance separates the cup and Jesse.","In the field, a long distance separates the cup and Jesse.",Jesse is close to the cup.,Jesse is far from the cup.,11,13,11,13,6,8,6,8
field__name_jesse__obj_cup__endpoint_placement__object_first,close_far_matched_scenes,1.1,field__name_jesse__obj_cup,field__name_jesse__obj_cup__object_first,field__name_jesse__obj_cup__endpoint_placement,name_jesse__obj_cup__endpoint_placement__object_first,field,field,sidelines,name_jesse,Jesse,obj_cup,cup,endpoint_placement,physical_endpoint_placement,two_sentence_person_then_object,person_first,object_first,True,True,True,True,False,False,False,"In the field, Jesse stands at one sideline. The cup rests at Jesse's feet.","In the field, Jesse stands at one sideline. The cup rests at the opposite sideline.",The cup is close to Jesse.,The cup is far from Jesse.,15,18,15,18,6,7,6,7
field__name_jesse__obj_cup__endpoint_placement__person_first,close_far_matched_scenes,1.1,field__name_jesse__obj_cup,field__name_jesse__obj_cup__person_first,field__name_jesse__obj_cup__endpoint_placement,name_jesse__obj_cup__endpoint_placement__person_first,field,field,sidelines,name_jesse,Jesse,obj_cup,cup,endpoint_placement,physical_endpoint_placement,two_sentence_person_then_object,person_first,person_first,False,True,True,True,False,False,False,"In the field, Jesse stands at one sideline. The cup rests at Jesse's feet.","In the field, Jesse stands at one sideline. The cup rests at the opposite sideline.",Jesse is close to the cup.,Jesse is far from the cup.,15,18,15,18,6,8,6,8
field__name_jesse__obj_key__direct_label__object_first,close_far_matched_scenes,1.1,field__name_jesse__obj_key,field__name_jesse__obj_key__object_first,field__name_jesse__obj_key__direct_label,name_jesse__obj_key__direct_label__object_first,field,field,sidelines,name_jesse,Jesse,obj_key,key,direct_label,explicit_relation,locative_object_subject,object_first,object_first,False,True,False,False,True,False,True,"In the field, the key is close to Jesse.","In the field, the key is far from Jesse.",The key is close to Jesse.,The key is far from Jesse.,9,11,9,11,6,7,6,7
field__name_jesse__obj_key__direct_label__person_first,close_far_matched_scenes,1.1,field__name_jesse__obj_key,field__name_jesse__obj_key__person_first,field__name_jesse__obj_key__direct_label,name_jesse__obj_key__direct_label__person_first,field,field,sidelines,name_jesse,Jesse,obj_key,key,direct_label,explicit_relation,locative_object_subject,object_first,person_first,True,True,False,False,True,False,False,"In the field, the key is close to Jesse.","In the field, the key is far from Jesse.",Jesse is close to the key.,Jesse is far from the key.,9,11,9,11,6,8,6,8
field__name_jesse__obj_key__distance_phrase__object_first,close_far_matched_scenes,1.1,field__name_jesse__obj_key,field__name_jesse__obj_key__object_first,field__name_jesse__obj_key__distance_phrase,name_jesse__obj_key__distance_phrase__object_first,field,field,sidelines,name_jesse,Jesse,obj_key,key,distance_phrase,distance_magnitude_phrase,locative_distance_subject,person_first,object_first,True,True,False,False,False,True,False,"In the field, a short distance separates Jesse and the key.","In the field, a long distance separates Jesse and the key.",The key is close to Jesse.,The key is far from Jesse.,11,13,11,13,6,7,6,7
field__name_jesse__obj_key__distance_phrase__person_first,close_far_matched_scenes,1.1,field__name_jesse__obj_key,field__name_jesse__obj_key__person_first,field__name_jesse__obj_key__distance_phrase,name_jesse__obj_key__distance_phrase__person_first,field,field,sidelines,name_jesse,Jesse,obj_key,key,distance_phrase,distance_magnitude_phrase,locative_distance_subject,person_first,person_first,False,True,False,False,False,True,False,"In the field, a short distance separates Jesse and the key.","In the field, a long distance separates Jesse and the key.",Jesse is close to the key.,Jesse is far from the key.,11,13,11,13,6,8,6,8
field__name_jesse__obj_key__distance_phrase_object_first__object_first,close_far_matched_scenes,1.1,field__name_jesse__obj_key,field__name_jesse__obj_key__object_first,field__name_jesse__obj_key__distance_phrase_object_first,name_jesse__obj_key__distance_phrase_object_first__object_first,field,field,sidelines,name_jesse,Jesse,obj_key,key,distance_phrase_object_first,distance_magnitude_phrase,locative_distance_subject,object_first,object_first,False,True,False,False,False,True,False,"In the field, a short distance separates the key and Jesse.","In the field, a long distance separates the key and Jesse.",The key is close to Jesse.,The key is far from Jesse.,11,13,11,13,6,7,6,7
field__name_jesse__obj_key__distance_phrase_object_first__person_first,close_far_matched_scenes,1.1,field__name_jesse__obj_key,field__name_jesse__obj_key__person_first,field__name_jesse__obj_key__distance_phrase_object_first,name_jesse__obj_key__distance_phrase_object_first__person_first,field,field,sidelines,name_jesse,Jesse,obj_key,key,distance_phrase_object_first,distance_magnitude_phrase,locative_distance_subject,object_first,person_first,True,True,False,False,False,True,False,"In the field, a short distance separates the key and Jesse.","In the field, a long distance separates the key and Jesse.",Jesse is close to the key.,Jesse is far from the key.,11,13,11,13,6,8,6,8
field__name_jesse__obj_key__endpoint_placement__object_first,close_far_matched_scenes,1.1,field__name_jesse__obj_key,field__name_jesse__obj_key__object_first,field__name_jesse__obj_key__endpoint_placement,name_jesse__obj_key__endpoint_placement__object_first,field,field,sidelines,name_jesse,Jesse,obj_key,key,endpoint_placement,physical_endpoint_placement,two_sentence_person_then_object,person_first,object_first,True,True,True,True,False,False,False,"In the field, Jesse stands at one sideline. The key rests at Jesse's feet.","In the field, Jesse stands at one sideline. The key rests at the opposite sideline.",The key is close to Jesse.,The key is far from Jesse.,15,18,15,18,6,7,6,7
field__name_jesse__obj_key__endpoint_placement__person_first,close_far_matched_scenes,1.1,field__name_jesse__obj_key,field__name_jesse__obj_key__person_first,field__name_jesse__obj_key__endpoint_placement,name_jesse__obj_key__endpoint_placement__person_first,field,field,sidelines,name_jesse,Jesse,obj_key,key,endpoint_placement,physical_endpoint_placement,two_sentence_person_then_object,person_first,person_first,False,True,True,True,False,False,False,"In the field, Jesse stands at one sideline. The key rests at Jesse's feet.","In the field, Jesse stands at one sideline. The key rests at the opposite sideline.",Jesse is close to the key.,Jesse is far from the key.,15,18,15,18,6,8,6,8
field__name_jesse__obj_box__direct_label__object_first,close_far_matched_scenes,1.1,field__name_jesse__obj_box,field__name_jesse__obj_box__object_first,field__name_jesse__obj_box__direct_label,name_jesse__obj_box__direct_label__object_first,field,field,sidelines,name_jesse,Jesse,obj_box,box,direct_label,explicit_relation,locative_object_subject,object_first,object_first,False,True,False,False,True,False,True,"In the field, the box is close to Jesse.","In the field, the box is far from Jesse.",The box is close to Jesse.,The box is far from Jesse.,9,11,9,11,6,7,6,7
field__name_jesse__obj_box__direct_label__person_first,close_far_matched_scenes,1.1,field__name_jesse__obj_box,field__name_jesse__obj_box__person_first,field__name_jesse__obj_box__direct_label,name_jesse__obj_box__direct_label__person_first,field,field,sidelines,name_jesse,Jesse,obj_box,box,direct_label,explicit_relation,locative_object_subject,object_first,person_first,True,True,False,False,True,False,False,"In the field, the box is close to Jesse.","In the field, the box is far from Jesse.",Jesse is close to the box.,Jesse is far from the box.,9,11,9,11,6,8,6,8
field__name_jesse__obj_box__distance_phrase__object_first,close_far_matched_scenes,1.1,field__name_jesse__obj_box,field__name_jesse__obj_box__object_first,field__name_jesse__obj_box__distance_phrase,name_jesse__obj_box__distance_phrase__object_first,field,field,sidelines,name_jesse,Jesse,obj_box,box,distance_phrase,distance_magnitude_phrase,locative_distance_subject,person_first,object_first,True,True,False,False,False,True,False,"In the field, a short distance separates Jesse and the box.","In the field, a long distance separates Jesse and the box.",The box is close to Jesse.,The box is far from Jesse.,11,13,11,13,6,7,6,7
field__name_jesse__obj_box__distance_phrase__person_first,close_far_matched_scenes,1.1,field__name_jesse__obj_box,field__name_jesse__obj_box__person_first,field__name_jesse__obj_box__distance_phrase,name_jesse__obj_box__distance_phrase__person_first,field,field,sidelines,name_jesse,Jesse,obj_box,box,distance_phrase,distance_magnitude_phrase,locative_distance_subject,person_first,person_first,False,True,False,False,False,True,False,"In the field, a short distance separates Jesse and the box.","In the field, a long distance separates Jesse and the box.",Jesse is close to the box.,Jesse is far from the box.,11,13,11,13,6,8,6,8
field__name_jesse__obj_box__distance_phrase_object_first__object_first,close_far_matched_scenes,1.1,field__name_jesse__obj_box,field__name_jesse__obj_box__object_first,field__name_jesse__obj_box__distance_phrase_object_first,name_jesse__obj_box__distance_phrase_object_first__object_first,field,field,sidelines,name_jesse,Jesse,obj_box,box,distance_phrase_object_first,distance_magnitude_phrase,locative_distance_subject,object_first,object_first,False,True,False,False,False,True,False,"In the field, a short distance separates the box and Jesse.","In the field, a long distance separates the box and Jesse.",The box is close to Jesse.,The box is far from Jesse.,11,13,11,13,6,7,6,7
field__name_jesse__obj_box__distance_phrase_object_first__person_first,close_far_matched_scenes,1.1,field__name_jesse__obj_box,field__name_jesse__obj_box__person_first,field__name_jesse__obj_box__distance_phrase_object_first,name_jesse__obj_box__distance_phrase_object_first__person_first,field,field,sidelines,name_jesse,Jesse,obj_box,box,distance_phrase_object_first,distance_magnitude_phrase,locative_distance_subject,object_first,person_first,True,True,False,False,False,True,False,"In the field, a short distance separates the box and Jesse.","In the field, a long distance separates the box and Jesse.",Jesse is close to the box.,Jesse is far from the box.,11,13,11,13,6,8,6,8
field__name_jesse__obj_box__endpoint_placement__object_first,close_far_matched_scenes,1.1,field__name_jesse__obj_box,field__name_jesse__obj_box__object_first,field__name_jesse__obj_box__endpoint_placement,name_jesse__obj_box__endpoint_placement__object_first,field,field,sidelines,name_jesse,Jesse,obj_box,box,endpoint_placement,physical_endpoint_placement,two_sentence_person_then_object,person_first,object_first,True,True,True,True,False,False,False,"In the field, Jesse stands at one sideline. The box rests at Jesse's feet.","In the field, Jesse stands at one sideline. The box rests at the opposite sideline.",The box is close to Jesse.,The box is far from Jesse.,15,18,15,18,6,7,6,7
field__name_jesse__obj_box__endpoint_placement__person_first,close_far_matched_scenes,1.1,field__name_jesse__obj_box,field__name_jesse__obj_box__person_first,field__name_jesse__obj_box__endpoint_placement,name_jesse__obj_box__endpoint_placement__person_first,field,field,sidelines,name_jesse,Jesse,obj_box,box,endpoint_placement,physical_endpoint_placement,two_sentence_person_then_object,person_first,person_first,False,True,True,True,False,False,False,"In the field, Jesse stands at one sideline. The box rests at Jesse's feet.","In the field, Jesse stands at one sideline. The box rests at the opposite sideline.",Jesse is close to the box.,Jesse is far from the box.,15,18,15,18,6,8,6,8
field__name_li__obj_ball__direct_label__object_first,close_far_matched_scenes,1.1,field__name_li__obj_ball,field__name_li__obj_ball__object_first,field__name_li__obj_ball__direct_label,name_li__obj_ball__direct_label__object_first,field,field,sidelines,name_li,Li,obj_ball,ball,direct_label,explicit_relation,locative_object_subject,object_first,object_first,False,True,False,False,True,False,True,"In the field, the ball is close to Li.","In the field, the ball is far from Li.",The ball is close to Li.,The ball is far from Li.,9,11,9,11,6,7,6,7
field__name_li__obj_ball__direct_label__person_first,close_far_matched_scenes,1.1,field__name_li__obj_ball,field__name_li__obj_ball__person_first,field__name_li__obj_ball__direct_label,name_li__obj_ball__direct_label__person_first,field,field,sidelines,name_li,Li,obj_ball,ball,direct_label,explicit_relation,locative_object_subject,object_first,person_first,True,True,False,False,True,False,False,"In the field, the ball is close to Li.","In the field, the ball is far from Li.",Li is close to the ball.,Li is far from the ball.,9,11,9,11,6,7,6,7
field__name_li__obj_ball__distance_phrase__object_first,close_far_matched_scenes,1.1,field__name_li__obj_ball,field__name_li__obj_ball__object_first,field__name_li__obj_ball__distance_phrase,name_li__obj_ball__distance_phrase__object_first,field,field,sidelines,name_li,Li,obj_ball,ball,distance_phrase,distance_magnitude_phrase,locative_distance_subject,person_first,object_first,True,True,False,False,False,True,False,"In the field, a short distance separates Li and the ball.","In the field, a long distance separates Li and the ball.",The ball is close to Li.,The ball is far from Li.,11,13,11,13,6,7,6,7
field__name_li__obj_ball__distance_phrase__person_first,close_far_matched_scenes,1.1,field__name_li__obj_ball,field__name_li__obj_ball__person_first,field__name_li__obj_ball__distance_phrase,name_li__obj_ball__distance_phrase__person_first,field,field,sidelines,name_li,Li,obj_ball,ball,distance_phrase,distance_magnitude_phrase,locative_distance_subject,person_first,person_first,False,True,False,False,False,True,False,"In the field, a short distance separates Li and the ball.","In the field, a long distance separates Li and the ball.",Li is close to the ball.,Li is far from the ball.,11,13,11,13,6,7,6,7
field__name_li__obj_ball__distance_phrase_object_first__object_first,close_far_matched_scenes,1.1,field__name_li__obj_ball,field__name_li__obj_ball__object_first,field__name_li__obj_ball__distance_phrase_object_first,name_li__obj_ball__distance_phrase_object_first__object_first,field,field,sidelines,name_li,Li,obj_ball,ball,distance_phrase_object_first,distance_magnitude_phrase,locative_distance_subject,object_first,object_first,False,True,False,False,False,True,False,"In the field, a short distance separates the ball and Li.","In the field, a long distance separates the ball and Li.",The ball is close to Li.,The ball is far from Li.,11,13,11,13,6,7,6,7
field__name_li__obj_ball__distance_phrase_object_first__person_first,close_far_matched_scenes,1.1,field__name_li__obj_ball,field__name_li__obj_ball__person_first,field__name_li__obj_ball__distance_phrase_object_first,name_li__obj_ball__distance_phrase_object_first__person_first,field,field,sidelines,name_li,Li,obj_ball,ball,distance_phrase_object_first,distance_magnitude_phrase,locative_distance_subject,object_first,person_first,True,True,False,False,False,True,False,"In the field, a short distance separates the ball and Li.","In the field, a long distance separates the ball and Li.",Li is close to the ball.,Li is far from the ball.,11,13,11,13,6,7,6,7
field__name_li__obj_ball__endpoint_placement__object_first,close_far_matched_scenes,1.1,field__name_li__obj_ball,field__name_li__obj_ball__object_first,field__name_li__obj_ball__endpoint_placement,name_li__obj_ball__endpoint_placement__object_first,field,field,sidelines,name_li,Li,obj_ball,ball,endpoint_placement,physical_endpoint_placement,two_sentence_person_then_object,person_first,object_first,True,True,True,True,False,False,False,"In the field, Li stands at one sideline. The ball rests at Li's feet.","In the field, Li stands at one sideline. The ball rests at the opposite sideline.",The ball is close to Li.,The ball is far from Li.,15,18,15,18,6,7,6,7
field__name_li__obj_ball__endpoint_placement__person_first,close_far_matched_scenes,1.1,field__name_li__obj_ball,field__name_li__obj_ball__person_first,field__name_li__obj_ball__endpoint_placement,name_li__obj_ball__endpoint_placement__person_first,field,field,sidelines,name_li,Li,obj_ball,ball,endpoint_placement,physical_endpoint_placement,two_sentence_person_then_object,person_first,person_first,False,True,True,True,False,False,False,"In the field, Li stands at one sideline. The ball rests at Li's feet.","In the field, Li stands at one sideline. The ball rests at the opposite sideline.",Li is close to the ball.,Li is far from the ball.,15,18,15,18,6,7,6,7
field__name_li__obj_bag__direct_label__object_first,close_far_matched_scenes,1.1,field__name_li__obj_bag,field__name_li__obj_bag__object_first,field__name_li__obj_bag__direct_label,name_li__obj_bag__direct_label__object_first,field,field,sidelines,name_li,Li,obj_bag,bag,direct_label,explicit_relation,locative_object_subject,object_first,object_first,False,True,False,False,True,False,True,"In the field, the bag is close to Li.","In the field, the bag is far from Li.",The bag is close to Li.,The bag is far from Li.,9,11,9,11,6,7,6,7
field__name_li__obj_bag__direct_label__person_first,close_far_matched_scenes,1.1,field__name_li__obj_bag,field__name_li__obj_bag__person_first,field__name_li__obj_bag__direct_label,name_li__obj_bag__direct_label__person_first,field,field,sidelines,name_li,Li,obj_bag,bag,direct_label,explicit_relation,locative_object_subject,object_first,person_first,True,True,False,False,True,False,False,"In the field, the bag is close to Li.","In the field, the bag is far from Li.",Li is close to the bag.,Li is far from the bag.,9,11,9,11,6,7,6,7
field__name_li__obj_bag__distance_phrase__object_first,close_far_matched_scenes,1.1,field__name_li__obj_bag,field__name_li__obj_bag__object_first,field__name_li__obj_bag__distance_phrase,name_li__obj_bag__distance_phrase__object_first,field,field,sidelines,name_li,Li,obj_bag,bag,distance_phrase,distance_magnitude_phrase,locative_distance_subject,person_first,object_first,True,True,False,False,False,True,False,"In the field, a short distance separates Li and the bag.","In the field, a long distance separates Li and the bag.",The bag is close to Li.,The bag is far from Li.,11,13,11,13,6,7,6,7
field__name_li__obj_bag__distance_phrase__person_first,close_far_matched_scenes,1.1,field__name_li__obj_bag,field__name_li__obj_bag__person_first,field__name_li__obj_bag__distance_phrase,name_li__obj_bag__distance_phrase__person_first,field,field,sidelines,name_li,Li,obj_bag,bag,distance_phrase,distance_magnitude_phrase,locative_distance_subject,person_first,person_first,False,True,False,False,False,True,False,"In the field, a short distance separates Li and the bag.","In the field, a long distance separates Li and the bag.",Li is close to the bag.,Li is far from the bag.,11,13,11,13,6,7,6,7
field__name_li__obj_bag__distance_phrase_object_first__object_first,close_far_matched_scenes,1.1,field__name_li__obj_bag,field__name_li__obj_bag__object_first,field__name_li__obj_bag__distance_phrase_object_first,name_li__obj_bag__distance_phrase_object_first__object_first,field,field,sidelines,name_li,Li,obj_bag,bag,distance_phrase_object_first,distance_magnitude_phrase,locative_distance_subject,object_first,object_first,False,True,False,False,False,True,False,"In the field, a short distance separates the bag and Li.","In the field, a long distance separates the bag and Li.",The bag is close to Li.,The bag is far from Li.,11,13,11,13,6,7,6,7
field__name_li__obj_bag__distance_phrase_object_first__person_first,close_far_matched_scenes,1.1,field__name_li__obj_bag,field__name_li__obj_bag__person_first,field__name_li__obj_bag__distance_phrase_object_first,name_li__obj_bag__distance_phrase_object_first__person_first,field,field,sidelines,name_li,Li,obj_bag,bag,distance_phrase_object_first,distance_magnitude_phrase,locative_distance_subject,object_first,person_first,True,True,False,False,False,True,False,"In the field, a short distance separates the bag and Li.","In the field, a long distance separates the bag and Li.",Li is close to the bag.,Li is far from the bag.,11,13,11,13,6,7,6,7
field__name_li__obj_bag__endpoint_placement__object_first,close_far_matched_scenes,1.1,field__name_li__obj_bag,field__name_li__obj_bag__object_first,field__name_li__obj_bag__endpoint_placement,name_li__obj_bag__endpoint_placement__object_first,field,field,sidelines,name_li,Li,obj_bag,bag,endpoint_placement,physical_endpoint_placement,two_sentence_person_then_object,person_first,object_first,True,True,True,True,False,False,False,"In the field, Li stands at one sideline. The bag rests at Li's feet.","In the field, Li stands at one sideline. The bag rests at the opposite sideline.",The bag is close to Li.,The bag is far from Li.,15,18,15,18,6,7,6,7
field__name_li__obj_bag__endpoint_placement__person_first,close_far_matched_scenes,1.1,field__name_li__obj_bag,field__name_li__obj_bag__person_first,field__name_li__obj_bag__endpoint_placement,name_li__obj_bag__endpoint_placement__person_first,field,field,sidelines,name_li,Li,obj_bag,bag,endpoint_placement,physical_endpoint_placement,two_sentence_person_then_object,person_first,person_first,False,True,True,True,False,False,False,"In the field, Li stands at one sideline. The bag rests at Li's feet.","In the field, Li stands at one sideline. The bag rests at the opposite sideline.",Li is close to the bag.,Li is far from the bag.,15,18,15,18,6,7,6,7
field__name_li__obj_book__direct_label__object_first,close_far_matched_scenes,1.1,field__name_li__obj_book,field__name_li__obj_book__object_first,field__name_li__obj_book__direct_label,name_li__obj_book__direct_label__object_first,field,field,sidelines,name_li,Li,obj_book,book,direct_label,explicit_relation,locative_object_subject,object_first,object_first,False,True,False,False,True,False,True,"In the field, the book is close to Li.","In the field, the book is far from Li.",The book is close to Li.,The book is far from Li.,9,11,9,11,6,7,6,7
field__name_li__obj_book__direct_label__person_first,close_far_matched_scenes,1.1,field__name_li__obj_book,field__name_li__obj_book__person_first,field__name_li__obj_book__direct_label,name_li__obj_book__direct_label__person_first,field,field,sidelines,name_li,Li,obj_book,book,direct_label,explicit_relation,locative_object_subject,object_first,person_first,True,True,False,False,True,False,False,"In the field, the book is close to Li.","In the field, the book is far from Li.",Li is close to the book.,Li is far from the book.,9,11,9,11,6,7,6,7
field__name_li__obj_book__distance_phrase__object_first,close_far_matched_scenes,1.1,field__name_li__obj_book,field__name_li__obj_book__object_first,field__name_li__obj_book__distance_phrase,name_li__obj_book__distance_phrase__object_first,field,field,sidelines,name_li,Li,obj_book,book,distance_phrase,distance_magnitude_phrase,locative_distance_subject,person_first,object_first,True,True,False,False,False,True,False,"In the field, a short distance separates Li and the book.","In the field, a long distance separates Li and the book.",The book is close to Li.,The book is far from Li.,11,13,11,13,6,7,6,7
field__name_li__obj_book__distance_phrase__person_first,close_far_matched_scenes,1.1,field__name_li__obj_book,field__name_li__obj_book__person_first,field__name_li__obj_book__distance_phrase,name_li__obj_book__distance_phrase__person_first,field,field,sidelines,name_li,Li,obj_book,book,distance_phrase,distance_magnitude_phrase,locative_distance_subject,person_first,person_first,False,True,False,False,False,True,False,"In the field, a short distance separates Li and the book.","In the field, a long distance separates Li and the book.",Li is close to the book.,Li is far from the book.,11,13,11,13,6,7,6,7
field__name_li__obj_book__distance_phrase_object_first__object_first,close_far_matched_scenes,1.1,field__name_li__obj_book,field__name_li__obj_book__object_first,field__name_li__obj_book__distance_phrase_object_first,name_li__obj_book__distance_phrase_object_first__object_first,field,field,sidelines,name_li,Li,obj_book,book,distance_phrase_object_first,distance_magnitude_phrase,locative_distance_subject,object_first,object_first,False,True,False,False,False,True,False,"In the field, a short distance separates the book and Li.","In the field, a long distance separates the book and Li.",The book is close to Li.,The book is far from Li.,11,13,11,13,6,7,6,7
field__name_li__obj_book__distance_phrase_object_first__person_first,close_far_matched_scenes,1.1,field__name_li__obj_book,field__name_li__obj_book__person_first,field__name_li__obj_book__distance_phrase_object_first,name_li__obj_book__distance_phrase_object_first__person_first,field,field,sidelines,name_li,Li,obj_book,book,distance_phrase_object_first,distance_magnitude_phrase,locative_distance_subject,object_first,person_first,True,True,False,False,False,True,False,"In the field, a short distance separates the book and Li.","In the field, a long distance separates the book and Li.",Li is close to the book.,Li is far from the book.,11,13,11,13,6,7,6,7
field__name_li__obj_book__endpoint_placement__object_first,close_far_matched_scenes,1.1,field__name_li__obj_book,field__name_li__obj_book__object_first,field__name_li__obj_book__endpoint_placement,name_li__obj_book__endpoint_placement__object_first,field,field,sidelines,name_li,Li,obj_book,book,endpoint_placement,physical_endpoint_placement,two_sentence_person_then_object,person_first,object_first,True,True,True,True,False,False,False,"In the field, Li stands at one sideline. The book rests at Li's feet.","In the field, Li stands at one sideline. The book rests at the opposite sideline.",The book is close to Li.,The book is far from Li.,15,18,15,18,6,7,6,7
field__name_li__obj_book__endpoint_placement__person_first,close_far_matched_scenes,1.1,field__name_li__obj_book,field__name_li__obj_book__person_first,field__name_li__obj_book__endpoint_placement,name_li__obj_book__endpoint_placement__person_first,field,field,sidelines,name_li,Li,obj_book,book,endpoint_placement,physical_endpoint_placement,two_sentence_person_then_object,person_first,person_first,False,True,True,True,False,False,False,"In the field, Li stands at one sideline. The book rests at Li's feet.","In the field, Li stands at one sideline. The book rests at the opposite sideline.",Li is close to the book.,Li is far from the book.,15,18,15,18,6,7,6,7
field__name_li__obj_cone__direct_label__object_first,close_far_matched_scenes,1.1,field__name_li__obj_cone,field__name_li__obj_cone__object_first,field__name_li__obj_cone__direct_label,name_li__obj_cone__direct_label__object_first,field,field,sidelines,name_li,Li,obj_cone,cone,direct_label,explicit_relation,locative_object_subject,object_first,object_first,False,True,False,False,True,False,True,"In the field, the cone is close to Li.","In the field, the cone is far from Li.",The cone is close to Li.,The cone is far from Li.,9,11,9,11,6,7,6,7
field__name_li__obj_cone__direct_label__person_first,close_far_matched_scenes,1.1,field__name_li__obj_cone,field__name_li__obj_cone__person_first,field__name_li__obj_cone__direct_label,name_li__obj_cone__direct_label__person_first,field,field,sidelines,name_li,Li,obj_cone,cone,direct_label,explicit_relation,locative_object_subject,object_first,person_first,True,True,False,False,True,False,False,"In the field, the cone is close to Li.","In the field, the cone is far from Li.",Li is close to the cone.,Li is far from the cone.,9,11,9,11,6,7,6,7
field__name_li__obj_cone__distance_phrase__object_first,close_far_matched_scenes,1.1,field__name_li__obj_cone,field__name_li__obj_cone__object_first,field__name_li__obj_cone__distance_phrase,name_li__obj_cone__distance_phrase__object_first,field,field,sidelines,name_li,Li,obj_cone,cone,distance_phrase,distance_magnitude_phrase,locative_distance_subject,person_first,object_first,True,True,False,False,False,True,False,"In the field, a short distance separates Li and the cone.","In the field, a long distance separates Li and the cone.",The cone is close to Li.,The cone is far from Li.,11,13,11,13,6,7,6,7
field__name_li__obj_cone__distance_phrase__person_first,close_far_matched_scenes,1.1,field__name_li__obj_cone,field__name_li__obj_cone__person_first,field__name_li__obj_cone__distance_phrase,name_li__obj_cone__distance_phrase__person_first,field,field,sidelines,name_li,Li,obj_cone,cone,distance_phrase,distance_magnitude_phrase,locative_distance_subject,person_first,person_first,False,True,False,False,False,True,False,"In the field, a short distance separates Li and the cone.","In the field, a long distance separates Li and the cone.",Li is close to the cone.,Li is far from the cone.,11,13,11,13,6,7,6,7
field__name_li__obj_cone__distance_phrase_object_first__object_first,close_far_matched_scenes,1.1,field__name_li__obj_cone,field__name_li__obj_cone__object_first,field__name_li__obj_cone__distance_phrase_object_first,name_li__obj_cone__distance_phrase_object_first__object_first,field,field,sidelines,name_li,Li,obj_cone,cone,distance_phrase_object_first,distance_magnitude_phrase,locative_distance_subject,object_first,object_first,False,True,False,False,False,True,False,"In the field, a short distance separates the cone and Li.","In the field, a long distance separates the cone and Li.",The cone is close to Li.,The cone is far from Li.,11,13,11,13,6,7,6,7
field__name_li__obj_cone__distance_phrase_object_first__person_first,close_far_matched_scenes,1.1,field__name_li__obj_cone,field__name_li__obj_cone__person_first,field__name_li__obj_cone__distance_phrase_object_first,name_li__obj_cone__distance_phrase_object_first__person_first,field,field,sidelines,name_li,Li,obj_cone,cone,distance_phrase_object_first,distance_magnitude_phrase,locative_distance_subject,object_first,person_first,True,True,False,False,False,True,False,"In the field, a short distance separates the cone and Li.","In the field, a long distance separates the cone and Li.",Li is close to the cone.,Li is far from the cone.,11,13,11,13,6,7,6,7
field__name_li__obj_cone__endpoint_placement__object_first,close_far_matched_scenes,1.1,field__name_li__obj_cone,field__name_li__obj_cone__object_first,field__name_li__obj_cone__endpoint_placement,name_li__obj_cone__endpoint_placement__object_first,field,field,sidelines,name_li,Li,obj_cone,cone,endpoint_placement,physical_endpoint_placement,two_sentence_person_then_object,person_first,object_first,True,True,True,True,False,False,False,"In the field, Li stands at one sideline. The cone rests at Li's feet.","In the field, Li stands at one sideline. The cone rests at the opposite sideline.",The cone is close to Li.,The cone is far from Li.,15,18,15,18,6,7,6,7
field__name_li__obj_cone__endpoint_placement__person_first,close_far_matched_scenes,1.1,field__name_li__obj_cone,field__name_li__obj_cone__person_first,field__name_li__obj_cone__endpoint_placement,name_li__obj_cone__endpoint_placement__person_first,field,field,sidelines,name_li,Li,obj_cone,cone,endpoint_placement,physical_endpoint_placement,two_sentence_person_then_object,person_first,person_first,False,True,True,True,False,False,False,"In the field, Li stands at one sideline. The cone rests at Li's feet.","In the field, Li stands at one sideline. The cone rests at the opposite sideline.",Li is close to the cone.,Li is far from the cone.,15,18,15,18,6,7,6,7
field__name_li__obj_helmet__direct_label__object_first,close_far_matched_scenes,1.1,field__name_li__obj_helmet,field__name_li__obj_helmet__object_first,field__name_li__obj_helmet__direct_label,name_li__obj_helmet__direct_label__object_first,field,field,sidelines,name_li,Li,obj_helmet,helmet,direct_label,explicit_relation,locative_object_subject,object_first,object_first,False,True,False,False,True,False,True,"In the field, the helmet is close to Li.","In the field, the helmet is far from Li.",The helmet is close to Li.,The helmet is far from Li.,9,11,9,11,6,7,6,7
field__name_li__obj_helmet__direct_label__person_first,close_far_matched_scenes,1.1,field__name_li__obj_helmet,field__name_li__obj_helmet__person_first,field__name_li__obj_helmet__direct_label,name_li__obj_helmet__direct_label__person_first,field,field,sidelines,name_li,Li,obj_helmet,helmet,direct_label,explicit_relation,locative_object_subject,object_first,person_first,True,True,False,False,True,False,False,"In the field, the helmet is close to Li.","In the field, the helmet is far from Li.",Li is close to the helmet.,Li is far from the helmet.,9,11,9,11,6,7,6,7
field__name_li__obj_helmet__distance_phrase__object_first,close_far_matched_scenes,1.1,field__name_li__obj_helmet,field__name_li__obj_helmet__object_first,field__name_li__obj_helmet__distance_phrase,name_li__obj_helmet__distance_phrase__object_first,field,field,sidelines,name_li,Li,obj_helmet,helmet,distance_phrase,distance_magnitude_phrase,locative_distance_subject,person_first,object_first,True,True,False,False,False,True,False,"In the field, a short distance separates Li and the helmet.","In the field, a long distance separates Li and the helmet.",The helmet is close to Li.,The helmet is far from Li.,11,13,11,13,6,7,6,7
field__name_li__obj_helmet__distance_phrase__person_first,close_far_matched_scenes,1.1,field__name_li__obj_helmet,field__name_li__obj_helmet__person_first,field__name_li__obj_helmet__distance_phrase,name_li__obj_helmet__distance_phrase__person_first,field,field,sidelines,name_li,Li,obj_helmet,helmet,distance_phrase,distance_magnitude_phrase,locative_distance_subject,person_first,person_first,False,True,False,False,False,True,False,"In the field, a short distance separates Li and the helmet.","In the field, a long distance separates Li and the helmet.",Li is close to the helmet.,Li is far from the helmet.,11,13,11,13,6,7,6,7
field__name_li__obj_helmet__distance_phrase_object_first__object_first,close_far_matched_scenes,1.1,field__name_li__obj_helmet,field__name_li__obj_helmet__object_first,field__name_li__obj_helmet__distance_phrase_object_first,name_li__obj_helmet__distance_phrase_object_first__object_first,field,field,sidelines,name_li,Li,obj_helmet,helmet,distance_phrase_object_first,distance_magnitude_phrase,locative_distance_subject,object_first,object_first,False,True,False,False,False,True,False,"In the field, a short distance separates the helmet and Li.","In the field, a long distance separates the helmet and Li.",The helmet is close to Li.,The helmet is far from Li.,11,13,11,13,6,7,6,7
field__name_li__obj_helmet__distance_phrase_object_first__person_first,close_far_matched_scenes,1.1,field__name_li__obj_helmet,field__name_li__obj_helmet__person_first,field__name_li__obj_helmet__distance_phrase_object_first,name_li__obj_helmet__distance_phrase_object_first__person_first,field,field,sidelines,name_li,Li,obj_helmet,helmet,distance_phrase_object_first,distance_magnitude_phrase,locative_distance_subject,object_first,person_first,True,True,False,False,False,True,False,"In the field, a short distance separates the helmet and Li.","In the field, a long distance separates the helmet and Li.",Li is close to the helmet.,Li is far from the helmet.,11,13,11,13,6,7,6,7
field__name_li__obj_helmet__endpoint_placement__object_first,close_far_matched_scenes,1.1,field__name_li__obj_helmet,field__name_li__obj_helmet__object_first,field__name_li__obj_helmet__endpoint_placement,name_li__obj_helmet__endpoint_placement__object_first,field,field,sidelines,name_li,Li,obj_helmet,helmet,endpoint_placement,physical_endpoint_placement,two_sentence_person_then_object,person_first,object_first,True,True,True,True,False,False,False,"In the field, Li stands at one sideline. The helmet rests at Li's feet.","In the field, Li stands at one sideline. The helmet rests at the opposite sideline.",The helmet is close to Li.,The helmet is far from Li.,15,18,15,18,6,7,6,7
field__name_li__obj_helmet__endpoint_placement__person_first,close_far_matched_scenes,1.1,field__name_li__obj_helmet,field__name_li__obj_helmet__person_first,field__name_li__obj_helmet__endpoint_placement,name_li__obj_helmet__endpoint_placement__person_first,field,field,sidelines,name_li,Li,obj_helmet,helmet,endpoint_placement,physical_endpoint_placement,two_sentence_person_then_object,person_first,person_first,False,True,True,True,False,False,False,"In the field, Li stands at one sideline. The helmet rests at Li's feet.","In the field, Li stands at one sideline. The helmet rests at the opposite sideline.",Li is close to the helmet.,Li is far from the helmet.,15,18,15,18,6,7,6,7
field__name_li__obj_cup__direct_label__object_first,close_far_matched_scenes,1.1,field__name_li__obj_cup,field__name_li__obj_cup__object_first,field__name_li__obj_cup__direct_label,name_li__obj_cup__direct_label__object_first,field,field,sidelines,name_li,Li,obj_cup,cup,direct_label,explicit_relation,locative_object_subject,object_first,object_first,False,True,False,False,True,False,True,"In the field, the cup is close to Li.","In the field, the cup is far from Li.",The cup is close to Li.,The cup is far from Li.,9,11,9,11,6,7,6,7
field__name_li__obj_cup__direct_label__person_first,close_far_matched_scenes,1.1,field__name_li__obj_cup,field__name_li__obj_cup__person_first,field__name_li__obj_cup__direct_label,name_li__obj_cup__direct_label__person_first,field,field,sidelines,name_li,Li,obj_cup,cup,direct_label,explicit_relation,locative_object_subject,object_first,person_first,True,True,False,False,True,False,False,"In the field, the cup is close to Li.","In the field, the cup is far from Li.",Li is close to the cup.,Li is far from the cup.,9,11,9,11,6,7,6,7
field__name_li__obj_cup__distance_phrase__object_first,close_far_matched_scenes,1.1,field__name_li__obj_cup,field__name_li__obj_cup__object_first,field__name_li__obj_cup__distance_phrase,name_li__obj_cup__distance_phrase__object_first,field,field,sidelines,name_li,Li,obj_cup,cup,distance_phrase,distance_magnitude_phrase,locative_distance_subject,person_first,object_first,True,True,False,False,False,True,False,"In the field, a short distance separates Li and the cup.","In the field, a long distance separates Li and the cup.",The cup is close to Li.,The cup is far from Li.,11,13,11,13,6,7,6,7
field__name_li__obj_cup__distance_phrase__person_first,close_far_matched_scenes,1.1,field__name_li__obj_cup,field__name_li__obj_cup__person_first,field__name_li__obj_cup__distance_phrase,name_li__obj_cup__distance_phrase__person_first,field,field,sidelines,name_li,Li,obj_cup,cup,distance_phrase,distance_magnitude_phrase,locative_distance_subject,person_first,person_first,False,True,False,False,False,True,False,"In the field, a short distance separates Li and the cup.","In the field, a long distance separates Li and the cup.",Li is close to the cup.,Li is far from the cup.,11,13,11,13,6,7,6,7
field__name_li__obj_cup__distance_phrase_object_first__object_first,close_far_matched_scenes,1.1,field__name_li__obj_cup,field__name_li__obj_cup__object_first,field__name_li__obj_cup__distance_phrase_object_first,name_li__obj_cup__distance_phrase_object_first__object_first,field,field,sidelines,name_li,Li,obj_cup,cup,distance_phrase_object_first,distance_magnitude_phrase,locative_distance_subject,object_first,object_first,False,True,False,False,False,True,False,"In the field, a short distance separates the cup and Li.","In the field, a long distance separates the cup and Li.",The cup is close to Li.,The cup is far from Li.,11,13,11,13,6,7,6,7
field__name_li__obj_cup__distance_phrase_object_first__person_first,close_far_matched_scenes,1.1,field__name_li__obj_cup,field__name_li__obj_cup__person_first,field__name_li__obj_cup__distance_phrase_object_first,name_li__obj_cup__distance_phrase_object_first__person_first,field,field,sidelines,name_li,Li,obj_cup,cup,distance_phrase_object_first,distance_magnitude_phrase,locative_distance_subject,object_first,person_first,True,True,False,False,False,True,False,"In the field, a short distance separates the cup and Li.","In the field, a long distance separates the cup and Li.",Li is close to the cup.,Li is far from the cup.,11,13,11,13,6,7,6,7
field__name_li__obj_cup__endpoint_placement__object_first,close_far_matched_scenes,1.1,field__name_li__obj_cup,field__name_li__obj_cup__object_first,field__name_li__obj_cup__endpoint_placement,name_li__obj_cup__endpoint_placement__object_first,field,field,sidelines,name_li,Li,obj_cup,cup,endpoint_placement,physical_endpoint_placement,two_sentence_person_then_object,person_first,object_first,True,True,True,True,False,False,False,"In the field, Li stands at one sideline. The cup rests at Li's feet.","In the field, Li stands at one sideline. The cup rests at the opposite sideline.",The cup is close to Li.,The cup is far from Li.,15,18,15,18,6,7,6,7
field__name_li__obj_cup__endpoint_placement__person_first,close_far_matched_scenes,1.1,field__name_li__obj_cup,field__name_li__obj_cup__person_first,field__name_li__obj_cup__endpoint_placement,name_li__obj_cup__endpoint_placement__person_first,field,field,sidelines,name_li,Li,obj_cup,cup,endpoint_placement,physical_endpoint_placement,two_sentence_person_then_object,person_first,person_first,False,True,True,True,False,False,False,"In the field, Li stands at one sideline. The cup rests at Li's feet.","In the field, Li stands at one sideline. The cup rests at the opposite sideline.",Li is close to the cup.,Li is far from the cup.,15,18,15,18,6,7,6,7
field__name_li__obj_key__direct_label__object_first,close_far_matched_scenes,1.1,field__name_li__obj_key,field__name_li__obj_key__object_first,field__name_li__obj_key__direct_label,name_li__obj_key__direct_label__object_first,field,field,sidelines,name_li,Li,obj_key,key,direct_label,explicit_relation,locative_object_subject,object_first,object_first,False,True,False,False,True,False,True,"In the field, the key is close to Li.","In the field, the key is far from Li.",The key is close to Li.,The key is far from Li.,9,11,9,11,6,7,6,7
field__name_li__obj_key__direct_label__person_first,close_far_matched_scenes,1.1,field__name_li__obj_key,field__name_li__obj_key__person_first,field__name_li__obj_key__direct_label,name_li__obj_key__direct_label__person_first,field,field,sidelines,name_li,Li,obj_key,key,direct_label,explicit_relation,locative_object_subject,object_first,person_first,True,True,False,False,True,False,False,"In the field, the key is close to Li.","In the field, the key is far from Li.",Li is close to the key.,Li is far from the key.,9,11,9,11,6,7,6,7
field__name_li__obj_key__distance_phrase__object_first,close_far_matched_scenes,1.1,field__name_li__obj_key,field__name_li__obj_key__object_first,field__name_li__obj_key__distance_phrase,name_li__obj_key__distance_phrase__object_first,field,field,sidelines,name_li,Li,obj_key,key,distance_phrase,distance_magnitude_phrase,locative_distance_subject,person_first,object_first,True,True,False,False,False,True,False,"In the field, a short distance separates Li and the key.","In the field, a long distance separates Li and the key.",The key is close to Li.,The key is far from Li.,11,13,11,13,6,7,6,7
field__name_li__obj_key__distance_phrase__person_first,close_far_matched_scenes,1.1,field__name_li__obj_key,field__name_li__obj_key__person_first,field__name_li__obj_key__distance_phrase,name_li__obj_key__distance_phrase__person_first,field,field,sidelines,name_li,Li,obj_key,key,distance_phrase,distance_magnitude_phrase,locative_distance_subject,person_first,person_first,False,True,False,False,False,True,False,"In the field, a short distance separates Li and the key.","In the field, a long distance separates Li and the key.",Li is close to the key.,Li is far from the key.,11,13,11,13,6,7,6,7
field__name_li__obj_key__distance_phrase_object_first__object_first,close_far_matched_scenes,1.1,field__name_li__obj_key,field__name_li__obj_key__object_first,field__name_li__obj_key__distance_phrase_object_first,name_li__obj_key__distance_phrase_object_first__object_first,field,field,sidelines,name_li,Li,obj_key,key,distance_phrase_object_first,distance_magnitude_phrase,locative_distance_subject,object_first,object_first,False,True,False,False,False,True,False,"In the field, a short distance separates the key and Li.","In the field, a long distance separates the key and Li.",The key is close to Li.,The key is far from Li.,11,13,11,13,6,7,6,7
field__name_li__obj_key__distance_phrase_object_first__person_first,close_far_matched_scenes,1.1,field__name_li__obj_key,field__name_li__obj_key__person_first,field__name_li__obj_key__distance_phrase_object_first,name_li__obj_key__distance_phrase_object_first__person_first,field,field,sidelines,name_li,Li,obj_key,key,distance_phrase_object_first,distance_magnitude_phrase,locative_distance_subject,object_first,person_first,True,True,False,False,False,True,False,"In the field, a short distance separates the key and Li.","In the field, a long distance separates the key and Li.",Li is close to the key.,Li is far from the key.,11,13,11,13,6,7,6,7
field__name_li__obj_key__endpoint_placement__object_first,close_far_matched_scenes,1.1,field__name_li__obj_key,field__name_li__obj_key__object_first,field__name_li__obj_key__endpoint_placement,name_li__obj_key__endpoint_placement__object_first,field,field,sidelines,name_li,Li,obj_key,key,endpoint_placement,physical_endpoint_placement,two_sentence_person_then_object,person_first,object_first,True,True,True,True,False,False,False,"In the field, Li stands at one sideline. The key rests at Li's feet.","In the field, Li stands at one sideline. The key rests at the opposite sideline.",The key is close to Li.,The key is far from Li.,15,18,15,18,6,7,6,7
field__name_li__obj_key__endpoint_placement__person_first,close_far_matched_scenes,1.1,field__name_li__obj_key,field__name_li__obj_key__person_first,field__name_li__obj_key__endpoint_placement,name_li__obj_key__endpoint_placement__person_first,field,field,sidelines,name_li,Li,obj_key,key,endpoint_placement,physical_endpoint_placement,two_sentence_person_then_object,person_first,person_first,False,True,True,True,False,False,False,"In the field, Li stands at one sideline. The key rests at Li's feet.","In the field, Li stands at one sideline. The key rests at the opposite sideline.",Li is close to the key.,Li is far from the key.,15,18,15,18,6,7,6,7
field__name_li__obj_box__direct_label__object_first,close_far_matched_scenes,1.1,field__name_li__obj_box,field__name_li__obj_box__object_first,field__name_li__obj_box__direct_label,name_li__obj_box__direct_label__object_first,field,field,sidelines,name_li,Li,obj_box,box,direct_label,explicit_relation,locative_object_subject,object_first,object_first,False,True,False,False,True,False,True,"In the field, the box is close to Li.","In the field, the box is far from Li.",The box is close to Li.,The box is far from Li.,9,11,9,11,6,7,6,7
field__name_li__obj_box__direct_label__person_first,close_far_matched_scenes,1.1,field__name_li__obj_box,field__name_li__obj_box__person_first,field__name_li__obj_box__direct_label,name_li__obj_box__direct_label__person_first,field,field,sidelines,name_li,Li,obj_box,box,direct_label,explicit_relation,locative_object_subject,object_first,person_first,True,True,False,False,True,False,False,"In the field, the box is close to Li.","In the field, the box is far from Li.",Li is close to the box.,Li is far from the box.,9,11,9,11,6,7,6,7
field__name_li__obj_box__distance_phrase__object_first,close_far_matched_scenes,1.1,field__name_li__obj_box,field__name_li__obj_box__object_first,field__name_li__obj_box__distance_phrase,name_li__obj_box__distance_phrase__object_first,field,field,sidelines,name_li,Li,obj_box,box,distance_phrase,distance_magnitude_phrase,locative_distance_subject,person_first,object_first,True,True,False,False,False,True,False,"In the field, a short distance separates Li and the box.","In the field, a long distance separates Li and the box.",The box is close to Li.,The box is far from Li.,11,13,11,13,6,7,6,7
field__name_li__obj_box__distance_phrase__person_first,close_far_matched_scenes,1.1,field__name_li__obj_box,field__name_li__obj_box__person_first,field__name_li__obj_box__distance_phrase,name_li__obj_box__distance_phrase__person_first,field,field,sidelines,name_li,Li,obj_box,box,distance_phrase,distance_magnitude_phrase,locative_distance_subject,person_first,person_first,False,True,False,False,False,True,False,"In the field, a short distance separates Li and the box.","In the field, a long distance separates Li and the box.",Li is close to the box.,Li is far from the box.,11,13,11,13,6,7,6,7
field__name_li__obj_box__distance_phrase_object_first__object_first,close_far_matched_scenes,1.1,field__name_li__obj_box,field__name_li__obj_box__object_first,field__name_li__obj_box__distance_phrase_object_first,name_li__obj_box__distance_phrase_object_first__object_first,field,field,sidelines,name_li,Li,obj_box,box,distance_phrase_object_first,distance_magnitude_phrase,locative_distance_subject,object_first,object_first,False,True,False,False,False,True,False,"In the field, a short distance separates the box and Li.","In the field, a long distance separates the box and Li.",The box is close to Li.,The box is far from Li.,11,13,11,13,6,7,6,7
field__name_li__obj_box__distance_phrase_object_first__person_first,close_far_matched_scenes,1.1,field__name_li__obj_box,field__name_li__obj_box__person_first,field__name_li__obj_box__distance_phrase_object_first,name_li__obj_box__distance_phrase_object_first__person_first,field,field,sidelines,name_li,Li,obj_box,box,distance_phrase_object_first,distance_magnitude_phrase,locative_distance_subject,object_first,person_first,True,True,False,False,False,True,False,"In the field, a short distance separates the box and Li.","In the field, a long distance separates the box and Li.",Li is close to the box.,Li is far from the box.,11,13,11,13,6,7,6,7
field__name_li__obj_box__endpoint_placement__object_first,close_far_matched_scenes,1.1,field__name_li__obj_box,field__name_li__obj_box__object_first,field__name_li__obj_box__endpoint_placement,name_li__obj_box__endpoint_placement__object_first,field,field,sidelines,name_li,Li,obj_box,box,endpoint_placement,physical_endpoint_placement,two_sentence_person_then_object,person_first,object_first,True,True,True,True,False,False,False,"In the field, Li stands at one sideline. The box rests at Li's feet.","In the field, Li stands at one sideline. The box rests at the opposite sideline.",The box is close to Li.,The box is far from Li.,15,18,15,18,6,7,6,7
field__name_li__obj_box__endpoint_placement__person_first,close_far_matched_scenes,1.1,field__name_li__obj_box,field__name_li__obj_box__person_first,field__name_li__obj_box__endpoint_placement,name_li__obj_box__endpoint_placement__person_first,field,field,sidelines,name_li,Li,obj_box,box,endpoint_placement,physical_endpoint_placement,two_sentence_person_then_object,person_first,person_first,False,True,True,True,False,False,False,"In the field, Li stands at one sideline. The box rests at Li's feet.","In the field, Li stands at one sideline. The box rests at the opposite sideline.",Li is close to the box.,Li is far from the box.,15,18,15,18,6,7,6,7
field__name_omar__obj_ball__direct_label__object_first,close_far_matched_scenes,1.1,field__name_omar__obj_ball,field__name_omar__obj_ball__object_first,field__name_omar__obj_ball__direct_label,name_omar__obj_ball__direct_label__object_first,field,field,sidelines,name_omar,Omar,obj_ball,ball,direct_label,explicit_relation,locative_object_subject,object_first,object_first,False,True,False,False,True,False,True,"In the field, the ball is close to Omar.","In the field, the ball is far from Omar.",The ball is close to Omar.,The ball is far from Omar.,9,11,9,11,6,7,6,7
field__name_omar__obj_ball__direct_label__person_first,close_far_matched_scenes,1.1,field__name_omar__obj_ball,field__name_omar__obj_ball__person_first,field__name_omar__obj_ball__direct_label,name_omar__obj_ball__direct_label__person_first,field,field,sidelines,name_omar,Omar,obj_ball,ball,direct_label,explicit_relation,locative_object_subject,object_first,person_first,True,True,False,False,True,False,False,"In the field, the ball is close to Omar.","In the field, the ball is far from Omar.",Omar is close to the ball.,Omar is far from the ball.,9,11,9,11,6,8,6,8
field__name_omar__obj_ball__distance_phrase__object_first,close_far_matched_scenes,1.1,field__name_omar__obj_ball,field__name_omar__obj_ball__object_first,field__name_omar__obj_ball__distance_phrase,name_omar__obj_ball__distance_phrase__object_first,field,field,sidelines,name_omar,Omar,obj_ball,ball,distance_phrase,distance_magnitude_phrase,locative_distance_subject,person_first,object_first,True,True,False,False,False,True,False,"In the field, a short distance separates Omar and the ball.","In the field, a long distance separates Omar and the ball.",The ball is close to Omar.,The ball is far from Omar.,11,13,11,13,6,7,6,7
field__name_omar__obj_ball__distance_phrase__person_first,close_far_matched_scenes,1.1,field__name_omar__obj_ball,field__name_omar__obj_ball__person_first,field__name_omar__obj_ball__distance_phrase,name_omar__obj_ball__distance_phrase__person_first,field,field,sidelines,name_omar,Omar,obj_ball,ball,distance_phrase,distance_magnitude_phrase,locative_distance_subject,person_first,person_first,False,True,False,False,False,True,False,"In the field, a short distance separates Omar and the ball.","In the field, a long distance separates Omar and the ball.",Omar is close to the ball.,Omar is far from the ball.,11,13,11,13,6,8,6,8
field__name_omar__obj_ball__distance_phrase_object_first__object_first,close_far_matched_scenes,1.1,field__name_omar__obj_ball,field__name_omar__obj_ball__object_first,field__name_omar__obj_ball__distance_phrase_object_first,name_omar__obj_ball__distance_phrase_object_first__object_first,field,field,sidelines,name_omar,Omar,obj_ball,ball,distance_phrase_object_first,distance_magnitude_phrase,locative_distance_subject,object_first,object_first,False,True,False,False,False,True,False,"In the field, a short distance separates the ball and Omar.","In the field, a long distance separates the ball and Omar.",The ball is close to Omar.,The ball is far from Omar.,11,13,11,13,6,7,6,7
field__name_omar__obj_ball__distance_phrase_object_first__person_first,close_far_matched_scenes,1.1,field__name_omar__obj_ball,field__name_omar__obj_ball__person_first,field__name_omar__obj_ball__distance_phrase_object_first,name_omar__obj_ball__distance_phrase_object_first__person_first,field,field,sidelines,name_omar,Omar,obj_ball,ball,distance_phrase_object_first,distance_magnitude_phrase,locative_distance_subject,object_first,person_first,True,True,False,False,False,True,False,"In the field, a short distance separates the ball and Omar.","In the field, a long distance separates the ball and Omar.",Omar is close to the ball.,Omar is far from the ball.,11,13,11,13,6,8,6,8
field__name_omar__obj_ball__endpoint_placement__object_first,close_far_matched_scenes,1.1,field__name_omar__obj_ball,field__name_omar__obj_ball__object_first,field__name_omar__obj_ball__endpoint_placement,name_omar__obj_ball__endpoint_placement__object_first,field,field,sidelines,name_omar,Omar,obj_ball,ball,endpoint_placement,physical_endpoint_placement,two_sentence_person_then_object,person_first,object_first,True,True,True,True,False,False,False,"In the field, Omar stands at one sideline. The ball rests at Omar's feet.","In the field, Omar stands at one sideline. The ball rests at the opposite sideline.",The ball is close to Omar.,The ball is far from Omar.,15,18,15,18,6,7,6,7
field__name_omar__obj_ball__endpoint_placement__person_first,close_far_matched_scenes,1.1,field__name_omar__obj_ball,field__name_omar__obj_ball__person_first,field__name_omar__obj_ball__endpoint_placement,name_omar__obj_ball__endpoint_placement__person_first,field,field,sidelines,name_omar,Omar,obj_ball,ball,endpoint_placement,physical_endpoint_placement,two_sentence_person_then_object,person_first,person_first,False,True,True,True,False,False,False,"In the field, Omar stands at one sideline. The ball rests at Omar's feet.","In the field, Omar stands at one sideline. The ball rests at the opposite sideline.",Omar is close to the ball.,Omar is far from the ball.,15,18,15,18,6,8,6,8
field__name_omar__obj_bag__direct_label__object_first,close_far_matched_scenes,1.1,field__name_omar__obj_bag,field__name_omar__obj_bag__object_first,field__name_omar__obj_bag__direct_label,name_omar__obj_bag__direct_label__object_first,field,field,sidelines,name_omar,Omar,obj_bag,bag,direct_label,explicit_relation,locative_object_subject,object_first,object_first,False,True,False,False,True,False,True,"In the field, the bag is close to Omar.","In the field, the bag is far from Omar.",The bag is close to Omar.,The bag is far from Omar.,9,11,9,11,6,7,6,7
field__name_omar__obj_bag__direct_label__person_first,close_far_matched_scenes,1.1,field__name_omar__obj_bag,field__name_omar__obj_bag__person_first,field__name_omar__obj_bag__direct_label,name_omar__obj_bag__direct_label__person_first,field,field,sidelines,name_omar,Omar,obj_bag,bag,direct_label,explicit_relation,locative_object_subject,object_first,person_first,True,True,False,False,True,False,False,"In the field, the bag is close to Omar.","In the field, the bag is far from Omar.",Omar is close to the bag.,Omar is far from the bag.,9,11,9,11,6,8,6,8
field__name_omar__obj_bag__distance_phrase__object_first,close_far_matched_scenes,1.1,field__name_omar__obj_bag,field__name_omar__obj_bag__object_first,field__name_omar__obj_bag__distance_phrase,name_omar__obj_bag__distance_phrase__object_first,field,field,sidelines,name_omar,Omar,obj_bag,bag,distance_phrase,distance_magnitude_phrase,locative_distance_subject,person_first,object_first,True,True,False,False,False,True,False,"In the field, a short distance separates Omar and the bag.","In the field, a long distance separates Omar and the bag.",The bag is close to Omar.,The bag is far from Omar.,11,13,11,13,6,7,6,7
field__name_omar__obj_bag__distance_phrase__person_first,close_far_matched_scenes,1.1,field__name_omar__obj_bag,field__name_omar__obj_bag__person_first,field__name_omar__obj_bag__distance_phrase,name_omar__obj_bag__distance_phrase__person_first,field,field,sidelines,name_omar,Omar,obj_bag,bag,distance_phrase,distance_magnitude_phrase,locative_distance_subject,person_first,person_first,False,True,False,False,False,True,False,"In the field, a short distance separates Omar and the bag.","In the field, a long distance separates Omar and the bag.",Omar is close to the bag.,Omar is far from the bag.,11,13,11,13,6,8,6,8
field__name_omar__obj_bag__distance_phrase_object_first__object_first,close_far_matched_scenes,1.1,field__name_omar__obj_bag,field__name_omar__obj_bag__object_first,field__name_omar__obj_bag__distance_phrase_object_first,name_omar__obj_bag__distance_phrase_object_first__object_first,field,field,sidelines,name_omar,Omar,obj_bag,bag,distance_phrase_object_first,distance_magnitude_phrase,locative_distance_subject,object_first,object_first,False,True,False,False,False,True,False,"In the field, a short distance separates the bag and Omar.","In the field, a long distance separates the bag and Omar.",The bag is close to Omar.,The bag is far from Omar.,11,13,11,13,6,7,6,7
field__name_omar__obj_bag__distance_phrase_object_first__person_first,close_far_matched_scenes,1.1,field__name_omar__obj_bag,field__name_omar__obj_bag__person_first,field__name_omar__obj_bag__distance_phrase_object_first,name_omar__obj_bag__distance_phrase_object_first__person_first,field,field,sidelines,name_omar,Omar,obj_bag,bag,distance_phrase_object_first,distance_magnitude_phrase,locative_distance_subject,object_first,person_first,True,True,False,False,False,True,False,"In the field, a short distance separates the bag and Omar.","In the field, a long distance separates the bag and Omar.",Omar is close to the bag.,Omar is far from the bag.,11,13,11,13,6,8,6,8
field__name_omar__obj_bag__endpoint_placement__object_first,close_far_matched_scenes,1.1,field__name_omar__obj_bag,field__name_omar__obj_bag__object_first,field__name_omar__obj_bag__endpoint_placement,name_omar__obj_bag__endpoint_placement__object_first,field,field,sidelines,name_omar,Omar,obj_bag,bag,endpoint_placement,physical_endpoint_placement,two_sentence_person_then_object,person_first,object_first,True,True,True,True,False,False,False,"In the field, Omar stands at one sideline. The bag rests at Omar's feet.","In the field, Omar stands at one sideline. The bag rests at the opposite sideline.",The bag is close to Omar.,The bag is far from Omar.,15,18,15,18,6,7,6,7
field__name_omar__obj_bag__endpoint_placement__person_first,close_far_matched_scenes,1.1,field__name_omar__obj_bag,field__name_omar__obj_bag__person_first,field__name_omar__obj_bag__endpoint_placement,name_omar__obj_bag__endpoint_placement__person_first,field,field,sidelines,name_omar,Omar,obj_bag,bag,endpoint_placement,physical_endpoint_placement,two_sentence_person_then_object,person_first,person_first,False,True,True,True,False,False,False,"In the field, Omar stands at one sideline. The bag rests at Omar's feet.","In the field, Omar stands at one sideline. The bag rests at the opposite sideline.",Omar is close to the bag.,Omar is far from the bag.,15,18,15,18,6,8,6,8
field__name_omar__obj_book__direct_label__object_first,close_far_matched_scenes,1.1,field__name_omar__obj_book,field__name_omar__obj_book__object_first,field__name_omar__obj_book__direct_label,name_omar__obj_book__direct_label__object_first,field,field,sidelines,name_omar,Omar,obj_book,book,direct_label,explicit_relation,locative_object_subject,object_first,object_first,False,True,False,False,True,False,True,"In the field, the book is close to Omar.","In the field, the book is far from Omar.",The book is close to Omar.,The book is far from Omar.,9,11,9,11,6,7,6,7
field__name_omar__obj_book__direct_label__person_first,close_far_matched_scenes,1.1,field__name_omar__obj_book,field__name_omar__obj_book__person_first,field__name_omar__obj_book__direct_label,name_omar__obj_book__direct_label__person_first,field,field,sidelines,name_omar,Omar,obj_book,book,direct_label,explicit_relation,locative_object_subject,object_first,person_first,True,True,False,False,True,False,False,"In the field, the book is close to Omar.","In the field, the book is far from Omar.",Omar is close to the book.,Omar is far from the book.,9,11,9,11,6,8,6,8
field__name_omar__obj_book__distance_phrase__object_first,close_far_matched_scenes,1.1,field__name_omar__obj_book,field__name_omar__obj_book__object_first,field__name_omar__obj_book__distance_phrase,name_omar__obj_book__distance_phrase__object_first,field,field,sidelines,name_omar,Omar,obj_book,book,distance_phrase,distance_magnitude_phrase,locative_distance_subject,person_first,object_first,True,True,False,False,False,True,False,"In the field, a short distance separates Omar and the book.","In the field, a long distance separates Omar and the book.",The book is close to Omar.,The book is far from Omar.,11,13,11,13,6,7,6,7
field__name_omar__obj_book__distance_phrase__person_first,close_far_matched_scenes,1.1,field__name_omar__obj_book,field__name_omar__obj_book__person_first,field__name_omar__obj_book__distance_phrase,name_omar__obj_book__distance_phrase__person_first,field,field,sidelines,name_omar,Omar,obj_book,book,distance_phrase,distance_magnitude_phrase,locative_distance_subject,person_first,person_first,False,True,False,False,False,True,False,"In the field, a short distance separates Omar and the book.","In the field, a long distance separates Omar and the book.",Omar is close to the book.,Omar is far from the book.,11,13,11,13,6,8,6,8
field__name_omar__obj_book__distance_phrase_object_first__object_first,close_far_matched_scenes,1.1,field__name_omar__obj_book,field__name_omar__obj_book__object_first,field__name_omar__obj_book__distance_phrase_object_first,name_omar__obj_book__distance_phrase_object_first__object_first,field,field,sidelines,name_omar,Omar,obj_book,book,distance_phrase_object_first,distance_magnitude_phrase,locative_distance_subject,object_first,object_first,False,True,False,False,False,True,False,"In the field, a short distance separates the book and Omar.","In the field, a long distance separates the book and Omar.",The book is close to Omar.,The book is far from Omar.,11,13,11,13,6,7,6,7
field__name_omar__obj_book__distance_phrase_object_first__person_first,close_far_matched_scenes,1.1,field__name_omar__obj_book,field__name_omar__obj_book__person_first,field__name_omar__obj_book__distance_phrase_object_first,name_omar__obj_book__distance_phrase_object_first__person_first,field,field,sidelines,name_omar,Omar,obj_book,book,distance_phrase_object_first,distance_magnitude_phrase,locative_distance_subject,object_first,person_first,True,True,False,False,False,True,False,"In the field, a short distance separates the book and Omar.","In the field, a long distance separates the book and Omar.",Omar is close to the book.,Omar is far from the book.,11,13,11,13,6,8,6,8
field__name_omar__obj_book__endpoint_placement__object_first,close_far_matched_scenes,1.1,field__name_omar__obj_book,field__name_omar__obj_book__object_first,field__name_omar__obj_book__endpoint_placement,name_omar__obj_book__endpoint_placement__object_first,field,field,sidelines,name_omar,Omar,obj_book,book,endpoint_placement,physical_endpoint_placement,two_sentence_person_then_object,person_first,object_first,True,True,True,True,False,False,False,"In the field, Omar stands at one sideline. The book rests at Omar's feet.","In the field, Omar stands at one sideline. The book rests at the opposite sideline.",The book is close to Omar.,The book is far from Omar.,15,18,15,18,6,7,6,7
field__name_omar__obj_book__endpoint_placement__person_first,close_far_matched_scenes,1.1,field__name_omar__obj_book,field__name_omar__obj_book__person_first,field__name_omar__obj_book__endpoint_placement,name_omar__obj_book__endpoint_placement__person_first,field,field,sidelines,name_omar,Omar,obj_book,book,endpoint_placement,physical_endpoint_placement,two_sentence_person_then_object,person_first,person_first,False,True,True,True,False,False,False,"In the field, Omar stands at one sideline. The book rests at Omar's feet.","In the field, Omar stands at one sideline. The book rests at the opposite sideline.",Omar is close to the book.,Omar is far from the book.,15,18,15,18,6,8,6,8
field__name_omar__obj_cone__direct_label__object_first,close_far_matched_scenes,1.1,field__name_omar__obj_cone,field__name_omar__obj_cone__object_first,field__name_omar__obj_cone__direct_label,name_omar__obj_cone__direct_label__object_first,field,field,sidelines,name_omar,Omar,obj_cone,cone,direct_label,explicit_relation,locative_object_subject,object_first,object_first,False,True,False,False,True,False,True,"In the field, the cone is close to Omar.","In the field, the cone is far from Omar.",The cone is close to Omar.,The cone is far from Omar.,9,11,9,11,6,7,6,7
field__name_omar__obj_cone__direct_label__person_first,close_far_matched_scenes,1.1,field__name_omar__obj_cone,field__name_omar__obj_cone__person_first,field__name_omar__obj_cone__direct_label,name_omar__obj_cone__direct_label__person_first,field,field,sidelines,name_omar,Omar,obj_cone,cone,direct_label,explicit_relation,locative_object_subject,object_first,person_first,True,True,False,False,True,False,False,"In the field, the cone is close to Omar.","In the field, the cone is far from Omar.",Omar is close to the cone.,Omar is far from the cone.,9,11,9,11,6,8,6,8
field__name_omar__obj_cone__distance_phrase__object_first,close_far_matched_scenes,1.1,field__name_omar__obj_cone,field__name_omar__obj_cone__object_first,field__name_omar__obj_cone__distance_phrase,name_omar__obj_cone__distance_phrase__object_first,field,field,sidelines,name_omar,Omar,obj_cone,cone,distance_phrase,distance_magnitude_phrase,locative_distance_subject,person_first,object_first,True,True,False,False,False,True,False,"In the field, a short distance separates Omar and the cone.","In the field, a long distance separates Omar and the cone.",The cone is close to Omar.,The cone is far from Omar.,11,13,11,13,6,7,6,7
field__name_omar__obj_cone__distance_phrase__person_first,close_far_matched_scenes,1.1,field__name_omar__obj_cone,field__name_omar__obj_cone__person_first,field__name_omar__obj_cone__distance_phrase,name_omar__obj_cone__distance_phrase__person_first,field,field,sidelines,name_omar,Omar,obj_cone,cone,distance_phrase,distance_magnitude_phrase,locative_distance_subject,person_first,person_first,False,True,False,False,False,True,False,"In the field, a short distance separates Omar and the cone.","In the field, a long distance separates Omar and the cone.",Omar is close to the cone.,Omar is far from the cone.,11,13,11,13,6,8,6,8
field__name_omar__obj_cone__distance_phrase_object_first__object_first,close_far_matched_scenes,1.1,field__name_omar__obj_cone,field__name_omar__obj_cone__object_first,field__name_omar__obj_cone__distance_phrase_object_first,name_omar__obj_cone__distance_phrase_object_first__object_first,field,field,sidelines,name_omar,Omar,obj_cone,cone,distance_phrase_object_first,distance_magnitude_phrase,locative_distance_subject,object_first,object_first,False,True,False,False,False,True,False,"In the field, a short distance separates the cone and Omar.","In the field, a long distance separates the cone and Omar.",The cone is close to Omar.,The cone is far from Omar.,11,13,11,13,6,7,6,7
field__name_omar__obj_cone__distance_phrase_object_first__person_first,close_far_matched_scenes,1.1,field__name_omar__obj_cone,field__name_omar__obj_cone__person_first,field__name_omar__obj_cone__distance_phrase_object_first,name_omar__obj_cone__distance_phrase_object_first__person_first,field,field,sidelines,name_omar,Omar,obj_cone,cone,distance_phrase_object_first,distance_magnitude_phrase,locative_distance_subject,object_first,person_first,True,True,False,False,False,True,False,"In the field, a short distance separates the cone and Omar.","In the field, a long distance separates the cone and Omar.",Omar is close to the cone.,Omar is far from the cone.,11,13,11,13,6,8,6,8
field__name_omar__obj_cone__endpoint_placement__object_first,close_far_matched_scenes,1.1,field__name_omar__obj_cone,field__name_omar__obj_cone__object_first,field__name_omar__obj_cone__endpoint_placement,name_omar__obj_cone__endpoint_placement__object_first,field,field,sidelines,name_omar,Omar,obj_cone,cone,endpoint_placement,physical_endpoint_placement,two_sentence_person_then_object,person_first,object_first,True,True,True,True,False,False,False,"In the field, Omar stands at one sideline. The cone rests at Omar's feet.","In the field, Omar stands at one sideline. The cone rests at the opposite sideline.",The cone is close to Omar.,The cone is far from Omar.,15,18,15,18,6,7,6,7
field__name_omar__obj_cone__endpoint_placement__person_first,close_far_matched_scenes,1.1,field__name_omar__obj_cone,field__name_omar__obj_cone__person_first,field__name_omar__obj_cone__endpoint_placement,name_omar__obj_cone__endpoint_placement__person_first,field,field,sidelines,name_omar,Omar,obj_cone,cone,endpoint_placement,physical_endpoint_placement,two_sentence_person_then_object,person_first,person_first,False,True,True,True,False,False,False,"In the field, Omar stands at one sideline. The cone rests at Omar's feet.","In the field, Omar stands at one sideline. The cone rests at the opposite sideline.",Omar is close to the cone.,Omar is far from the cone.,15,18,15,18,6,8,6,8
field__name_omar__obj_helmet__direct_label__object_first,close_far_matched_scenes,1.1,field__name_omar__obj_helmet,field__name_omar__obj_helmet__object_first,field__name_omar__obj_helmet__direct_label,name_omar__obj_helmet__direct_label__object_first,field,field,sidelines,name_omar,Omar,obj_helmet,helmet,direct_label,explicit_relation,locative_object_subject,object_first,object_first,False,True,False,False,True,False,True,"In the field, the helmet is close to Omar.","In the field, the helmet is far from Omar.",The helmet is close to Omar.,The helmet is far from Omar.,9,11,9,11,6,7,6,7
field__name_omar__obj_helmet__direct_label__person_first,close_far_matched_scenes,1.1,field__name_omar__obj_helmet,field__name_omar__obj_helmet__person_first,field__name_omar__obj_helmet__direct_label,name_omar__obj_helmet__direct_label__person_first,field,field,sidelines,name_omar,Omar,obj_helmet,helmet,direct_label,explicit_relation,locative_object_subject,object_first,person_first,True,True,False,False,True,False,False,"In the field, the helmet is close to Omar.","In the field, the helmet is far from Omar.",Omar is close to the helmet.,Omar is far from the helmet.,9,11,9,11,6,8,6,8
field__name_omar__obj_helmet__distance_phrase__object_first,close_far_matched_scenes,1.1,field__name_omar__obj_helmet,field__name_omar__obj_helmet__object_first,field__name_omar__obj_helmet__distance_phrase,name_omar__obj_helmet__distance_phrase__object_first,field,field,sidelines,name_omar,Omar,obj_helmet,helmet,distance_phrase,distance_magnitude_phrase,locative_distance_subject,person_first,object_first,True,True,False,False,False,True,False,"In the field, a short distance separates Omar and the helmet.","In the field, a long distance separates Omar and the helmet.",The helmet is close to Omar.,The helmet is far from Omar.,11,13,11,13,6,7,6,7
field__name_omar__obj_helmet__distance_phrase__person_first,close_far_matched_scenes,1.1,field__name_omar__obj_helmet,field__name_omar__obj_helmet__person_first,field__name_omar__obj_helmet__distance_phrase,name_omar__obj_helmet__distance_phrase__person_first,field,field,sidelines,name_omar,Omar,obj_helmet,helmet,distance_phrase,distance_magnitude_phrase,locative_distance_subject,person_first,person_first,False,True,False,False,False,True,False,"In the field, a short distance separates Omar and the helmet.","In the field, a long distance separates Omar and the helmet.",Omar is close to the helmet.,Omar is far from the helmet.,11,13,11,13,6,8,6,8
field__name_omar__obj_helmet__distance_phrase_object_first__object_first,close_far_matched_scenes,1.1,field__name_omar__obj_helmet,field__name_omar__obj_helmet__object_first,field__name_omar__obj_helmet__distance_phrase_object_first,name_omar__obj_helmet__distance_phrase_object_first__object_first,field,field,sidelines,name_omar,Omar,obj_helmet,helmet,distance_phrase_object_first,distance_magnitude_phrase,locative_distance_subject,object_first,object_first,False,True,False,False,False,True,False,"In the field, a short distance separates the helmet and Omar.","In the field, a long distance separates the helmet and Omar.",The helmet is close to Omar.,The helmet is far from Omar.,11,13,11,13,6,7,6,7
field__name_omar__obj_helmet__distance_phrase_object_first__person_first,close_far_matched_scenes,1.1,field__name_omar__obj_helmet,field__name_omar__obj_helmet__person_first,field__name_omar__obj_helmet__distance_phrase_object_first,name_omar__obj_helmet__distance_phrase_object_first__person_first,field,field,sidelines,name_omar,Omar,obj_helmet,helmet,distance_phrase_object_first,distance_magnitude_phrase,locative_distance_subject,object_first,person_first,True,True,False,False,False,True,False,"In the field, a short distance separates the helmet and Omar.","In the field, a long distance separates the helmet and Omar.",Omar is close to the helmet.,Omar is far from the helmet.,11,13,11,13,6,8,6,8
field__name_omar__obj_helmet__endpoint_placement__object_first,close_far_matched_scenes,1.1,field__name_omar__obj_helmet,field__name_omar__obj_helmet__object_first,field__name_omar__obj_helmet__endpoint_placement,name_omar__obj_helmet__endpoint_placement__object_first,field,field,sidelines,name_omar,Omar,obj_helmet,helmet,endpoint_placement,physical_endpoint_placement,two_sentence_person_then_object,person_first,object_first,True,True,True,True,False,False,False,"In the field, Omar stands at one sideline. The helmet rests at Omar's feet.","In the field, Omar stands at one sideline. The helmet rests at the opposite sideline.",The helmet is close to Omar.,The helmet is far from Omar.,15,18,15,18,6,7,6,7
field__name_omar__obj_helmet__endpoint_placement__person_first,close_far_matched_scenes,1.1,field__name_omar__obj_helmet,field__name_omar__obj_helmet__person_first,field__name_omar__obj_helmet__endpoint_placement,name_omar__obj_helmet__endpoint_placement__person_first,field,field,sidelines,name_omar,Omar,obj_helmet,helmet,endpoint_placement,physical_endpoint_placement,two_sentence_person_then_object,person_first,person_first,False,True,True,True,False,False,False,"In the field, Omar stands at one sideline. The helmet rests at Omar's feet.","In the field, Omar stands at one sideline. The helmet rests at the opposite sideline.",Omar is close to the helmet.,Omar is far from the helmet.,15,18,15,18,6,8,6,8
field__name_omar__obj_cup__direct_label__object_first,close_far_matched_scenes,1.1,field__name_omar__obj_cup,field__name_omar__obj_cup__object_first,field__name_omar__obj_cup__direct_label,name_omar__obj_cup__direct_label__object_first,field,field,sidelines,name_omar,Omar,obj_cup,cup,direct_label,explicit_relation,locative_object_subject,object_first,object_first,False,True,False,False,True,False,True,"In the field, the cup is close to Omar.","In the field, the cup is far from Omar.",The cup is close to Omar.,The cup is far from Omar.,9,11,9,11,6,7,6,7
field__name_omar__obj_cup__direct_label__person_first,close_far_matched_scenes,1.1,field__name_omar__obj_cup,field__name_omar__obj_cup__person_first,field__name_omar__obj_cup__direct_label,name_omar__obj_cup__direct_label__person_first,field,field,sidelines,name_omar,Omar,obj_cup,cup,direct_label,explicit_relation,locative_object_subject,object_first,person_first,True,True,False,False,True,False,False,"In the field, the cup is close to Omar.","In the field, the cup is far from Omar.",Omar is close to the cup.,Omar is far from the cup.,9,11,9,11,6,8,6,8
field__name_omar__obj_cup__distance_phrase__object_first,close_far_matched_scenes,1.1,field__name_omar__obj_cup,field__name_omar__obj_cup__object_first,field__name_omar__obj_cup__distance_phrase,name_omar__obj_cup__distance_phrase__object_first,field,field,sidelines,name_omar,Omar,obj_cup,cup,distance_phrase,distance_magnitude_phrase,locative_distance_subject,person_first,object_first,True,True,False,False,False,True,False,"In the field, a short distance separates Omar and the cup.","In the field, a long distance separates Omar and the cup.",The cup is close to Omar.,The cup is far from Omar.,11,13,11,13,6,7,6,7
field__name_omar__obj_cup__distance_phrase__person_first,close_far_matched_scenes,1.1,field__name_omar__obj_cup,field__name_omar__obj_cup__person_first,field__name_omar__obj_cup__distance_phrase,name_omar__obj_cup__distance_phrase__person_first,field,field,sidelines,name_omar,Omar,obj_cup,cup,distance_phrase,distance_magnitude_phrase,locative_distance_subject,person_first,person_first,False,True,False,False,False,True,False,"In the field, a short distance separates Omar and the cup.","In the field, a long distance separates Omar and the cup.",Omar is close to the cup.,Omar is far from the cup.,11,13,11,13,6,8,6,8
field__name_omar__obj_cup__distance_phrase_object_first__object_first,close_far_matched_scenes,1.1,field__name_omar__obj_cup,field__name_omar__obj_cup__object_first,field__name_omar__obj_cup__distance_phrase_object_first,name_omar__obj_cup__distance_phrase_object_first__object_first,field,field,sidelines,name_omar,Omar,obj_cup,cup,distance_phrase_object_first,distance_magnitude_phrase,locative_distance_subject,object_first,object_first,False,True,False,False,False,True,False,"In the field, a short distance separates the cup and Omar.","In the field, a long distance separates the cup and Omar.",The cup is close to Omar.,The cup is far from Omar.,11,13,11,13,6,7,6,7
field__name_omar__obj_cup__distance_phrase_object_first__person_first,close_far_matched_scenes,1.1,field__name_omar__obj_cup,field__name_omar__obj_cup__person_first,field__name_omar__obj_cup__distance_phrase_object_first,name_omar__obj_cup__distance_phrase_object_first__person_first,field,field,sidelines,name_omar,Omar,obj_cup,cup,distance_phrase_object_first,distance_magnitude_phrase,locative_distance_subject,object_first,person_first,True,True,False,False,False,True,False,"In the field, a short distance separates the cup and Omar.","In the field, a long distance separates the cup and Omar.",Omar is close to the cup.,Omar is far from the cup.,11,13,11,13,6,8,6,8
field__name_omar__obj_cup__endpoint_placement__object_first,close_far_matched_scenes,1.1,field__name_omar__obj_cup,field__name_omar__obj_cup__object_first,field__name_omar__obj_cup__endpoint_placement,name_omar__obj_cup__endpoint_placement__object_first,field,field,sidelines,name_omar,Omar,obj_cup,cup,endpoint_placement,physical_endpoint_placement,two_sentence_person_then_object,person_first,object_first,True,True,True,True,False,False,False,"In the field, Omar stands at one sideline. The cup rests at Omar's feet.","In the field, Omar stands at one sideline. The cup rests at the opposite sideline.",The cup is close to Omar.,The cup is far from Omar.,15,18,15,18,6,7,6,7
field__name_omar__obj_cup__endpoint_placement__person_first,close_far_matched_scenes,1.1,field__name_omar__obj_cup,field__name_omar__obj_cup__person_first,field__name_omar__obj_cup__endpoint_placement,name_omar__obj_cup__endpoint_placement__person_first,field,field,sidelines,name_omar,Omar,obj_cup,cup,endpoint_placement,physical_endpoint_placement,two_sentence_person_then_object,person_first,person_first,False,True,True,True,False,False,False,"In the field, Omar stands at one sideline. The cup rests at Omar's feet.","In the field, Omar stands at one sideline. The cup rests at the opposite sideline.",Omar is close to the cup.,Omar is far from the cup.,15,18,15,18,6,8,6,8
field__name_omar__obj_key__direct_label__object_first,close_far_matched_scenes,1.1,field__name_omar__obj_key,field__name_omar__obj_key__object_first,field__name_omar__obj_key__direct_label,name_omar__obj_key__direct_label__object_first,field,field,sidelines,name_omar,Omar,obj_key,key,direct_label,explicit_relation,locative_object_subject,object_first,object_first,False,True,False,False,True,False,True,"In the field, the key is close to Omar.","In the field, the key is far from Omar.",The key is close to Omar.,The key is far from Omar.,9,11,9,11,6,7,6,7
field__name_omar__obj_key__direct_label__person_first,close_far_matched_scenes,1.1,field__name_omar__obj_key,field__name_omar__obj_key__person_first,field__name_omar__obj_key__direct_label,name_omar__obj_key__direct_label__person_first,field,field,sidelines,name_omar,Omar,obj_key,key,direct_label,explicit_relation,locative_object_subject,object_first,person_first,True,True,False,False,True,False,False,"In the field, the key is close to Omar.","In the field, the key is far from Omar.",Omar is close to the key.,Omar is far from the key.,9,11,9,11,6,8,6,8
field__name_omar__obj_key__distance_phrase__object_first,close_far_matched_scenes,1.1,field__name_omar__obj_key,field__name_omar__obj_key__object_first,field__name_omar__obj_key__distance_phrase,name_omar__obj_key__distance_phrase__object_first,field,field,sidelines,name_omar,Omar,obj_key,key,distance_phrase,distance_magnitude_phrase,locative_distance_subject,person_first,object_first,True,True,False,False,False,True,False,"In the field, a short distance separates Omar and the key.","In the field, a long distance separates Omar and the key.",The key is close to Omar.,The key is far from Omar.,11,13,11,13,6,7,6,7
field__name_omar__obj_key__distance_phrase__person_first,close_far_matched_scenes,1.1,field__name_omar__obj_key,field__name_omar__obj_key__person_first,field__name_omar__obj_key__distance_phrase,name_omar__obj_key__distance_phrase__person_first,field,field,sidelines,name_omar,Omar,obj_key,key,distance_phrase,distance_magnitude_phrase,locative_distance_subject,person_first,person_first,False,True,False,False,False,True,False,"In the field, a short distance separates Omar and the key.","In the field, a long distance separates Omar and the key.",Omar is close to the key.,Omar is far from the key.,11,13,11,13,6,8,6,8
field__name_omar__obj_key__distance_phrase_object_first__object_first,close_far_matched_scenes,1.1,field__name_omar__obj_key,field__name_omar__obj_key__object_first,field__name_omar__obj_key__distance_phrase_object_first,name_omar__obj_key__distance_phrase_object_first__object_first,field,field,sidelines,name_omar,Omar,obj_key,key,distance_phrase_object_first,distance_magnitude_phrase,locative_distance_subject,object_first,object_first,False,True,False,False,False,True,False,"In the field, a short distance separates the key and Omar.","In the field, a long distance separates the key and Omar.",The key is close to Omar.,The key is far from Omar.,11,13,11,13,6,7,6,7
field__name_omar__obj_key__distance_phrase_object_first__person_first,close_far_matched_scenes,1.1,field__name_omar__obj_key,field__name_omar__obj_key__person_first,field__name_omar__obj_key__distance_phrase_object_first,name_omar__obj_key__distance_phrase_object_first__person_first,field,field,sidelines,name_omar,Omar,obj_key,key,distance_phrase_object_first,distance_magnitude_phrase,locative_distance_subject,object_first,person_first,True,True,False,False,False,True,False,"In the field, a short distance separates the key and Omar.","In the field, a long distance separates the key and Omar.",Omar is close to the key.,Omar is far from the key.,11,13,11,13,6,8,6,8
field__name_omar__obj_key__endpoint_placement__object_first,close_far_matched_scenes,1.1,field__name_omar__obj_key,field__name_omar__obj_key__object_first,field__name_omar__obj_key__endpoint_placement,name_omar__obj_key__endpoint_placement__object_first,field,field,sidelines,name_omar,Omar,obj_key,key,endpoint_placement,physical_endpoint_placement,two_sentence_person_then_object,person_first,object_first,True,True,True,True,False,False,False,"In the field, Omar stands at one sideline. The key rests at Omar's feet.","In the field, Omar stands at one sideline. The key rests at the opposite sideline.",The key is close to Omar.,The key is far from Omar.,15,18,15,18,6,7,6,7
field__name_omar__obj_key__endpoint_placement__person_first,close_far_matched_scenes,1.1,field__name_omar__obj_key,field__name_omar__obj_key__person_first,field__name_omar__obj_key__endpoint_placement,name_omar__obj_key__endpoint_placement__person_first,field,field,sidelines,name_omar,Omar,obj_key,key,endpoint_placement,physical_endpoint_placement,two_sentence_person_then_object,person_first,person_first,False,True,True,True,False,False,False,"In the field, Omar stands at one sideline. The key rests at Omar's feet.","In the field, Omar stands at one sideline. The key rests at the opposite sideline.",Omar is close to the key.,Omar is far from the key.,15,18,15,18,6,8,6,8
field__name_omar__obj_box__direct_label__object_first,close_far_matched_scenes,1.1,field__name_omar__obj_box,field__name_omar__obj_box__object_first,field__name_omar__obj_box__direct_label,name_omar__obj_box__direct_label__object_first,field,field,sidelines,name_omar,Omar,obj_box,box,direct_label,explicit_relation,locative_object_subject,object_first,object_first,False,True,False,False,True,False,True,"In the field, the box is close to Omar.","In the field, the box is far from Omar.",The box is close to Omar.,The box is far from Omar.,9,11,9,11,6,7,6,7
field__name_omar__obj_box__direct_label__person_first,close_far_matched_scenes,1.1,field__name_omar__obj_box,field__name_omar__obj_box__person_first,field__name_omar__obj_box__direct_label,name_omar__obj_box__direct_label__person_first,field,field,sidelines,name_omar,Omar,obj_box,box,direct_label,explicit_relation,locative_object_subject,object_first,person_first,True,True,False,False,True,False,False,"In the field, the box is close to Omar.","In the field, the box is far from Omar.",Omar is close to the box.,Omar is far from the box.,9,11,9,11,6,8,6,8
field__name_omar__obj_box__distance_phrase__object_first,close_far_matched_scenes,1.1,field__name_omar__obj_box,field__name_omar__obj_box__object_first,field__name_omar__obj_box__distance_phrase,name_omar__obj_box__distance_phrase__object_first,field,field,sidelines,name_omar,Omar,obj_box,box,distance_phrase,distance_magnitude_phrase,locative_distance_subject,person_first,object_first,True,True,False,False,False,True,False,"In the field, a short distance separates Omar and the box.","In the field, a long distance separates Omar and the box.",The box is close to Omar.,The box is far from Omar.,11,13,11,13,6,7,6,7
field__name_omar__obj_box__distance_phrase__person_first,close_far_matched_scenes,1.1,field__name_omar__obj_box,field__name_omar__obj_box__person_first,field__name_omar__obj_box__distance_phrase,name_omar__obj_box__distance_phrase__person_first,field,field,sidelines,name_omar,Omar,obj_box,box,distance_phrase,distance_magnitude_phrase,locative_distance_subject,person_first,person_first,False,True,False,False,False,True,False,"In the field, a short distance separates Omar and the box.","In the field, a long distance separates Omar and the box.",Omar is close to the box.,Omar is far from the box.,11,13,11,13,6,8,6,8
field__name_omar__obj_box__distance_phrase_object_first__object_first,close_far_matched_scenes,1.1,field__name_omar__obj_box,field__name_omar__obj_box__object_first,field__name_omar__obj_box__distance_phrase_object_first,name_omar__obj_box__distance_phrase_object_first__object_first,field,field,sidelines,name_omar,Omar,obj_box,box,distance_phrase_object_first,distance_magnitude_phrase,locative_distance_subject,object_first,object_first,False,True,False,False,False,True,False,"In the field, a short distance separates the box and Omar.","In the field, a long distance separates the box and Omar.",The box is close to Omar.,The box is far from Omar.,11,13,11,13,6,7,6,7
field__name_omar__obj_box__distance_phrase_object_first__person_first,close_far_matched_scenes,1.1,field__name_omar__obj_box,field__name_omar__obj_box__person_first,field__name_omar__obj_box__distance_phrase_object_first,name_omar__obj_box__distance_phrase_object_first__person_first,field,field,sidelines,name_omar,Omar,obj_box,box,distance_phrase_object_first,distance_magnitude_phrase,locative_distance_subject,object_first,person_first,True,True,False,False,False,True,False,"In the field, a short distance separates the box and Omar.","In the field, a long distance separates the box and Omar.",Omar is close to the box.,Omar is far from the box.,11,13,11,13,6,8,6,8
field__name_omar__obj_box__endpoint_placement__object_first,close_far_matched_scenes,1.1,field__name_omar__obj_box,field__name_omar__obj_box__object_first,field__name_omar__obj_box__endpoint_placement,name_omar__obj_box__endpoint_placement__object_first,field,field,sidelines,name_omar,Omar,obj_box,box,endpoint_placement,physical_endpoint_placement,two_sentence_person_then_object,person_first,object_first,True,True,True,True,False,False,False,"In the field, Omar stands at one sideline. The box rests at Omar's feet.","In the field, Omar stands at one sideline. The box rests at the opposite sideline.",The box is close to Omar.,The box is far from Omar.,15,18,15,18,6,7,6,7
field__name_omar__obj_box__endpoint_placement__person_first,close_far_matched_scenes,1.1,field__name_omar__obj_box,field__name_omar__obj_box__person_first,field__name_omar__obj_box__endpoint_placement,name_omar__obj_box__endpoint_placement__person_first,field,field,sidelines,name_omar,Omar,obj_box,box,endpoint_placement,physical_endpoint_placement,two_sentence_person_then_object,person_first,person_first,False,True,True,True,False,False,False,"In the field, Omar stands at one sideline. The box rests at Omar's feet.","In the field, Omar stands at one sideline. The box rests at the opposite sideline.",Omar is close to the box.,Omar is far from the box.,15,18,15,18,6,8,6,8
platform__name_maya__obj_ball__direct_label__object_first,close_far_matched_scenes,1.1,platform__name_maya__obj_ball,platform__name_maya__obj_ball__object_first,platform__name_maya__obj_ball__direct_label,name_maya__obj_ball__direct_label__object_first,platform,platform,ends,name_maya,Maya,obj_ball,ball,direct_label,explicit_relation,locative_object_subject,object_first,object_first,False,True,False,False,True,False,True,"In the platform, the ball is close to Maya.","In the platform, the ball is far from Maya.",The ball is close to Maya.,The ball is far from Maya.,9,11,9,11,6,7,6,7
platform__name_maya__obj_ball__direct_label__person_first,close_far_matched_scenes,1.1,platform__name_maya__obj_ball,platform__name_maya__obj_ball__person_first,platform__name_maya__obj_ball__direct_label,name_maya__obj_ball__direct_label__person_first,platform,platform,ends,name_maya,Maya,obj_ball,ball,direct_label,explicit_relation,locative_object_subject,object_first,person_first,True,True,False,False,True,False,False,"In the platform, the ball is close to Maya.","In the platform, the ball is far from Maya.",Maya is close to the ball.,Maya is far from the ball.,9,11,9,11,6,8,6,8
platform__name_maya__obj_ball__distance_phrase__object_first,close_far_matched_scenes,1.1,platform__name_maya__obj_ball,platform__name_maya__obj_ball__object_first,platform__name_maya__obj_ball__distance_phrase,name_maya__obj_ball__distance_phrase__object_first,platform,platform,ends,name_maya,Maya,obj_ball,ball,distance_phrase,distance_magnitude_phrase,locative_distance_subject,person_first,object_first,True,True,False,False,False,True,False,"In the platform, a short distance separates Maya and the ball.","In the platform, a long distance separates Maya and the ball.",The ball is close to Maya.,The ball is far from Maya.,11,13,11,13,6,7,6,7
platform__name_maya__obj_ball__distance_phrase__person_first,close_far_matched_scenes,1.1,platform__name_maya__obj_ball,platform__name_maya__obj_ball__person_first,platform__name_maya__obj_ball__distance_phrase,name_maya__obj_ball__distance_phrase__person_first,platform,platform,ends,name_maya,Maya,obj_ball,ball,distance_phrase,distance_magnitude_phrase,locative_distance_subject,person_first,person_first,False,True,False,False,False,True,False,"In the platform, a short distance separates Maya and the ball.","In the platform, a long distance separates Maya and the ball.",Maya is close to the ball.,Maya is far from the ball.,11,13,11,13,6,8,6,8
platform__name_maya__obj_ball__distance_phrase_object_first__object_first,close_far_matched_scenes,1.1,platform__name_maya__obj_ball,platform__name_maya__obj_ball__object_first,platform__name_maya__obj_ball__distance_phrase_object_first,name_maya__obj_ball__distance_phrase_object_first__object_first,platform,platform,ends,name_maya,Maya,obj_ball,ball,distance_phrase_object_first,distance_magnitude_phrase,locative_distance_subject,object_first,object_first,False,True,False,False,False,True,False,"In the platform, a short distance separates the ball and Maya.","In the platform, a long distance separates the ball and Maya.",The ball is close to Maya.,The ball is far from Maya.,11,13,11,13,6,7,6,7
platform__name_maya__obj_ball__distance_phrase_object_first__person_first,close_far_matched_scenes,1.1,platform__name_maya__obj_ball,platform__name_maya__obj_ball__person_first,platform__name_maya__obj_ball__distance_phrase_object_first,name_maya__obj_ball__distance_phrase_object_first__person_first,platform,platform,ends,name_maya,Maya,obj_ball,ball,distance_phrase_object_first,distance_magnitude_phrase,locative_distance_subject,object_first,person_first,True,True,False,False,False,True,False,"In the platform, a short distance separates the ball and Maya.","In the platform, a long distance separates the ball and Maya.",Maya is close to the ball.,Maya is far from the ball.,11,13,11,13,6,8,6,8
platform__name_maya__obj_ball__endpoint_placement__object_first,close_far_matched_scenes,1.1,platform__name_maya__obj_ball,platform__name_maya__obj_ball__object_first,platform__name_maya__obj_ball__endpoint_placement,name_maya__obj_ball__endpoint_placement__object_first,platform,platform,ends,name_maya,Maya,obj_ball,ball,endpoint_placement,physical_endpoint_placement,two_sentence_person_then_object,person_first,object_first,True,True,True,True,False,False,False,"In the platform, Maya stands at one end. The ball rests at Maya's feet.","In the platform, Maya stands at one end. The ball rests at the other end.",The ball is close to Maya.,The ball is far from Maya.,15,18,15,18,6,7,6,7
platform__name_maya__obj_ball__endpoint_placement__person_first,close_far_matched_scenes,1.1,platform__name_maya__obj_ball,platform__name_maya__obj_ball__person_first,platform__name_maya__obj_ball__endpoint_placement,name_maya__obj_ball__endpoint_placement__person_first,platform,platform,ends,name_maya,Maya,obj_ball,ball,endpoint_placement,physical_endpoint_placement,two_sentence_person_then_object,person_first,person_first,False,True,True,True,False,False,False,"In the platform, Maya stands at one end. The ball rests at Maya's feet.","In the platform, Maya stands at one end. The ball rests at the other end.",Maya is close to the ball.,Maya is far from the ball.,15,18,15,18,6,8,6,8
platform__name_maya__obj_bag__direct_label__object_first,close_far_matched_scenes,1.1,platform__name_maya__obj_bag,platform__name_maya__obj_bag__object_first,platform__name_maya__obj_bag__direct_label,name_maya__obj_bag__direct_label__object_first,platform,platform,ends,name_maya,Maya,obj_bag,bag,direct_label,explicit_relation,locative_object_subject,object_first,object_first,False,True,False,False,True,False,True,"In the platform, the bag is close to Maya.","In the platform, the bag is far from Maya.",The bag is close to Maya.,The bag is far from Maya.,9,11,9,11,6,7,6,7
platform__name_maya__obj_bag__direct_label__person_first,close_far_matched_scenes,1.1,platform__name_maya__obj_bag,platform__name_maya__obj_bag__person_first,platform__name_maya__obj_bag__direct_label,name_maya__obj_bag__direct_label__person_first,platform,platform,ends,name_maya,Maya,obj_bag,bag,direct_label,explicit_relation,locative_object_subject,object_first,person_first,True,True,False,False,True,False,False,"In the platform, the bag is close to Maya.","In the platform, the bag is far from Maya.",Maya is close to the bag.,Maya is far from the bag.,9,11,9,11,6,8,6,8
platform__name_maya__obj_bag__distance_phrase__object_first,close_far_matched_scenes,1.1,platform__name_maya__obj_bag,platform__name_maya__obj_bag__object_first,platform__name_maya__obj_bag__distance_phrase,name_maya__obj_bag__distance_phrase__object_first,platform,platform,ends,name_maya,Maya,obj_bag,bag,distance_phrase,distance_magnitude_phrase,locative_distance_subject,person_first,object_first,True,True,False,False,False,True,False,"In the platform, a short distance separates Maya and the bag.","In the platform, a long distance separates Maya and the bag.",The bag is close to Maya.,The bag is far from Maya.,11,13,11,13,6,7,6,7
platform__name_maya__obj_bag__distance_phrase__person_first,close_far_matched_scenes,1.1,platform__name_maya__obj_bag,platform__name_maya__obj_bag__person_first,platform__name_maya__obj_bag__distance_phrase,name_maya__obj_bag__distance_phrase__person_first,platform,platform,ends,name_maya,Maya,obj_bag,bag,distance_phrase,distance_magnitude_phrase,locative_distance_subject,person_first,person_first,False,True,False,False,False,True,False,"In the platform, a short distance separates Maya and the bag.","In the platform, a long distance separates Maya and the bag.",Maya is close to the bag.,Maya is far from the bag.,11,13,11,13,6,8,6,8
platform__name_maya__obj_bag__distance_phrase_object_first__object_first,close_far_matched_scenes,1.1,platform__name_maya__obj_bag,platform__name_maya__obj_bag__object_first,platform__name_maya__obj_bag__distance_phrase_object_first,name_maya__obj_bag__distance_phrase_object_first__object_first,platform,platform,ends,name_maya,Maya,obj_bag,bag,distance_phrase_object_first,distance_magnitude_phrase,locative_distance_subject,object_first,object_first,False,True,False,False,False,True,False,"In the platform, a short distance separates the bag and Maya.","In the platform, a long distance separates the bag and Maya.",The bag is close to Maya.,The bag is far from Maya.,11,13,11,13,6,7,6,7
platform__name_maya__obj_bag__distance_phrase_object_first__person_first,close_far_matched_scenes,1.1,platform__name_maya__obj_bag,platform__name_maya__obj_bag__person_first,platform__name_maya__obj_bag__distance_phrase_object_first,name_maya__obj_bag__distance_phrase_object_first__person_first,platform,platform,ends,name_maya,Maya,obj_bag,bag,distance_phrase_object_first,distance_magnitude_phrase,locative_distance_subject,object_first,person_first,True,True,False,False,False,True,False,"In the platform, a short distance separates the bag and Maya.","In the platform, a long distance separates the bag and Maya.",Maya is close to the bag.,Maya is far from the bag.,11,13,11,13,6,8,6,8
platform__name_maya__obj_bag__endpoint_placement__object_first,close_far_matched_scenes,1.1,platform__name_maya__obj_bag,platform__name_maya__obj_bag__object_first,platform__name_maya__obj_bag__endpoint_placement,name_maya__obj_bag__endpoint_placement__object_first,platform,platform,ends,name_maya,Maya,obj_bag,bag,endpoint_placement,physical_endpoint_placement,two_sentence_person_then_object,person_first,object_first,True,True,True,True,False,False,False,"In the platform, Maya stands at one end. The bag rests at Maya's feet.","In the platform, Maya stands at one end. The bag rests at the other end.",The bag is close to Maya.,The bag is far from Maya.,15,18,15,18,6,7,6,7
platform__name_maya__obj_bag__endpoint_placement__person_first,close_far_matched_scenes,1.1,platform__name_maya__obj_bag,platform__name_maya__obj_bag__person_first,platform__name_maya__obj_bag__endpoint_placement,name_maya__obj_bag__endpoint_placement__person_first,platform,platform,ends,name_maya,Maya,obj_bag,bag,endpoint_placement,physical_endpoint_placement,two_sentence_person_then_object,person_first,person_first,False,True,True,True,False,False,False,"In the platform, Maya stands at one end. The bag rests at Maya's feet.","In the platform, Maya stands at one end. The bag rests at the other end.",Maya is close to the bag.,Maya is far from the bag.,15,18,15,18,6,8,6,8
platform__name_maya__obj_book__direct_label__object_first,close_far_matched_scenes,1.1,platform__name_maya__obj_book,platform__name_maya__obj_book__object_first,platform__name_maya__obj_book__direct_label,name_maya__obj_book__direct_label__object_first,platform,platform,ends,name_maya,Maya,obj_book,book,direct_label,explicit_relation,locative_object_subject,object_first,object_first,False,True,False,False,True,False,True,"In the platform, the book is close to Maya.","In the platform, the book is far from Maya.",The book is close to Maya.,The book is far from Maya.,9,11,9,11,6,7,6,7
platform__name_maya__obj_book__direct_label__person_first,close_far_matched_scenes,1.1,platform__name_maya__obj_book,platform__name_maya__obj_book__person_first,platform__name_maya__obj_book__direct_label,name_maya__obj_book__direct_label__person_first,platform,platform,ends,name_maya,Maya,obj_book,book,direct_label,explicit_relation,locative_object_subject,object_first,person_first,True,True,False,False,True,False,False,"In the platform, the book is close to Maya.","In the platform, the book is far from Maya.",Maya is close to the book.,Maya is far from the book.,9,11,9,11,6,8,6,8
platform__name_maya__obj_book__distance_phrase__object_first,close_far_matched_scenes,1.1,platform__name_maya__obj_book,platform__name_maya__obj_book__object_first,platform__name_maya__obj_book__distance_phrase,name_maya__obj_book__distance_phrase__object_first,platform,platform,ends,name_maya,Maya,obj_book,book,distance_phrase,distance_magnitude_phrase,locative_distance_subject,person_first,object_first,True,True,False,False,False,True,False,"In the platform, a short distance separates Maya and the book.","In the platform, a long distance separates Maya and the book.",The book is close to Maya.,The book is far from Maya.,11,13,11,13,6,7,6,7
platform__name_maya__obj_book__distance_phrase__person_first,close_far_matched_scenes,1.1,platform__name_maya__obj_book,platform__name_maya__obj_book__person_first,platform__name_maya__obj_book__distance_phrase,name_maya__obj_book__distance_phrase__person_first,platform,platform,ends,name_maya,Maya,obj_book,book,distance_phrase,distance_magnitude_phrase,locative_distance_subject,person_first,person_first,False,True,False,False,False,True,False,"In the platform, a short distance separates Maya and the book.","In the platform, a long distance separates Maya and the book.",Maya is close to the book.,Maya is far from the book.,11,13,11,13,6,8,6,8
platform__name_maya__obj_book__distance_phrase_object_first__object_first,close_far_matched_scenes,1.1,platform__name_maya__obj_book,platform__name_maya__obj_book__object_first,platform__name_maya__obj_book__distance_phrase_object_first,name_maya__obj_book__distance_phrase_object_first__object_first,platform,platform,ends,name_maya,Maya,obj_book,book,distance_phrase_object_first,distance_magnitude_phrase,locative_distance_subject,object_first,object_first,False,True,False,False,False,True,False,"In the platform, a short distance separates the book and Maya.","In the platform, a long distance separates the book and Maya.",The book is close to Maya.,The book is far from Maya.,11,13,11,13,6,7,6,7
platform__name_maya__obj_book__distance_phrase_object_first__person_first,close_far_matched_scenes,1.1,platform__name_maya__obj_book,platform__name_maya__obj_book__person_first,platform__name_maya__obj_book__distance_phrase_object_first,name_maya__obj_book__distance_phrase_object_first__person_first,platform,platform,ends,name_maya,Maya,obj_book,book,distance_phrase_object_first,distance_magnitude_phrase,locative_distance_subject,object_first,person_first,True,True,False,False,False,True,False,"In the platform, a short distance separates the book and Maya.","In the platform, a long distance separates the book and Maya.",Maya is close to the book.,Maya is far from the book.,11,13,11,13,6,8,6,8
platform__name_maya__obj_book__endpoint_placement__object_first,close_far_matched_scenes,1.1,platform__name_maya__obj_book,platform__name_maya__obj_book__object_first,platform__name_maya__obj_book__endpoint_placement,name_maya__obj_book__endpoint_placement__object_first,platform,platform,ends,name_maya,Maya,obj_book,book,endpoint_placement,physical_endpoint_placement,two_sentence_person_then_object,person_first,object_first,True,True,True,True,False,False,False,"In the platform, Maya stands at one end. The book rests at Maya's feet.","In the platform, Maya stands at one end. The book rests at the other end.",The book is close to Maya.,The book is far from Maya.,15,18,15,18,6,7,6,7
platform__name_maya__obj_book__endpoint_placement__person_first,close_far_matched_scenes,1.1,platform__name_maya__obj_book,platform__name_maya__obj_book__person_first,platform__name_maya__obj_book__endpoint_placement,name_maya__obj_book__endpoint_placement__person_first,platform,platform,ends,name_maya,Maya,obj_book,book,endpoint_placement,physical_endpoint_placement,two_sentence_person_then_object,person_first,person_first,False,True,True,True,False,False,False,"In the platform, Maya stands at one end. The book rests at Maya's feet.","In the platform, Maya stands at one end. The book rests at the other end.",Maya is close to the book.,Maya is far from the book.,15,18,15,18,6,8,6,8
platform__name_maya__obj_cone__direct_label__object_first,close_far_matched_scenes,1.1,platform__name_maya__obj_cone,platform__name_maya__obj_cone__object_first,platform__name_maya__obj_cone__direct_label,name_maya__obj_cone__direct_label__object_first,platform,platform,ends,name_maya,Maya,obj_cone,cone,direct_label,explicit_relation,locative_object_subject,object_first,object_first,False,True,False,False,True,False,True,"In the platform, the cone is close to Maya.","In the platform, the cone is far from Maya.",The cone is close to Maya.,The cone is far from Maya.,9,11,9,11,6,7,6,7
platform__name_maya__obj_cone__direct_label__person_first,close_far_matched_scenes,1.1,platform__name_maya__obj_cone,platform__name_maya__obj_cone__person_first,platform__name_maya__obj_cone__direct_label,name_maya__obj_cone__direct_label__person_first,platform,platform,ends,name_maya,Maya,obj_cone,cone,direct_label,explicit_relation,locative_object_subject,object_first,person_first,True,True,False,False,True,False,False,"In the platform, the cone is close to Maya.","In the platform, the cone is far from Maya.",Maya is close to the cone.,Maya is far from the cone.,9,11,9,11,6,8,6,8
platform__name_maya__obj_cone__distance_phrase__object_first,close_far_matched_scenes,1.1,platform__name_maya__obj_cone,platform__name_maya__obj_cone__object_first,platform__name_maya__obj_cone__distance_phrase,name_maya__obj_cone__distance_phrase__object_first,platform,platform,ends,name_maya,Maya,obj_cone,cone,distance_phrase,distance_magnitude_phrase,locative_distance_subject,person_first,object_first,True,True,False,False,False,True,False,"In the platform, a short distance separates Maya and the cone.","In the platform, a long distance separates Maya and the cone.",The cone is close to Maya.,The cone is far from Maya.,11,13,11,13,6,7,6,7
platform__name_maya__obj_cone__distance_phrase__person_first,close_far_matched_scenes,1.1,platform__name_maya__obj_cone,platform__name_maya__obj_cone__person_first,platform__name_maya__obj_cone__distance_phrase,name_maya__obj_cone__distance_phrase__person_first,platform,platform,ends,name_maya,Maya,obj_cone,cone,distance_phrase,distance_magnitude_phrase,locative_distance_subject,person_first,person_first,False,True,False,False,False,True,False,"In the platform, a short distance separates Maya and the cone.","In the platform, a long distance separates Maya and the cone.",Maya is close to the cone.,Maya is far from the cone.,11,13,11,13,6,8,6,8
platform__name_maya__obj_cone__distance_phrase_object_first__object_first,close_far_matched_scenes,1.1,platform__name_maya__obj_cone,platform__name_maya__obj_cone__object_first,platform__name_maya__obj_cone__distance_phrase_object_first,name_maya__obj_cone__distance_phrase_object_first__object_first,platform,platform,ends,name_maya,Maya,obj_cone,cone,distance_phrase_object_first,distance_magnitude_phrase,locative_distance_subject,object_first,object_first,False,True,False,False,False,True,False,"In the platform, a short distance separates the cone and Maya.","In the platform, a long distance separates the cone and Maya.",The cone is close to Maya.,The cone is far from Maya.,11,13,11,13,6,7,6,7
platform__name_maya__obj_cone__distance_phrase_object_first__person_first,close_far_matched_scenes,1.1,platform__name_maya__obj_cone,platform__name_maya__obj_cone__person_first,platform__name_maya__obj_cone__distance_phrase_object_first,name_maya__obj_cone__distance_phrase_object_first__person_first,platform,platform,ends,name_maya,Maya,obj_cone,cone,distance_phrase_object_first,distance_magnitude_phrase,locative_distance_subject,object_first,person_first,True,True,False,False,False,True,False,"In the platform, a short distance separates the cone and Maya.","In the platform, a long distance separates the cone and Maya.",Maya is close to the cone.,Maya is far from the cone.,11,13,11,13,6,8,6,8
platform__name_maya__obj_cone__endpoint_placement__object_first,close_far_matched_scenes,1.1,platform__name_maya__obj_cone,platform__name_maya__obj_cone__object_first,platform__name_maya__obj_cone__endpoint_placement,name_maya__obj_cone__endpoint_placement__object_first,platform,platform,ends,name_maya,Maya,obj_cone,cone,endpoint_placement,physical_endpoint_placement,two_sentence_person_then_object,person_first,object_first,True,True,True,True,False,False,False,"In the platform, Maya stands at one end. The cone rests at Maya's feet.","In the platform, Maya stands at one end. The cone rests at the other end.",The cone is close to Maya.,The cone is far from Maya.,15,18,15,18,6,7,6,7
platform__name_maya__obj_cone__endpoint_placement__person_first,close_far_matched_scenes,1.1,platform__name_maya__obj_cone,platform__name_maya__obj_cone__person_first,platform__name_maya__obj_cone__endpoint_placement,name_maya__obj_cone__endpoint_placement__person_first,platform,platform,ends,name_maya,Maya,obj_cone,cone,endpoint_placement,physical_endpoint_placement,two_sentence_person_then_object,person_first,person_first,False,True,True,True,False,False,False,"In the platform, Maya stands at one end. The cone rests at Maya's feet.","In the platform, Maya stands at one end. The cone rests at the other end.",Maya is close to the cone.,Maya is far from the cone.,15,18,15,18,6,8,6,8
platform__name_maya__obj_helmet__direct_label__object_first,close_far_matched_scenes,1.1,platform__name_maya__obj_helmet,platform__name_maya__obj_helmet__object_first,platform__name_maya__obj_helmet__direct_label,name_maya__obj_helmet__direct_label__object_first,platform,platform,ends,name_maya,Maya,obj_helmet,helmet,direct_label,explicit_relation,locative_object_subject,object_first,object_first,False,True,False,False,True,False,True,"In the platform, the helmet is close to Maya.","In the platform, the helmet is far from Maya.",The helmet is close to Maya.,The helmet is far from Maya.,9,11,9,11,6,7,6,7
platform__name_maya__obj_helmet__direct_label__person_first,close_far_matched_scenes,1.1,platform__name_maya__obj_helmet,platform__name_maya__obj_helmet__person_first,platform__name_maya__obj_helmet__direct_label,name_maya__obj_helmet__direct_label__person_first,platform,platform,ends,name_maya,Maya,obj_helmet,helmet,direct_label,explicit_relation,locative_object_subject,object_first,person_first,True,True,False,False,True,False,False,"In the platform, the helmet is close to Maya.","In the platform, the helmet is far from Maya.",Maya is close to the helmet.,Maya is far from the helmet.,9,11,9,11,6,8,6,8
platform__name_maya__obj_helmet__distance_phrase__object_first,close_far_matched_scenes,1.1,platform__name_maya__obj_helmet,platform__name_maya__obj_helmet__object_first,platform__name_maya__obj_helmet__distance_phrase,name_maya__obj_helmet__distance_phrase__object_first,platform,platform,ends,name_maya,Maya,obj_helmet,helmet,distance_phrase,distance_magnitude_phrase,locative_distance_subject,person_first,object_first,True,True,False,False,False,True,False,"In the platform, a short distance separates Maya and the helmet.","In the platform, a long distance separates Maya and the helmet.",The helmet is close to Maya.,The helmet is far from Maya.,11,13,11,13,6,7,6,7
platform__name_maya__obj_helmet__distance_phrase__person_first,close_far_matched_scenes,1.1,platform__name_maya__obj_helmet,platform__name_maya__obj_helmet__person_first,platform__name_maya__obj_helmet__distance_phrase,name_maya__obj_helmet__distance_phrase__person_first,platform,platform,ends,name_maya,Maya,obj_helmet,helmet,distance_phrase,distance_magnitude_phrase,locative_distance_subject,person_first,person_first,False,True,False,False,False,True,False,"In the platform, a short distance separates Maya and the helmet.","In the platform, a long distance separates Maya and the helmet.",Maya is close to the helmet.,Maya is far from the helmet.,11,13,11,13,6,8,6,8
platform__name_maya__obj_helmet__distance_phrase_object_first__object_first,close_far_matched_scenes,1.1,platform__name_maya__obj_helmet,platform__name_maya__obj_helmet__object_first,platform__name_maya__obj_helmet__distance_phrase_object_first,name_maya__obj_helmet__distance_phrase_object_first__object_first,platform,platform,ends,name_maya,Maya,obj_helmet,helmet,distance_phrase_object_first,distance_magnitude_phrase,locative_distance_subject,object_first,object_first,False,True,False,False,False,True,False,"In the platform, a short distance separates the helmet and Maya.","In the platform, a long distance separates the helmet and Maya.",The helmet is close to Maya.,The helmet is far from Maya.,11,13,11,13,6,7,6,7
platform__name_maya__obj_helmet__distance_phrase_object_first__person_first,close_far_matched_scenes,1.1,platform__name_maya__obj_helmet,platform__name_maya__obj_helmet__person_first,platform__name_maya__obj_helmet__distance_phrase_object_first,name_maya__obj_helmet__distance_phrase_object_first__person_first,platform,platform,ends,name_maya,Maya,obj_helmet,helmet,distance_phrase_object_first,distance_magnitude_phrase,locative_distance_subject,object_first,person_first,True,True,False,False,False,True,False,"In the platform, a short distance separates the helmet and Maya.","In the platform, a long distance separates the helmet and Maya.",Maya is close to the helmet.,Maya is far from the helmet.,11,13,11,13,6,8,6,8
platform__name_maya__obj_helmet__endpoint_placement__object_first,close_far_matched_scenes,1.1,platform__name_maya__obj_helmet,platform__name_maya__obj_helmet__object_first,platform__name_maya__obj_helmet__endpoint_placement,name_maya__obj_helmet__endpoint_placement__object_first,platform,platform,ends,name_maya,Maya,obj_helmet,helmet,endpoint_placement,physical_endpoint_placement,two_sentence_person_then_object,person_first,object_first,True,True,True,True,False,False,False,"In the platform, Maya stands at one end. The helmet rests at Maya's feet.","In the platform, Maya stands at one end. The helmet rests at the other end.",The helmet is close to Maya.,The helmet is far from Maya.,15,18,15,18,6,7,6,7
platform__name_maya__obj_helmet__endpoint_placement__person_first,close_far_matched_scenes,1.1,platform__name_maya__obj_helmet,platform__name_maya__obj_helmet__person_first,platform__name_maya__obj_helmet__endpoint_placement,name_maya__obj_helmet__endpoint_placement__person_first,platform,platform,ends,name_maya,Maya,obj_helmet,helmet,endpoint_placement,physical_endpoint_placement,two_sentence_person_then_object,person_first,person_first,False,True,True,True,False,False,False,"In the platform, Maya stands at one end. The helmet rests at Maya's feet.","In the platform, Maya stands at one end. The helmet rests at the other end.",Maya is close to the helmet.,Maya is far from the helmet.,15,18,15,18,6,8,6,8
platform__name_maya__obj_cup__direct_label__object_first,close_far_matched_scenes,1.1,platform__name_maya__obj_cup,platform__name_maya__obj_cup__object_first,platform__name_maya__obj_cup__direct_label,name_maya__obj_cup__direct_label__object_first,platform,platform,ends,name_maya,Maya,obj_cup,cup,direct_label,explicit_relation,locative_object_subject,object_first,object_first,False,True,False,False,True,False,True,"In the platform, the cup is close to Maya.","In the platform, the cup is far from Maya.",The cup is close to Maya.,The cup is far from Maya.,9,11,9,11,6,7,6,7
platform__name_maya__obj_cup__direct_label__person_first,close_far_matched_scenes,1.1,platform__name_maya__obj_cup,platform__name_maya__obj_cup__person_first,platform__name_maya__obj_cup__direct_label,name_maya__obj_cup__direct_label__person_first,platform,platform,ends,name_maya,Maya,obj_cup,cup,direct_label,explicit_relation,locative_object_subject,object_first,person_first,True,True,False,False,True,False,False,"In the platform, the cup is close to Maya.","In the platform, the cup is far from Maya.",Maya is close to the cup.,Maya is far from the cup.,9,11,9,11,6,8,6,8
platform__name_maya__obj_cup__distance_phrase__object_first,close_far_matched_scenes,1.1,platform__name_maya__obj_cup,platform__name_maya__obj_cup__object_first,platform__name_maya__obj_cup__distance_phrase,name_maya__obj_cup__distance_phrase__object_first,platform,platform,ends,name_maya,Maya,obj_cup,cup,distance_phrase,distance_magnitude_phrase,locative_distance_subject,person_first,object_first,True,True,False,False,False,True,False,"In the platform, a short distance separates Maya and the cup.","In the platform, a long distance separates Maya and the cup.",The cup is close to Maya.,The cup is far from Maya.,11,13,11,13,6,7,6,7
platform__name_maya__obj_cup__distance_phrase__person_first,close_far_matched_scenes,1.1,platform__name_maya__obj_cup,platform__name_maya__obj_cup__person_first,platform__name_maya__obj_cup__distance_phrase,name_maya__obj_cup__distance_phrase__person_first,platform,platform,ends,name_maya,Maya,obj_cup,cup,distance_phrase,distance_magnitude_phrase,locative_distance_subject,person_first,person_first,False,True,False,False,False,True,False,"In the platform, a short distance separates Maya and the cup.","In the platform, a long distance separates Maya and the cup.",Maya is close to the cup.,Maya is far from the cup.,11,13,11,13,6,8,6,8
platform__name_maya__obj_cup__distance_phrase_object_first__object_first,close_far_matched_scenes,1.1,platform__name_maya__obj_cup,platform__name_maya__obj_cup__object_first,platform__name_maya__obj_cup__distance_phrase_object_first,name_maya__obj_cup__distance_phrase_object_first__object_first,platform,platform,ends,name_maya,Maya,obj_cup,cup,distance_phrase_object_first,distance_magnitude_phrase,locative_distance_subject,object_first,object_first,False,True,False,False,False,True,False,"In the platform, a short distance separates the cup and Maya.","In the platform, a long distance separates the cup and Maya.",The cup is close to Maya.,The cup is far from Maya.,11,13,11,13,6,7,6,7
platform__name_maya__obj_cup__distance_phrase_object_first__person_first,close_far_matched_scenes,1.1,platform__name_maya__obj_cup,platform__name_maya__obj_cup__person_first,platform__name_maya__obj_cup__distance_phrase_object_first,name_maya__obj_cup__distance_phrase_object_first__person_first,platform,platform,ends,name_maya,Maya,obj_cup,cup,distance_phrase_object_first,distance_magnitude_phrase,locative_distance_subject,object_first,person_first,True,True,False,False,False,True,False,"In the platform, a short distance separates the cup and Maya.","In the platform, a long distance separates the cup and Maya.",Maya is close to the cup.,Maya is far from the cup.,11,13,11,13,6,8,6,8
platform__name_maya__obj_cup__endpoint_placement__object_first,close_far_matched_scenes,1.1,platform__name_maya__obj_cup,platform__name_maya__obj_cup__object_first,platform__name_maya__obj_cup__endpoint_placement,name_maya__obj_cup__endpoint_placement__object_first,platform,platform,ends,name_maya,Maya,obj_cup,cup,endpoint_placement,physical_endpoint_placement,two_sentence_person_then_object,person_first,object_first,True,True,True,True,False,False,False,"In the platform, Maya stands at one end. The cup rests at Maya's feet.","In the platform, Maya stands at one end. The cup rests at the other end.",The cup is close to Maya.,The cup is far from Maya.,15,18,15,18,6,7,6,7
platform__name_maya__obj_cup__endpoint_placement__person_first,close_far_matched_scenes,1.1,platform__name_maya__obj_cup,platform__name_maya__obj_cup__person_first,platform__name_maya__obj_cup__endpoint_placement,name_maya__obj_cup__endpoint_placement__person_first,platform,platform,ends,name_maya,Maya,obj_cup,cup,endpoint_placement,physical_endpoint_placement,two_sentence_person_then_object,person_first,person_first,False,True,True,True,False,False,False,"In the platform, Maya stands at one end. The cup rests at Maya's feet.","In the platform, Maya stands at one end. The cup rests at the other end.",Maya is close to the cup.,Maya is far from the cup.,15,18,15,18,6,8,6,8
platform__name_maya__obj_key__direct_label__object_first,close_far_matched_scenes,1.1,platform__name_maya__obj_key,platform__name_maya__obj_key__object_first,platform__name_maya__obj_key__direct_label,name_maya__obj_key__direct_label__object_first,platform,platform,ends,name_maya,Maya,obj_key,key,direct_label,explicit_relation,locative_object_subject,object_first,object_first,False,True,False,False,True,False,True,"In the platform, the key is close to Maya.","In the platform, the key is far from Maya.",The key is close to Maya.,The key is far from Maya.,9,11,9,11,6,7,6,7
platform__name_maya__obj_key__direct_label__person_first,close_far_matched_scenes,1.1,platform__name_maya__obj_key,platform__name_maya__obj_key__person_first,platform__name_maya__obj_key__direct_label,name_maya__obj_key__direct_label__person_first,platform,platform,ends,name_maya,Maya,obj_key,key,direct_label,explicit_relation,locative_object_subject,object_first,person_first,True,True,False,False,True,False,False,"In the platform, the key is close to Maya.","In the platform, the key is far from Maya.",Maya is close to the key.,Maya is far from the key.,9,11,9,11,6,8,6,8
platform__name_maya__obj_key__distance_phrase__object_first,close_far_matched_scenes,1.1,platform__name_maya__obj_key,platform__name_maya__obj_key__object_first,platform__name_maya__obj_key__distance_phrase,name_maya__obj_key__distance_phrase__object_first,platform,platform,ends,name_maya,Maya,obj_key,key,distance_phrase,distance_magnitude_phrase,locative_distance_subject,person_first,object_first,True,True,False,False,False,True,False,"In the platform, a short distance separates Maya and the key.","In the platform, a long distance separates Maya and the key.",The key is close to Maya.,The key is far from Maya.,11,13,11,13,6,7,6,7
platform__name_maya__obj_key__distance_phrase__person_first,close_far_matched_scenes,1.1,platform__name_maya__obj_key,platform__name_maya__obj_key__person_first,platform__name_maya__obj_key__distance_phrase,name_maya__obj_key__distance_phrase__person_first,platform,platform,ends,name_maya,Maya,obj_key,key,distance_phrase,distance_magnitude_phrase,locative_distance_subject,person_first,person_first,False,True,False,False,False,True,False,"In the platform, a short distance separates Maya and the key.","In the platform, a long distance separates Maya and the key.",Maya is close to the key.,Maya is far from the key.,11,13,11,13,6,8,6,8
platform__name_maya__obj_key__distance_phrase_object_first__object_first,close_far_matched_scenes,1.1,platform__name_maya__obj_key,platform__name_maya__obj_key__object_first,platform__name_maya__obj_key__distance_phrase_object_first,name_maya__obj_key__distance_phrase_object_first__object_first,platform,platform,ends,name_maya,Maya,obj_key,key,distance_phrase_object_first,distance_magnitude_phrase,locative_distance_subject,object_first,object_first,False,True,False,False,False,True,False,"In the platform, a short distance separates the key and Maya.","In the platform, a long distance separates the key and Maya.",The key is close to Maya.,The key is far from Maya.,11,13,11,13,6,7,6,7
platform__name_maya__obj_key__distance_phrase_object_first__person_first,close_far_matched_scenes,1.1,platform__name_maya__obj_key,platform__name_maya__obj_key__person_first,platform__name_maya__obj_key__distance_phrase_object_first,name_maya__obj_key__distance_phrase_object_first__person_first,platform,platform,ends,name_maya,Maya,obj_key,key,distance_phrase_object_first,distance_magnitude_phrase,locative_distance_subject,object_first,person_first,True,True,False,False,False,True,False,"In the platform, a short distance separates the key and Maya.","In the platform, a long distance separates the key and Maya.",Maya is close to the key.,Maya is far from the key.,11,13,11,13,6,8,6,8
platform__name_maya__obj_key__endpoint_placement__object_first,close_far_matched_scenes,1.1,platform__name_maya__obj_key,platform__name_maya__obj_key__object_first,platform__name_maya__obj_key__endpoint_placement,name_maya__obj_key__endpoint_placement__object_first,platform,platform,ends,name_maya,Maya,obj_key,key,endpoint_placement,physical_endpoint_placement,two_sentence_person_then_object,person_first,object_first,True,True,True,True,False,False,False,"In the platform, Maya stands at one end. The key rests at Maya's feet.","In the platform, Maya stands at one end. The key rests at the other end.",The key is close to Maya.,The key is far from Maya.,15,18,15,18,6,7,6,7
platform__name_maya__obj_key__endpoint_placement__person_first,close_far_matched_scenes,1.1,platform__name_maya__obj_key,platform__name_maya__obj_key__person_first,platform__name_maya__obj_key__endpoint_placement,name_maya__obj_key__endpoint_placement__person_first,platform,platform,ends,name_maya,Maya,obj_key,key,endpoint_placement,physical_endpoint_placement,two_sentence_person_then_object,person_first,person_first,False,True,True,True,False,False,False,"In the platform, Maya stands at one end. The key rests at Maya's feet.","In the platform, Maya stands at one end. The key rests at the other end.",Maya is close to the key.,Maya is far from the key.,15,18,15,18,6,8,6,8
platform__name_maya__obj_box__direct_label__object_first,close_far_matched_scenes,1.1,platform__name_maya__obj_box,platform__name_maya__obj_box__object_first,platform__name_maya__obj_box__direct_label,name_maya__obj_box__direct_label__object_first,platform,platform,ends,name_maya,Maya,obj_box,box,direct_label,explicit_relation,locative_object_subject,object_first,object_first,False,True,False,False,True,False,True,"In the platform, the box is close to Maya.","In the platform, the box is far from Maya.",The box is close to Maya.,The box is far from Maya.,9,11,9,11,6,7,6,7
platform__name_maya__obj_box__direct_label__person_first,close_far_matched_scenes,1.1,platform__name_maya__obj_box,platform__name_maya__obj_box__person_first,platform__name_maya__obj_box__direct_label,name_maya__obj_box__direct_label__person_first,platform,platform,ends,name_maya,Maya,obj_box,box,direct_label,explicit_relation,locative_object_subject,object_first,person_first,True,True,False,False,True,False,False,"In the platform, the box is close to Maya.","In the platform, the box is far from Maya.",Maya is close to the box.,Maya is far from the box.,9,11,9,11,6,8,6,8
platform__name_maya__obj_box__distance_phrase__object_first,close_far_matched_scenes,1.1,platform__name_maya__obj_box,platform__name_maya__obj_box__object_first,platform__name_maya__obj_box__distance_phrase,name_maya__obj_box__distance_phrase__object_first,platform,platform,ends,name_maya,Maya,obj_box,box,distance_phrase,distance_magnitude_phrase,locative_distance_subject,person_first,object_first,True,True,False,False,False,True,False,"In the platform, a short distance separates Maya and the box.","In the platform, a long distance separates Maya and the box.",The box is close to Maya.,The box is far from Maya.,11,13,11,13,6,7,6,7
platform__name_maya__obj_box__distance_phrase__person_first,close_far_matched_scenes,1.1,platform__name_maya__obj_box,platform__name_maya__obj_box__person_first,platform__name_maya__obj_box__distance_phrase,name_maya__obj_box__distance_phrase__person_first,platform,platform,ends,name_maya,Maya,obj_box,box,distance_phrase,distance_magnitude_phrase,locative_distance_subject,person_first,person_first,False,True,False,False,False,True,False,"In the platform, a short distance separates Maya and the box.","In the platform, a long distance separates Maya and the box.",Maya is close to the box.,Maya is far from the box.,11,13,11,13,6,8,6,8
platform__name_maya__obj_box__distance_phrase_object_first__object_first,close_far_matched_scenes,1.1,platform__name_maya__obj_box,platform__name_maya__obj_box__object_first,platform__name_maya__obj_box__distance_phrase_object_first,name_maya__obj_box__distance_phrase_object_first__object_first,platform,platform,ends,name_maya,Maya,obj_box,box,distance_phrase_object_first,distance_magnitude_phrase,locative_distance_subject,object_first,object_first,False,True,False,False,False,True,False,"In the platform, a short distance separates the box and Maya.","In the platform, a long distance separates the box and Maya.",The box is close to Maya.,The box is far from Maya.,11,13,11,13,6,7,6,7
platform__name_maya__obj_box__distance_phrase_object_first__person_first,close_far_matched_scenes,1.1,platform__name_maya__obj_box,platform__name_maya__obj_box__person_first,platform__name_maya__obj_box__distance_phrase_object_first,name_maya__obj_box__distance_phrase_object_first__person_first,platform,platform,ends,name_maya,Maya,obj_box,box,distance_phrase_object_first,distance_magnitude_phrase,locative_distance_subject,object_first,person_first,True,True,False,False,False,True,False,"In the platform, a short distance separates the box and Maya.","In the platform, a long distance separates the box and Maya.",Maya is close to the box.,Maya is far from the box.,11,13,11,13,6,8,6,8
platform__name_maya__obj_box__endpoint_placement__object_first,close_far_matched_scenes,1.1,platform__name_maya__obj_box,platform__name_maya__obj_box__object_first,platform__name_maya__obj_box__endpoint_placement,name_maya__obj_box__endpoint_placement__object_first,platform,platform,ends,name_maya,Maya,obj_box,box,endpoint_placement,physical_endpoint_placement,two_sentence_person_then_object,person_first,object_first,True,True,True,True,False,False,False,"In the platform, Maya stands at one end. The box rests at Maya's feet.","In the platform, Maya stands at one end. The box rests at the other end.",The box is close to Maya.,The box is far from Maya.,15,18,15,18,6,7,6,7
platform__name_maya__obj_box__endpoint_placement__person_first,close_far_matched_scenes,1.1,platform__name_maya__obj_box,platform__name_maya__obj_box__person_first,platform__name_maya__obj_box__endpoint_placement,name_maya__obj_box__endpoint_placement__person_first,platform,platform,ends,name_maya,Maya,obj_box,box,endpoint_placement,physical_endpoint_placement,two_sentence_person_then_object,person_first,person_first,False,True,True,True,False,False,False,"In the platform, Maya stands at one end. The box rests at Maya's feet.","In the platform, Maya stands at one end. The box rests at the other end.",Maya is close to the box.,Maya is far from the box.,15,18,15,18,6,8,6,8
platform__name_jesse__obj_ball__direct_label__object_first,close_far_matched_scenes,1.1,platform__name_jesse__obj_ball,platform__name_jesse__obj_ball__object_first,platform__name_jesse__obj_ball__direct_label,name_jesse__obj_ball__direct_label__object_first,platform,platform,ends,name_jesse,Jesse,obj_ball,ball,direct_label,explicit_relation,locative_object_subject,object_first,object_first,False,True,False,False,True,False,True,"In the platform, the ball is close to Jesse.","In the platform, the ball is far from Jesse.",The ball is close to Jesse.,The ball is far from Jesse.,9,11,9,11,6,7,6,7
platform__name_jesse__obj_ball__direct_label__person_first,close_far_matched_scenes,1.1,platform__name_jesse__obj_ball,platform__name_jesse__obj_ball__person_first,platform__name_jesse__obj_ball__direct_label,name_jesse__obj_ball__direct_label__person_first,platform,platform,ends,name_jesse,Jesse,obj_ball,ball,direct_label,explicit_relation,locative_object_subject,object_first,person_first,True,True,False,False,True,False,False,"In the platform, the ball is close to Jesse.","In the platform, the ball is far from Jesse.",Jesse is close to the ball.,Jesse is far from the ball.,9,11,9,11,6,8,6,8
platform__name_jesse__obj_ball__distance_phrase__object_first,close_far_matched_scenes,1.1,platform__name_jesse__obj_ball,platform__name_jesse__obj_ball__object_first,platform__name_jesse__obj_ball__distance_phrase,name_jesse__obj_ball__distance_phrase__object_first,platform,platform,ends,name_jesse,Jesse,obj_ball,ball,distance_phrase,distance_magnitude_phrase,locative_distance_subject,person_first,object_first,True,True,False,False,False,True,False,"In the platform, a short distance separates Jesse and the ball.","In the platform, a long distance separates Jesse and the ball.",The ball is close to Jesse.,The ball is far from Jesse.,11,13,11,13,6,7,6,7
platform__name_jesse__obj_ball__distance_phrase__person_first,close_far_matched_scenes,1.1,platform__name_jesse__obj_ball,platform__name_jesse__obj_ball__person_first,platform__name_jesse__obj_ball__distance_phrase,name_jesse__obj_ball__distance_phrase__person_first,platform,platform,ends,name_jesse,Jesse,obj_ball,ball,distance_phrase,distance_magnitude_phrase,locative_distance_subject,person_first,person_first,False,True,False,False,False,True,False,"In the platform, a short distance separates Jesse and the ball.","In the platform, a long distance separates Jesse and the ball.",Jesse is close to the ball.,Jesse is far from the ball.,11,13,11,13,6,8,6,8
platform__name_jesse__obj_ball__distance_phrase_object_first__object_first,close_far_matched_scenes,1.1,platform__name_jesse__obj_ball,platform__name_jesse__obj_ball__object_first,platform__name_jesse__obj_ball__distance_phrase_object_first,name_jesse__obj_ball__distance_phrase_object_first__object_first,platform,platform,ends,name_jesse,Jesse,obj_ball,ball,distance_phrase_object_first,distance_magnitude_phrase,locative_distance_subject,object_first,object_first,False,True,False,False,False,True,False,"In the platform, a short distance separates the ball and Jesse.","In the platform, a long distance separates the ball and Jesse.",The ball is close to Jesse.,The ball is far from Jesse.,11,13,11,13,6,7,6,7
platform__name_jesse__obj_ball__distance_phrase_object_first__person_first,close_far_matched_scenes,1.1,platform__name_jesse__obj_ball,platform__name_jesse__obj_ball__person_first,platform__name_jesse__obj_ball__distance_phrase_object_first,name_jesse__obj_ball__distance_phrase_object_first__person_first,platform,platform,ends,name_jesse,Jesse,obj_ball,ball,distance_phrase_object_first,distance_magnitude_phrase,locative_distance_subject,object_first,person_first,True,True,False,False,False,True,False,"In the platform, a short distance separates the ball and Jesse.","In the platform, a long distance separates the ball and Jesse.",Jesse is close to the ball.,Jesse is far from the ball.,11,13,11,13,6,8,6,8
platform__name_jesse__obj_ball__endpoint_placement__object_first,close_far_matched_scenes,1.1,platform__name_jesse__obj_ball,platform__name_jesse__obj_ball__object_first,platform__name_jesse__obj_ball__endpoint_placement,name_jesse__obj_ball__endpoint_placement__object_first,platform,platform,ends,name_jesse,Jesse,obj_ball,ball,endpoint_placement,physical_endpoint_placement,two_sentence_person_then_object,person_first,object_first,True,True,True,True,False,False,False,"In the platform, Jesse stands at one end. The ball rests at Jesse's feet.","In the platform, Jesse stands at one end. The ball rests at the other end.",The ball is close to Jesse.,The ball is far from Jesse.,15,18,15,18,6,7,6,7
platform__name_jesse__obj_ball__endpoint_placement__person_first,close_far_matched_scenes,1.1,platform__name_jesse__obj_ball,platform__name_jesse__obj_ball__person_first,platform__name_jesse__obj_ball__endpoint_placement,name_jesse__obj_ball__endpoint_placement__person_first,platform,platform,ends,name_jesse,Jesse,obj_ball,ball,endpoint_placement,physical_endpoint_placement,two_sentence_person_then_object,person_first,person_first,False,True,True,True,False,False,False,"In the platform, Jesse stands at one end. The ball rests at Jesse's feet.","In the platform, Jesse stands at one end. The ball rests at the other end.",Jesse is close to the ball.,Jesse is far from the ball.,15,18,15,18,6,8,6,8
platform__name_jesse__obj_bag__direct_label__object_first,close_far_matched_scenes,1.1,platform__name_jesse__obj_bag,platform__name_jesse__obj_bag__object_first,platform__name_jesse__obj_bag__direct_label,name_jesse__obj_bag__direct_label__object_first,platform,platform,ends,name_jesse,Jesse,obj_bag,bag,direct_label,explicit_relation,locative_object_subject,object_first,object_first,False,True,False,False,True,False,True,"In the platform, the bag is close to Jesse.","In the platform, the bag is far from Jesse.",The bag is close to Jesse.,The bag is far from Jesse.,9,11,9,11,6,7,6,7
platform__name_jesse__obj_bag__direct_label__person_first,close_far_matched_scenes,1.1,platform__name_jesse__obj_bag,platform__name_jesse__obj_bag__person_first,platform__name_jesse__obj_bag__direct_label,name_jesse__obj_bag__direct_label__person_first,platform,platform,ends,name_jesse,Jesse,obj_bag,bag,direct_label,explicit_relation,locative_object_subject,object_first,person_first,True,True,False,False,True,False,False,"In the platform, the bag is close to Jesse.","In the platform, the bag is far from Jesse.",Jesse is close to the bag.,Jesse is far from the bag.,9,11,9,11,6,8,6,8
platform__name_jesse__obj_bag__distance_phrase__object_first,close_far_matched_scenes,1.1,platform__name_jesse__obj_bag,platform__name_jesse__obj_bag__object_first,platform__name_jesse__obj_bag__distance_phrase,name_jesse__obj_bag__distance_phrase__object_first,platform,platform,ends,name_jesse,Jesse,obj_bag,bag,distance_phrase,distance_magnitude_phrase,locative_distance_subject,person_first,object_first,True,True,False,False,False,True,False,"In the platform, a short distance separates Jesse and the bag.","In the platform, a long distance separates Jesse and the bag.",The bag is close to Jesse.,The bag is far from Jesse.,11,13,11,13,6,7,6,7
platform__name_jesse__obj_bag__distance_phrase__person_first,close_far_matched_scenes,1.1,platform__name_jesse__obj_bag,platform__name_jesse__obj_bag__person_first,platform__name_jesse__obj_bag__distance_phrase,name_jesse__obj_bag__distance_phrase__person_first,platform,platform,ends,name_jesse,Jesse,obj_bag,bag,distance_phrase,distance_magnitude_phrase,locative_distance_subject,person_first,person_first,False,True,False,False,False,True,False,"In the platform, a short distance separates Jesse and the bag.","In the platform, a long distance separates Jesse and the bag.",Jesse is close to the bag.,Jesse is far from the bag.,11,13,11,13,6,8,6,8
platform__name_jesse__obj_bag__distance_phrase_object_first__object_first,close_far_matched_scenes,1.1,platform__name_jesse__obj_bag,platform__name_jesse__obj_bag__object_first,platform__name_jesse__obj_bag__distance_phrase_object_first,name_jesse__obj_bag__distance_phrase_object_first__object_first,platform,platform,ends,name_jesse,Jesse,obj_bag,bag,distance_phrase_object_first,distance_magnitude_phrase,locative_distance_subject,object_first,object_first,False,True,False,False,False,True,False,"In the platform, a short distance separates the bag and Jesse.","In the platform, a long distance separates the bag and Jesse.",The bag is close to Jesse.,The bag is far from Jesse.,11,13,11,13,6,7,6,7
platform__name_jesse__obj_bag__distance_phrase_object_first__person_first,close_far_matched_scenes,1.1,platform__name_jesse__obj_bag,platform__name_jesse__obj_bag__person_first,platform__name_jesse__obj_bag__distance_phrase_object_first,name_jesse__obj_bag__distance_phrase_object_first__person_first,platform,platform,ends,name_jesse,Jesse,obj_bag,bag,distance_phrase_object_first,distance_magnitude_phrase,locative_distance_subject,object_first,person_first,True,True,False,False,False,True,False,"In the platform, a short distance separates the bag and Jesse.","In the platform, a long distance separates the bag and Jesse.",Jesse is close to the bag.,Jesse is far from the bag.,11,13,11,13,6,8,6,8
platform__name_jesse__obj_bag__endpoint_placement__object_first,close_far_matched_scenes,1.1,platform__name_jesse__obj_bag,platform__name_jesse__obj_bag__object_first,platform__name_jesse__obj_bag__endpoint_placement,name_jesse__obj_bag__endpoint_placement__object_first,platform,platform,ends,name_jesse,Jesse,obj_bag,bag,endpoint_placement,physical_endpoint_placement,two_sentence_person_then_object,person_first,object_first,True,True,True,True,False,False,False,"In the platform, Jesse stands at one end. The bag rests at Jesse's feet.","In the platform, Jesse stands at one end. The bag rests at the other end.",The bag is close to Jesse.,The bag is far from Jesse.,15,18,15,18,6,7,6,7
platform__name_jesse__obj_bag__endpoint_placement__person_first,close_far_matched_scenes,1.1,platform__name_jesse__obj_bag,platform__name_jesse__obj_bag__person_first,platform__name_jesse__obj_bag__endpoint_placement,name_jesse__obj_bag__endpoint_placement__person_first,platform,platform,ends,name_jesse,Jesse,obj_bag,bag,endpoint_placement,physical_endpoint_placement,two_sentence_person_then_object,person_first,person_first,False,True,True,True,False,False,False,"In the platform, Jesse stands at one end. The bag rests at Jesse's feet.","In the platform, Jesse stands at one end. The bag rests at the other end.",Jesse is close to the bag.,Jesse is far from the bag.,15,18,15,18,6,8,6,8
platform__name_jesse__obj_book__direct_label__object_first,close_far_matched_scenes,1.1,platform__name_jesse__obj_book,platform__name_jesse__obj_book__object_first,platform__name_jesse__obj_book__direct_label,name_jesse__obj_book__direct_label__object_first,platform,platform,ends,name_jesse,Jesse,obj_book,book,direct_label,explicit_relation,locative_object_subject,object_first,object_first,False,True,False,False,True,False,True,"In the platform, the book is close to Jesse.","In the platform, the book is far from Jesse.",The book is close to Jesse.,The book is far from Jesse.,9,11,9,11,6,7,6,7
platform__name_jesse__obj_book__direct_label__person_first,close_far_matched_scenes,1.1,platform__name_jesse__obj_book,platform__name_jesse__obj_book__person_first,platform__name_jesse__obj_book__direct_label,name_jesse__obj_book__direct_label__person_first,platform,platform,ends,name_jesse,Jesse,obj_book,book,direct_label,explicit_relation,locative_object_subject,object_first,person_first,True,True,False,False,True,False,False,"In the platform, the book is close to Jesse.","In the platform, the book is far from Jesse.",Jesse is close to the book.,Jesse is far from the book.,9,11,9,11,6,8,6,8
platform__name_jesse__obj_book__distance_phrase__object_first,close_far_matched_scenes,1.1,platform__name_jesse__obj_book,platform__name_jesse__obj_book__object_first,platform__name_jesse__obj_book__distance_phrase,name_jesse__obj_book__distance_phrase__object_first,platform,platform,ends,name_jesse,Jesse,obj_book,book,distance_phrase,distance_magnitude_phrase,locative_distance_subject,person_first,object_first,True,True,False,False,False,True,False,"In the platform, a short distance separates Jesse and the book.","In the platform, a long distance separates Jesse and the book.",The book is close to Jesse.,The book is far from Jesse.,11,13,11,13,6,7,6,7
platform__name_jesse__obj_book__distance_phrase__person_first,close_far_matched_scenes,1.1,platform__name_jesse__obj_book,platform__name_jesse__obj_book__person_first,platform__name_jesse__obj_book__distance_phrase,name_jesse__obj_book__distance_phrase__person_first,platform,platform,ends,name_jesse,Jesse,obj_book,book,distance_phrase,distance_magnitude_phrase,locative_distance_subject,person_first,person_first,False,True,False,False,False,True,False,"In the platform, a short distance separates Jesse and the book.","In the platform, a long distance separates Jesse and the book.",Jesse is close to the book.,Jesse is far from the book.,11,13,11,13,6,8,6,8
platform__name_jesse__obj_book__distance_phrase_object_first__object_first,close_far_matched_scenes,1.1,platform__name_jesse__obj_book,platform__name_jesse__obj_book__object_first,platform__name_jesse__obj_book__distance_phrase_object_first,name_jesse__obj_book__distance_phrase_object_first__object_first,platform,platform,ends,name_jesse,Jesse,obj_book,book,distance_phrase_object_first,distance_magnitude_phrase,locative_distance_subject,object_first,object_first,False,True,False,False,False,True,False,"In the platform, a short distance separates the book and Jesse.","In the platform, a long distance separates the book and Jesse.",The book is close to Jesse.,The book is far from Jesse.,11,13,11,13,6,7,6,7
platform__name_jesse__obj_book__distance_phrase_object_first__person_first,close_far_matched_scenes,1.1,platform__name_jesse__obj_book,platform__name_jesse__obj_book__person_first,platform__name_jesse__obj_book__distance_phrase_object_first,name_jesse__obj_book__distance_phrase_object_first__person_first,platform,platform,ends,name_jesse,Jesse,obj_book,book,distance_phrase_object_first,distance_magnitude_phrase,locative_distance_subject,object_first,person_first,True,True,False,False,False,True,False,"In the platform, a short distance separates the book and Jesse.","In the platform, a long distance separates the book and Jesse.",Jesse is close to the book.,Jesse is far from the book.,11,13,11,13,6,8,6,8
platform__name_jesse__obj_book__endpoint_placement__object_first,close_far_matched_scenes,1.1,platform__name_jesse__obj_book,platform__name_jesse__obj_book__object_first,platform__name_jesse__obj_book__endpoint_placement,name_jesse__obj_book__endpoint_placement__object_first,platform,platform,ends,name_jesse,Jesse,obj_book,book,endpoint_placement,physical_endpoint_placement,two_sentence_person_then_object,person_first,object_first,True,True,True,True,False,False,False,"In the platform, Jesse stands at one end. The book rests at Jesse's feet.","In the platform, Jesse stands at one end. The book rests at the other end.",The book is close to Jesse.,The book is far from Jesse.,15,18,15,18,6,7,6,7
platform__name_jesse__obj_book__endpoint_placement__person_first,close_far_matched_scenes,1.1,platform__name_jesse__obj_book,platform__name_jesse__obj_book__person_first,platform__name_jesse__obj_book__endpoint_placement,name_jesse__obj_book__endpoint_placement__person_first,platform,platform,ends,name_jesse,Jesse,obj_book,book,endpoint_placement,physical_endpoint_placement,two_sentence_person_then_object,person_first,person_first,False,True,True,True,False,False,False,"In the platform, Jesse stands at one end. The book rests at Jesse's feet.","In the platform, Jesse stands at one end. The book rests at the other end.",Jesse is close to the book.,Jesse is far from the book.,15,18,15,18,6,8,6,8
platform__name_jesse__obj_cone__direct_label__object_first,close_far_matched_scenes,1.1,platform__name_jesse__obj_cone,platform__name_jesse__obj_cone__object_first,platform__name_jesse__obj_cone__direct_label,name_jesse__obj_cone__direct_label__object_first,platform,platform,ends,name_jesse,Jesse,obj_cone,cone,direct_label,explicit_relation,locative_object_subject,object_first,object_first,False,True,False,False,True,False,True,"In the platform, the cone is close to Jesse.","In the platform, the cone is far from Jesse.",The cone is close to Jesse.,The cone is far from Jesse.,9,11,9,11,6,7,6,7
platform__name_jesse__obj_cone__direct_label__person_first,close_far_matched_scenes,1.1,platform__name_jesse__obj_cone,platform__name_jesse__obj_cone__person_first,platform__name_jesse__obj_cone__direct_label,name_jesse__obj_cone__direct_label__person_first,platform,platform,ends,name_jesse,Jesse,obj_cone,cone,direct_label,explicit_relation,locative_object_subject,object_first,person_first,True,True,False,False,True,False,False,"In the platform, the cone is close to Jesse.","In the platform, the cone is far from Jesse.",Jesse is close to the cone.,Jesse is far from the cone.,9,11,9,11,6,8,6,8
platform__name_jesse__obj_cone__distance_phrase__object_first,close_far_matched_scenes,1.1,platform__name_jesse__obj_cone,platform__name_jesse__obj_cone__object_first,platform__name_jesse__obj_cone__distance_phrase,name_jesse__obj_cone__distance_phrase__object_first,platform,platform,ends,name_jesse,Jesse,obj_cone,cone,distance_phrase,distance_magnitude_phrase,locative_distance_subject,person_first,object_first,True,True,False,False,False,True,False,"In the platform, a short distance separates Jesse and the cone.","In the platform, a long distance separates Jesse and the cone.",The cone is close to Jesse.,The cone is far from Jesse.,11,13,11,13,6,7,6,7
platform__name_jesse__obj_cone__distance_phrase__person_first,close_far_matched_scenes,1.1,platform__name_jesse__obj_cone,platform__name_jesse__obj_cone__person_first,platform__name_jesse__obj_cone__distance_phrase,name_jesse__obj_cone__distance_phrase__person_first,platform,platform,ends,name_jesse,Jesse,obj_cone,cone,distance_phrase,distance_magnitude_phrase,locative_distance_subject,person_first,person_first,False,True,False,False,False,True,False,"In the platform, a short distance separates Jesse and the cone.","In the platform, a long distance separates Jesse and the cone.",Jesse is close to the cone.,Jesse is far from the cone.,11,13,11,13,6,8,6,8
platform__name_jesse__obj_cone__distance_phrase_object_first__object_first,close_far_matched_scenes,1.1,platform__name_jesse__obj_cone,platform__name_jesse__obj_cone__object_first,platform__name_jesse__obj_cone__distance_phrase_object_first,name_jesse__obj_cone__distance_phrase_object_first__object_first,platform,platform,ends,name_jesse,Jesse,obj_cone,cone,distance_phrase_object_first,distance_magnitude_phrase,locative_distance_subject,object_first,object_first,False,True,False,False,False,True,False,"In the platform, a short distance separates the cone and Jesse.","In the platform, a long distance separates the cone and Jesse.",The cone is close to Jesse.,The cone is far from Jesse.,11,13,11,13,6,7,6,7
platform__name_jesse__obj_cone__distance_phrase_object_first__person_first,close_far_matched_scenes,1.1,platform__name_jesse__obj_cone,platform__name_jesse__obj_cone__person_first,platform__name_jesse__obj_cone__distance_phrase_object_first,name_jesse__obj_cone__distance_phrase_object_first__person_first,platform,platform,ends,name_jesse,Jesse,obj_cone,cone,distance_phrase_object_first,distance_magnitude_phrase,locative_distance_subject,object_first,person_first,True,True,False,False,False,True,False,"In the platform, a short distance separates the cone and Jesse.","In the platform, a long distance separates the cone and Jesse.",Jesse is close to the cone.,Jesse is far from the cone.,11,13,11,13,6,8,6,8
platform__name_jesse__obj_cone__endpoint_placement__object_first,close_far_matched_scenes,1.1,platform__name_jesse__obj_cone,platform__name_jesse__obj_cone__object_first,platform__name_jesse__obj_cone__endpoint_placement,name_jesse__obj_cone__endpoint_placement__object_first,platform,platform,ends,name_jesse,Jesse,obj_cone,cone,endpoint_placement,physical_endpoint_placement,two_sentence_person_then_object,person_first,object_first,True,True,True,True,False,False,False,"In the platform, Jesse stands at one end. The cone rests at Jesse's feet.","In the platform, Jesse stands at one end. The cone rests at the other end.",The cone is close to Jesse.,The cone is far from Jesse.,15,18,15,18,6,7,6,7
platform__name_jesse__obj_cone__endpoint_placement__person_first,close_far_matched_scenes,1.1,platform__name_jesse__obj_cone,platform__name_jesse__obj_cone__person_first,platform__name_jesse__obj_cone__endpoint_placement,name_jesse__obj_cone__endpoint_placement__person_first,platform,platform,ends,name_jesse,Jesse,obj_cone,cone,endpoint_placement,physical_endpoint_placement,two_sentence_person_then_object,person_first,person_first,False,True,True,True,False,False,False,"In the platform, Jesse stands at one end. The cone rests at Jesse's feet.","In the platform, Jesse stands at one end. The cone rests at the other end.",Jesse is close to the cone.,Jesse is far from the cone.,15,18,15,18,6,8,6,8
platform__name_jesse__obj_helmet__direct_label__object_first,close_far_matched_scenes,1.1,platform__name_jesse__obj_helmet,platform__name_jesse__obj_helmet__object_first,platform__name_jesse__obj_helmet__direct_label,name_jesse__obj_helmet__direct_label__object_first,platform,platform,ends,name_jesse,Jesse,obj_helmet,helmet,direct_label,explicit_relation,locative_object_subject,object_first,object_first,False,True,False,False,True,False,True,"In the platform, the helmet is close to Jesse.","In the platform, the helmet is far from Jesse.",The helmet is close to Jesse.,The helmet is far from Jesse.,9,11,9,11,6,7,6,7
platform__name_jesse__obj_helmet__direct_label__person_first,close_far_matched_scenes,1.1,platform__name_jesse__obj_helmet,platform__name_jesse__obj_helmet__person_first,platform__name_jesse__obj_helmet__direct_label,name_jesse__obj_helmet__direct_label__person_first,platform,platform,ends,name_jesse,Jesse,obj_helmet,helmet,direct_label,explicit_relation,locative_object_subject,object_first,person_first,True,True,False,False,True,False,False,"In the platform, the helmet is close to Jesse.","In the platform, the helmet is far from Jesse.",Jesse is close to the helmet.,Jesse is far from the helmet.,9,11,9,11,6,8,6,8
platform__name_jesse__obj_helmet__distance_phrase__object_first,close_far_matched_scenes,1.1,platform__name_jesse__obj_helmet,platform__name_jesse__obj_helmet__object_first,platform__name_jesse__obj_helmet__distance_phrase,name_jesse__obj_helmet__distance_phrase__object_first,platform,platform,ends,name_jesse,Jesse,obj_helmet,helmet,distance_phrase,distance_magnitude_phrase,locative_distance_subject,person_first,object_first,True,True,False,False,False,True,False,"In the platform, a short distance separates Jesse and the helmet.","In the platform, a long distance separates Jesse and the helmet.",The helmet is close to Jesse.,The helmet is far from Jesse.,11,13,11,13,6,7,6,7
platform__name_jesse__obj_helmet__distance_phrase__person_first,close_far_matched_scenes,1.1,platform__name_jesse__obj_helmet,platform__name_jesse__obj_helmet__person_first,platform__name_jesse__obj_helmet__distance_phrase,name_jesse__obj_helmet__distance_phrase__person_first,platform,platform,ends,name_jesse,Jesse,obj_helmet,helmet,distance_phrase,distance_magnitude_phrase,locative_distance_subject,person_first,person_first,False,True,False,False,False,True,False,"In the platform, a short distance separates Jesse and the helmet.","In the platform, a long distance separates Jesse and the helmet.",Jesse is close to the helmet.,Jesse is far from the helmet.,11,13,11,13,6,8,6,8
platform__name_jesse__obj_helmet__distance_phrase_object_first__object_first,close_far_matched_scenes,1.1,platform__name_jesse__obj_helmet,platform__name_jesse__obj_helmet__object_first,platform__name_jesse__obj_helmet__distance_phrase_object_first,name_jesse__obj_helmet__distance_phrase_object_first__object_first,platform,platform,ends,name_jesse,Jesse,obj_helmet,helmet,distance_phrase_object_first,distance_magnitude_phrase,locative_distance_subject,object_first,object_first,False,True,False,False,False,True,False,"In the platform, a short distance separates the helmet and Jesse.","In the platform, a long distance separates the helmet and Jesse.",The helmet is close to Jesse.,The helmet is far from Jesse.,11,13,11,13,6,7,6,7
platform__name_jesse__obj_helmet__distance_phrase_object_first__person_first,close_far_matched_scenes,1.1,platform__name_jesse__obj_helmet,platform__name_jesse__obj_helmet__person_first,platform__name_jesse__obj_helmet__distance_phrase_object_first,name_jesse__obj_helmet__distance_phrase_object_first__person_first,platform,platform,ends,name_jesse,Jesse,obj_helmet,helmet,distance_phrase_object_first,distance_magnitude_phrase,locative_distance_subject,object_first,person_first,True,True,False,False,False,True,False,"In the platform, a short distance separates the helmet and Jesse.","In the platform, a long distance separates the helmet and Jesse.",Jesse is close to the helmet.,Jesse is far from the helmet.,11,13,11,13,6,8,6,8
platform__name_jesse__obj_helmet__endpoint_placement__object_first,close_far_matched_scenes,1.1,platform__name_jesse__obj_helmet,platform__name_jesse__obj_helmet__object_first,platform__name_jesse__obj_helmet__endpoint_placement,name_jesse__obj_helmet__endpoint_placement__object_first,platform,platform,ends,name_jesse,Jesse,obj_helmet,helmet,endpoint_placement,physical_endpoint_placement,two_sentence_person_then_object,person_first,object_first,True,True,True,True,False,False,False,"In the platform, Jesse stands at one end. The helmet rests at Jesse's feet.","In the platform, Jesse stands at one end. The helmet rests at the other end.",The helmet is close to Jesse.,The helmet is far from Jesse.,15,18,15,18,6,7,6,7
platform__name_jesse__obj_helmet__endpoint_placement__person_first,close_far_matched_scenes,1.1,platform__name_jesse__obj_helmet,platform__name_jesse__obj_helmet__person_first,platform__name_jesse__obj_helmet__endpoint_placement,name_jesse__obj_helmet__endpoint_placement__person_first,platform,platform,ends,name_jesse,Jesse,obj_helmet,helmet,endpoint_placement,physical_endpoint_placement,two_sentence_person_then_object,person_first,person_first,False,True,True,True,False,False,False,"In the platform, Jesse stands at one end. The helmet rests at Jesse's feet.","In the platform, Jesse stands at one end. The helmet rests at the other end.",Jesse is close to the helmet.,Jesse is far from the helmet.,15,18,15,18,6,8,6,8
platform__name_jesse__obj_cup__direct_label__object_first,close_far_matched_scenes,1.1,platform__name_jesse__obj_cup,platform__name_jesse__obj_cup__object_first,platform__name_jesse__obj_cup__direct_label,name_jesse__obj_cup__direct_label__object_first,platform,platform,ends,name_jesse,Jesse,obj_cup,cup,direct_label,explicit_relation,locative_object_subject,object_first,object_first,False,True,False,False,True,False,True,"In the platform, the cup is close to Jesse.","In the platform, the cup is far from Jesse.",The cup is close to Jesse.,The cup is far from Jesse.,9,11,9,11,6,7,6,7
platform__name_jesse__obj_cup__direct_label__person_first,close_far_matched_scenes,1.1,platform__name_jesse__obj_cup,platform__name_jesse__obj_cup__person_first,platform__name_jesse__obj_cup__direct_label,name_jesse__obj_cup__direct_label__person_first,platform,platform,ends,name_jesse,Jesse,obj_cup,cup,direct_label,explicit_relation,locative_object_subject,object_first,person_first,True,True,False,False,True,False,False,"In the platform, the cup is close to Jesse.","In the platform, the cup is far from Jesse.",Jesse is close to the cup.,Jesse is far from the cup.,9,11,9,11,6,8,6,8
platform__name_jesse__obj_cup__distance_phrase__object_first,close_far_matched_scenes,1.1,platform__name_jesse__obj_cup,platform__name_jesse__obj_cup__object_first,platform__name_jesse__obj_cup__distance_phrase,name_jesse__obj_cup__distance_phrase__object_first,platform,platform,ends,name_jesse,Jesse,obj_cup,cup,distance_phrase,distance_magnitude_phrase,locative_distance_subject,person_first,object_first,True,True,False,False,False,True,False,"In the platform, a short distance separates Jesse and the cup.","In the platform, a long distance separates Jesse and the cup.",The cup is close to Jesse.,The cup is far from Jesse.,11,13,11,13,6,7,6,7
platform__name_jesse__obj_cup__distance_phrase__person_first,close_far_matched_scenes,1.1,platform__name_jesse__obj_cup,platform__name_jesse__obj_cup__person_first,platform__name_jesse__obj_cup__distance_phrase,name_jesse__obj_cup__distance_phrase__person_first,platform,platform,ends,name_jesse,Jesse,obj_cup,cup,distance_phrase,distance_magnitude_phrase,locative_distance_subject,person_first,person_first,False,True,False,False,False,True,False,"In the platform, a short distance separates Jesse and the cup.","In the platform, a long distance separates Jesse and the cup.",Jesse is close to the cup.,Jesse is far from the cup.,11,13,11,13,6,8,6,8
platform__name_jesse__obj_cup__distance_phrase_object_first__object_first,close_far_matched_scenes,1.1,platform__name_jesse__obj_cup,platform__name_jesse__obj_cup__object_first,platform__name_jesse__obj_cup__distance_phrase_object_first,name_jesse__obj_cup__distance_phrase_object_first__object_first,platform,platform,ends,name_jesse,Jesse,obj_cup,cup,distance_phrase_object_first,distance_magnitude_phrase,locative_distance_subject,object_first,object_first,False,True,False,False,False,True,False,"In the platform, a short distance separates the cup and Jesse.","In the platform, a long distance separates the cup and Jesse.",The cup is close to Jesse.,The cup is far from Jesse.,11,13,11,13,6,7,6,7
platform__name_jesse__obj_cup__distance_phrase_object_first__person_first,close_far_matched_scenes,1.1,platform__name_jesse__obj_cup,platform__name_jesse__obj_cup__person_first,platform__name_jesse__obj_cup__distance_phrase_object_first,name_jesse__obj_cup__distance_phrase_object_first__person_first,platform,platform,ends,name_jesse,Jesse,obj_cup,cup,distance_phrase_object_first,distance_magnitude_phrase,locative_distance_subject,object_first,person_first,True,True,False,False,False,True,False,"In the platform, a short distance separates the cup and Jesse.","In the platform, a long distance separates the cup and Jesse.",Jesse is close to the cup.,Jesse is far from the cup.,11,13,11,13,6,8,6,8
platform__name_jesse__obj_cup__endpoint_placement__object_first,close_far_matched_scenes,1.1,platform__name_jesse__obj_cup,platform__name_jesse__obj_cup__object_first,platform__name_jesse__obj_cup__endpoint_placement,name_jesse__obj_cup__endpoint_placement__object_first,platform,platform,ends,name_jesse,Jesse,obj_cup,cup,endpoint_placement,physical_endpoint_placement,two_sentence_person_then_object,person_first,object_first,True,True,True,True,False,False,False,"In the platform, Jesse stands at one end. The cup rests at Jesse's feet.","In the platform, Jesse stands at one end. The cup rests at the other end.",The cup is close to Jesse.,The cup is far from Jesse.,15,18,15,18,6,7,6,7
platform__name_jesse__obj_cup__endpoint_placement__person_first,close_far_matched_scenes,1.1,platform__name_jesse__obj_cup,platform__name_jesse__obj_cup__person_first,platform__name_jesse__obj_cup__endpoint_placement,name_jesse__obj_cup__endpoint_placement__person_first,platform,platform,ends,name_jesse,Jesse,obj_cup,cup,endpoint_placement,physical_endpoint_placement,two_sentence_person_then_object,person_first,person_first,False,True,True,True,False,False,False,"In the platform, Jesse stands at one end. The cup rests at Jesse's feet.","In the platform, Jesse stands at one end. The cup rests at the other end.",Jesse is close to the cup.,Jesse is far from the cup.,15,18,15,18,6,8,6,8
platform__name_jesse__obj_key__direct_label__object_first,close_far_matched_scenes,1.1,platform__name_jesse__obj_key,platform__name_jesse__obj_key__object_first,platform__name_jesse__obj_key__direct_label,name_jesse__obj_key__direct_label__object_first,platform,platform,ends,name_jesse,Jesse,obj_key,key,direct_label,explicit_relation,locative_object_subject,object_first,object_first,False,True,False,False,True,False,True,"In the platform, the key is close to Jesse.","In the platform, the key is far from Jesse.",The key is close to Jesse.,The key is far from Jesse.,9,11,9,11,6,7,6,7
platform__name_jesse__obj_key__direct_label__person_first,close_far_matched_scenes,1.1,platform__name_jesse__obj_key,platform__name_jesse__obj_key__person_first,platform__name_jesse__obj_key__direct_label,name_jesse__obj_key__direct_label__person_first,platform,platform,ends,name_jesse,Jesse,obj_key,key,direct_label,explicit_relation,locative_object_subject,object_first,person_first,True,True,False,False,True,False,False,"In the platform, the key is close to Jesse.","In the platform, the key is far from Jesse.",Jesse is close to the key.,Jesse is far from the key.,9,11,9,11,6,8,6,8
platform__name_jesse__obj_key__distance_phrase__object_first,close_far_matched_scenes,1.1,platform__name_jesse__obj_key,platform__name_jesse__obj_key__object_first,platform__name_jesse__obj_key__distance_phrase,name_jesse__obj_key__distance_phrase__object_first,platform,platform,ends,name_jesse,Jesse,obj_key,key,distance_phrase,distance_magnitude_phrase,locative_distance_subject,person_first,object_first,True,True,False,False,False,True,False,"In the platform, a short distance separates Jesse and the key.","In the platform, a long distance separates Jesse and the key.",The key is close to Jesse.,The key is far from Jesse.,11,13,11,13,6,7,6,7
platform__name_jesse__obj_key__distance_phrase__person_first,close_far_matched_scenes,1.1,platform__name_jesse__obj_key,platform__name_jesse__obj_key__person_first,platform__name_jesse__obj_key__distance_phrase,name_jesse__obj_key__distance_phrase__person_first,platform,platform,ends,name_jesse,Jesse,obj_key,key,distance_phrase,distance_magnitude_phrase,locative_distance_subject,person_first,person_first,False,True,False,False,False,True,False,"In the platform, a short distance separates Jesse and the key.","In the platform, a long distance separates Jesse and the key.",Jesse is close to the key.,Jesse is far from the key.,11,13,11,13,6,8,6,8
platform__name_jesse__obj_key__distance_phrase_object_first__object_first,close_far_matched_scenes,1.1,platform__name_jesse__obj_key,platform__name_jesse__obj_key__object_first,platform__name_jesse__obj_key__distance_phrase_object_first,name_jesse__obj_key__distance_phrase_object_first__object_first,platform,platform,ends,name_jesse,Jesse,obj_key,key,distance_phrase_object_first,distance_magnitude_phrase,locative_distance_subject,object_first,object_first,False,True,False,False,False,True,False,"In the platform, a short distance separates the key and Jesse.","In the platform, a long distance separates the key and Jesse.",The key is close to Jesse.,The key is far from Jesse.,11,13,11,13,6,7,6,7
platform__name_jesse__obj_key__distance_phrase_object_first__person_first,close_far_matched_scenes,1.1,platform__name_jesse__obj_key,platform__name_jesse__obj_key__person_first,platform__name_jesse__obj_key__distance_phrase_object_first,name_jesse__obj_key__distance_phrase_object_first__person_first,platform,platform,ends,name_jesse,Jesse,obj_key,key,distance_phrase_object_first,distance_magnitude_phrase,locative_distance_subject,object_first,person_first,True,True,False,False,False,True,False,"In the platform, a short distance separates the key and Jesse.","In the platform, a long distance separates the key and Jesse.",Jesse is close to the key.,Jesse is far from the key.,11,13,11,13,6,8,6,8
platform__name_jesse__obj_key__endpoint_placement__object_first,close_far_matched_scenes,1.1,platform__name_jesse__obj_key,platform__name_jesse__obj_key__object_first,platform__name_jesse__obj_key__endpoint_placement,name_jesse__obj_key__endpoint_placement__object_first,platform,platform,ends,name_jesse,Jesse,obj_key,key,endpoint_placement,physical_endpoint_placement,two_sentence_person_then_object,person_first,object_first,True,True,True,True,False,False,False,"In the platform, Jesse stands at one end. The key rests at Jesse's feet.","In the platform, Jesse stands at one end. The key rests at the other end.",The key is close to Jesse.,The key is far from Jesse.,15,18,15,18,6,7,6,7
platform__name_jesse__obj_key__endpoint_placement__person_first,close_far_matched_scenes,1.1,platform__name_jesse__obj_key,platform__name_jesse__obj_key__person_first,platform__name_jesse__obj_key__endpoint_placement,name_jesse__obj_key__endpoint_placement__person_first,platform,platform,ends,name_jesse,Jesse,obj_key,key,endpoint_placement,physical_endpoint_placement,two_sentence_person_then_object,person_first,person_first,False,True,True,True,False,False,False,"In the platform, Jesse stands at one end. The key rests at Jesse's feet.","In the platform, Jesse stands at one end. The key rests at the other end.",Jesse is close to the key.,Jesse is far from the key.,15,18,15,18,6,8,6,8
platform__name_jesse__obj_box__direct_label__object_first,close_far_matched_scenes,1.1,platform__name_jesse__obj_box,platform__name_jesse__obj_box__object_first,platform__name_jesse__obj_box__direct_label,name_jesse__obj_box__direct_label__object_first,platform,platform,ends,name_jesse,Jesse,obj_box,box,direct_label,explicit_relation,locative_object_subject,object_first,object_first,False,True,False,False,True,False,True,"In the platform, the box is close to Jesse.","In the platform, the box is far from Jesse.",The box is close to Jesse.,The box is far from Jesse.,9,11,9,11,6,7,6,7
platform__name_jesse__obj_box__direct_label__person_first,close_far_matched_scenes,1.1,platform__name_jesse__obj_box,platform__name_jesse__obj_box__person_first,platform__name_jesse__obj_box__direct_label,name_jesse__obj_box__direct_label__person_first,platform,platform,ends,name_jesse,Jesse,obj_box,box,direct_label,explicit_relation,locative_object_subject,object_first,person_first,True,True,False,False,True,False,False,"In the platform, the box is close to Jesse.","In the platform, the box is far from Jesse.",Jesse is close to the box.,Jesse is far from the box.,9,11,9,11,6,8,6,8
platform__name_jesse__obj_box__distance_phrase__object_first,close_far_matched_scenes,1.1,platform__name_jesse__obj_box,platform__name_jesse__obj_box__object_first,platform__name_jesse__obj_box__distance_phrase,name_jesse__obj_box__distance_phrase__object_first,platform,platform,ends,name_jesse,Jesse,obj_box,box,distance_phrase,distance_magnitude_phrase,locative_distance_subject,person_first,object_first,True,True,False,False,False,True,False,"In the platform, a short distance separates Jesse and the box.","In the platform, a long distance separates Jesse and the box.",The box is close to Jesse.,The box is far from Jesse.,11,13,11,13,6,7,6,7
platform__name_jesse__obj_box__distance_phrase__person_first,close_far_matched_scenes,1.1,platform__name_jesse__obj_box,platform__name_jesse__obj_box__person_first,platform__name_jesse__obj_box__distance_phrase,name_jesse__obj_box__distance_phrase__person_first,platform,platform,ends,name_jesse,Jesse,obj_box,box,distance_phrase,distance_magnitude_phrase,locative_distance_subject,person_first,person_first,False,True,False,False,False,True,False,"In the platform, a short distance separates Jesse and the box.","In the platform, a long distance separates Jesse and the box.",Jesse is close to the box.,Jesse is far from the box.,11,13,11,13,6,8,6,8
platform__name_jesse__obj_box__distance_phrase_object_first__object_first,close_far_matched_scenes,1.1,platform__name_jesse__obj_box,platform__name_jesse__obj_box__object_first,platform__name_jesse__obj_box__distance_phrase_object_first,name_jesse__obj_box__distance_phrase_object_first__object_first,platform,platform,ends,name_jesse,Jesse,obj_box,box,distance_phrase_object_first,distance_magnitude_phrase,locative_distance_subject,object_first,object_first,False,True,False,False,False,True,False,"In the platform, a short distance separates the box and Jesse.","In the platform, a long distance separates the box and Jesse.",The box is close to Jesse.,The box is far from Jesse.,11,13,11,13,6,7,6,7
platform__name_jesse__obj_box__distance_phrase_object_first__person_first,close_far_matched_scenes,1.1,platform__name_jesse__obj_box,platform__name_jesse__obj_box__person_first,platform__name_jesse__obj_box__distance_phrase_object_first,name_jesse__obj_box__distance_phrase_object_first__person_first,platform,platform,ends,name_jesse,Jesse,obj_box,box,distance_phrase_object_first,distance_magnitude_phrase,locative_distance_subject,object_first,person_first,True,True,False,False,False,True,False,"In the platform, a short distance separates the box and Jesse.","In the platform, a long distance separates the box and Jesse.",Jesse is close to the box.,Jesse is far from the box.,11,13,11,13,6,8,6,8
platform__name_jesse__obj_box__endpoint_placement__object_first,close_far_matched_scenes,1.1,platform__name_jesse__obj_box,platform__name_jesse__obj_box__object_first,platform__name_jesse__obj_box__endpoint_placement,name_jesse__obj_box__endpoint_placement__object_first,platform,platform,ends,name_jesse,Jesse,obj_box,box,endpoint_placement,physical_endpoint_placement,two_sentence_person_then_object,person_first,object_first,True,True,True,True,False,False,False,"In the platform, Jesse stands at one end. The box rests at Jesse's feet.","In the platform, Jesse stands at one end. The box rests at the other end.",The box is close to Jesse.,The box is far from Jesse.,15,18,15,18,6,7,6,7
platform__name_jesse__obj_box__endpoint_placement__person_first,close_far_matched_scenes,1.1,platform__name_jesse__obj_box,platform__name_jesse__obj_box__person_first,platform__name_jesse__obj_box__endpoint_placement,name_jesse__obj_box__endpoint_placement__person_first,platform,platform,ends,name_jesse,Jesse,obj_box,box,endpoint_placement,physical_endpoint_placement,two_sentence_person_then_object,person_first,person_first,False,True,True,True,False,False,False,"In the platform, Jesse stands at one end. The box rests at Jesse's feet.","In the platform, Jesse stands at one end. The box rests at the other end.",Jesse is close to the box.,Jesse is far from the box.,15,18,15,18,6,8,6,8
platform__name_li__obj_ball__direct_label__object_first,close_far_matched_scenes,1.1,platform__name_li__obj_ball,platform__name_li__obj_ball__object_first,platform__name_li__obj_ball__direct_label,name_li__obj_ball__direct_label__object_first,platform,platform,ends,name_li,Li,obj_ball,ball,direct_label,explicit_relation,locative_object_subject,object_first,object_first,False,True,False,False,True,False,True,"In the platform, the ball is close to Li.","In the platform, the ball is far from Li.",The ball is close to Li.,The ball is far from Li.,9,11,9,11,6,7,6,7
platform__name_li__obj_ball__direct_label__person_first,close_far_matched_scenes,1.1,platform__name_li__obj_ball,platform__name_li__obj_ball__person_first,platform__name_li__obj_ball__direct_label,name_li__obj_ball__direct_label__person_first,platform,platform,ends,name_li,Li,obj_ball,ball,direct_label,explicit_relation,locative_object_subject,object_first,person_first,True,True,False,False,True,False,False,"In the platform, the ball is close to Li.","In the platform, the ball is far from Li.",Li is close to the ball.,Li is far from the ball.,9,11,9,11,6,7,6,7
platform__name_li__obj_ball__distance_phrase__object_first,close_far_matched_scenes,1.1,platform__name_li__obj_ball,platform__name_li__obj_ball__object_first,platform__name_li__obj_ball__distance_phrase,name_li__obj_ball__distance_phrase__object_first,platform,platform,ends,name_li,Li,obj_ball,ball,distance_phrase,distance_magnitude_phrase,locative_distance_subject,person_first,object_first,True,True,False,False,False,True,False,"In the platform, a short distance separates Li and the ball.","In the platform, a long distance separates Li and the ball.",The ball is close to Li.,The ball is far from Li.,11,13,11,13,6,7,6,7
platform__name_li__obj_ball__distance_phrase__person_first,close_far_matched_scenes,1.1,platform__name_li__obj_ball,platform__name_li__obj_ball__person_first,platform__name_li__obj_ball__distance_phrase,name_li__obj_ball__distance_phrase__person_first,platform,platform,ends,name_li,Li,obj_ball,ball,distance_phrase,distance_magnitude_phrase,locative_distance_subject,person_first,person_first,False,True,False,False,False,True,False,"In the platform, a short distance separates Li and the ball.","In the platform, a long distance separates Li and the ball.",Li is close to the ball.,Li is far from the ball.,11,13,11,13,6,7,6,7
platform__name_li__obj_ball__distance_phrase_object_first__object_first,close_far_matched_scenes,1.1,platform__name_li__obj_ball,platform__name_li__obj_ball__object_first,platform__name_li__obj_ball__distance_phrase_object_first,name_li__obj_ball__distance_phrase_object_first__object_first,platform,platform,ends,name_li,Li,obj_ball,ball,distance_phrase_object_first,distance_magnitude_phrase,locative_distance_subject,object_first,object_first,False,True,False,False,False,True,False,"In the platform, a short distance separates the ball and Li.","In the platform, a long distance separates the ball and Li.",The ball is close to Li.,The ball is far from Li.,11,13,11,13,6,7,6,7
platform__name_li__obj_ball__distance_phrase_object_first__person_first,close_far_matched_scenes,1.1,platform__name_li__obj_ball,platform__name_li__obj_ball__person_first,platform__name_li__obj_ball__distance_phrase_object_first,name_li__obj_ball__distance_phrase_object_first__person_first,platform,platform,ends,name_li,Li,obj_ball,ball,distance_phrase_object_first,distance_magnitude_phrase,locative_distance_subject,object_first,person_first,True,True,False,False,False,True,False,"In the platform, a short distance separates the ball and Li.","In the platform, a long distance separates the ball and Li.",Li is close to the ball.,Li is far from the ball.,11,13,11,13,6,7,6,7
platform__name_li__obj_ball__endpoint_placement__object_first,close_far_matched_scenes,1.1,platform__name_li__obj_ball,platform__name_li__obj_ball__object_first,platform__name_li__obj_ball__endpoint_placement,name_li__obj_ball__endpoint_placement__object_first,platform,platform,ends,name_li,Li,obj_ball,ball,endpoint_placement,physical_endpoint_placement,two_sentence_person_then_object,person_first,object_first,True,True,True,True,False,False,False,"In the platform, Li stands at one end. The ball rests at Li's feet.","In the platform, Li stands at one end. The ball rests at the other end.",The ball is close to Li.,The ball is far from Li.,15,18,15,18,6,7,6,7
platform__name_li__obj_ball__endpoint_placement__person_first,close_far_matched_scenes,1.1,platform__name_li__obj_ball,platform__name_li__obj_ball__person_first,platform__name_li__obj_ball__endpoint_placement,name_li__obj_ball__endpoint_placement__person_first,platform,platform,ends,name_li,Li,obj_ball,ball,endpoint_placement,physical_endpoint_placement,two_sentence_person_then_object,person_first,person_first,False,True,True,True,False,False,False,"In the platform, Li stands at one end. The ball rests at Li's feet.","In the platform, Li stands at one end. The ball rests at the other end.",Li is close to the ball.,Li is far from the ball.,15,18,15,18,6,7,6,7
platform__name_li__obj_bag__direct_label__object_first,close_far_matched_scenes,1.1,platform__name_li__obj_bag,platform__name_li__obj_bag__object_first,platform__name_li__obj_bag__direct_label,name_li__obj_bag__direct_label__object_first,platform,platform,ends,name_li,Li,obj_bag,bag,direct_label,explicit_relation,locative_object_subject,object_first,object_first,False,True,False,False,True,False,True,"In the platform, the bag is close to Li.","In the platform, the bag is far from Li.",The bag is close to Li.,The bag is far from Li.,9,11,9,11,6,7,6,7
platform__name_li__obj_bag__direct_label__person_first,close_far_matched_scenes,1.1,platform__name_li__obj_bag,platform__name_li__obj_bag__person_first,platform__name_li__obj_bag__direct_label,name_li__obj_bag__direct_label__person_first,platform,platform,ends,name_li,Li,obj_bag,bag,direct_label,explicit_relation,locative_object_subject,object_first,person_first,True,True,False,False,True,False,False,"In the platform, the bag is close to Li.","In the platform, the bag is far from Li.",Li is close to the bag.,Li is far from the bag.,9,11,9,11,6,7,6,7
platform__name_li__obj_bag__distance_phrase__object_first,close_far_matched_scenes,1.1,platform__name_li__obj_bag,platform__name_li__obj_bag__object_first,platform__name_li__obj_bag__distance_phrase,name_li__obj_bag__distance_phrase__object_first,platform,platform,ends,name_li,Li,obj_bag,bag,distance_phrase,distance_magnitude_phrase,locative_distance_subject,person_first,object_first,True,True,False,False,False,True,False,"In the platform, a short distance separates Li and the bag.","In the platform, a long distance separates Li and the bag.",The bag is close to Li.,The bag is far from Li.,11,13,11,13,6,7,6,7
platform__name_li__obj_bag__distance_phrase__person_first,close_far_matched_scenes,1.1,platform__name_li__obj_bag,platform__name_li__obj_bag__person_first,platform__name_li__obj_bag__distance_phrase,name_li__obj_bag__distance_phrase__person_first,platform,platform,ends,name_li,Li,obj_bag,bag,distance_phrase,distance_magnitude_phrase,locative_distance_subject,person_first,person_first,False,True,False,False,False,True,False,"In the platform, a short distance separates Li and the bag.","In the platform, a long distance separates Li and the bag.",Li is close to the bag.,Li is far from the bag.,11,13,11,13,6,7,6,7
platform__name_li__obj_bag__distance_phrase_object_first__object_first,close_far_matched_scenes,1.1,platform__name_li__obj_bag,platform__name_li__obj_bag__object_first,platform__name_li__obj_bag__distance_phrase_object_first,name_li__obj_bag__distance_phrase_object_first__object_first,platform,platform,ends,name_li,Li,obj_bag,bag,distance_phrase_object_first,distance_magnitude_phrase,locative_distance_subject,object_first,object_first,False,True,False,False,False,True,False,"In the platform, a short distance separates the bag and Li.","In the platform, a long distance separates the bag and Li.",The bag is close to Li.,The bag is far from Li.,11,13,11,13,6,7,6,7
platform__name_li__obj_bag__distance_phrase_object_first__person_first,close_far_matched_scenes,1.1,platform__name_li__obj_bag,platform__name_li__obj_bag__person_first,platform__name_li__obj_bag__distance_phrase_object_first,name_li__obj_bag__distance_phrase_object_first__person_first,platform,platform,ends,name_li,Li,obj_bag,bag,distance_phrase_object_first,distance_magnitude_phrase,locative_distance_subject,object_first,person_first,True,True,False,False,False,True,False,"In the platform, a short distance separates the bag and Li.","In the platform, a long distance separates the bag and Li.",Li is close to the bag.,Li is far from the bag.,11,13,11,13,6,7,6,7
platform__name_li__obj_bag__endpoint_placement__object_first,close_far_matched_scenes,1.1,platform__name_li__obj_bag,platform__name_li__obj_bag__object_first,platform__name_li__obj_bag__endpoint_placement,name_li__obj_bag__endpoint_placement__object_first,platform,platform,ends,name_li,Li,obj_bag,bag,endpoint_placement,physical_endpoint_placement,two_sentence_person_then_object,person_first,object_first,True,True,True,True,False,False,False,"In the platform, Li stands at one end. The bag rests at Li's feet.","In the platform, Li stands at one end. The bag rests at the other end.",The bag is close to Li.,The bag is far from Li.,15,18,15,18,6,7,6,7
platform__name_li__obj_bag__endpoint_placement__person_first,close_far_matched_scenes,1.1,platform__name_li__obj_bag,platform__name_li__obj_bag__person_first,platform__name_li__obj_bag__endpoint_placement,name_li__obj_bag__endpoint_placement__person_first,platform,platform,ends,name_li,Li,obj_bag,bag,endpoint_placement,physical_endpoint_placement,two_sentence_person_then_object,person_first,person_first,False,True,True,True,False,False,False,"In the platform, Li stands at one end. The bag rests at Li's feet.","In the platform, Li stands at one end. The bag rests at the other end.",Li is close to the bag.,Li is far from the bag.,15,18,15,18,6,7,6,7
platform__name_li__obj_book__direct_label__object_first,close_far_matched_scenes,1.1,platform__name_li__obj_book,platform__name_li__obj_book__object_first,platform__name_li__obj_book__direct_label,name_li__obj_book__direct_label__object_first,platform,platform,ends,name_li,Li,obj_book,book,direct_label,explicit_relation,locative_object_subject,object_first,object_first,False,True,False,False,True,False,True,"In the platform, the book is close to Li.","In the platform, the book is far from Li.",The book is close to Li.,The book is far from Li.,9,11,9,11,6,7,6,7
platform__name_li__obj_book__direct_label__person_first,close_far_matched_scenes,1.1,platform__name_li__obj_book,platform__name_li__obj_book__person_first,platform__name_li__obj_book__direct_label,name_li__obj_book__direct_label__person_first,platform,platform,ends,name_li,Li,obj_book,book,direct_label,explicit_relation,locative_object_subject,object_first,person_first,True,True,False,False,True,False,False,"In the platform, the book is close to Li.","In the platform, the book is far from Li.",Li is close to the book.,Li is far from the book.,9,11,9,11,6,7,6,7
platform__name_li__obj_book__distance_phrase__object_first,close_far_matched_scenes,1.1,platform__name_li__obj_book,platform__name_li__obj_book__object_first,platform__name_li__obj_book__distance_phrase,name_li__obj_book__distance_phrase__object_first,platform,platform,ends,name_li,Li,obj_book,book,distance_phrase,distance_magnitude_phrase,locative_distance_subject,person_first,object_first,True,True,False,False,False,True,False,"In the platform, a short distance separates Li and the book.","In the platform, a long distance separates Li and the book.",The book is close to Li.,The book is far from Li.,11,13,11,13,6,7,6,7
platform__name_li__obj_book__distance_phrase__person_first,close_far_matched_scenes,1.1,platform__name_li__obj_book,platform__name_li__obj_book__person_first,platform__name_li__obj_book__distance_phrase,name_li__obj_book__distance_phrase__person_first,platform,platform,ends,name_li,Li,obj_book,book,distance_phrase,distance_magnitude_phrase,locative_distance_subject,person_first,person_first,False,True,False,False,False,True,False,"In the platform, a short distance separates Li and the book.","In the platform, a long distance separates Li and the book.",Li is close to the book.,Li is far from the book.,11,13,11,13,6,7,6,7
platform__name_li__obj_book__distance_phrase_object_first__object_first,close_far_matched_scenes,1.1,platform__name_li__obj_book,platform__name_li__obj_book__object_first,platform__name_li__obj_book__distance_phrase_object_first,name_li__obj_book__distance_phrase_object_first__object_first,platform,platform,ends,name_li,Li,obj_book,book,distance_phrase_object_first,distance_magnitude_phrase,locative_distance_subject,object_first,object_first,False,True,False,False,False,True,False,"In the platform, a short distance separates the book and Li.","In the platform, a long distance separates the book and Li.",The book is close to Li.,The book is far from Li.,11,13,11,13,6,7,6,7
platform__name_li__obj_book__distance_phrase_object_first__person_first,close_far_matched_scenes,1.1,platform__name_li__obj_book,platform__name_li__obj_book__person_first,platform__name_li__obj_book__distance_phrase_object_first,name_li__obj_book__distance_phrase_object_first__person_first,platform,platform,ends,name_li,Li,obj_book,book,distance_phrase_object_first,distance_magnitude_phrase,locative_distance_subject,object_first,person_first,True,True,False,False,False,True,False,"In the platform, a short distance separates the book and Li.","In the platform, a long distance separates the book and Li.",Li is close to the book.,Li is far from the book.,11,13,11,13,6,7,6,7
platform__name_li__obj_book__endpoint_placement__object_first,close_far_matched_scenes,1.1,platform__name_li__obj_book,platform__name_li__obj_book__object_first,platform__name_li__obj_book__endpoint_placement,name_li__obj_book__endpoint_placement__object_first,platform,platform,ends,name_li,Li,obj_book,book,endpoint_placement,physical_endpoint_placement,two_sentence_person_then_object,person_first,object_first,True,True,True,True,False,False,False,"In the platform, Li stands at one end. The book rests at Li's feet.","In the platform, Li stands at one end. The book rests at the other end.",The book is close to Li.,The book is far from Li.,15,18,15,18,6,7,6,7
platform__name_li__obj_book__endpoint_placement__person_first,close_far_matched_scenes,1.1,platform__name_li__obj_book,platform__name_li__obj_book__person_first,platform__name_li__obj_book__endpoint_placement,name_li__obj_book__endpoint_placement__person_first,platform,platform,ends,name_li,Li,obj_book,book,endpoint_placement,physical_endpoint_placement,two_sentence_person_then_object,person_first,person_first,False,True,True,True,False,False,False,"In the platform, Li stands at one end. The book rests at Li's feet.","In the platform, Li stands at one end. The book rests at the other end.",Li is close to the book.,Li is far from the book.,15,18,15,18,6,7,6,7
platform__name_li__obj_cone__direct_label__object_first,close_far_matched_scenes,1.1,platform__name_li__obj_cone,platform__name_li__obj_cone__object_first,platform__name_li__obj_cone__direct_label,name_li__obj_cone__direct_label__object_first,platform,platform,ends,name_li,Li,obj_cone,cone,direct_label,explicit_relation,locative_object_subject,object_first,object_first,False,True,False,False,True,False,True,"In the platform, the cone is close to Li.","In the platform, the cone is far from Li.",The cone is close to Li.,The cone is far from Li.,9,11,9,11,6,7,6,7
platform__name_li__obj_cone__direct_label__person_first,close_far_matched_scenes,1.1,platform__name_li__obj_cone,platform__name_li__obj_cone__person_first,platform__name_li__obj_cone__direct_label,name_li__obj_cone__direct_label__person_first,platform,platform,ends,name_li,Li,obj_cone,cone,direct_label,explicit_relation,locative_object_subject,object_first,person_first,True,True,False,False,True,False,False,"In the platform, the cone is close to Li.","In the platform, the cone is far from Li.",Li is close to the cone.,Li is far from the cone.,9,11,9,11,6,7,6,7
platform__name_li__obj_cone__distance_phrase__object_first,close_far_matched_scenes,1.1,platform__name_li__obj_cone,platform__name_li__obj_cone__object_first,platform__name_li__obj_cone__distance_phrase,name_li__obj_cone__distance_phrase__object_first,platform,platform,ends,name_li,Li,obj_cone,cone,distance_phrase,distance_magnitude_phrase,locative_distance_subject,person_first,object_first,True,True,False,False,False,True,False,"In the platform, a short distance separates Li and the cone.","In the platform, a long distance separates Li and the cone.",The cone is close to Li.,The cone is far from Li.,11,13,11,13,6,7,6,7
platform__name_li__obj_cone__distance_phrase__person_first,close_far_matched_scenes,1.1,platform__name_li__obj_cone,platform__name_li__obj_cone__person_first,platform__name_li__obj_cone__distance_phrase,name_li__obj_cone__distance_phrase__person_first,platform,platform,ends,name_li,Li,obj_cone,cone,distance_phrase,distance_magnitude_phrase,locative_distance_subject,person_first,person_first,False,True,False,False,False,True,False,"In the platform, a short distance separates Li and the cone.","In the platform, a long distance separates Li and the cone.",Li is close to the cone.,Li is far from the cone.,11,13,11,13,6,7,6,7
platform__name_li__obj_cone__distance_phrase_object_first__object_first,close_far_matched_scenes,1.1,platform__name_li__obj_cone,platform__name_li__obj_cone__object_first,platform__name_li__obj_cone__distance_phrase_object_first,name_li__obj_cone__distance_phrase_object_first__object_first,platform,platform,ends,name_li,Li,obj_cone,cone,distance_phrase_object_first,distance_magnitude_phrase,locative_distance_subject,object_first,object_first,False,True,False,False,False,True,False,"In the platform, a short distance separates the cone and Li.","In the platform, a long distance separates the cone and Li.",The cone is close to Li.,The cone is far from Li.,11,13,11,13,6,7,6,7
platform__name_li__obj_cone__distance_phrase_object_first__person_first,close_far_matched_scenes,1.1,platform__name_li__obj_cone,platform__name_li__obj_cone__person_first,platform__name_li__obj_cone__distance_phrase_object_first,name_li__obj_cone__distance_phrase_object_first__person_first,platform,platform,ends,name_li,Li,obj_cone,cone,distance_phrase_object_first,distance_magnitude_phrase,locative_distance_subject,object_first,person_first,True,True,False,False,False,True,False,"In the platform, a short distance separates the cone and Li.","In the platform, a long distance separates the cone and Li.",Li is close to the cone.,Li is far from the cone.,11,13,11,13,6,7,6,7
platform__name_li__obj_cone__endpoint_placement__object_first,close_far_matched_scenes,1.1,platform__name_li__obj_cone,platform__name_li__obj_cone__object_first,platform__name_li__obj_cone__endpoint_placement,name_li__obj_cone__endpoint_placement__object_first,platform,platform,ends,name_li,Li,obj_cone,cone,endpoint_placement,physical_endpoint_placement,two_sentence_person_then_object,person_first,object_first,True,True,True,True,False,False,False,"In the platform, Li stands at one end. The cone rests at Li's feet.","In the platform, Li stands at one end. The cone rests at the other end.",The cone is close to Li.,The cone is far from Li.,15,18,15,18,6,7,6,7
platform__name_li__obj_cone__endpoint_placement__person_first,close_far_matched_scenes,1.1,platform__name_li__obj_cone,platform__name_li__obj_cone__person_first,platform__name_li__obj_cone__endpoint_placement,name_li__obj_cone__endpoint_placement__person_first,platform,platform,ends,name_li,Li,obj_cone,cone,endpoint_placement,physical_endpoint_placement,two_sentence_person_then_object,person_first,person_first,False,True,True,True,False,False,False,"In the platform, Li stands at one end. The cone rests at Li's feet.","In the platform, Li stands at one end. The cone rests at the other end.",Li is close to the cone.,Li is far from the cone.,15,18,15,18,6,7,6,7
platform__name_li__obj_helmet__direct_label__object_first,close_far_matched_scenes,1.1,platform__name_li__obj_helmet,platform__name_li__obj_helmet__object_first,platform__name_li__obj_helmet__direct_label,name_li__obj_helmet__direct_label__object_first,platform,platform,ends,name_li,Li,obj_helmet,helmet,direct_label,explicit_relation,locative_object_subject,object_first,object_first,False,True,False,False,True,False,True,"In the platform, the helmet is close to Li.","In the platform, the helmet is far from Li.",The helmet is close to Li.,The helmet is far from Li.,9,11,9,11,6,7,6,7
platform__name_li__obj_helmet__direct_label__person_first,close_far_matched_scenes,1.1,platform__name_li__obj_helmet,platform__name_li__obj_helmet__person_first,platform__name_li__obj_helmet__direct_label,name_li__obj_helmet__direct_label__person_first,platform,platform,ends,name_li,Li,obj_helmet,helmet,direct_label,explicit_relation,locative_object_subject,object_first,person_first,True,True,False,False,True,False,False,"In the platform, the helmet is close to Li.","In the platform, the helmet is far from Li.",Li is close to the helmet.,Li is far from the helmet.,9,11,9,11,6,7,6,7
platform__name_li__obj_helmet__distance_phrase__object_first,close_far_matched_scenes,1.1,platform__name_li__obj_helmet,platform__name_li__obj_helmet__object_first,platform__name_li__obj_helmet__distance_phrase,name_li__obj_helmet__distance_phrase__object_first,platform,platform,ends,name_li,Li,obj_helmet,helmet,distance_phrase,distance_magnitude_phrase,locative_distance_subject,person_first,object_first,True,True,False,False,False,True,False,"In the platform, a short distance separates Li and the helmet.","In the platform, a long distance separates Li and the helmet.",The helmet is close to Li.,The helmet is far from Li.,11,13,11,13,6,7,6,7
platform__name_li__obj_helmet__distance_phrase__person_first,close_far_matched_scenes,1.1,platform__name_li__obj_helmet,platform__name_li__obj_helmet__person_first,platform__name_li__obj_helmet__distance_phrase,name_li__obj_helmet__distance_phrase__person_first,platform,platform,ends,name_li,Li,obj_helmet,helmet,distance_phrase,distance_magnitude_phrase,locative_distance_subject,person_first,person_first,False,True,False,False,False,True,False,"In the platform, a short distance separates Li and the helmet.","In the platform, a long distance separates Li and the helmet.",Li is close to the helmet.,Li is far from the helmet.,11,13,11,13,6,7,6,7
platform__name_li__obj_helmet__distance_phrase_object_first__object_first,close_far_matched_scenes,1.1,platform__name_li__obj_helmet,platform__name_li__obj_helmet__object_first,platform__name_li__obj_helmet__distance_phrase_object_first,name_li__obj_helmet__distance_phrase_object_first__object_first,platform,platform,ends,name_li,Li,obj_helmet,helmet,distance_phrase_object_first,distance_magnitude_phrase,locative_distance_subject,object_first,object_first,False,True,False,False,False,True,False,"In the platform, a short distance separates the helmet and Li.","In the platform, a long distance separates the helmet and Li.",The helmet is close to Li.,The helmet is far from Li.,11,13,11,13,6,7,6,7
platform__name_li__obj_helmet__distance_phrase_object_first__person_first,close_far_matched_scenes,1.1,platform__name_li__obj_helmet,platform__name_li__obj_helmet__person_first,platform__name_li__obj_helmet__distance_phrase_object_first,name_li__obj_helmet__distance_phrase_object_first__person_first,platform,platform,ends,name_li,Li,obj_helmet,helmet,distance_phrase_object_first,distance_magnitude_phrase,locative_distance_subject,object_first,person_first,True,True,False,False,False,True,False,"In the platform, a short distance separates the helmet and Li.","In the platform, a long distance separates the helmet and Li.",Li is close to the helmet.,Li is far from the helmet.,11,13,11,13,6,7,6,7
platform__name_li__obj_helmet__endpoint_placement__object_first,close_far_matched_scenes,1.1,platform__name_li__obj_helmet,platform__name_li__obj_helmet__object_first,platform__name_li__obj_helmet__endpoint_placement,name_li__obj_helmet__endpoint_placement__object_first,platform,platform,ends,name_li,Li,obj_helmet,helmet,endpoint_placement,physical_endpoint_placement,two_sentence_person_then_object,person_first,object_first,True,True,True,True,False,False,False,"In the platform, Li stands at one end. The helmet rests at Li's feet.","In the platform, Li stands at one end. The helmet rests at the other end.",The helmet is close to Li.,The helmet is far from Li.,15,18,15,18,6,7,6,7
platform__name_li__obj_helmet__endpoint_placement__person_first,close_far_matched_scenes,1.1,platform__name_li__obj_helmet,platform__name_li__obj_helmet__person_first,platform__name_li__obj_helmet__endpoint_placement,name_li__obj_helmet__endpoint_placement__person_first,platform,platform,ends,name_li,Li,obj_helmet,helmet,endpoint_placement,physical_endpoint_placement,two_sentence_person_then_object,person_first,person_first,False,True,True,True,False,False,False,"In the platform, Li stands at one end. The helmet rests at Li's feet.","In the platform, Li stands at one end. The helmet rests at the other end.",Li is close to the helmet.,Li is far from the helmet.,15,18,15,18,6,7,6,7
platform__name_li__obj_cup__direct_label__object_first,close_far_matched_scenes,1.1,platform__name_li__obj_cup,platform__name_li__obj_cup__object_first,platform__name_li__obj_cup__direct_label,name_li__obj_cup__direct_label__object_first,platform,platform,ends,name_li,Li,obj_cup,cup,direct_label,explicit_relation,locative_object_subject,object_first,object_first,False,True,False,False,True,False,True,"In the platform, the cup is close to Li.","In the platform, the cup is far from Li.",The cup is close to Li.,The cup is far from Li.,9,11,9,11,6,7,6,7
platform__name_li__obj_cup__direct_label__person_first,close_far_matched_scenes,1.1,platform__name_li__obj_cup,platform__name_li__obj_cup__person_first,platform__name_li__obj_cup__direct_label,name_li__obj_cup__direct_label__person_first,platform,platform,ends,name_li,Li,obj_cup,cup,direct_label,explicit_relation,locative_object_subject,object_first,person_first,True,True,False,False,True,False,False,"In the platform, the cup is close to Li.","In the platform, the cup is far from Li.",Li is close to the cup.,Li is far from the cup.,9,11,9,11,6,7,6,7
platform__name_li__obj_cup__distance_phrase__object_first,close_far_matched_scenes,1.1,platform__name_li__obj_cup,platform__name_li__obj_cup__object_first,platform__name_li__obj_cup__distance_phrase,name_li__obj_cup__distance_phrase__object_first,platform,platform,ends,name_li,Li,obj_cup,cup,distance_phrase,distance_magnitude_phrase,locative_distance_subject,person_first,object_first,True,True,False,False,False,True,False,"In the platform, a short distance separates Li and the cup.","In the platform, a long distance separates Li and the cup.",The cup is close to Li.,The cup is far from Li.,11,13,11,13,6,7,6,7
platform__name_li__obj_cup__distance_phrase__person_first,close_far_matched_scenes,1.1,platform__name_li__obj_cup,platform__name_li__obj_cup__person_first,platform__name_li__obj_cup__distance_phrase,name_li__obj_cup__distance_phrase__person_first,platform,platform,ends,name_li,Li,obj_cup,cup,distance_phrase,distance_magnitude_phrase,locative_distance_subject,person_first,person_first,False,True,False,False,False,True,False,"In the platform, a short distance separates Li and the cup.","In the platform, a long distance separates Li and the cup.",Li is close to the cup.,Li is far from the cup.,11,13,11,13,6,7,6,7
platform__name_li__obj_cup__distance_phrase_object_first__object_first,close_far_matched_scenes,1.1,platform__name_li__obj_cup,platform__name_li__obj_cup__object_first,platform__name_li__obj_cup__distance_phrase_object_first,name_li__obj_cup__distance_phrase_object_first__object_first,platform,platform,ends,name_li,Li,obj_cup,cup,distance_phrase_object_first,distance_magnitude_phrase,locative_distance_subject,object_first,object_first,False,True,False,False,False,True,False,"In the platform, a short distance separates the cup and Li.","In the platform, a long distance separates the cup and Li.",The cup is close to Li.,The cup is far from Li.,11,13,11,13,6,7,6,7
platform__name_li__obj_cup__distance_phrase_object_first__person_first,close_far_matched_scenes,1.1,platform__name_li__obj_cup,platform__name_li__obj_cup__person_first,platform__name_li__obj_cup__distance_phrase_object_first,name_li__obj_cup__distance_phrase_object_first__person_first,platform,platform,ends,name_li,Li,obj_cup,cup,distance_phrase_object_first,distance_magnitude_phrase,locative_distance_subject,object_first,person_first,True,True,False,False,False,True,False,"In the platform, a short distance separates the cup and Li.","In the platform, a long distance separates the cup and Li.",Li is close to the cup.,Li is far from the cup.,11,13,11,13,6,7,6,7
platform__name_li__obj_cup__endpoint_placement__object_first,close_far_matched_scenes,1.1,platform__name_li__obj_cup,platform__name_li__obj_cup__object_first,platform__name_li__obj_cup__endpoint_placement,name_li__obj_cup__endpoint_placement__object_first,platform,platform,ends,name_li,Li,obj_cup,cup,endpoint_placement,physical_endpoint_placement,two_sentence_person_then_object,person_first,object_first,True,True,True,True,False,False,False,"In the platform, Li stands at one end. The cup rests at Li's feet.","In the platform, Li stands at one end. The cup rests at the other end.",The cup is close to Li.,The cup is far from Li.,15,18,15,18,6,7,6,7
platform__name_li__obj_cup__endpoint_placement__person_first,close_far_matched_scenes,1.1,platform__name_li__obj_cup,platform__name_li__obj_cup__person_first,platform__name_li__obj_cup__endpoint_placement,name_li__obj_cup__endpoint_placement__person_first,platform,platform,ends,name_li,Li,obj_cup,cup,endpoint_placement,physical_endpoint_placement,two_sentence_person_then_object,person_first,person_first,False,True,True,True,False,False,False,"In the platform, Li stands at one end. The cup rests at Li's feet.","In the platform, Li stands at one end. The cup rests at the other end.",Li is close to the cup.,Li is far from the cup.,15,18,15,18,6,7,6,7
platform__name_li__obj_key__direct_label__object_first,close_far_matched_scenes,1.1,platform__name_li__obj_key,platform__name_li__obj_key__object_first,platform__name_li__obj_key__direct_label,name_li__obj_key__direct_label__object_first,platform,platform,ends,name_li,Li,obj_key,key,direct_label,explicit_relation,locative_object_subject,object_first,object_first,False,True,False,False,True,False,True,"In the platform, the key is close to Li.","In the platform, the key is far from Li.",The key is close to Li.,The key is far from Li.,9,11,9,11,6,7,6,7
platform__name_li__obj_key__direct_label__person_first,close_far_matched_scenes,1.1,platform__name_li__obj_key,platform__name_li__obj_key__person_first,platform__name_li__obj_key__direct_label,name_li__obj_key__direct_label__person_first,platform,platform,ends,name_li,Li,obj_key,key,direct_label,explicit_relation,locative_object_subject,object_first,person_first,True,True,False,False,True,False,False,"In the platform, the key is close to Li.","In the platform, the key is far from Li.",Li is close to the key.,Li is far from the key.,9,11,9,11,6,7,6,7
platform__name_li__obj_key__distance_phrase__object_first,close_far_matched_scenes,1.1,platform__name_li__obj_key,platform__name_li__obj_key__object_first,platform__name_li__obj_key__distance_phrase,name_li__obj_key__distance_phrase__object_first,platform,platform,ends,name_li,Li,obj_key,key,distance_phrase,distance_magnitude_phrase,locative_distance_subject,person_first,object_first,True,True,False,False,False,True,False,"In the platform, a short distance separates Li and the key.","In the platform, a long distance separates Li and the key.",The key is close to Li.,The key is far from Li.,11,13,11,13,6,7,6,7
platform__name_li__obj_key__distance_phrase__person_first,close_far_matched_scenes,1.1,platform__name_li__obj_key,platform__name_li__obj_key__person_first,platform__name_li__obj_key__distance_phrase,name_li__obj_key__distance_phrase__person_first,platform,platform,ends,name_li,Li,obj_key,key,distance_phrase,distance_magnitude_phrase,locative_distance_subject,person_first,person_first,False,True,False,False,False,True,False,"In the platform, a short distance separates Li and the key.","In the platform, a long distance separates Li and the key.",Li is close to the key.,Li is far from the key.,11,13,11,13,6,7,6,7
platform__name_li__obj_key__distance_phrase_object_first__object_first,close_far_matched_scenes,1.1,platform__name_li__obj_key,platform__name_li__obj_key__object_first,platform__name_li__obj_key__distance_phrase_object_first,name_li__obj_key__distance_phrase_object_first__object_first,platform,platform,ends,name_li,Li,obj_key,key,distance_phrase_object_first,distance_magnitude_phrase,locative_distance_subject,object_first,object_first,False,True,False,False,False,True,False,"In the platform, a short distance separates the key and Li.","In the platform, a long distance separates the key and Li.",The key is close to Li.,The key is far from Li.,11,13,11,13,6,7,6,7
platform__name_li__obj_key__distance_phrase_object_first__person_first,close_far_matched_scenes,1.1,platform__name_li__obj_key,platform__name_li__obj_key__person_first,platform__name_li__obj_key__distance_phrase_object_first,name_li__obj_key__distance_phrase_object_first__person_first,platform,platform,ends,name_li,Li,obj_key,key,distance_phrase_object_first,distance_magnitude_phrase,locative_distance_subject,object_first,person_first,True,True,False,False,False,True,False,"In the platform, a short distance separates the key and Li.","In the platform, a long distance separates the key and Li.",Li is close to the key.,Li is far from the key.,11,13,11,13,6,7,6,7
platform__name_li__obj_key__endpoint_placement__object_first,close_far_matched_scenes,1.1,platform__name_li__obj_key,platform__name_li__obj_key__object_first,platform__name_li__obj_key__endpoint_placement,name_li__obj_key__endpoint_placement__object_first,platform,platform,ends,name_li,Li,obj_key,key,endpoint_placement,physical_endpoint_placement,two_sentence_person_then_object,person_first,object_first,True,True,True,True,False,False,False,"In the platform, Li stands at one end. The key rests at Li's feet.","In the platform, Li stands at one end. The key rests at the other end.",The key is close to Li.,The key is far from Li.,15,18,15,18,6,7,6,7
platform__name_li__obj_key__endpoint_placement__person_first,close_far_matched_scenes,1.1,platform__name_li__obj_key,platform__name_li__obj_key__person_first,platform__name_li__obj_key__endpoint_placement,name_li__obj_key__endpoint_placement__person_first,platform,platform,ends,name_li,Li,obj_key,key,endpoint_placement,physical_endpoint_placement,two_sentence_person_then_object,person_first,person_first,False,True,True,True,False,False,False,"In the platform, Li stands at one end. The key rests at Li's feet.","In the platform, Li stands at one end. The key rests at the other end.",Li is close to the key.,Li is far from the key.,15,18,15,18,6,7,6,7
platform__name_li__obj_box__direct_label__object_first,close_far_matched_scenes,1.1,platform__name_li__obj_box,platform__name_li__obj_box__object_first,platform__name_li__obj_box__direct_label,name_li__obj_box__direct_label__object_first,platform,platform,ends,name_li,Li,obj_box,box,direct_label,explicit_relation,locative_object_subject,object_first,object_first,False,True,False,False,True,False,True,"In the platform, the box is close to Li.","In the platform, the box is far from Li.",The box is close to Li.,The box is far from Li.,9,11,9,11,6,7,6,7
platform__name_li__obj_box__direct_label__person_first,close_far_matched_scenes,1.1,platform__name_li__obj_box,platform__name_li__obj_box__person_first,platform__name_li__obj_box__direct_label,name_li__obj_box__direct_label__person_first,platform,platform,ends,name_li,Li,obj_box,box,direct_label,explicit_relation,locative_object_subject,object_first,person_first,True,True,False,False,True,False,False,"In the platform, the box is close to Li.","In the platform, the box is far from Li.",Li is close to the box.,Li is far from the box.,9,11,9,11,6,7,6,7
platform__name_li__obj_box__distance_phrase__object_first,close_far_matched_scenes,1.1,platform__name_li__obj_box,platform__name_li__obj_box__object_first,platform__name_li__obj_box__distance_phrase,name_li__obj_box__distance_phrase__object_first,platform,platform,ends,name_li,Li,obj_box,box,distance_phrase,distance_magnitude_phrase,locative_distance_subject,person_first,object_first,True,True,False,False,False,True,False,"In the platform, a short distance separates Li and the box.","In the platform, a long distance separates Li and the box.",The box is close to Li.,The box is far from Li.,11,13,11,13,6,7,6,7
platform__name_li__obj_box__distance_phrase__person_first,close_far_matched_scenes,1.1,platform__name_li__obj_box,platform__name_li__obj_box__person_first,platform__name_li__obj_box__distance_phrase,name_li__obj_box__distance_phrase__person_first,platform,platform,ends,name_li,Li,obj_box,box,distance_phrase,distance_magnitude_phrase,locative_distance_subject,person_first,person_first,False,True,False,False,False,True,False,"In the platform, a short distance separates Li and the box.","In the platform, a long distance separates Li and the box.",Li is close to the box.,Li is far from the box.,11,13,11,13,6,7,6,7
platform__name_li__obj_box__distance_phrase_object_first__object_first,close_far_matched_scenes,1.1,platform__name_li__obj_box,platform__name_li__obj_box__object_first,platform__name_li__obj_box__distance_phrase_object_first,name_li__obj_box__distance_phrase_object_first__object_first,platform,platform,ends,name_li,Li,obj_box,box,distance_phrase_object_first,distance_magnitude_phrase,locative_distance_subject,object_first,object_first,False,True,False,False,False,True,False,"In the platform, a short distance separates the box and Li.","In the platform, a long distance separates the box and Li.",The box is close to Li.,The box is far from Li.,11,13,11,13,6,7,6,7
platform__name_li__obj_box__distance_phrase_object_first__person_first,close_far_matched_scenes,1.1,platform__name_li__obj_box,platform__name_li__obj_box__person_first,platform__name_li__obj_box__distance_phrase_object_first,name_li__obj_box__distance_phrase_object_first__person_first,platform,platform,ends,name_li,Li,obj_box,box,distance_phrase_object_first,distance_magnitude_phrase,locative_distance_subject,object_first,person_first,True,True,False,False,False,True,False,"In the platform, a short distance separates the box and Li.","In the platform, a long distance separates the box and Li.",Li is close to the box.,Li is far from the box.,11,13,11,13,6,7,6,7
platform__name_li__obj_box__endpoint_placement__object_first,close_far_matched_scenes,1.1,platform__name_li__obj_box,platform__name_li__obj_box__object_first,platform__name_li__obj_box__endpoint_placement,name_li__obj_box__endpoint_placement__object_first,platform,platform,ends,name_li,Li,obj_box,box,endpoint_placement,physical_endpoint_placement,two_sentence_person_then_object,person_first,object_first,True,True,True,True,False,False,False,"In the platform, Li stands at one end. The box rests at Li's feet.","In the platform, Li stands at one end. The box rests at the other end.",The box is close to Li.,The box is far from Li.,15,18,15,18,6,7,6,7
platform__name_li__obj_box__endpoint_placement__person_first,close_far_matched_scenes,1.1,platform__name_li__obj_box,platform__name_li__obj_box__person_first,platform__name_li__obj_box__endpoint_placement,name_li__obj_box__endpoint_placement__person_first,platform,platform,ends,name_li,Li,obj_box,box,endpoint_placement,physical_endpoint_placement,two_sentence_person_then_object,person_first,person_first,False,True,True,True,False,False,False,"In the platform, Li stands at one end. The box rests at Li's feet.","In the platform, Li stands at one end. The box rests at the other end.",Li is close to the box.,Li is far from the box.,15,18,15,18,6,7,6,7
platform__name_omar__obj_ball__direct_label__object_first,close_far_matched_scenes,1.1,platform__name_omar__obj_ball,platform__name_omar__obj_ball__object_first,platform__name_omar__obj_ball__direct_label,name_omar__obj_ball__direct_label__object_first,platform,platform,ends,name_omar,Omar,obj_ball,ball,direct_label,explicit_relation,locative_object_subject,object_first,object_first,False,True,False,False,True,False,True,"In the platform, the ball is close to Omar.","In the platform, the ball is far from Omar.",The ball is close to Omar.,The ball is far from Omar.,9,11,9,11,6,7,6,7
platform__name_omar__obj_ball__direct_label__person_first,close_far_matched_scenes,1.1,platform__name_omar__obj_ball,platform__name_omar__obj_ball__person_first,platform__name_omar__obj_ball__direct_label,name_omar__obj_ball__direct_label__person_first,platform,platform,ends,name_omar,Omar,obj_ball,ball,direct_label,explicit_relation,locative_object_subject,object_first,person_first,True,True,False,False,True,False,False,"In the platform, the ball is close to Omar.","In the platform, the ball is far from Omar.",Omar is close to the ball.,Omar is far from the ball.,9,11,9,11,6,8,6,8
platform__name_omar__obj_ball__distance_phrase__object_first,close_far_matched_scenes,1.1,platform__name_omar__obj_ball,platform__name_omar__obj_ball__object_first,platform__name_omar__obj_ball__distance_phrase,name_omar__obj_ball__distance_phrase__object_first,platform,platform,ends,name_omar,Omar,obj_ball,ball,distance_phrase,distance_magnitude_phrase,locative_distance_subject,person_first,object_first,True,True,False,False,False,True,False,"In the platform, a short distance separates Omar and the ball.","In the platform, a long distance separates Omar and the ball.",The ball is close to Omar.,The ball is far from Omar.,11,13,11,13,6,7,6,7
platform__name_omar__obj_ball__distance_phrase__person_first,close_far_matched_scenes,1.1,platform__name_omar__obj_ball,platform__name_omar__obj_ball__person_first,platform__name_omar__obj_ball__distance_phrase,name_omar__obj_ball__distance_phrase__person_first,platform,platform,ends,name_omar,Omar,obj_ball,ball,distance_phrase,distance_magnitude_phrase,locative_distance_subject,person_first,person_first,False,True,False,False,False,True,False,"In the platform, a short distance separates Omar and the ball.","In the platform, a long distance separates Omar and the ball.",Omar is close to the ball.,Omar is far from the ball.,11,13,11,13,6,8,6,8
platform__name_omar__obj_ball__distance_phrase_object_first__object_first,close_far_matched_scenes,1.1,platform__name_omar__obj_ball,platform__name_omar__obj_ball__object_first,platform__name_omar__obj_ball__distance_phrase_object_first,name_omar__obj_ball__distance_phrase_object_first__object_first,platform,platform,ends,name_omar,Omar,obj_ball,ball,distance_phrase_object_first,distance_magnitude_phrase,locative_distance_subject,object_first,object_first,False,True,False,False,False,True,False,"In the platform, a short distance separates the ball and Omar.","In the platform, a long distance separates the ball and Omar.",The ball is close to Omar.,The ball is far from Omar.,11,13,11,13,6,7,6,7
platform__name_omar__obj_ball__distance_phrase_object_first__person_first,close_far_matched_scenes,1.1,platform__name_omar__obj_ball,platform__name_omar__obj_ball__person_first,platform__name_omar__obj_ball__distance_phrase_object_first,name_omar__obj_ball__distance_phrase_object_first__person_first,platform,platform,ends,name_omar,Omar,obj_ball,ball,distance_phrase_object_first,distance_magnitude_phrase,locative_distance_subject,object_first,person_first,True,True,False,False,False,True,False,"In the platform, a short distance separates the ball and Omar.","In the platform, a long distance separates the ball and Omar.",Omar is close to the ball.,Omar is far from the ball.,11,13,11,13,6,8,6,8
platform__name_omar__obj_ball__endpoint_placement__object_first,close_far_matched_scenes,1.1,platform__name_omar__obj_ball,platform__name_omar__obj_ball__object_first,platform__name_omar__obj_ball__endpoint_placement,name_omar__obj_ball__endpoint_placement__object_first,platform,platform,ends,name_omar,Omar,obj_ball,ball,endpoint_placement,physical_endpoint_placement,two_sentence_person_then_object,person_first,object_first,True,True,True,True,False,False,False,"In the platform, Omar stands at one end. The ball rests at Omar's feet.","In the platform, Omar stands at one end. The ball rests at the other end.",The ball is close to Omar.,The ball is far from Omar.,15,18,15,18,6,7,6,7
platform__name_omar__obj_ball__endpoint_placement__person_first,close_far_matched_scenes,1.1,platform__name_omar__obj_ball,platform__name_omar__obj_ball__person_first,platform__name_omar__obj_ball__endpoint_placement,name_omar__obj_ball__endpoint_placement__person_first,platform,platform,ends,name_omar,Omar,obj_ball,ball,endpoint_placement,physical_endpoint_placement,two_sentence_person_then_object,person_first,person_first,False,True,True,True,False,False,False,"In the platform, Omar stands at one end. The ball rests at Omar's feet.","In the platform, Omar stands at one end. The ball rests at the other end.",Omar is close to the ball.,Omar is far from the ball.,15,18,15,18,6,8,6,8
platform__name_omar__obj_bag__direct_label__object_first,close_far_matched_scenes,1.1,platform__name_omar__obj_bag,platform__name_omar__obj_bag__object_first,platform__name_omar__obj_bag__direct_label,name_omar__obj_bag__direct_label__object_first,platform,platform,ends,name_omar,Omar,obj_bag,bag,direct_label,explicit_relation,locative_object_subject,object_first,object_first,False,True,False,False,True,False,True,"In the platform, the bag is close to Omar.","In the platform, the bag is far from Omar.",The bag is close to Omar.,The bag is far from Omar.,9,11,9,11,6,7,6,7
platform__name_omar__obj_bag__direct_label__person_first,close_far_matched_scenes,1.1,platform__name_omar__obj_bag,platform__name_omar__obj_bag__person_first,platform__name_omar__obj_bag__direct_label,name_omar__obj_bag__direct_label__person_first,platform,platform,ends,name_omar,Omar,obj_bag,bag,direct_label,explicit_relation,locative_object_subject,object_first,person_first,True,True,False,False,True,False,False,"In the platform, the bag is close to Omar.","In the platform, the bag is far from Omar.",Omar is close to the bag.,Omar is far from the bag.,9,11,9,11,6,8,6,8
platform__name_omar__obj_bag__distance_phrase__object_first,close_far_matched_scenes,1.1,platform__name_omar__obj_bag,platform__name_omar__obj_bag__object_first,platform__name_omar__obj_bag__distance_phrase,name_omar__obj_bag__distance_phrase__object_first,platform,platform,ends,name_omar,Omar,obj_bag,bag,distance_phrase,distance_magnitude_phrase,locative_distance_subject,person_first,object_first,True,True,False,False,False,True,False,"In the platform, a short distance separates Omar and the bag.","In the platform, a long distance separates Omar and the bag.",The bag is close to Omar.,The bag is far from Omar.,11,13,11,13,6,7,6,7
platform__name_omar__obj_bag__distance_phrase__person_first,close_far_matched_scenes,1.1,platform__name_omar__obj_bag,platform__name_omar__obj_bag__person_first,platform__name_omar__obj_bag__distance_phrase,name_omar__obj_bag__distance_phrase__person_first,platform,platform,ends,name_omar,Omar,obj_bag,bag,distance_phrase,distance_magnitude_phrase,locative_distance_subject,person_first,person_first,False,True,False,False,False,True,False,"In the platform, a short distance separates Omar and the bag.","In the platform, a long distance separates Omar and the bag.",Omar is close to the bag.,Omar is far from the bag.,11,13,11,13,6,8,6,8
platform__name_omar__obj_bag__distance_phrase_object_first__object_first,close_far_matched_scenes,1.1,platform__name_omar__obj_bag,platform__name_omar__obj_bag__object_first,platform__name_omar__obj_bag__distance_phrase_object_first,name_omar__obj_bag__distance_phrase_object_first__object_first,platform,platform,ends,name_omar,Omar,obj_bag,bag,distance_phrase_object_first,distance_magnitude_phrase,locative_distance_subject,object_first,object_first,False,True,False,False,False,True,False,"In the platform, a short distance separates the bag and Omar.","In the platform, a long distance separates the bag and Omar.",The bag is close to Omar.,The bag is far from Omar.,11,13,11,13,6,7,6,7
platform__name_omar__obj_bag__distance_phrase_object_first__person_first,close_far_matched_scenes,1.1,platform__name_omar__obj_bag,platform__name_omar__obj_bag__person_first,platform__name_omar__obj_bag__distance_phrase_object_first,name_omar__obj_bag__distance_phrase_object_first__person_first,platform,platform,ends,name_omar,Omar,obj_bag,bag,distance_phrase_object_first,distance_magnitude_phrase,locative_distance_subject,object_first,person_first,True,True,False,False,False,True,False,"In the platform, a short distance separates the bag and Omar.","In the platform, a long distance separates the bag and Omar.",Omar is close to the bag.,Omar is far from the bag.,11,13,11,13,6,8,6,8
platform__name_omar__obj_bag__endpoint_placement__object_first,close_far_matched_scenes,1.1,platform__name_omar__obj_bag,platform__name_omar__obj_bag__object_first,platform__name_omar__obj_bag__endpoint_placement,name_omar__obj_bag__endpoint_placement__object_first,platform,platform,ends,name_omar,Omar,obj_bag,bag,endpoint_placement,physical_endpoint_placement,two_sentence_person_then_object,person_first,object_first,True,True,True,True,False,False,False,"In the platform, Omar stands at one end. The bag rests at Omar's feet.","In the platform, Omar stands at one end. The bag rests at the other end.",The bag is close to Omar.,The bag is far from Omar.,15,18,15,18,6,7,6,7
platform__name_omar__obj_bag__endpoint_placement__person_first,close_far_matched_scenes,1.1,platform__name_omar__obj_bag,platform__name_omar__obj_bag__person_first,platform__name_omar__obj_bag__endpoint_placement,name_omar__obj_bag__endpoint_placement__person_first,platform,platform,ends,name_omar,Omar,obj_bag,bag,endpoint_placement,physical_endpoint_placement,two_sentence_person_then_object,person_first,person_first,False,True,True,True,False,False,False,"In the platform, Omar stands at one end. The bag rests at Omar's feet.","In the platform, Omar stands at one end. The bag rests at the other end.",Omar is close to the bag.,Omar is far from the bag.,15,18,15,18,6,8,6,8
platform__name_omar__obj_book__direct_label__object_first,close_far_matched_scenes,1.1,platform__name_omar__obj_book,platform__name_omar__obj_book__object_first,platform__name_omar__obj_book__direct_label,name_omar__obj_book__direct_label__object_first,platform,platform,ends,name_omar,Omar,obj_book,book,direct_label,explicit_relation,locative_object_subject,object_first,object_first,False,True,False,False,True,False,True,"In the platform, the book is close to Omar.","In the platform, the book is far from Omar.",The book is close to Omar.,The book is far from Omar.,9,11,9,11,6,7,6,7
platform__name_omar__obj_book__direct_label__person_first,close_far_matched_scenes,1.1,platform__name_omar__obj_book,platform__name_omar__obj_book__person_first,platform__name_omar__obj_book__direct_label,name_omar__obj_book__direct_label__person_first,platform,platform,ends,name_omar,Omar,obj_book,book,direct_label,explicit_relation,locative_object_subject,object_first,person_first,True,True,False,False,True,False,False,"In the platform, the book is close to Omar.","In the platform, the book is far from Omar.",Omar is close to the book.,Omar is far from the book.,9,11,9,11,6,8,6,8
platform__name_omar__obj_book__distance_phrase__object_first,close_far_matched_scenes,1.1,platform__name_omar__obj_book,platform__name_omar__obj_book__object_first,platform__name_omar__obj_book__distance_phrase,name_omar__obj_book__distance_phrase__object_first,platform,platform,ends,name_omar,Omar,obj_book,book,distance_phrase,distance_magnitude_phrase,locative_distance_subject,person_first,object_first,True,True,False,False,False,True,False,"In the platform, a short distance separates Omar and the book.","In the platform, a long distance separates Omar and the book.",The book is close to Omar.,The book is far from Omar.,11,13,11,13,6,7,6,7
platform__name_omar__obj_book__distance_phrase__person_first,close_far_matched_scenes,1.1,platform__name_omar__obj_book,platform__name_omar__obj_book__person_first,platform__name_omar__obj_book__distance_phrase,name_omar__obj_book__distance_phrase__person_first,platform,platform,ends,name_omar,Omar,obj_book,book,distance_phrase,distance_magnitude_phrase,locative_distance_subject,person_first,person_first,False,True,False,False,False,True,False,"In the platform, a short distance separates Omar and the book.","In the platform, a long distance separates Omar and the book.",Omar is close to the book.,Omar is far from the book.,11,13,11,13,6,8,6,8
platform__name_omar__obj_book__distance_phrase_object_first__object_first,close_far_matched_scenes,1.1,platform__name_omar__obj_book,platform__name_omar__obj_book__object_first,platform__name_omar__obj_book__distance_phrase_object_first,name_omar__obj_book__distance_phrase_object_first__object_first,platform,platform,ends,name_omar,Omar,obj_book,book,distance_phrase_object_first,distance_magnitude_phrase,locative_distance_subject,object_first,object_first,False,True,False,False,False,True,False,"In the platform, a short distance separates the book and Omar.","In the platform, a long distance separates the book and Omar.",The book is close to Omar.,The book is far from Omar.,11,13,11,13,6,7,6,7
platform__name_omar__obj_book__distance_phrase_object_first__person_first,close_far_matched_scenes,1.1,platform__name_omar__obj_book,platform__name_omar__obj_book__person_first,platform__name_omar__obj_book__distance_phrase_object_first,name_omar__obj_book__distance_phrase_object_first__person_first,platform,platform,ends,name_omar,Omar,obj_book,book,distance_phrase_object_first,distance_magnitude_phrase,locative_distance_subject,object_first,person_first,True,True,False,False,False,True,False,"In the platform, a short distance separates the book and Omar.","In the platform, a long distance separates the book and Omar.",Omar is close to the book.,Omar is far from the book.,11,13,11,13,6,8,6,8
platform__name_omar__obj_book__endpoint_placement__object_first,close_far_matched_scenes,1.1,platform__name_omar__obj_book,platform__name_omar__obj_book__object_first,platform__name_omar__obj_book__endpoint_placement,name_omar__obj_book__endpoint_placement__object_first,platform,platform,ends,name_omar,Omar,obj_book,book,endpoint_placement,physical_endpoint_placement,two_sentence_person_then_object,person_first,object_first,True,True,True,True,False,False,False,"In the platform, Omar stands at one end. The book rests at Omar's feet.","In the platform, Omar stands at one end. The book rests at the other end.",The book is close to Omar.,The book is far from Omar.,15,18,15,18,6,7,6,7
platform__name_omar__obj_book__endpoint_placement__person_first,close_far_matched_scenes,1.1,platform__name_omar__obj_book,platform__name_omar__obj_book__person_first,platform__name_omar__obj_book__endpoint_placement,name_omar__obj_book__endpoint_placement__person_first,platform,platform,ends,name_omar,Omar,obj_book,book,endpoint_placement,physical_endpoint_placement,two_sentence_person_then_object,person_first,person_first,False,True,True,True,False,False,False,"In the platform, Omar stands at one end. The book rests at Omar's feet.","In the platform, Omar stands at one end. The book rests at the other end.",Omar is close to the book.,Omar is far from the book.,15,18,15,18,6,8,6,8
platform__name_omar__obj_cone__direct_label__object_first,close_far_matched_scenes,1.1,platform__name_omar__obj_cone,platform__name_omar__obj_cone__object_first,platform__name_omar__obj_cone__direct_label,name_omar__obj_cone__direct_label__object_first,platform,platform,ends,name_omar,Omar,obj_cone,cone,direct_label,explicit_relation,locative_object_subject,object_first,object_first,False,True,False,False,True,False,True,"In the platform, the cone is close to Omar.","In the platform, the cone is far from Omar.",The cone is close to Omar.,The cone is far from Omar.,9,11,9,11,6,7,6,7
platform__name_omar__obj_cone__direct_label__person_first,close_far_matched_scenes,1.1,platform__name_omar__obj_cone,platform__name_omar__obj_cone__person_first,platform__name_omar__obj_cone__direct_label,name_omar__obj_cone__direct_label__person_first,platform,platform,ends,name_omar,Omar,obj_cone,cone,direct_label,explicit_relation,locative_object_subject,object_first,person_first,True,True,False,False,True,False,False,"In the platform, the cone is close to Omar.","In the platform, the cone is far from Omar.",Omar is close to the cone.,Omar is far from the cone.,9,11,9,11,6,8,6,8
platform__name_omar__obj_cone__distance_phrase__object_first,close_far_matched_scenes,1.1,platform__name_omar__obj_cone,platform__name_omar__obj_cone__object_first,platform__name_omar__obj_cone__distance_phrase,name_omar__obj_cone__distance_phrase__object_first,platform,platform,ends,name_omar,Omar,obj_cone,cone,distance_phrase,distance_magnitude_phrase,locative_distance_subject,person_first,object_first,True,True,False,False,False,True,False,"In the platform, a short distance separates Omar and the cone.","In the platform, a long distance separates Omar and the cone.",The cone is close to Omar.,The cone is far from Omar.,11,13,11,13,6,7,6,7
platform__name_omar__obj_cone__distance_phrase__person_first,close_far_matched_scenes,1.1,platform__name_omar__obj_cone,platform__name_omar__obj_cone__person_first,platform__name_omar__obj_cone__distance_phrase,name_omar__obj_cone__distance_phrase__person_first,platform,platform,ends,name_omar,Omar,obj_cone,cone,distance_phrase,distance_magnitude_phrase,locative_distance_subject,person_first,person_first,False,True,False,False,False,True,False,"In the platform, a short distance separates Omar and the cone.","In the platform, a long distance separates Omar and the cone.",Omar is close to the cone.,Omar is far from the cone.,11,13,11,13,6,8,6,8
platform__name_omar__obj_cone__distance_phrase_object_first__object_first,close_far_matched_scenes,1.1,platform__name_omar__obj_cone,platform__name_omar__obj_cone__object_first,platform__name_omar__obj_cone__distance_phrase_object_first,name_omar__obj_cone__distance_phrase_object_first__object_first,platform,platform,ends,name_omar,Omar,obj_cone,cone,distance_phrase_object_first,distance_magnitude_phrase,locative_distance_subject,object_first,object_first,False,True,False,False,False,True,False,"In the platform, a short distance separates the cone and Omar.","In the platform, a long distance separates the cone and Omar.",The cone is close to Omar.,The cone is far from Omar.,11,13,11,13,6,7,6,7
platform__name_omar__obj_cone__distance_phrase_object_first__person_first,close_far_matched_scenes,1.1,platform__name_omar__obj_cone,platform__name_omar__obj_cone__person_first,platform__name_omar__obj_cone__distance_phrase_object_first,name_omar__obj_cone__distance_phrase_object_first__person_first,platform,platform,ends,name_omar,Omar,obj_cone,cone,distance_phrase_object_first,distance_magnitude_phrase,locative_distance_subject,object_first,person_first,True,True,False,False,False,True,False,"In the platform, a short distance separates the cone and Omar.","In the platform, a long distance separates the cone and Omar.",Omar is close to the cone.,Omar is far from the cone.,11,13,11,13,6,8,6,8
platform__name_omar__obj_cone__endpoint_placement__object_first,close_far_matched_scenes,1.1,platform__name_omar__obj_cone,platform__name_omar__obj_cone__object_first,platform__name_omar__obj_cone__endpoint_placement,name_omar__obj_cone__endpoint_placement__object_first,platform,platform,ends,name_omar,Omar,obj_cone,cone,endpoint_placement,physical_endpoint_placement,two_sentence_person_then_object,person_first,object_first,True,True,True,True,False,False,False,"In the platform, Omar stands at one end. The cone rests at Omar's feet.","In the platform, Omar stands at one end. The cone rests at the other end.",The cone is close to Omar.,The cone is far from Omar.,15,18,15,18,6,7,6,7
platform__name_omar__obj_cone__endpoint_placement__person_first,close_far_matched_scenes,1.1,platform__name_omar__obj_cone,platform__name_omar__obj_cone__person_first,platform__name_omar__obj_cone__endpoint_placement,name_omar__obj_cone__endpoint_placement__person_first,platform,platform,ends,name_omar,Omar,obj_cone,cone,endpoint_placement,physical_endpoint_placement,two_sentence_person_then_object,person_first,person_first,False,True,True,True,False,False,False,"In the platform, Omar stands at one end. The cone rests at Omar's feet.","In the platform, Omar stands at one end. The cone rests at the other end.",Omar is close to the cone.,Omar is far from the cone.,15,18,15,18,6,8,6,8
platform__name_omar__obj_helmet__direct_label__object_first,close_far_matched_scenes,1.1,platform__name_omar__obj_helmet,platform__name_omar__obj_helmet__object_first,platform__name_omar__obj_helmet__direct_label,name_omar__obj_helmet__direct_label__object_first,platform,platform,ends,name_omar,Omar,obj_helmet,helmet,direct_label,explicit_relation,locative_object_subject,object_first,object_first,False,True,False,False,True,False,True,"In the platform, the helmet is close to Omar.","In the platform, the helmet is far from Omar.",The helmet is close to Omar.,The helmet is far from Omar.,9,11,9,11,6,7,6,7
platform__name_omar__obj_helmet__direct_label__person_first,close_far_matched_scenes,1.1,platform__name_omar__obj_helmet,platform__name_omar__obj_helmet__person_first,platform__name_omar__obj_helmet__direct_label,name_omar__obj_helmet__direct_label__person_first,platform,platform,ends,name_omar,Omar,obj_helmet,helmet,direct_label,explicit_relation,locative_object_subject,object_first,person_first,True,True,False,False,True,False,False,"In the platform, the helmet is close to Omar.","In the platform, the helmet is far from Omar.",Omar is close to the helmet.,Omar is far from the helmet.,9,11,9,11,6,8,6,8
platform__name_omar__obj_helmet__distance_phrase__object_first,close_far_matched_scenes,1.1,platform__name_omar__obj_helmet,platform__name_omar__obj_helmet__object_first,platform__name_omar__obj_helmet__distance_phrase,name_omar__obj_helmet__distance_phrase__object_first,platform,platform,ends,name_omar,Omar,obj_helmet,helmet,distance_phrase,distance_magnitude_phrase,locative_distance_subject,person_first,object_first,True,True,False,False,False,True,False,"In the platform, a short distance separates Omar and the helmet.","In the platform, a long distance separates Omar and the helmet.",The helmet is close to Omar.,The helmet is far from Omar.,11,13,11,13,6,7,6,7
platform__name_omar__obj_helmet__distance_phrase__person_first,close_far_matched_scenes,1.1,platform__name_omar__obj_helmet,platform__name_omar__obj_helmet__person_first,platform__name_omar__obj_helmet__distance_phrase,name_omar__obj_helmet__distance_phrase__person_first,platform,platform,ends,name_omar,Omar,obj_helmet,helmet,distance_phrase,distance_magnitude_phrase,locative_distance_subject,person_first,person_first,False,True,False,False,False,True,False,"In the platform, a short distance separates Omar and the helmet.","In the platform, a long distance separates Omar and the helmet.",Omar is close to the helmet.,Omar is far from the helmet.,11,13,11,13,6,8,6,8
platform__name_omar__obj_helmet__distance_phrase_object_first__object_first,close_far_matched_scenes,1.1,platform__name_omar__obj_helmet,platform__name_omar__obj_helmet__object_first,platform__name_omar__obj_helmet__distance_phrase_object_first,name_omar__obj_helmet__distance_phrase_object_first__object_first,platform,platform,ends,name_omar,Omar,obj_helmet,helmet,distance_phrase_object_first,distance_magnitude_phrase,locative_distance_subject,object_first,object_first,False,True,False,False,False,True,False,"In the platform, a short distance separates the helmet and Omar.","In the platform, a long distance separates the helmet and Omar.",The helmet is close to Omar.,The helmet is far from Omar.,11,13,11,13,6,7,6,7
platform__name_omar__obj_helmet__distance_phrase_object_first__person_first,close_far_matched_scenes,1.1,platform__name_omar__obj_helmet,platform__name_omar__obj_helmet__person_first,platform__name_omar__obj_helmet__distance_phrase_object_first,name_omar__obj_helmet__distance_phrase_object_first__person_first,platform,platform,ends,name_omar,Omar,obj_helmet,helmet,distance_phrase_object_first,distance_magnitude_phrase,locative_distance_subject,object_first,person_first,True,True,False,False,False,True,False,"In the platform, a short distance separates the helmet and Omar.","In the platform, a long distance separates the helmet and Omar.",Omar is close to the helmet.,Omar is far from the helmet.,11,13,11,13,6,8,6,8
platform__name_omar__obj_helmet__endpoint_placement__object_first,close_far_matched_scenes,1.1,platform__name_omar__obj_helmet,platform__name_omar__obj_helmet__object_first,platform__name_omar__obj_helmet__endpoint_placement,name_omar__obj_helmet__endpoint_placement__object_first,platform,platform,ends,name_omar,Omar,obj_helmet,helmet,endpoint_placement,physical_endpoint_placement,two_sentence_person_then_object,person_first,object_first,True,True,True,True,False,False,False,"In the platform, Omar stands at one end. The helmet rests at Omar's feet.","In the platform, Omar stands at one end. The helmet rests at the other end.",The helmet is close to Omar.,The helmet is far from Omar.,15,18,15,18,6,7,6,7
platform__name_omar__obj_helmet__endpoint_placement__person_first,close_far_matched_scenes,1.1,platform__name_omar__obj_helmet,platform__name_omar__obj_helmet__person_first,platform__name_omar__obj_helmet__endpoint_placement,name_omar__obj_helmet__endpoint_placement__person_first,platform,platform,ends,name_omar,Omar,obj_helmet,helmet,endpoint_placement,physical_endpoint_placement,two_sentence_person_then_object,person_first,person_first,False,True,True,True,False,False,False,"In the platform, Omar stands at one end. The helmet rests at Omar's feet.","In the platform, Omar stands at one end. The helmet rests at the other end.",Omar is close to the helmet.,Omar is far from the helmet.,15,18,15,18,6,8,6,8
platform__name_omar__obj_cup__direct_label__object_first,close_far_matched_scenes,1.1,platform__name_omar__obj_cup,platform__name_omar__obj_cup__object_first,platform__name_omar__obj_cup__direct_label,name_omar__obj_cup__direct_label__object_first,platform,platform,ends,name_omar,Omar,obj_cup,cup,direct_label,explicit_relation,locative_object_subject,object_first,object_first,False,True,False,False,True,False,True,"In the platform, the cup is close to Omar.","In the platform, the cup is far from Omar.",The cup is close to Omar.,The cup is far from Omar.,9,11,9,11,6,7,6,7
platform__name_omar__obj_cup__direct_label__person_first,close_far_matched_scenes,1.1,platform__name_omar__obj_cup,platform__name_omar__obj_cup__person_first,platform__name_omar__obj_cup__direct_label,name_omar__obj_cup__direct_label__person_first,platform,platform,ends,name_omar,Omar,obj_cup,cup,direct_label,explicit_relation,locative_object_subject,object_first,person_first,True,True,False,False,True,False,False,"In the platform, the cup is close to Omar.","In the platform, the cup is far from Omar.",Omar is close to the cup.,Omar is far from the cup.,9,11,9,11,6,8,6,8
platform__name_omar__obj_cup__distance_phrase__object_first,close_far_matched_scenes,1.1,platform__name_omar__obj_cup,platform__name_omar__obj_cup__object_first,platform__name_omar__obj_cup__distance_phrase,name_omar__obj_cup__distance_phrase__object_first,platform,platform,ends,name_omar,Omar,obj_cup,cup,distance_phrase,distance_magnitude_phrase,locative_distance_subject,person_first,object_first,True,True,False,False,False,True,False,"In the platform, a short distance separates Omar and the cup.","In the platform, a long distance separates Omar and the cup.",The cup is close to Omar.,The cup is far from Omar.,11,13,11,13,6,7,6,7
platform__name_omar__obj_cup__distance_phrase__person_first,close_far_matched_scenes,1.1,platform__name_omar__obj_cup,platform__name_omar__obj_cup__person_first,platform__name_omar__obj_cup__distance_phrase,name_omar__obj_cup__distance_phrase__person_first,platform,platform,ends,name_omar,Omar,obj_cup,cup,distance_phrase,distance_magnitude_phrase,locative_distance_subject,person_first,person_first,False,True,False,False,False,True,False,"In the platform, a short distance separates Omar and the cup.","In the platform, a long distance separates Omar and the cup.",Omar is close to the cup.,Omar is far from the cup.,11,13,11,13,6,8,6,8
platform__name_omar__obj_cup__distance_phrase_object_first__object_first,close_far_matched_scenes,1.1,platform__name_omar__obj_cup,platform__name_omar__obj_cup__object_first,platform__name_omar__obj_cup__distance_phrase_object_first,name_omar__obj_cup__distance_phrase_object_first__object_first,platform,platform,ends,name_omar,Omar,obj_cup,cup,distance_phrase_object_first,distance_magnitude_phrase,locative_distance_subject,object_first,object_first,False,True,False,False,False,True,False,"In the platform, a short distance separates the cup and Omar.","In the platform, a long distance separates the cup and Omar.",The cup is close to Omar.,The cup is far from Omar.,11,13,11,13,6,7,6,7
platform__name_omar__obj_cup__distance_phrase_object_first__person_first,close_far_matched_scenes,1.1,platform__name_omar__obj_cup,platform__name_omar__obj_cup__person_first,platform__name_omar__obj_cup__distance_phrase_object_first,name_omar__obj_cup__distance_phrase_object_first__person_first,platform,platform,ends,name_omar,Omar,obj_cup,cup,distance_phrase_object_first,distance_magnitude_phrase,locative_distance_subject,object_first,person_first,True,True,False,False,False,True,False,"In the platform, a short distance separates the cup and Omar.","In the platform, a long distance separates the cup and Omar.",Omar is close to the cup.,Omar is far from the cup.,11,13,11,13,6,8,6,8
platform__name_omar__obj_cup__endpoint_placement__object_first,close_far_matched_scenes,1.1,platform__name_omar__obj_cup,platform__name_omar__obj_cup__object_first,platform__name_omar__obj_cup__endpoint_placement,name_omar__obj_cup__endpoint_placement__object_first,platform,platform,ends,name_omar,Omar,obj_cup,cup,endpoint_placement,physical_endpoint_placement,two_sentence_person_then_object,person_first,object_first,True,True,True,True,False,False,False,"In the platform, Omar stands at one end. The cup rests at Omar's feet.","In the platform, Omar stands at one end. The cup rests at the other end.",The cup is close to Omar.,The cup is far from Omar.,15,18,15,18,6,7,6,7
platform__name_omar__obj_cup__endpoint_placement__person_first,close_far_matched_scenes,1.1,platform__name_omar__obj_cup,platform__name_omar__obj_cup__person_first,platform__name_omar__obj_cup__endpoint_placement,name_omar__obj_cup__endpoint_placement__person_first,platform,platform,ends,name_omar,Omar,obj_cup,cup,endpoint_placement,physical_endpoint_placement,two_sentence_person_then_object,person_first,person_first,False,True,True,True,False,False,False,"In the platform, Omar stands at one end. The cup rests at Omar's feet.","In the platform, Omar stands at one end. The cup rests at the other end.",Omar is close to the cup.,Omar is far from the cup.,15,18,15,18,6,8,6,8
platform__name_omar__obj_key__direct_label__object_first,close_far_matched_scenes,1.1,platform__name_omar__obj_key,platform__name_omar__obj_key__object_first,platform__name_omar__obj_key__direct_label,name_omar__obj_key__direct_label__object_first,platform,platform,ends,name_omar,Omar,obj_key,key,direct_label,explicit_relation,locative_object_subject,object_first,object_first,False,True,False,False,True,False,True,"In the platform, the key is close to Omar.","In the platform, the key is far from Omar.",The key is close to Omar.,The key is far from Omar.,9,11,9,11,6,7,6,7
platform__name_omar__obj_key__direct_label__person_first,close_far_matched_scenes,1.1,platform__name_omar__obj_key,platform__name_omar__obj_key__person_first,platform__name_omar__obj_key__direct_label,name_omar__obj_key__direct_label__person_first,platform,platform,ends,name_omar,Omar,obj_key,key,direct_label,explicit_relation,locative_object_subject,object_first,person_first,True,True,False,False,True,False,False,"In the platform, the key is close to Omar.","In the platform, the key is far from Omar.",Omar is close to the key.,Omar is far from the key.,9,11,9,11,6,8,6,8
platform__name_omar__obj_key__distance_phrase__object_first,close_far_matched_scenes,1.1,platform__name_omar__obj_key,platform__name_omar__obj_key__object_first,platform__name_omar__obj_key__distance_phrase,name_omar__obj_key__distance_phrase__object_first,platform,platform,ends,name_omar,Omar,obj_key,key,distance_phrase,distance_magnitude_phrase,locative_distance_subject,person_first,object_first,True,True,False,False,False,True,False,"In the platform, a short distance separates Omar and the key.","In the platform, a long distance separates Omar and the key.",The key is close to Omar.,The key is far from Omar.,11,13,11,13,6,7,6,7
platform__name_omar__obj_key__distance_phrase__person_first,close_far_matched_scenes,1.1,platform__name_omar__obj_key,platform__name_omar__obj_key__person_first,platform__name_omar__obj_key__distance_phrase,name_omar__obj_key__distance_phrase__person_first,platform,platform,ends,name_omar,Omar,obj_key,key,distance_phrase,distance_magnitude_phrase,locative_distance_subject,person_first,person_first,False,True,False,False,False,True,False,"In the platform, a short distance separates Omar and the key.","In the platform, a long distance separates Omar and the key.",Omar is close to the key.,Omar is far from the key.,11,13,11,13,6,8,6,8
platform__name_omar__obj_key__distance_phrase_object_first__object_first,close_far_matched_scenes,1.1,platform__name_omar__obj_key,platform__name_omar__obj_key__object_first,platform__name_omar__obj_key__distance_phrase_object_first,name_omar__obj_key__distance_phrase_object_first__object_first,platform,platform,ends,name_omar,Omar,obj_key,key,distance_phrase_object_first,distance_magnitude_phrase,locative_distance_subject,object_first,object_first,False,True,False,False,False,True,False,"In the platform, a short distance separates the key and Omar.","In the platform, a long distance separates the key and Omar.",The key is close to Omar.,The key is far from Omar.,11,13,11,13,6,7,6,7
platform__name_omar__obj_key__distance_phrase_object_first__person_first,close_far_matched_scenes,1.1,platform__name_omar__obj_key,platform__name_omar__obj_key__person_first,platform__name_omar__obj_key__distance_phrase_object_first,name_omar__obj_key__distance_phrase_object_first__person_first,platform,platform,ends,name_omar,Omar,obj_key,key,distance_phrase_object_first,distance_magnitude_phrase,locative_distance_subject,object_first,person_first,True,True,False,False,False,True,False,"In the platform, a short distance separates the key and Omar.","In the platform, a long distance separates the key and Omar.",Omar is close to the key.,Omar is far from the key.,11,13,11,13,6,8,6,8
platform__name_omar__obj_key__endpoint_placement__object_first,close_far_matched_scenes,1.1,platform__name_omar__obj_key,platform__name_omar__obj_key__object_first,platform__name_omar__obj_key__endpoint_placement,name_omar__obj_key__endpoint_placement__object_first,platform,platform,ends,name_omar,Omar,obj_key,key,endpoint_placement,physical_endpoint_placement,two_sentence_person_then_object,person_first,object_first,True,True,True,True,False,False,False,"In the platform, Omar stands at one end. The key rests at Omar's feet.","In the platform, Omar stands at one end. The key rests at the other end.",The key is close to Omar.,The key is far from Omar.,15,18,15,18,6,7,6,7
platform__name_omar__obj_key__endpoint_placement__person_first,close_far_matched_scenes,1.1,platform__name_omar__obj_key,platform__name_omar__obj_key__person_first,platform__name_omar__obj_key__endpoint_placement,name_omar__obj_key__endpoint_placement__person_first,platform,platform,ends,name_omar,Omar,obj_key,key,endpoint_placement,physical_endpoint_placement,two_sentence_person_then_object,person_first,person_first,False,True,True,True,False,False,False,"In the platform, Omar stands at one end. The key rests at Omar's feet.","In the platform, Omar stands at one end. The key rests at the other end.",Omar is close to the key.,Omar is far from the key.,15,18,15,18,6,8,6,8
platform__name_omar__obj_box__direct_label__object_first,close_far_matched_scenes,1.1,platform__name_omar__obj_box,platform__name_omar__obj_box__object_first,platform__name_omar__obj_box__direct_label,name_omar__obj_box__direct_label__object_first,platform,platform,ends,name_omar,Omar,obj_box,box,direct_label,explicit_relation,locative_object_subject,object_first,object_first,False,True,False,False,True,False,True,"In the platform, the box is close to Omar.","In the platform, the box is far from Omar.",The box is close to Omar.,The box is far from Omar.,9,11,9,11,6,7,6,7
platform__name_omar__obj_box__direct_label__person_first,close_far_matched_scenes,1.1,platform__name_omar__obj_box,platform__name_omar__obj_box__person_first,platform__name_omar__obj_box__direct_label,name_omar__obj_box__direct_label__person_first,platform,platform,ends,name_omar,Omar,obj_box,box,direct_label,explicit_relation,locative_object_subject,object_first,person_first,True,True,False,False,True,False,False,"In the platform, the box is close to Omar.","In the platform, the box is far from Omar.",Omar is close to the box.,Omar is far from the box.,9,11,9,11,6,8,6,8
platform__name_omar__obj_box__distance_phrase__object_first,close_far_matched_scenes,1.1,platform__name_omar__obj_box,platform__name_omar__obj_box__object_first,platform__name_omar__obj_box__distance_phrase,name_omar__obj_box__distance_phrase__object_first,platform,platform,ends,name_omar,Omar,obj_box,box,distance_phrase,distance_magnitude_phrase,locative_distance_subject,person_first,object_first,True,True,False,False,False,True,False,"In the platform, a short distance separates Omar and the box.","In the platform, a long distance separates Omar and the box.",The box is close to Omar.,The box is far from Omar.,11,13,11,13,6,7,6,7
platform__name_omar__obj_box__distance_phrase__person_first,close_far_matched_scenes,1.1,platform__name_omar__obj_box,platform__name_omar__obj_box__person_first,platform__name_omar__obj_box__distance_phrase,name_omar__obj_box__distance_phrase__person_first,platform,platform,ends,name_omar,Omar,obj_box,box,distance_phrase,distance_magnitude_phrase,locative_distance_subject,person_first,person_first,False,True,False,False,False,True,False,"In the platform, a short distance separates Omar and the box.","In the platform, a long distance separates Omar and the box.",Omar is close to the box.,Omar is far from the box.,11,13,11,13,6,8,6,8
platform__name_omar__obj_box__distance_phrase_object_first__object_first,close_far_matched_scenes,1.1,platform__name_omar__obj_box,platform__name_omar__obj_box__object_first,platform__name_omar__obj_box__distance_phrase_object_first,name_omar__obj_box__distance_phrase_object_first__object_first,platform,platform,ends,name_omar,Omar,obj_box,box,distance_phrase_object_first,distance_magnitude_phrase,locative_distance_subject,object_first,object_first,False,True,False,False,False,True,False,"In the platform, a short distance separates the box and Omar.","In the platform, a long distance separates the box and Omar.",The box is close to Omar.,The box is far from Omar.,11,13,11,13,6,7,6,7
platform__name_omar__obj_box__distance_phrase_object_first__person_first,close_far_matched_scenes,1.1,platform__name_omar__obj_box,platform__name_omar__obj_box__person_first,platform__name_omar__obj_box__distance_phrase_object_first,name_omar__obj_box__distance_phrase_object_first__person_first,platform,platform,ends,name_omar,Omar,obj_box,box,distance_phrase_object_first,distance_magnitude_phrase,locative_distance_subject,object_first,person_first,True,True,False,False,False,True,False,"In the platform, a short distance separates the box and Omar.","In the platform, a long distance separates the box and Omar.",Omar is close to the box.,Omar is far from the box.,11,13,11,13,6,8,6,8
platform__name_omar__obj_box__endpoint_placement__object_first,close_far_matched_scenes,1.1,platform__name_omar__obj_box,platform__name_omar__obj_box__object_first,platform__name_omar__obj_box__endpoint_placement,name_omar__obj_box__endpoint_placement__object_first,platform,platform,ends,name_omar,Omar,obj_box,box,endpoint_placement,physical_endpoint_placement,two_sentence_person_then_object,person_first,object_first,True,True,True,True,False,False,False,"In the platform, Omar stands at one end. The box rests at Omar's feet.","In the platform, Omar stands at one end. The box rests at the other end.",The box is close to Omar.,The box is far from Omar.,15,18,15,18,6,7,6,7
platform__name_omar__obj_box__endpoint_placement__person_first,close_far_matched_scenes,1.1,platform__name_omar__obj_box,platform__name_omar__obj_box__person_first,platform__name_omar__obj_box__endpoint_placement,name_omar__obj_box__endpoint_placement__person_first,platform,platform,ends,name_omar,Omar,obj_box,box,endpoint_placement,physical_endpoint_placement,two_sentence_person_then_object,person_first,person_first,False,True,True,True,False,False,False,"In the platform, Omar stands at one end. The box rests at Omar's feet.","In the platform, Omar stands at one end. The box rests at the other end.",Omar is close to the box.,Omar is far from the box.,15,18,15,18,6,8,6,8
auditorium__name_maya__obj_ball__direct_label__object_first,close_far_matched_scenes,1.1,auditorium__name_maya__obj_ball,auditorium__name_maya__obj_ball__object_first,auditorium__name_maya__obj_ball__direct_label,name_maya__obj_ball__direct_label__object_first,auditorium,auditorium,sides,name_maya,Maya,obj_ball,ball,direct_label,explicit_relation,locative_object_subject,object_first,object_first,False,True,False,False,True,False,True,"In the auditorium, the ball is close to Maya.","In the auditorium, the ball is far from Maya.",The ball is close to Maya.,The ball is far from Maya.,9,12,9,12,6,7,6,7
auditorium__name_maya__obj_ball__direct_label__person_first,close_far_matched_scenes,1.1,auditorium__name_maya__obj_ball,auditorium__name_maya__obj_ball__person_first,auditorium__name_maya__obj_ball__direct_label,name_maya__obj_ball__direct_label__person_first,auditorium,auditorium,sides,name_maya,Maya,obj_ball,ball,direct_label,explicit_relation,locative_object_subject,object_first,person_first,True,True,False,False,True,False,False,"In the auditorium, the ball is close to Maya.","In the auditorium, the ball is far from Maya.",Maya is close to the ball.,Maya is far from the ball.,9,12,9,12,6,8,6,8
auditorium__name_maya__obj_ball__distance_phrase__object_first,close_far_matched_scenes,1.1,auditorium__name_maya__obj_ball,auditorium__name_maya__obj_ball__object_first,auditorium__name_maya__obj_ball__distance_phrase,name_maya__obj_ball__distance_phrase__object_first,auditorium,auditorium,sides,name_maya,Maya,obj_ball,ball,distance_phrase,distance_magnitude_phrase,locative_distance_subject,person_first,object_first,True,True,False,False,False,True,False,"In the auditorium, a short distance separates Maya and the ball.","In the auditorium, a long distance separates Maya and the ball.",The ball is close to Maya.,The ball is far from Maya.,11,14,11,14,6,7,6,7
auditorium__name_maya__obj_ball__distance_phrase__person_first,close_far_matched_scenes,1.1,auditorium__name_maya__obj_ball,auditorium__name_maya__obj_ball__person_first,auditorium__name_maya__obj_ball__distance_phrase,name_maya__obj_ball__distance_phrase__person_first,auditorium,auditorium,sides,name_maya,Maya,obj_ball,ball,distance_phrase,distance_magnitude_phrase,locative_distance_subject,person_first,person_first,False,True,False,False,False,True,False,"In the auditorium, a short distance separates Maya and the ball.","In the auditorium, a long distance separates Maya and the ball.",Maya is close to the ball.,Maya is far from the ball.,11,14,11,14,6,8,6,8
auditorium__name_maya__obj_ball__distance_phrase_object_first__object_first,close_far_matched_scenes,1.1,auditorium__name_maya__obj_ball,auditorium__name_maya__obj_ball__object_first,auditorium__name_maya__obj_ball__distance_phrase_object_first,name_maya__obj_ball__distance_phrase_object_first__object_first,auditorium,auditorium,sides,name_maya,Maya,obj_ball,ball,distance_phrase_object_first,distance_magnitude_phrase,locative_distance_subject,object_first,object_first,False,True,False,False,False,True,False,"In the auditorium, a short distance separates the ball and Maya.","In the auditorium, a long distance separates the ball and Maya.",The ball is close to Maya.,The ball is far from Maya.,11,14,11,14,6,7,6,7
auditorium__name_maya__obj_ball__distance_phrase_object_first__person_first,close_far_matched_scenes,1.1,auditorium__name_maya__obj_ball,auditorium__name_maya__obj_ball__person_first,auditorium__name_maya__obj_ball__distance_phrase_object_first,name_maya__obj_ball__distance_phrase_object_first__person_first,auditorium,auditorium,sides,name_maya,Maya,obj_ball,ball,distance_phrase_object_first,distance_magnitude_phrase,locative_distance_subject,object_first,person_first,True,True,False,False,False,True,False,"In the auditorium, a short distance separates the ball and Maya.","In the auditorium, a long distance separates the ball and Maya.",Maya is close to the ball.,Maya is far from the ball.,11,14,11,14,6,8,6,8
auditorium__name_maya__obj_ball__endpoint_placement__object_first,close_far_matched_scenes,1.1,auditorium__name_maya__obj_ball,auditorium__name_maya__obj_ball__object_first,auditorium__name_maya__obj_ball__endpoint_placement,name_maya__obj_ball__endpoint_placement__object_first,auditorium,auditorium,sides,name_maya,Maya,obj_ball,ball,endpoint_placement,physical_endpoint_placement,two_sentence_person_then_object,person_first,object_first,True,True,True,True,False,False,False,"In the auditorium, Maya stands at one side. The ball rests at Maya's feet.","In the auditorium, Maya stands at one side. The ball rests at the opposite side.",The ball is close to Maya.,The ball is far from Maya.,15,19,15,19,6,7,6,7
auditorium__name_maya__obj_ball__endpoint_placement__person_first,close_far_matched_scenes,1.1,auditorium__name_maya__obj_ball,auditorium__name_maya__obj_ball__person_first,auditorium__name_maya__obj_ball__endpoint_placement,name_maya__obj_ball__endpoint_placement__person_first,auditorium,auditorium,sides,name_maya,Maya,obj_ball,ball,endpoint_placement,physical_endpoint_placement,two_sentence_person_then_object,person_first,person_first,False,True,True,True,False,False,False,"In the auditorium, Maya stands at one side. The ball rests at Maya's feet.","In the auditorium, Maya stands at one side. The ball rests at the opposite side.",Maya is close to the ball.,Maya is far from the ball.,15,19,15,19,6,8,6,8
auditorium__name_maya__obj_bag__direct_label__object_first,close_far_matched_scenes,1.1,auditorium__name_maya__obj_bag,auditorium__name_maya__obj_bag__object_first,auditorium__name_maya__obj_bag__direct_label,name_maya__obj_bag__direct_label__object_first,auditorium,auditorium,sides,name_maya,Maya,obj_bag,bag,direct_label,explicit_relation,locative_object_subject,object_first,object_first,False,True,False,False,True,False,True,"In the auditorium, the bag is close to Maya.","In the auditorium, the bag is far from Maya.",The bag is close to Maya.,The bag is far from Maya.,9,12,9,12,6,7,6,7
auditorium__name_maya__obj_bag__direct_label__person_first,close_far_matched_scenes,1.1,auditorium__name_maya__obj_bag,auditorium__name_maya__obj_bag__person_first,auditorium__name_maya__obj_bag__direct_label,name_maya__obj_bag__direct_label__person_first,auditorium,auditorium,sides,name_maya,Maya,obj_bag,bag,direct_label,explicit_relation,locative_object_subject,object_first,person_first,True,True,False,False,True,False,False,"In the auditorium, the bag is close to Maya.","In the auditorium, the bag is far from Maya.",Maya is close to the bag.,Maya is far from the bag.,9,12,9,12,6,8,6,8
auditorium__name_maya__obj_bag__distance_phrase__object_first,close_far_matched_scenes,1.1,auditorium__name_maya__obj_bag,auditorium__name_maya__obj_bag__object_first,auditorium__name_maya__obj_bag__distance_phrase,name_maya__obj_bag__distance_phrase__object_first,auditorium,auditorium,sides,name_maya,Maya,obj_bag,bag,distance_phrase,distance_magnitude_phrase,locative_distance_subject,person_first,object_first,True,True,False,False,False,True,False,"In the auditorium, a short distance separates Maya and the bag.","In the auditorium, a long distance separates Maya and the bag.",The bag is close to Maya.,The bag is far from Maya.,11,14,11,14,6,7,6,7
auditorium__name_maya__obj_bag__distance_phrase__person_first,close_far_matched_scenes,1.1,auditorium__name_maya__obj_bag,auditorium__name_maya__obj_bag__person_first,auditorium__name_maya__obj_bag__distance_phrase,name_maya__obj_bag__distance_phrase__person_first,auditorium,auditorium,sides,name_maya,Maya,obj_bag,bag,distance_phrase,distance_magnitude_phrase,locative_distance_subject,person_first,person_first,False,True,False,False,False,True,False,"In the auditorium, a short distance separates Maya and the bag.","In the auditorium, a long distance separates Maya and the bag.",Maya is close to the bag.,Maya is far from the bag.,11,14,11,14,6,8,6,8
auditorium__name_maya__obj_bag__distance_phrase_object_first__object_first,close_far_matched_scenes,1.1,auditorium__name_maya__obj_bag,auditorium__name_maya__obj_bag__object_first,auditorium__name_maya__obj_bag__distance_phrase_object_first,name_maya__obj_bag__distance_phrase_object_first__object_first,auditorium,auditorium,sides,name_maya,Maya,obj_bag,bag,distance_phrase_object_first,distance_magnitude_phrase,locative_distance_subject,object_first,object_first,False,True,False,False,False,True,False,"In the auditorium, a short distance separates the bag and Maya.","In the auditorium, a long distance separates the bag and Maya.",The bag is close to Maya.,The bag is far from Maya.,11,14,11,14,6,7,6,7
auditorium__name_maya__obj_bag__distance_phrase_object_first__person_first,close_far_matched_scenes,1.1,auditorium__name_maya__obj_bag,auditorium__name_maya__obj_bag__person_first,auditorium__name_maya__obj_bag__distance_phrase_object_first,name_maya__obj_bag__distance_phrase_object_first__person_first,auditorium,auditorium,sides,name_maya,Maya,obj_bag,bag,distance_phrase_object_first,distance_magnitude_phrase,locative_distance_subject,object_first,person_first,True,True,False,False,False,True,False,"In the auditorium, a short distance separates the bag and Maya.","In the auditorium, a long distance separates the bag and Maya.",Maya is close to the bag.,Maya is far from the bag.,11,14,11,14,6,8,6,8
auditorium__name_maya__obj_bag__endpoint_placement__object_first,close_far_matched_scenes,1.1,auditorium__name_maya__obj_bag,auditorium__name_maya__obj_bag__object_first,auditorium__name_maya__obj_bag__endpoint_placement,name_maya__obj_bag__endpoint_placement__object_first,auditorium,auditorium,sides,name_maya,Maya,obj_bag,bag,endpoint_placement,physical_endpoint_placement,two_sentence_person_then_object,person_first,object_first,True,True,True,True,False,False,False,"In the auditorium, Maya stands at one side. The bag rests at Maya's feet.","In the auditorium, Maya stands at one side. The bag rests at the opposite side.",The bag is close to Maya.,The bag is far from Maya.,15,19,15,19,6,7,6,7
auditorium__name_maya__obj_bag__endpoint_placement__person_first,close_far_matched_scenes,1.1,auditorium__name_maya__obj_bag,auditorium__name_maya__obj_bag__person_first,auditorium__name_maya__obj_bag__endpoint_placement,name_maya__obj_bag__endpoint_placement__person_first,auditorium,auditorium,sides,name_maya,Maya,obj_bag,bag,endpoint_placement,physical_endpoint_placement,two_sentence_person_then_object,person_first,person_first,False,True,True,True,False,False,False,"In the auditorium, Maya stands at one side. The bag rests at Maya's feet.","In the auditorium, Maya stands at one side. The bag rests at the opposite side.",Maya is close to the bag.,Maya is far from the bag.,15,19,15,19,6,8,6,8
auditorium__name_maya__obj_book__direct_label__object_first,close_far_matched_scenes,1.1,auditorium__name_maya__obj_book,auditorium__name_maya__obj_book__object_first,auditorium__name_maya__obj_book__direct_label,name_maya__obj_book__direct_label__object_first,auditorium,auditorium,sides,name_maya,Maya,obj_book,book,direct_label,explicit_relation,locative_object_subject,object_first,object_first,False,True,False,False,True,False,True,"In the auditorium, the book is close to Maya.","In the auditorium, the book is far from Maya.",The book is close to Maya.,The book is far from Maya.,9,12,9,12,6,7,6,7
auditorium__name_maya__obj_book__direct_label__person_first,close_far_matched_scenes,1.1,auditorium__name_maya__obj_book,auditorium__name_maya__obj_book__person_first,auditorium__name_maya__obj_book__direct_label,name_maya__obj_book__direct_label__person_first,auditorium,auditorium,sides,name_maya,Maya,obj_book,book,direct_label,explicit_relation,locative_object_subject,object_first,person_first,True,True,False,False,True,False,False,"In the auditorium, the book is close to Maya.","In the auditorium, the book is far from Maya.",Maya is close to the book.,Maya is far from the book.,9,12,9,12,6,8,6,8
auditorium__name_maya__obj_book__distance_phrase__object_first,close_far_matched_scenes,1.1,auditorium__name_maya__obj_book,auditorium__name_maya__obj_book__object_first,auditorium__name_maya__obj_book__distance_phrase,name_maya__obj_book__distance_phrase__object_first,auditorium,auditorium,sides,name_maya,Maya,obj_book,book,distance_phrase,distance_magnitude_phrase,locative_distance_subject,person_first,object_first,True,True,False,False,False,True,False,"In the auditorium, a short distance separates Maya and the book.","In the auditorium, a long distance separates Maya and the book.",The book is close to Maya.,The book is far from Maya.,11,14,11,14,6,7,6,7
auditorium__name_maya__obj_book__distance_phrase__person_first,close_far_matched_scenes,1.1,auditorium__name_maya__obj_book,auditorium__name_maya__obj_book__person_first,auditorium__name_maya__obj_book__distance_phrase,name_maya__obj_book__distance_phrase__person_first,auditorium,auditorium,sides,name_maya,Maya,obj_book,book,distance_phrase,distance_magnitude_phrase,locative_distance_subject,person_first,person_first,False,True,False,False,False,True,False,"In the auditorium, a short distance separates Maya and the book.","In the auditorium, a long distance separates Maya and the book.",Maya is close to the book.,Maya is far from the book.,11,14,11,14,6,8,6,8
auditorium__name_maya__obj_book__distance_phrase_object_first__object_first,close_far_matched_scenes,1.1,auditorium__name_maya__obj_book,auditorium__name_maya__obj_book__object_first,auditorium__name_maya__obj_book__distance_phrase_object_first,name_maya__obj_book__distance_phrase_object_first__object_first,auditorium,auditorium,sides,name_maya,Maya,obj_book,book,distance_phrase_object_first,distance_magnitude_phrase,locative_distance_subject,object_first,object_first,False,True,False,False,False,True,False,"In the auditorium, a short distance separates the book and Maya.","In the auditorium, a long distance separates the book and Maya.",The book is close to Maya.,The book is far from Maya.,11,14,11,14,6,7,6,7
auditorium__name_maya__obj_book__distance_phrase_object_first__person_first,close_far_matched_scenes,1.1,auditorium__name_maya__obj_book,auditorium__name_maya__obj_book__person_first,auditorium__name_maya__obj_book__distance_phrase_object_first,name_maya__obj_book__distance_phrase_object_first__person_first,auditorium,auditorium,sides,name_maya,Maya,obj_book,book,distance_phrase_object_first,distance_magnitude_phrase,locative_distance_subject,object_first,person_first,True,True,False,False,False,True,False,"In the auditorium, a short distance separates the book and Maya.","In the auditorium, a long distance separates the book and Maya.",Maya is close to the book.,Maya is far from the book.,11,14,11,14,6,8,6,8
auditorium__name_maya__obj_book__endpoint_placement__object_first,close_far_matched_scenes,1.1,auditorium__name_maya__obj_book,auditorium__name_maya__obj_book__object_first,auditorium__name_maya__obj_book__endpoint_placement,name_maya__obj_book__endpoint_placement__object_first,auditorium,auditorium,sides,name_maya,Maya,obj_book,book,endpoint_placement,physical_endpoint_placement,two_sentence_person_then_object,person_first,object_first,True,True,True,True,False,False,False,"In the auditorium, Maya stands at one side. The book rests at Maya's feet.","In the auditorium, Maya stands at one side. The book rests at the opposite side.",The book is close to Maya.,The book is far from Maya.,15,19,15,19,6,7,6,7
auditorium__name_maya__obj_book__endpoint_placement__person_first,close_far_matched_scenes,1.1,auditorium__name_maya__obj_book,auditorium__name_maya__obj_book__person_first,auditorium__name_maya__obj_book__endpoint_placement,name_maya__obj_book__endpoint_placement__person_first,auditorium,auditorium,sides,name_maya,Maya,obj_book,book,endpoint_placement,physical_endpoint_placement,two_sentence_person_then_object,person_first,person_first,False,True,True,True,False,False,False,"In the auditorium, Maya stands at one side. The book rests at Maya's feet.","In the auditorium, Maya stands at one side. The book rests at the opposite side.",Maya is close to the book.,Maya is far from the book.,15,19,15,19,6,8,6,8
auditorium__name_maya__obj_cone__direct_label__object_first,close_far_matched_scenes,1.1,auditorium__name_maya__obj_cone,auditorium__name_maya__obj_cone__object_first,auditorium__name_maya__obj_cone__direct_label,name_maya__obj_cone__direct_label__object_first,auditorium,auditorium,sides,name_maya,Maya,obj_cone,cone,direct_label,explicit_relation,locative_object_subject,object_first,object_first,False,True,False,False,True,False,True,"In the auditorium, the cone is close to Maya.","In the auditorium, the cone is far from Maya.",The cone is close to Maya.,The cone is far from Maya.,9,12,9,12,6,7,6,7
auditorium__name_maya__obj_cone__direct_label__person_first,close_far_matched_scenes,1.1,auditorium__name_maya__obj_cone,auditorium__name_maya__obj_cone__person_first,auditorium__name_maya__obj_cone__direct_label,name_maya__obj_cone__direct_label__person_first,auditorium,auditorium,sides,name_maya,Maya,obj_cone,cone,direct_label,explicit_relation,locative_object_subject,object_first,person_first,True,True,False,False,True,False,False,"In the auditorium, the cone is close to Maya.","In the auditorium, the cone is far from Maya.",Maya is close to the cone.,Maya is far from the cone.,9,12,9,12,6,8,6,8
auditorium__name_maya__obj_cone__distance_phrase__object_first,close_far_matched_scenes,1.1,auditorium__name_maya__obj_cone,auditorium__name_maya__obj_cone__object_first,auditorium__name_maya__obj_cone__distance_phrase,name_maya__obj_cone__distance_phrase__object_first,auditorium,auditorium,sides,name_maya,Maya,obj_cone,cone,distance_phrase,distance_magnitude_phrase,locative_distance_subject,person_first,object_first,True,True,False,False,False,True,False,"In the auditorium, a short distance separates Maya and the cone.","In the auditorium, a long distance separates Maya and the cone.",The cone is close to Maya.,The cone is far from Maya.,11,14,11,14,6,7,6,7
auditorium__name_maya__obj_cone__distance_phrase__person_first,close_far_matched_scenes,1.1,auditorium__name_maya__obj_cone,auditorium__name_maya__obj_cone__person_first,auditorium__name_maya__obj_cone__distance_phrase,name_maya__obj_cone__distance_phrase__person_first,auditorium,auditorium,sides,name_maya,Maya,obj_cone,cone,distance_phrase,distance_magnitude_phrase,locative_distance_subject,person_first,person_first,False,True,False,False,False,True,False,"In the auditorium, a short distance separates Maya and the cone.","In the auditorium, a long distance separates Maya and the cone.",Maya is close to the cone.,Maya is far from the cone.,11,14,11,14,6,8,6,8
auditorium__name_maya__obj_cone__distance_phrase_object_first__object_first,close_far_matched_scenes,1.1,auditorium__name_maya__obj_cone,auditorium__name_maya__obj_cone__object_first,auditorium__name_maya__obj_cone__distance_phrase_object_first,name_maya__obj_cone__distance_phrase_object_first__object_first,auditorium,auditorium,sides,name_maya,Maya,obj_cone,cone,distance_phrase_object_first,distance_magnitude_phrase,locative_distance_subject,object_first,object_first,False,True,False,False,False,True,False,"In the auditorium, a short distance separates the cone and Maya.","In the auditorium, a long distance separates the cone and Maya.",The cone is close to Maya.,The cone is far from Maya.,11,14,11,14,6,7,6,7
auditorium__name_maya__obj_cone__distance_phrase_object_first__person_first,close_far_matched_scenes,1.1,auditorium__name_maya__obj_cone,auditorium__name_maya__obj_cone__person_first,auditorium__name_maya__obj_cone__distance_phrase_object_first,name_maya__obj_cone__distance_phrase_object_first__person_first,auditorium,auditorium,sides,name_maya,Maya,obj_cone,cone,distance_phrase_object_first,distance_magnitude_phrase,locative_distance_subject,object_first,person_first,True,True,False,False,False,True,False,"In the auditorium, a short distance separates the cone and Maya.","In the auditorium, a long distance separates the cone and Maya.",Maya is close to the cone.,Maya is far from the cone.,11,14,11,14,6,8,6,8
auditorium__name_maya__obj_cone__endpoint_placement__object_first,close_far_matched_scenes,1.1,auditorium__name_maya__obj_cone,auditorium__name_maya__obj_cone__object_first,auditorium__name_maya__obj_cone__endpoint_placement,name_maya__obj_cone__endpoint_placement__object_first,auditorium,auditorium,sides,name_maya,Maya,obj_cone,cone,endpoint_placement,physical_endpoint_placement,two_sentence_person_then_object,person_first,object_first,True,True,True,True,False,False,False,"In the auditorium, Maya stands at one side. The cone rests at Maya's feet.","In the auditorium, Maya stands at one side. The cone rests at the opposite side.",The cone is close to Maya.,The cone is far from Maya.,15,19,15,19,6,7,6,7
auditorium__name_maya__obj_cone__endpoint_placement__person_first,close_far_matched_scenes,1.1,auditorium__name_maya__obj_cone,auditorium__name_maya__obj_cone__person_first,auditorium__name_maya__obj_cone__endpoint_placement,name_maya__obj_cone__endpoint_placement__person_first,auditorium,auditorium,sides,name_maya,Maya,obj_cone,cone,endpoint_placement,physical_endpoint_placement,two_sentence_person_then_object,person_first,person_first,False,True,True,True,False,False,False,"In the auditorium, Maya stands at one side. The cone rests at Maya's feet.","In the auditorium, Maya stands at one side. The cone rests at the opposite side.",Maya is close to the cone.,Maya is far from the cone.,15,19,15,19,6,8,6,8
auditorium__name_maya__obj_helmet__direct_label__object_first,close_far_matched_scenes,1.1,auditorium__name_maya__obj_helmet,auditorium__name_maya__obj_helmet__object_first,auditorium__name_maya__obj_helmet__direct_label,name_maya__obj_helmet__direct_label__object_first,auditorium,auditorium,sides,name_maya,Maya,obj_helmet,helmet,direct_label,explicit_relation,locative_object_subject,object_first,object_first,False,True,False,False,True,False,True,"In the auditorium, the helmet is close to Maya.","In the auditorium, the helmet is far from Maya.",The helmet is close to Maya.,The helmet is far from Maya.,9,12,9,12,6,7,6,7
auditorium__name_maya__obj_helmet__direct_label__person_first,close_far_matched_scenes,1.1,auditorium__name_maya__obj_helmet,auditorium__name_maya__obj_helmet__person_first,auditorium__name_maya__obj_helmet__direct_label,name_maya__obj_helmet__direct_label__person_first,auditorium,auditorium,sides,name_maya,Maya,obj_helmet,helmet,direct_label,explicit_relation,locative_object_subject,object_first,person_first,True,True,False,False,True,False,False,"In the auditorium, the helmet is close to Maya.","In the auditorium, the helmet is far from Maya.",Maya is close to the helmet.,Maya is far from the helmet.,9,12,9,12,6,8,6,8
auditorium__name_maya__obj_helmet__distance_phrase__object_first,close_far_matched_scenes,1.1,auditorium__name_maya__obj_helmet,auditorium__name_maya__obj_helmet__object_first,auditorium__name_maya__obj_helmet__distance_phrase,name_maya__obj_helmet__distance_phrase__object_first,auditorium,auditorium,sides,name_maya,Maya,obj_helmet,helmet,distance_phrase,distance_magnitude_phrase,locative_distance_subject,person_first,object_first,True,True,False,False,False,True,False,"In the auditorium, a short distance separates Maya and the helmet.","In the auditorium, a long distance separates Maya and the helmet.",The helmet is close to Maya.,The helmet is far from Maya.,11,14,11,14,6,7,6,7
auditorium__name_maya__obj_helmet__distance_phrase__person_first,close_far_matched_scenes,1.1,auditorium__name_maya__obj_helmet,auditorium__name_maya__obj_helmet__person_first,auditorium__name_maya__obj_helmet__distance_phrase,name_maya__obj_helmet__distance_phrase__person_first,auditorium,auditorium,sides,name_maya,Maya,obj_helmet,helmet,distance_phrase,distance_magnitude_phrase,locative_distance_subject,person_first,person_first,False,True,False,False,False,True,False,"In the auditorium, a short distance separates Maya and the helmet.","In the auditorium, a long distance separates Maya and the helmet.",Maya is close to the helmet.,Maya is far from the helmet.,11,14,11,14,6,8,6,8
auditorium__name_maya__obj_helmet__distance_phrase_object_first__object_first,close_far_matched_scenes,1.1,auditorium__name_maya__obj_helmet,auditorium__name_maya__obj_helmet__object_first,auditorium__name_maya__obj_helmet__distance_phrase_object_first,name_maya__obj_helmet__distance_phrase_object_first__object_first,auditorium,auditorium,sides,name_maya,Maya,obj_helmet,helmet,distance_phrase_object_first,distance_magnitude_phrase,locative_distance_subject,object_first,object_first,False,True,False,False,False,True,False,"In the auditorium, a short distance separates the helmet and Maya.","In the auditorium, a long distance separates the helmet and Maya.",The helmet is close to Maya.,The helmet is far from Maya.,11,14,11,14,6,7,6,7
auditorium__name_maya__obj_helmet__distance_phrase_object_first__person_first,close_far_matched_scenes,1.1,auditorium__name_maya__obj_helmet,auditorium__name_maya__obj_helmet__person_first,auditorium__name_maya__obj_helmet__distance_phrase_object_first,name_maya__obj_helmet__distance_phrase_object_first__person_first,auditorium,auditorium,sides,name_maya,Maya,obj_helmet,helmet,distance_phrase_object_first,distance_magnitude_phrase,locative_distance_subject,object_first,person_first,True,True,False,False,False,True,False,"In the auditorium, a short distance separates the helmet and Maya.","In the auditorium, a long distance separates the helmet and Maya.",Maya is close to the helmet.,Maya is far from the helmet.,11,14,11,14,6,8,6,8
auditorium__name_maya__obj_helmet__endpoint_placement__object_first,close_far_matched_scenes,1.1,auditorium__name_maya__obj_helmet,auditorium__name_maya__obj_helmet__object_first,auditorium__name_maya__obj_helmet__endpoint_placement,name_maya__obj_helmet__endpoint_placement__object_first,auditorium,auditorium,sides,name_maya,Maya,obj_helmet,helmet,endpoint_placement,physical_endpoint_placement,two_sentence_person_then_object,person_first,object_first,True,True,True,True,False,False,False,"In the auditorium, Maya stands at one side. The helmet rests at Maya's feet.","In the auditorium, Maya stands at one side. The helmet rests at the opposite side.",The helmet is close to Maya.,The helmet is far from Maya.,15,19,15,19,6,7,6,7
auditorium__name_maya__obj_helmet__endpoint_placement__person_first,close_far_matched_scenes,1.1,auditorium__name_maya__obj_helmet,auditorium__name_maya__obj_helmet__person_first,auditorium__name_maya__obj_helmet__endpoint_placement,name_maya__obj_helmet__endpoint_placement__person_first,auditorium,auditorium,sides,name_maya,Maya,obj_helmet,helmet,endpoint_placement,physical_endpoint_placement,two_sentence_person_then_object,person_first,person_first,False,True,True,True,False,False,False,"In the auditorium, Maya stands at one side. The helmet rests at Maya's feet.","In the auditorium, Maya stands at one side. The helmet rests at the opposite side.",Maya is close to the helmet.,Maya is far from the helmet.,15,19,15,19,6,8,6,8
auditorium__name_maya__obj_cup__direct_label__object_first,close_far_matched_scenes,1.1,auditorium__name_maya__obj_cup,auditorium__name_maya__obj_cup__object_first,auditorium__name_maya__obj_cup__direct_label,name_maya__obj_cup__direct_label__object_first,auditorium,auditorium,sides,name_maya,Maya,obj_cup,cup,direct_label,explicit_relation,locative_object_subject,object_first,object_first,False,True,False,False,True,False,True,"In the auditorium, the cup is close to Maya.","In the auditorium, the cup is far from Maya.",The cup is close to Maya.,The cup is far from Maya.,9,12,9,12,6,7,6,7
auditorium__name_maya__obj_cup__direct_label__person_first,close_far_matched_scenes,1.1,auditorium__name_maya__obj_cup,auditorium__name_maya__obj_cup__person_first,auditorium__name_maya__obj_cup__direct_label,name_maya__obj_cup__direct_label__person_first,auditorium,auditorium,sides,name_maya,Maya,obj_cup,cup,direct_label,explicit_relation,locative_object_subject,object_first,person_first,True,True,False,False,True,False,False,"In the auditorium, the cup is close to Maya.","In the auditorium, the cup is far from Maya.",Maya is close to the cup.,Maya is far from the cup.,9,12,9,12,6,8,6,8
auditorium__name_maya__obj_cup__distance_phrase__object_first,close_far_matched_scenes,1.1,auditorium__name_maya__obj_cup,auditorium__name_maya__obj_cup__object_first,auditorium__name_maya__obj_cup__distance_phrase,name_maya__obj_cup__distance_phrase__object_first,auditorium,auditorium,sides,name_maya,Maya,obj_cup,cup,distance_phrase,distance_magnitude_phrase,locative_distance_subject,person_first,object_first,True,True,False,False,False,True,False,"In the auditorium, a short distance separates Maya and the cup.","In the auditorium, a long distance separates Maya and the cup.",The cup is close to Maya.,The cup is far from Maya.,11,14,11,14,6,7,6,7
auditorium__name_maya__obj_cup__distance_phrase__person_first,close_far_matched_scenes,1.1,auditorium__name_maya__obj_cup,auditorium__name_maya__obj_cup__person_first,auditorium__name_maya__obj_cup__distance_phrase,name_maya__obj_cup__distance_phrase__person_first,auditorium,auditorium,sides,name_maya,Maya,obj_cup,cup,distance_phrase,distance_magnitude_phrase,locative_distance_subject,person_first,person_first,False,True,False,False,False,True,False,"In the auditorium, a short distance separates Maya and the cup.","In the auditorium, a long distance separates Maya and the cup.",Maya is close to the cup.,Maya is far from the cup.,11,14,11,14,6,8,6,8
auditorium__name_maya__obj_cup__distance_phrase_object_first__object_first,close_far_matched_scenes,1.1,auditorium__name_maya__obj_cup,auditorium__name_maya__obj_cup__object_first,auditorium__name_maya__obj_cup__distance_phrase_object_first,name_maya__obj_cup__distance_phrase_object_first__object_first,auditorium,auditorium,sides,name_maya,Maya,obj_cup,cup,distance_phrase_object_first,distance_magnitude_phrase,locative_distance_subject,object_first,object_first,False,True,False,False,False,True,False,"In the auditorium, a short distance separates the cup and Maya.","In the auditorium, a long distance separates the cup and Maya.",The cup is close to Maya.,The cup is far from Maya.,11,14,11,14,6,7,6,7
auditorium__name_maya__obj_cup__distance_phrase_object_first__person_first,close_far_matched_scenes,1.1,auditorium__name_maya__obj_cup,auditorium__name_maya__obj_cup__person_first,auditorium__name_maya__obj_cup__distance_phrase_object_first,name_maya__obj_cup__distance_phrase_object_first__person_first,auditorium,auditorium,sides,name_maya,Maya,obj_cup,cup,distance_phrase_object_first,distance_magnitude_phrase,locative_distance_subject,object_first,person_first,True,True,False,False,False,True,False,"In the auditorium, a short distance separates the cup and Maya.","In the auditorium, a long distance separates the cup and Maya.",Maya is close to the cup.,Maya is far from the cup.,11,14,11,14,6,8,6,8
auditorium__name_maya__obj_cup__endpoint_placement__object_first,close_far_matched_scenes,1.1,auditorium__name_maya__obj_cup,auditorium__name_maya__obj_cup__object_first,auditorium__name_maya__obj_cup__endpoint_placement,name_maya__obj_cup__endpoint_placement__object_first,auditorium,auditorium,sides,name_maya,Maya,obj_cup,cup,endpoint_placement,physical_endpoint_placement,two_sentence_person_then_object,person_first,object_first,True,True,True,True,False,False,False,"In the auditorium, Maya stands at one side. The cup rests at Maya's feet.","In the auditorium, Maya stands at one side. The cup rests at the opposite side.",The cup is close to Maya.,The cup is far from Maya.,15,19,15,19,6,7,6,7
auditorium__name_maya__obj_cup__endpoint_placement__person_first,close_far_matched_scenes,1.1,auditorium__name_maya__obj_cup,auditorium__name_maya__obj_cup__person_first,auditorium__name_maya__obj_cup__endpoint_placement,name_maya__obj_cup__endpoint_placement__person_first,auditorium,auditorium,sides,name_maya,Maya,obj_cup,cup,endpoint_placement,physical_endpoint_placement,two_sentence_person_then_object,person_first,person_first,False,True,True,True,False,False,False,"In the auditorium, Maya stands at one side. The cup rests at Maya's feet.","In the auditorium, Maya stands at one side. The cup rests at the opposite side.",Maya is close to the cup.,Maya is far from the cup.,15,19,15,19,6,8,6,8
auditorium__name_maya__obj_key__direct_label__object_first,close_far_matched_scenes,1.1,auditorium__name_maya__obj_key,auditorium__name_maya__obj_key__object_first,auditorium__name_maya__obj_key__direct_label,name_maya__obj_key__direct_label__object_first,auditorium,auditorium,sides,name_maya,Maya,obj_key,key,direct_label,explicit_relation,locative_object_subject,object_first,object_first,False,True,False,False,True,False,True,"In the auditorium, the key is close to Maya.","In the auditorium, the key is far from Maya.",The key is close to Maya.,The key is far from Maya.,9,12,9,12,6,7,6,7
auditorium__name_maya__obj_key__direct_label__person_first,close_far_matched_scenes,1.1,auditorium__name_maya__obj_key,auditorium__name_maya__obj_key__person_first,auditorium__name_maya__obj_key__direct_label,name_maya__obj_key__direct_label__person_first,auditorium,auditorium,sides,name_maya,Maya,obj_key,key,direct_label,explicit_relation,locative_object_subject,object_first,person_first,True,True,False,False,True,False,False,"In the auditorium, the key is close to Maya.","In the auditorium, the key is far from Maya.",Maya is close to the key.,Maya is far from the key.,9,12,9,12,6,8,6,8
auditorium__name_maya__obj_key__distance_phrase__object_first,close_far_matched_scenes,1.1,auditorium__name_maya__obj_key,auditorium__name_maya__obj_key__object_first,auditorium__name_maya__obj_key__distance_phrase,name_maya__obj_key__distance_phrase__object_first,auditorium,auditorium,sides,name_maya,Maya,obj_key,key,distance_phrase,distance_magnitude_phrase,locative_distance_subject,person_first,object_first,True,True,False,False,False,True,False,"In the auditorium, a short distance separates Maya and the key.","In the auditorium, a long distance separates Maya and the key.",The key is close to Maya.,The key is far from Maya.,11,14,11,14,6,7,6,7
auditorium__name_maya__obj_key__distance_phrase__person_first,close_far_matched_scenes,1.1,auditorium__name_maya__obj_key,auditorium__name_maya__obj_key__person_first,auditorium__name_maya__obj_key__distance_phrase,name_maya__obj_key__distance_phrase__person_first,auditorium,auditorium,sides,name_maya,Maya,obj_key,key,distance_phrase,distance_magnitude_phrase,locative_distance_subject,person_first,person_first,False,True,False,False,False,True,False,"In the auditorium, a short distance separates Maya and the key.","In the auditorium, a long distance separates Maya and the key.",Maya is close to the key.,Maya is far from the key.,11,14,11,14,6,8,6,8
auditorium__name_maya__obj_key__distance_phrase_object_first__object_first,close_far_matched_scenes,1.1,auditorium__name_maya__obj_key,auditorium__name_maya__obj_key__object_first,auditorium__name_maya__obj_key__distance_phrase_object_first,name_maya__obj_key__distance_phrase_object_first__object_first,auditorium,auditorium,sides,name_maya,Maya,obj_key,key,distance_phrase_object_first,distance_magnitude_phrase,locative_distance_subject,object_first,object_first,False,True,False,False,False,True,False,"In the auditorium, a short distance separates the key and Maya.","In the auditorium, a long distance separates the key and Maya.",The key is close to Maya.,The key is far from Maya.,11,14,11,14,6,7,6,7
auditorium__name_maya__obj_key__distance_phrase_object_first__person_first,close_far_matched_scenes,1.1,auditorium__name_maya__obj_key,auditorium__name_maya__obj_key__person_first,auditorium__name_maya__obj_key__distance_phrase_object_first,name_maya__obj_key__distance_phrase_object_first__person_first,auditorium,auditorium,sides,name_maya,Maya,obj_key,key,distance_phrase_object_first,distance_magnitude_phrase,locative_distance_subject,object_first,person_first,True,True,False,False,False,True,False,"In the auditorium, a short distance separates the key and Maya.","In the auditorium, a long distance separates the key and Maya.",Maya is close to the key.,Maya is far from the key.,11,14,11,14,6,8,6,8
auditorium__name_maya__obj_key__endpoint_placement__object_first,close_far_matched_scenes,1.1,auditorium__name_maya__obj_key,auditorium__name_maya__obj_key__object_first,auditorium__name_maya__obj_key__endpoint_placement,name_maya__obj_key__endpoint_placement__object_first,auditorium,auditorium,sides,name_maya,Maya,obj_key,key,endpoint_placement,physical_endpoint_placement,two_sentence_person_then_object,person_first,object_first,True,True,True,True,False,False,False,"In the auditorium, Maya stands at one side. The key rests at Maya's feet.","In the auditorium, Maya stands at one side. The key rests at the opposite side.",The key is close to Maya.,The key is far from Maya.,15,19,15,19,6,7,6,7
auditorium__name_maya__obj_key__endpoint_placement__person_first,close_far_matched_scenes,1.1,auditorium__name_maya__obj_key,auditorium__name_maya__obj_key__person_first,auditorium__name_maya__obj_key__endpoint_placement,name_maya__obj_key__endpoint_placement__person_first,auditorium,auditorium,sides,name_maya,Maya,obj_key,key,endpoint_placement,physical_endpoint_placement,two_sentence_person_then_object,person_first,person_first,False,True,True,True,False,False,False,"In the auditorium, Maya stands at one side. The key rests at Maya's feet.","In the auditorium, Maya stands at one side. The key rests at the opposite side.",Maya is close to the key.,Maya is far from the key.,15,19,15,19,6,8,6,8
auditorium__name_maya__obj_box__direct_label__object_first,close_far_matched_scenes,1.1,auditorium__name_maya__obj_box,auditorium__name_maya__obj_box__object_first,auditorium__name_maya__obj_box__direct_label,name_maya__obj_box__direct_label__object_first,auditorium,auditorium,sides,name_maya,Maya,obj_box,box,direct_label,explicit_relation,locative_object_subject,object_first,object_first,False,True,False,False,True,False,True,"In the auditorium, the box is close to Maya.","In the auditorium, the box is far from Maya.",The box is close to Maya.,The box is far from Maya.,9,12,9,12,6,7,6,7
auditorium__name_maya__obj_box__direct_label__person_first,close_far_matched_scenes,1.1,auditorium__name_maya__obj_box,auditorium__name_maya__obj_box__person_first,auditorium__name_maya__obj_box__direct_label,name_maya__obj_box__direct_label__person_first,auditorium,auditorium,sides,name_maya,Maya,obj_box,box,direct_label,explicit_relation,locative_object_subject,object_first,person_first,True,True,False,False,True,False,False,"In the auditorium, the box is close to Maya.","In the auditorium, the box is far from Maya.",Maya is close to the box.,Maya is far from the box.,9,12,9,12,6,8,6,8
auditorium__name_maya__obj_box__distance_phrase__object_first,close_far_matched_scenes,1.1,auditorium__name_maya__obj_box,auditorium__name_maya__obj_box__object_first,auditorium__name_maya__obj_box__distance_phrase,name_maya__obj_box__distance_phrase__object_first,auditorium,auditorium,sides,name_maya,Maya,obj_box,box,distance_phrase,distance_magnitude_phrase,locative_distance_subject,person_first,object_first,True,True,False,False,False,True,False,"In the auditorium, a short distance separates Maya and the box.","In the auditorium, a long distance separates Maya and the box.",The box is close to Maya.,The box is far from Maya.,11,14,11,14,6,7,6,7
auditorium__name_maya__obj_box__distance_phrase__person_first,close_far_matched_scenes,1.1,auditorium__name_maya__obj_box,auditorium__name_maya__obj_box__person_first,auditorium__name_maya__obj_box__distance_phrase,name_maya__obj_box__distance_phrase__person_first,auditorium,auditorium,sides,name_maya,Maya,obj_box,box,distance_phrase,distance_magnitude_phrase,locative_distance_subject,person_first,person_first,False,True,False,False,False,True,False,"In the auditorium, a short distance separates Maya and the box.","In the auditorium, a long distance separates Maya and the box.",Maya is close to the box.,Maya is far from the box.,11,14,11,14,6,8,6,8
auditorium__name_maya__obj_box__distance_phrase_object_first__object_first,close_far_matched_scenes,1.1,auditorium__name_maya__obj_box,auditorium__name_maya__obj_box__object_first,auditorium__name_maya__obj_box__distance_phrase_object_first,name_maya__obj_box__distance_phrase_object_first__object_first,auditorium,auditorium,sides,name_maya,Maya,obj_box,box,distance_phrase_object_first,distance_magnitude_phrase,locative_distance_subject,object_first,object_first,False,True,False,False,False,True,False,"In the auditorium, a short distance separates the box and Maya.","In the auditorium, a long distance separates the box and Maya.",The box is close to Maya.,The box is far from Maya.,11,14,11,14,6,7,6,7
auditorium__name_maya__obj_box__distance_phrase_object_first__person_first,close_far_matched_scenes,1.1,auditorium__name_maya__obj_box,auditorium__name_maya__obj_box__person_first,auditorium__name_maya__obj_box__distance_phrase_object_first,name_maya__obj_box__distance_phrase_object_first__person_first,auditorium,auditorium,sides,name_maya,Maya,obj_box,box,distance_phrase_object_first,distance_magnitude_phrase,locative_distance_subject,object_first,person_first,True,True,False,False,False,True,False,"In the auditorium, a short distance separates the box and Maya.","In the auditorium, a long distance separates the box and Maya.",Maya is close to the box.,Maya is far from the box.,11,14,11,14,6,8,6,8
auditorium__name_maya__obj_box__endpoint_placement__object_first,close_far_matched_scenes,1.1,auditorium__name_maya__obj_box,auditorium__name_maya__obj_box__object_first,auditorium__name_maya__obj_box__endpoint_placement,name_maya__obj_box__endpoint_placement__object_first,auditorium,auditorium,sides,name_maya,Maya,obj_box,box,endpoint_placement,physical_endpoint_placement,two_sentence_person_then_object,person_first,object_first,True,True,True,True,False,False,False,"In the auditorium, Maya stands at one side. The box rests at Maya's feet.","In the auditorium, Maya stands at one side. The box rests at the opposite side.",The box is close to Maya.,The box is far from Maya.,15,19,15,19,6,7,6,7
auditorium__name_maya__obj_box__endpoint_placement__person_first,close_far_matched_scenes,1.1,auditorium__name_maya__obj_box,auditorium__name_maya__obj_box__person_first,auditorium__name_maya__obj_box__endpoint_placement,name_maya__obj_box__endpoint_placement__person_first,auditorium,auditorium,sides,name_maya,Maya,obj_box,box,endpoint_placement,physical_endpoint_placement,two_sentence_person_then_object,person_first,person_first,False,True,True,True,False,False,False,"In the auditorium, Maya stands at one side. The box rests at Maya's feet.","In the auditorium, Maya stands at one side. The box rests at the opposite side.",Maya is close to the box.,Maya is far from the box.,15,19,15,19,6,8,6,8
auditorium__name_jesse__obj_ball__direct_label__object_first,close_far_matched_scenes,1.1,auditorium__name_jesse__obj_ball,auditorium__name_jesse__obj_ball__object_first,auditorium__name_jesse__obj_ball__direct_label,name_jesse__obj_ball__direct_label__object_first,auditorium,auditorium,sides,name_jesse,Jesse,obj_ball,ball,direct_label,explicit_relation,locative_object_subject,object_first,object_first,False,True,False,False,True,False,True,"In the auditorium, the ball is close to Jesse.","In the auditorium, the ball is far from Jesse.",The ball is close to Jesse.,The ball is far from Jesse.,9,12,9,12,6,7,6,7
auditorium__name_jesse__obj_ball__direct_label__person_first,close_far_matched_scenes,1.1,auditorium__name_jesse__obj_ball,auditorium__name_jesse__obj_ball__person_first,auditorium__name_jesse__obj_ball__direct_label,name_jesse__obj_ball__direct_label__person_first,auditorium,auditorium,sides,name_jesse,Jesse,obj_ball,ball,direct_label,explicit_relation,locative_object_subject,object_first,person_first,True,True,False,False,True,False,False,"In the auditorium, the ball is close to Jesse.","In the auditorium, the ball is far from Jesse.",Jesse is close to the ball.,Jesse is far from the ball.,9,12,9,12,6,8,6,8
auditorium__name_jesse__obj_ball__distance_phrase__object_first,close_far_matched_scenes,1.1,auditorium__name_jesse__obj_ball,auditorium__name_jesse__obj_ball__object_first,auditorium__name_jesse__obj_ball__distance_phrase,name_jesse__obj_ball__distance_phrase__object_first,auditorium,auditorium,sides,name_jesse,Jesse,obj_ball,ball,distance_phrase,distance_magnitude_phrase,locative_distance_subject,person_first,object_first,True,True,False,False,False,True,False,"In the auditorium, a short distance separates Jesse and the ball.","In the auditorium, a long distance separates Jesse and the ball.",The ball is close to Jesse.,The ball is far from Jesse.,11,14,11,14,6,7,6,7
auditorium__name_jesse__obj_ball__distance_phrase__person_first,close_far_matched_scenes,1.1,auditorium__name_jesse__obj_ball,auditorium__name_jesse__obj_ball__person_first,auditorium__name_jesse__obj_ball__distance_phrase,name_jesse__obj_ball__distance_phrase__person_first,auditorium,auditorium,sides,name_jesse,Jesse,obj_ball,ball,distance_phrase,distance_magnitude_phrase,locative_distance_subject,person_first,person_first,False,True,False,False,False,True,False,"In the auditorium, a short distance separates Jesse and the ball.","In the auditorium, a long distance separates Jesse and the ball.",Jesse is close to the ball.,Jesse is far from the ball.,11,14,11,14,6,8,6,8
auditorium__name_jesse__obj_ball__distance_phrase_object_first__object_first,close_far_matched_scenes,1.1,auditorium__name_jesse__obj_ball,auditorium__name_jesse__obj_ball__object_first,auditorium__name_jesse__obj_ball__distance_phrase_object_first,name_jesse__obj_ball__distance_phrase_object_first__object_first,auditorium,auditorium,sides,name_jesse,Jesse,obj_ball,ball,distance_phrase_object_first,distance_magnitude_phrase,locative_distance_subject,object_first,object_first,False,True,False,False,False,True,False,"In the auditorium, a short distance separates the ball and Jesse.","In the auditorium, a long distance separates the ball and Jesse.",The ball is close to Jesse.,The ball is far from Jesse.,11,14,11,14,6,7,6,7
auditorium__name_jesse__obj_ball__distance_phrase_object_first__person_first,close_far_matched_scenes,1.1,auditorium__name_jesse__obj_ball,auditorium__name_jesse__obj_ball__person_first,auditorium__name_jesse__obj_ball__distance_phrase_object_first,name_jesse__obj_ball__distance_phrase_object_first__person_first,auditorium,auditorium,sides,name_jesse,Jesse,obj_ball,ball,distance_phrase_object_first,distance_magnitude_phrase,locative_distance_subject,object_first,person_first,True,True,False,False,False,True,False,"In the auditorium, a short distance separates the ball and Jesse.","In the auditorium, a long distance separates the ball and Jesse.",Jesse is close to the ball.,Jesse is far from the ball.,11,14,11,14,6,8,6,8
auditorium__name_jesse__obj_ball__endpoint_placement__object_first,close_far_matched_scenes,1.1,auditorium__name_jesse__obj_ball,auditorium__name_jesse__obj_ball__object_first,auditorium__name_jesse__obj_ball__endpoint_placement,name_jesse__obj_ball__endpoint_placement__object_first,auditorium,auditorium,sides,name_jesse,Jesse,obj_ball,ball,endpoint_placement,physical_endpoint_placement,two_sentence_person_then_object,person_first,object_first,True,True,True,True,False,False,False,"In the auditorium, Jesse stands at one side. The ball rests at Jesse's feet.","In the auditorium, Jesse stands at one side. The ball rests at the opposite side.",The ball is close to Jesse.,The ball is far from Jesse.,15,19,15,19,6,7,6,7
auditorium__name_jesse__obj_ball__endpoint_placement__person_first,close_far_matched_scenes,1.1,auditorium__name_jesse__obj_ball,auditorium__name_jesse__obj_ball__person_first,auditorium__name_jesse__obj_ball__endpoint_placement,name_jesse__obj_ball__endpoint_placement__person_first,auditorium,auditorium,sides,name_jesse,Jesse,obj_ball,ball,endpoint_placement,physical_endpoint_placement,two_sentence_person_then_object,person_first,person_first,False,True,True,True,False,False,False,"In the auditorium, Jesse stands at one side. The ball rests at Jesse's feet.","In the auditorium, Jesse stands at one side. The ball rests at the opposite side.",Jesse is close to the ball.,Jesse is far from the ball.,15,19,15,19,6,8,6,8
auditorium__name_jesse__obj_bag__direct_label__object_first,close_far_matched_scenes,1.1,auditorium__name_jesse__obj_bag,auditorium__name_jesse__obj_bag__object_first,auditorium__name_jesse__obj_bag__direct_label,name_jesse__obj_bag__direct_label__object_first,auditorium,auditorium,sides,name_jesse,Jesse,obj_bag,bag,direct_label,explicit_relation,locative_object_subject,object_first,object_first,False,True,False,False,True,False,True,"In the auditorium, the bag is close to Jesse.","In the auditorium, the bag is far from Jesse.",The bag is close to Jesse.,The bag is far from Jesse.,9,12,9,12,6,7,6,7
auditorium__name_jesse__obj_bag__direct_label__person_first,close_far_matched_scenes,1.1,auditorium__name_jesse__obj_bag,auditorium__name_jesse__obj_bag__person_first,auditorium__name_jesse__obj_bag__direct_label,name_jesse__obj_bag__direct_label__person_first,auditorium,auditorium,sides,name_jesse,Jesse,obj_bag,bag,direct_label,explicit_relation,locative_object_subject,object_first,person_first,True,True,False,False,True,False,False,"In the auditorium, the bag is close to Jesse.","In the auditorium, the bag is far from Jesse.",Jesse is close to the bag.,Jesse is far from the bag.,9,12,9,12,6,8,6,8
auditorium__name_jesse__obj_bag__distance_phrase__object_first,close_far_matched_scenes,1.1,auditorium__name_jesse__obj_bag,auditorium__name_jesse__obj_bag__object_first,auditorium__name_jesse__obj_bag__distance_phrase,name_jesse__obj_bag__distance_phrase__object_first,auditorium,auditorium,sides,name_jesse,Jesse,obj_bag,bag,distance_phrase,distance_magnitude_phrase,locative_distance_subject,person_first,object_first,True,True,False,False,False,True,False,"In the auditorium, a short distance separates Jesse and the bag.","In the auditorium, a long distance separates Jesse and the bag.",The bag is close to Jesse.,The bag is far from Jesse.,11,14,11,14,6,7,6,7
auditorium__name_jesse__obj_bag__distance_phrase__person_first,close_far_matched_scenes,1.1,auditorium__name_jesse__obj_bag,auditorium__name_jesse__obj_bag__person_first,auditorium__name_jesse__obj_bag__distance_phrase,name_jesse__obj_bag__distance_phrase__person_first,auditorium,auditorium,sides,name_jesse,Jesse,obj_bag,bag,distance_phrase,distance_magnitude_phrase,locative_distance_subject,person_first,person_first,False,True,False,False,False,True,False,"In the auditorium, a short distance separates Jesse and the bag.","In the auditorium, a long distance separates Jesse and the bag.",Jesse is close to the bag.,Jesse is far from the bag.,11,14,11,14,6,8,6,8
auditorium__name_jesse__obj_bag__distance_phrase_object_first__object_first,close_far_matched_scenes,1.1,auditorium__name_jesse__obj_bag,auditorium__name_jesse__obj_bag__object_first,auditorium__name_jesse__obj_bag__distance_phrase_object_first,name_jesse__obj_bag__distance_phrase_object_first__object_first,auditorium,auditorium,sides,name_jesse,Jesse,obj_bag,bag,distance_phrase_object_first,distance_magnitude_phrase,locative_distance_subject,object_first,object_first,False,True,False,False,False,True,False,"In the auditorium, a short distance separates the bag and Jesse.","In the auditorium, a long distance separates the bag and Jesse.",The bag is close to Jesse.,The bag is far from Jesse.,11,14,11,14,6,7,6,7
auditorium__name_jesse__obj_bag__distance_phrase_object_first__person_first,close_far_matched_scenes,1.1,auditorium__name_jesse__obj_bag,auditorium__name_jesse__obj_bag__person_first,auditorium__name_jesse__obj_bag__distance_phrase_object_first,name_jesse__obj_bag__distance_phrase_object_first__person_first,auditorium,auditorium,sides,name_jesse,Jesse,obj_bag,bag,distance_phrase_object_first,distance_magnitude_phrase,locative_distance_subject,object_first,person_first,True,True,False,False,False,True,False,"In the auditorium, a short distance separates the bag and Jesse.","In the auditorium, a long distance separates the bag and Jesse.",Jesse is close to the bag.,Jesse is far from the bag.,11,14,11,14,6,8,6,8
auditorium__name_jesse__obj_bag__endpoint_placement__object_first,close_far_matched_scenes,1.1,auditorium__name_jesse__obj_bag,auditorium__name_jesse__obj_bag__object_first,auditorium__name_jesse__obj_bag__endpoint_placement,name_jesse__obj_bag__endpoint_placement__object_first,auditorium,auditorium,sides,name_jesse,Jesse,obj_bag,bag,endpoint_placement,physical_endpoint_placement,two_sentence_person_then_object,person_first,object_first,True,True,True,True,False,False,False,"In the auditorium, Jesse stands at one side. The bag rests at Jesse's feet.","In the auditorium, Jesse stands at one side. The bag rests at the opposite side.",The bag is close to Jesse.,The bag is far from Jesse.,15,19,15,19,6,7,6,7
auditorium__name_jesse__obj_bag__endpoint_placement__person_first,close_far_matched_scenes,1.1,auditorium__name_jesse__obj_bag,auditorium__name_jesse__obj_bag__person_first,auditorium__name_jesse__obj_bag__endpoint_placement,name_jesse__obj_bag__endpoint_placement__person_first,auditorium,auditorium,sides,name_jesse,Jesse,obj_bag,bag,endpoint_placement,physical_endpoint_placement,two_sentence_person_then_object,person_first,person_first,False,True,True,True,False,False,False,"In the auditorium, Jesse stands at one side. The bag rests at Jesse's feet.","In the auditorium, Jesse stands at one side. The bag rests at the opposite side.",Jesse is close to the bag.,Jesse is far from the bag.,15,19,15,19,6,8,6,8
auditorium__name_jesse__obj_book__direct_label__object_first,close_far_matched_scenes,1.1,auditorium__name_jesse__obj_book,auditorium__name_jesse__obj_book__object_first,auditorium__name_jesse__obj_book__direct_label,name_jesse__obj_book__direct_label__object_first,auditorium,auditorium,sides,name_jesse,Jesse,obj_book,book,direct_label,explicit_relation,locative_object_subject,object_first,object_first,False,True,False,False,True,False,True,"In the auditorium, the book is close to Jesse.","In the auditorium, the book is far from Jesse.",The book is close to Jesse.,The book is far from Jesse.,9,12,9,12,6,7,6,7
auditorium__name_jesse__obj_book__direct_label__person_first,close_far_matched_scenes,1.1,auditorium__name_jesse__obj_book,auditorium__name_jesse__obj_book__person_first,auditorium__name_jesse__obj_book__direct_label,name_jesse__obj_book__direct_label__person_first,auditorium,auditorium,sides,name_jesse,Jesse,obj_book,book,direct_label,explicit_relation,locative_object_subject,object_first,person_first,True,True,False,False,True,False,False,"In the auditorium, the book is close to Jesse.","In the auditorium, the book is far from Jesse.",Jesse is close to the book.,Jesse is far from the book.,9,12,9,12,6,8,6,8
auditorium__name_jesse__obj_book__distance_phrase__object_first,close_far_matched_scenes,1.1,auditorium__name_jesse__obj_book,auditorium__name_jesse__obj_book__object_first,auditorium__name_jesse__obj_book__distance_phrase,name_jesse__obj_book__distance_phrase__object_first,auditorium,auditorium,sides,name_jesse,Jesse,obj_book,book,distance_phrase,distance_magnitude_phrase,locative_distance_subject,person_first,object_first,True,True,False,False,False,True,False,"In the auditorium, a short distance separates Jesse and the book.","In the auditorium, a long distance separates Jesse and the book.",The book is close to Jesse.,The book is far from Jesse.,11,14,11,14,6,7,6,7
auditorium__name_jesse__obj_book__distance_phrase__person_first,close_far_matched_scenes,1.1,auditorium__name_jesse__obj_book,auditorium__name_jesse__obj_book__person_first,auditorium__name_jesse__obj_book__distance_phrase,name_jesse__obj_book__distance_phrase__person_first,auditorium,auditorium,sides,name_jesse,Jesse,obj_book,book,distance_phrase,distance_magnitude_phrase,locative_distance_subject,person_first,person_first,False,True,False,False,False,True,False,"In the auditorium, a short distance separates Jesse and the book.","In the auditorium, a long distance separates Jesse and the book.",Jesse is close to the book.,Jesse is far from the book.,11,14,11,14,6,8,6,8
auditorium__name_jesse__obj_book__distance_phrase_object_first__object_first,close_far_matched_scenes,1.1,auditorium__name_jesse__obj_book,auditorium__name_jesse__obj_book__object_first,auditorium__name_jesse__obj_book__distance_phrase_object_first,name_jesse__obj_book__distance_phrase_object_first__object_first,auditorium,auditorium,sides,name_jesse,Jesse,obj_book,book,distance_phrase_object_first,distance_magnitude_phrase,locative_distance_subject,object_first,object_first,False,True,False,False,False,True,False,"In the auditorium, a short distance separates the book and Jesse.","In the auditorium, a long distance separates the book and Jesse.",The book is close to Jesse.,The book is far from Jesse.,11,14,11,14,6,7,6,7
auditorium__name_jesse__obj_book__distance_phrase_object_first__person_first,close_far_matched_scenes,1.1,auditorium__name_jesse__obj_book,auditorium__name_jesse__obj_book__person_first,auditorium__name_jesse__obj_book__distance_phrase_object_first,name_jesse__obj_book__distance_phrase_object_first__person_first,auditorium,auditorium,sides,name_jesse,Jesse,obj_book,book,distance_phrase_object_first,distance_magnitude_phrase,locative_distance_subject,object_first,person_first,True,True,False,False,False,True,False,"In the auditorium, a short distance separates the book and Jesse.","In the auditorium, a long distance separates the book and Jesse.",Jesse is close to the book.,Jesse is far from the book.,11,14,11,14,6,8,6,8
auditorium__name_jesse__obj_book__endpoint_placement__object_first,close_far_matched_scenes,1.1,auditorium__name_jesse__obj_book,auditorium__name_jesse__obj_book__object_first,auditorium__name_jesse__obj_book__endpoint_placement,name_jesse__obj_book__endpoint_placement__object_first,auditorium,auditorium,sides,name_jesse,Jesse,obj_book,book,endpoint_placement,physical_endpoint_placement,two_sentence_person_then_object,person_first,object_first,True,True,True,True,False,False,False,"In the auditorium, Jesse stands at one side. The book rests at Jesse's feet.","In the auditorium, Jesse stands at one side. The book rests at the opposite side.",The book is close to Jesse.,The book is far from Jesse.,15,19,15,19,6,7,6,7
auditorium__name_jesse__obj_book__endpoint_placement__person_first,close_far_matched_scenes,1.1,auditorium__name_jesse__obj_book,auditorium__name_jesse__obj_book__person_first,auditorium__name_jesse__obj_book__endpoint_placement,name_jesse__obj_book__endpoint_placement__person_first,auditorium,auditorium,sides,name_jesse,Jesse,obj_book,book,endpoint_placement,physical_endpoint_placement,two_sentence_person_then_object,person_first,person_first,False,True,True,True,False,False,False,"In the auditorium, Jesse stands at one side. The book rests at Jesse's feet.","In the auditorium, Jesse stands at one side. The book rests at the opposite side.",Jesse is close to the book.,Jesse is far from the book.,15,19,15,19,6,8,6,8
auditorium__name_jesse__obj_cone__direct_label__object_first,close_far_matched_scenes,1.1,auditorium__name_jesse__obj_cone,auditorium__name_jesse__obj_cone__object_first,auditorium__name_jesse__obj_cone__direct_label,name_jesse__obj_cone__direct_label__object_first,auditorium,auditorium,sides,name_jesse,Jesse,obj_cone,cone,direct_label,explicit_relation,locative_object_subject,object_first,object_first,False,True,False,False,True,False,True,"In the auditorium, the cone is close to Jesse.","In the auditorium, the cone is far from Jesse.",The cone is close to Jesse.,The cone is far from Jesse.,9,12,9,12,6,7,6,7
auditorium__name_jesse__obj_cone__direct_label__person_first,close_far_matched_scenes,1.1,auditorium__name_jesse__obj_cone,auditorium__name_jesse__obj_cone__person_first,auditorium__name_jesse__obj_cone__direct_label,name_jesse__obj_cone__direct_label__person_first,auditorium,auditorium,sides,name_jesse,Jesse,obj_cone,cone,direct_label,explicit_relation,locative_object_subject,object_first,person_first,True,True,False,False,True,False,False,"In the auditorium, the cone is close to Jesse.","In the auditorium, the cone is far from Jesse.",Jesse is close to the cone.,Jesse is far from the cone.,9,12,9,12,6,8,6,8
auditorium__name_jesse__obj_cone__distance_phrase__object_first,close_far_matched_scenes,1.1,auditorium__name_jesse__obj_cone,auditorium__name_jesse__obj_cone__object_first,auditorium__name_jesse__obj_cone__distance_phrase,name_jesse__obj_cone__distance_phrase__object_first,auditorium,auditorium,sides,name_jesse,Jesse,obj_cone,cone,distance_phrase,distance_magnitude_phrase,locative_distance_subject,person_first,object_first,True,True,False,False,False,True,False,"In the auditorium, a short distance separates Jesse and the cone.","In the auditorium, a long distance separates Jesse and the cone.",The cone is close to Jesse.,The cone is far from Jesse.,11,14,11,14,6,7,6,7
auditorium__name_jesse__obj_cone__distance_phrase__person_first,close_far_matched_scenes,1.1,auditorium__name_jesse__obj_cone,auditorium__name_jesse__obj_cone__person_first,auditorium__name_jesse__obj_cone__distance_phrase,name_jesse__obj_cone__distance_phrase__person_first,auditorium,auditorium,sides,name_jesse,Jesse,obj_cone,cone,distance_phrase,distance_magnitude_phrase,locative_distance_subject,person_first,person_first,False,True,False,False,False,True,False,"In the auditorium, a short distance separates Jesse and the cone.","In the auditorium, a long distance separates Jesse and the cone.",Jesse is close to the cone.,Jesse is far from the cone.,11,14,11,14,6,8,6,8
auditorium__name_jesse__obj_cone__distance_phrase_object_first__object_first,close_far_matched_scenes,1.1,auditorium__name_jesse__obj_cone,auditorium__name_jesse__obj_cone__object_first,auditorium__name_jesse__obj_cone__distance_phrase_object_first,name_jesse__obj_cone__distance_phrase_object_first__object_first,auditorium,auditorium,sides,name_jesse,Jesse,obj_cone,cone,distance_phrase_object_first,distance_magnitude_phrase,locative_distance_subject,object_first,object_first,False,True,False,False,False,True,False,"In the auditorium, a short distance separates the cone and Jesse.","In the auditorium, a long distance separates the cone and Jesse.",The cone is close to Jesse.,The cone is far from Jesse.,11,14,11,14,6,7,6,7
auditorium__name_jesse__obj_cone__distance_phrase_object_first__person_first,close_far_matched_scenes,1.1,auditorium__name_jesse__obj_cone,auditorium__name_jesse__obj_cone__person_first,auditorium__name_jesse__obj_cone__distance_phrase_object_first,name_jesse__obj_cone__distance_phrase_object_first__person_first,auditorium,auditorium,sides,name_jesse,Jesse,obj_cone,cone,distance_phrase_object_first,distance_magnitude_phrase,locative_distance_subject,object_first,person_first,True,True,False,False,False,True,False,"In the auditorium, a short distance separates the cone and Jesse.","In the auditorium, a long distance separates the cone and Jesse.",Jesse is close to the cone.,Jesse is far from the cone.,11,14,11,14,6,8,6,8
auditorium__name_jesse__obj_cone__endpoint_placement__object_first,close_far_matched_scenes,1.1,auditorium__name_jesse__obj_cone,auditorium__name_jesse__obj_cone__object_first,auditorium__name_jesse__obj_cone__endpoint_placement,name_jesse__obj_cone__endpoint_placement__object_first,auditorium,auditorium,sides,name_jesse,Jesse,obj_cone,cone,endpoint_placement,physical_endpoint_placement,two_sentence_person_then_object,person_first,object_first,True,True,True,True,False,False,False,"In the auditorium, Jesse stands at one side. The cone rests at Jesse's feet.","In the auditorium, Jesse stands at one side. The cone rests at the opposite side.",The cone is close to Jesse.,The cone is far from Jesse.,15,19,15,19,6,7,6,7
auditorium__name_jesse__obj_cone__endpoint_placement__person_first,close_far_matched_scenes,1.1,auditorium__name_jesse__obj_cone,auditorium__name_jesse__obj_cone__person_first,auditorium__name_jesse__obj_cone__endpoint_placement,name_jesse__obj_cone__endpoint_placement__person_first,auditorium,auditorium,sides,name_jesse,Jesse,obj_cone,cone,endpoint_placement,physical_endpoint_placement,two_sentence_person_then_object,person_first,person_first,False,True,True,True,False,False,False,"In the auditorium, Jesse stands at one side. The cone rests at Jesse's feet.","In the auditorium, Jesse stands at one side. The cone rests at the opposite side.",Jesse is close to the cone.,Jesse is far from the cone.,15,19,15,19,6,8,6,8
auditorium__name_jesse__obj_helmet__direct_label__object_first,close_far_matched_scenes,1.1,auditorium__name_jesse__obj_helmet,auditorium__name_jesse__obj_helmet__object_first,auditorium__name_jesse__obj_helmet__direct_label,name_jesse__obj_helmet__direct_label__object_first,auditorium,auditorium,sides,name_jesse,Jesse,obj_helmet,helmet,direct_label,explicit_relation,locative_object_subject,object_first,object_first,False,True,False,False,True,False,True,"In the auditorium, the helmet is close to Jesse.","In the auditorium, the helmet is far from Jesse.",The helmet is close to Jesse.,The helmet is far from Jesse.,9,12,9,12,6,7,6,7
auditorium__name_jesse__obj_helmet__direct_label__person_first,close_far_matched_scenes,1.1,auditorium__name_jesse__obj_helmet,auditorium__name_jesse__obj_helmet__person_first,auditorium__name_jesse__obj_helmet__direct_label,name_jesse__obj_helmet__direct_label__person_first,auditorium,auditorium,sides,name_jesse,Jesse,obj_helmet,helmet,direct_label,explicit_relation,locative_object_subject,object_first,person_first,True,True,False,False,True,False,False,"In the auditorium, the helmet is close to Jesse.","In the auditorium, the helmet is far from Jesse.",Jesse is close to the helmet.,Jesse is far from the helmet.,9,12,9,12,6,8,6,8
auditorium__name_jesse__obj_helmet__distance_phrase__object_first,close_far_matched_scenes,1.1,auditorium__name_jesse__obj_helmet,auditorium__name_jesse__obj_helmet__object_first,auditorium__name_jesse__obj_helmet__distance_phrase,name_jesse__obj_helmet__distance_phrase__object_first,auditorium,auditorium,sides,name_jesse,Jesse,obj_helmet,helmet,distance_phrase,distance_magnitude_phrase,locative_distance_subject,person_first,object_first,True,True,False,False,False,True,False,"In the auditorium, a short distance separates Jesse and the helmet.","In the auditorium, a long distance separates Jesse and the helmet.",The helmet is close to Jesse.,The helmet is far from Jesse.,11,14,11,14,6,7,6,7
auditorium__name_jesse__obj_helmet__distance_phrase__person_first,close_far_matched_scenes,1.1,auditorium__name_jesse__obj_helmet,auditorium__name_jesse__obj_helmet__person_first,auditorium__name_jesse__obj_helmet__distance_phrase,name_jesse__obj_helmet__distance_phrase__person_first,auditorium,auditorium,sides,name_jesse,Jesse,obj_helmet,helmet,distance_phrase,distance_magnitude_phrase,locative_distance_subject,person_first,person_first,False,True,False,False,False,True,False,"In the auditorium, a short distance separates Jesse and the helmet.","In the auditorium, a long distance separates Jesse and the helmet.",Jesse is close to the helmet.,Jesse is far from the helmet.,11,14,11,14,6,8,6,8
auditorium__name_jesse__obj_helmet__distance_phrase_object_first__object_first,close_far_matched_scenes,1.1,auditorium__name_jesse__obj_helmet,auditorium__name_jesse__obj_helmet__object_first,auditorium__name_jesse__obj_helmet__distance_phrase_object_first,name_jesse__obj_helmet__distance_phrase_object_first__object_first,auditorium,auditorium,sides,name_jesse,Jesse,obj_helmet,helmet,distance_phrase_object_first,distance_magnitude_phrase,locative_distance_subject,object_first,object_first,False,True,False,False,False,True,False,"In the auditorium, a short distance separates the helmet and Jesse.","In the auditorium, a long distance separates the helmet and Jesse.",The helmet is close to Jesse.,The helmet is far from Jesse.,11,14,11,14,6,7,6,7
auditorium__name_jesse__obj_helmet__distance_phrase_object_first__person_first,close_far_matched_scenes,1.1,auditorium__name_jesse__obj_helmet,auditorium__name_jesse__obj_helmet__person_first,auditorium__name_jesse__obj_helmet__distance_phrase_object_first,name_jesse__obj_helmet__distance_phrase_object_first__person_first,auditorium,auditorium,sides,name_jesse,Jesse,obj_helmet,helmet,distance_phrase_object_first,distance_magnitude_phrase,locative_distance_subject,object_first,person_first,True,True,False,False,False,True,False,"In the auditorium, a short distance separates the helmet and Jesse.","In the auditorium, a long distance separates the helmet and Jesse.",Jesse is close to the helmet.,Jesse is far from the helmet.,11,14,11,14,6,8,6,8
auditorium__name_jesse__obj_helmet__endpoint_placement__object_first,close_far_matched_scenes,1.1,auditorium__name_jesse__obj_helmet,auditorium__name_jesse__obj_helmet__object_first,auditorium__name_jesse__obj_helmet__endpoint_placement,name_jesse__obj_helmet__endpoint_placement__object_first,auditorium,auditorium,sides,name_jesse,Jesse,obj_helmet,helmet,endpoint_placement,physical_endpoint_placement,two_sentence_person_then_object,person_first,object_first,True,True,True,True,False,False,False,"In the auditorium, Jesse stands at one side. The helmet rests at Jesse's feet.","In the auditorium, Jesse stands at one side. The helmet rests at the opposite side.",The helmet is close to Jesse.,The helmet is far from Jesse.,15,19,15,19,6,7,6,7
auditorium__name_jesse__obj_helmet__endpoint_placement__person_first,close_far_matched_scenes,1.1,auditorium__name_jesse__obj_helmet,auditorium__name_jesse__obj_helmet__person_first,auditorium__name_jesse__obj_helmet__endpoint_placement,name_jesse__obj_helmet__endpoint_placement__person_first,auditorium,auditorium,sides,name_jesse,Jesse,obj_helmet,helmet,endpoint_placement,physical_endpoint_placement,two_sentence_person_then_object,person_first,person_first,False,True,True,True,False,False,False,"In the auditorium, Jesse stands at one side. The helmet rests at Jesse's feet.","In the auditorium, Jesse stands at one side. The helmet rests at the opposite side.",Jesse is close to the helmet.,Jesse is far from the helmet.,15,19,15,19,6,8,6,8
auditorium__name_jesse__obj_cup__direct_label__object_first,close_far_matched_scenes,1.1,auditorium__name_jesse__obj_cup,auditorium__name_jesse__obj_cup__object_first,auditorium__name_jesse__obj_cup__direct_label,name_jesse__obj_cup__direct_label__object_first,auditorium,auditorium,sides,name_jesse,Jesse,obj_cup,cup,direct_label,explicit_relation,locative_object_subject,object_first,object_first,False,True,False,False,True,False,True,"In the auditorium, the cup is close to Jesse.","In the auditorium, the cup is far from Jesse.",The cup is close to Jesse.,The cup is far from Jesse.,9,12,9,12,6,7,6,7
auditorium__name_jesse__obj_cup__direct_label__person_first,close_far_matched_scenes,1.1,auditorium__name_jesse__obj_cup,auditorium__name_jesse__obj_cup__person_first,auditorium__name_jesse__obj_cup__direct_label,name_jesse__obj_cup__direct_label__person_first,auditorium,auditorium,sides,name_jesse,Jesse,obj_cup,cup,direct_label,explicit_relation,locative_object_subject,object_first,person_first,True,True,False,False,True,False,False,"In the auditorium, the cup is close to Jesse.","In the auditorium, the cup is far from Jesse.",Jesse is close to the cup.,Jesse is far from the cup.,9,12,9,12,6,8,6,8
auditorium__name_jesse__obj_cup__distance_phrase__object_first,close_far_matched_scenes,1.1,auditorium__name_jesse__obj_cup,auditorium__name_jesse__obj_cup__object_first,auditorium__name_jesse__obj_cup__distance_phrase,name_jesse__obj_cup__distance_phrase__object_first,auditorium,auditorium,sides,name_jesse,Jesse,obj_cup,cup,distance_phrase,distance_magnitude_phrase,locative_distance_subject,person_first,object_first,True,True,False,False,False,True,False,"In the auditorium, a short distance separates Jesse and the cup.","In the auditorium, a long distance separates Jesse and the cup.",The cup is close to Jesse.,The cup is far from Jesse.,11,14,11,14,6,7,6,7
auditorium__name_jesse__obj_cup__distance_phrase__person_first,close_far_matched_scenes,1.1,auditorium__name_jesse__obj_cup,auditorium__name_jesse__obj_cup__person_first,auditorium__name_jesse__obj_cup__distance_phrase,name_jesse__obj_cup__distance_phrase__person_first,auditorium,auditorium,sides,name_jesse,Jesse,obj_cup,cup,distance_phrase,distance_magnitude_phrase,locative_distance_subject,person_first,person_first,False,True,False,False,False,True,False,"In the auditorium, a short distance separates Jesse and the cup.","In the auditorium, a long distance separates Jesse and the cup.",Jesse is close to the cup.,Jesse is far from the cup.,11,14,11,14,6,8,6,8
auditorium__name_jesse__obj_cup__distance_phrase_object_first__object_first,close_far_matched_scenes,1.1,auditorium__name_jesse__obj_cup,auditorium__name_jesse__obj_cup__object_first,auditorium__name_jesse__obj_cup__distance_phrase_object_first,name_jesse__obj_cup__distance_phrase_object_first__object_first,auditorium,auditorium,sides,name_jesse,Jesse,obj_cup,cup,distance_phrase_object_first,distance_magnitude_phrase,locative_distance_subject,object_first,object_first,False,True,False,False,False,True,False,"In the auditorium, a short distance separates the cup and Jesse.","In the auditorium, a long distance separates the cup and Jesse.",The cup is close to Jesse.,The cup is far from Jesse.,11,14,11,14,6,7,6,7
auditorium__name_jesse__obj_cup__distance_phrase_object_first__person_first,close_far_matched_scenes,1.1,auditorium__name_jesse__obj_cup,auditorium__name_jesse__obj_cup__person_first,auditorium__name_jesse__obj_cup__distance_phrase_object_first,name_jesse__obj_cup__distance_phrase_object_first__person_first,auditorium,auditorium,sides,name_jesse,Jesse,obj_cup,cup,distance_phrase_object_first,distance_magnitude_phrase,locative_distance_subject,object_first,person_first,True,True,False,False,False,True,False,"In the auditorium, a short distance separates the cup and Jesse.","In the auditorium, a long distance separates the cup and Jesse.",Jesse is close to the cup.,Jesse is far from the cup.,11,14,11,14,6,8,6,8
auditorium__name_jesse__obj_cup__endpoint_placement__object_first,close_far_matched_scenes,1.1,auditorium__name_jesse__obj_cup,auditorium__name_jesse__obj_cup__object_first,auditorium__name_jesse__obj_cup__endpoint_placement,name_jesse__obj_cup__endpoint_placement__object_first,auditorium,auditorium,sides,name_jesse,Jesse,obj_cup,cup,endpoint_placement,physical_endpoint_placement,two_sentence_person_then_object,person_first,object_first,True,True,True,True,False,False,False,"In the auditorium, Jesse stands at one side. The cup rests at Jesse's feet.","In the auditorium, Jesse stands at one side. The cup rests at the opposite side.",The cup is close to Jesse.,The cup is far from Jesse.,15,19,15,19,6,7,6,7
auditorium__name_jesse__obj_cup__endpoint_placement__person_first,close_far_matched_scenes,1.1,auditorium__name_jesse__obj_cup,auditorium__name_jesse__obj_cup__person_first,auditorium__name_jesse__obj_cup__endpoint_placement,name_jesse__obj_cup__endpoint_placement__person_first,auditorium,auditorium,sides,name_jesse,Jesse,obj_cup,cup,endpoint_placement,physical_endpoint_placement,two_sentence_person_then_object,person_first,person_first,False,True,True,True,False,False,False,"In the auditorium, Jesse stands at one side. The cup rests at Jesse's feet.","In the auditorium, Jesse stands at one side. The cup rests at the opposite side.",Jesse is close to the cup.,Jesse is far from the cup.,15,19,15,19,6,8,6,8
auditorium__name_jesse__obj_key__direct_label__object_first,close_far_matched_scenes,1.1,auditorium__name_jesse__obj_key,auditorium__name_jesse__obj_key__object_first,auditorium__name_jesse__obj_key__direct_label,name_jesse__obj_key__direct_label__object_first,auditorium,auditorium,sides,name_jesse,Jesse,obj_key,key,direct_label,explicit_relation,locative_object_subject,object_first,object_first,False,True,False,False,True,False,True,"In the auditorium, the key is close to Jesse.","In the auditorium, the key is far from Jesse.",The key is close to Jesse.,The key is far from Jesse.,9,12,9,12,6,7,6,7
auditorium__name_jesse__obj_key__direct_label__person_first,close_far_matched_scenes,1.1,auditorium__name_jesse__obj_key,auditorium__name_jesse__obj_key__person_first,auditorium__name_jesse__obj_key__direct_label,name_jesse__obj_key__direct_label__person_first,auditorium,auditorium,sides,name_jesse,Jesse,obj_key,key,direct_label,explicit_relation,locative_object_subject,object_first,person_first,True,True,False,False,True,False,False,"In the auditorium, the key is close to Jesse.","In the auditorium, the key is far from Jesse.",Jesse is close to the key.,Jesse is far from the key.,9,12,9,12,6,8,6,8
auditorium__name_jesse__obj_key__distance_phrase__object_first,close_far_matched_scenes,1.1,auditorium__name_jesse__obj_key,auditorium__name_jesse__obj_key__object_first,auditorium__name_jesse__obj_key__distance_phrase,name_jesse__obj_key__distance_phrase__object_first,auditorium,auditorium,sides,name_jesse,Jesse,obj_key,key,distance_phrase,distance_magnitude_phrase,locative_distance_subject,person_first,object_first,True,True,False,False,False,True,False,"In the auditorium, a short distance separates Jesse and the key.","In the auditorium, a long distance separates Jesse and the key.",The key is close to Jesse.,The key is far from Jesse.,11,14,11,14,6,7,6,7
auditorium__name_jesse__obj_key__distance_phrase__person_first,close_far_matched_scenes,1.1,auditorium__name_jesse__obj_key,auditorium__name_jesse__obj_key__person_first,auditorium__name_jesse__obj_key__distance_phrase,name_jesse__obj_key__distance_phrase__person_first,auditorium,auditorium,sides,name_jesse,Jesse,obj_key,key,distance_phrase,distance_magnitude_phrase,locative_distance_subject,person_first,person_first,False,True,False,False,False,True,False,"In the auditorium, a short distance separates Jesse and the key.","In the auditorium, a long distance separates Jesse and the key.",Jesse is close to the key.,Jesse is far from the key.,11,14,11,14,6,8,6,8
auditorium__name_jesse__obj_key__distance_phrase_object_first__object_first,close_far_matched_scenes,1.1,auditorium__name_jesse__obj_key,auditorium__name_jesse__obj_key__object_first,auditorium__name_jesse__obj_key__distance_phrase_object_first,name_jesse__obj_key__distance_phrase_object_first__object_first,auditorium,auditorium,sides,name_jesse,Jesse,obj_key,key,distance_phrase_object_first,distance_magnitude_phrase,locative_distance_subject,object_first,object_first,False,True,False,False,False,True,False,"In the auditorium, a short distance separates the key and Jesse.","In the auditorium, a long distance separates the key and Jesse.",The key is close to Jesse.,The key is far from Jesse.,11,14,11,14,6,7,6,7
auditorium__name_jesse__obj_key__distance_phrase_object_first__person_first,close_far_matched_scenes,1.1,auditorium__name_jesse__obj_key,auditorium__name_jesse__obj_key__person_first,auditorium__name_jesse__obj_key__distance_phrase_object_first,name_jesse__obj_key__distance_phrase_object_first__person_first,auditorium,auditorium,sides,name_jesse,Jesse,obj_key,key,distance_phrase_object_first,distance_magnitude_phrase,locative_distance_subject,object_first,person_first,True,True,False,False,False,True,False,"In the auditorium, a short distance separates the key and Jesse.","In the auditorium, a long distance separates the key and Jesse.",Jesse is close to the key.,Jesse is far from the key.,11,14,11,14,6,8,6,8
auditorium__name_jesse__obj_key__endpoint_placement__object_first,close_far_matched_scenes,1.1,auditorium__name_jesse__obj_key,auditorium__name_jesse__obj_key__object_first,auditorium__name_jesse__obj_key__endpoint_placement,name_jesse__obj_key__endpoint_placement__object_first,auditorium,auditorium,sides,name_jesse,Jesse,obj_key,key,endpoint_placement,physical_endpoint_placement,two_sentence_person_then_object,person_first,object_first,True,True,True,True,False,False,False,"In the auditorium, Jesse stands at one side. The key rests at Jesse's feet.","In the auditorium, Jesse stands at one side. The key rests at the opposite side.",The key is close to Jesse.,The key is far from Jesse.,15,19,15,19,6,7,6,7
auditorium__name_jesse__obj_key__endpoint_placement__person_first,close_far_matched_scenes,1.1,auditorium__name_jesse__obj_key,auditorium__name_jesse__obj_key__person_first,auditorium__name_jesse__obj_key__endpoint_placement,name_jesse__obj_key__endpoint_placement__person_first,auditorium,auditorium,sides,name_jesse,Jesse,obj_key,key,endpoint_placement,physical_endpoint_placement,two_sentence_person_then_object,person_first,person_first,False,True,True,True,False,False,False,"In the auditorium, Jesse stands at one side. The key rests at Jesse's feet.","In the auditorium, Jesse stands at one side. The key rests at the opposite side.",Jesse is close to the key.,Jesse is far from the key.,15,19,15,19,6,8,6,8
auditorium__name_jesse__obj_box__direct_label__object_first,close_far_matched_scenes,1.1,auditorium__name_jesse__obj_box,auditorium__name_jesse__obj_box__object_first,auditorium__name_jesse__obj_box__direct_label,name_jesse__obj_box__direct_label__object_first,auditorium,auditorium,sides,name_jesse,Jesse,obj_box,box,direct_label,explicit_relation,locative_object_subject,object_first,object_first,False,True,False,False,True,False,True,"In the auditorium, the box is close to Jesse.","In the auditorium, the box is far from Jesse.",The box is close to Jesse.,The box is far from Jesse.,9,12,9,12,6,7,6,7
auditorium__name_jesse__obj_box__direct_label__person_first,close_far_matched_scenes,1.1,auditorium__name_jesse__obj_box,auditorium__name_jesse__obj_box__person_first,auditorium__name_jesse__obj_box__direct_label,name_jesse__obj_box__direct_label__person_first,auditorium,auditorium,sides,name_jesse,Jesse,obj_box,box,direct_label,explicit_relation,locative_object_subject,object_first,person_first,True,True,False,False,True,False,False,"In the auditorium, the box is close to Jesse.","In the auditorium, the box is far from Jesse.",Jesse is close to the box.,Jesse is far from the box.,9,12,9,12,6,8,6,8
auditorium__name_jesse__obj_box__distance_phrase__object_first,close_far_matched_scenes,1.1,auditorium__name_jesse__obj_box,auditorium__name_jesse__obj_box__object_first,auditorium__name_jesse__obj_box__distance_phrase,name_jesse__obj_box__distance_phrase__object_first,auditorium,auditorium,sides,name_jesse,Jesse,obj_box,box,distance_phrase,distance_magnitude_phrase,locative_distance_subject,person_first,object_first,True,True,False,False,False,True,False,"In the auditorium, a short distance separates Jesse and the box.","In the auditorium, a long distance separates Jesse and the box.",The box is close to Jesse.,The box is far from Jesse.,11,14,11,14,6,7,6,7
auditorium__name_jesse__obj_box__distance_phrase__person_first,close_far_matched_scenes,1.1,auditorium__name_jesse__obj_box,auditorium__name_jesse__obj_box__person_first,auditorium__name_jesse__obj_box__distance_phrase,name_jesse__obj_box__distance_phrase__person_first,auditorium,auditorium,sides,name_jesse,Jesse,obj_box,box,distance_phrase,distance_magnitude_phrase,locative_distance_subject,person_first,person_first,False,True,False,False,False,True,False,"In the auditorium, a short distance separates Jesse and the box.","In the auditorium, a long distance separates Jesse and the box.",Jesse is close to the box.,Jesse is far from the box.,11,14,11,14,6,8,6,8
auditorium__name_jesse__obj_box__distance_phrase_object_first__object_first,close_far_matched_scenes,1.1,auditorium__name_jesse__obj_box,auditorium__name_jesse__obj_box__object_first,auditorium__name_jesse__obj_box__distance_phrase_object_first,name_jesse__obj_box__distance_phrase_object_first__object_first,auditorium,auditorium,sides,name_jesse,Jesse,obj_box,box,distance_phrase_object_first,distance_magnitude_phrase,locative_distance_subject,object_first,object_first,False,True,False,False,False,True,False,"In the auditorium, a short distance separates the box and Jesse.","In the auditorium, a long distance separates the box and Jesse.",The box is close to Jesse.,The box is far from Jesse.,11,14,11,14,6,7,6,7
auditorium__name_jesse__obj_box__distance_phrase_object_first__person_first,close_far_matched_scenes,1.1,auditorium__name_jesse__obj_box,auditorium__name_jesse__obj_box__person_first,auditorium__name_jesse__obj_box__distance_phrase_object_first,name_jesse__obj_box__distance_phrase_object_first__person_first,auditorium,auditorium,sides,name_jesse,Jesse,obj_box,box,distance_phrase_object_first,distance_magnitude_phrase,locative_distance_subject,object_first,person_first,True,True,False,False,False,True,False,"In the auditorium, a short distance separates the box and Jesse.","In the auditorium, a long distance separates the box and Jesse.",Jesse is close to the box.,Jesse is far from the box.,11,14,11,14,6,8,6,8
auditorium__name_jesse__obj_box__endpoint_placement__object_first,close_far_matched_scenes,1.1,auditorium__name_jesse__obj_box,auditorium__name_jesse__obj_box__object_first,auditorium__name_jesse__obj_box__endpoint_placement,name_jesse__obj_box__endpoint_placement__object_first,auditorium,auditorium,sides,name_jesse,Jesse,obj_box,box,endpoint_placement,physical_endpoint_placement,two_sentence_person_then_object,person_first,object_first,True,True,True,True,False,False,False,"In the auditorium, Jesse stands at one side. The box rests at Jesse's feet.","In the auditorium, Jesse stands at one side. The box rests at the opposite side.",The box is close to Jesse.,The box is far from Jesse.,15,19,15,19,6,7,6,7
auditorium__name_jesse__obj_box__endpoint_placement__person_first,close_far_matched_scenes,1.1,auditorium__name_jesse__obj_box,auditorium__name_jesse__obj_box__person_first,auditorium__name_jesse__obj_box__endpoint_placement,name_jesse__obj_box__endpoint_placement__person_first,auditorium,auditorium,sides,name_jesse,Jesse,obj_box,box,endpoint_placement,physical_endpoint_placement,two_sentence_person_then_object,person_first,person_first,False,True,True,True,False,False,False,"In the auditorium, Jesse stands at one side. The box rests at Jesse's feet.","In the auditorium, Jesse stands at one side. The box rests at the opposite side.",Jesse is close to the box.,Jesse is far from the box.,15,19,15,19,6,8,6,8
auditorium__name_li__obj_ball__direct_label__object_first,close_far_matched_scenes,1.1,auditorium__name_li__obj_ball,auditorium__name_li__obj_ball__object_first,auditorium__name_li__obj_ball__direct_label,name_li__obj_ball__direct_label__object_first,auditorium,auditorium,sides,name_li,Li,obj_ball,ball,direct_label,explicit_relation,locative_object_subject,object_first,object_first,False,True,False,False,True,False,True,"In the auditorium, the ball is close to Li.","In the auditorium, the ball is far from Li.",The ball is close to Li.,The ball is far from Li.,9,12,9,12,6,7,6,7
auditorium__name_li__obj_ball__direct_label__person_first,close_far_matched_scenes,1.1,auditorium__name_li__obj_ball,auditorium__name_li__obj_ball__person_first,auditorium__name_li__obj_ball__direct_label,name_li__obj_ball__direct_label__person_first,auditorium,auditorium,sides,name_li,Li,obj_ball,ball,direct_label,explicit_relation,locative_object_subject,object_first,person_first,True,True,False,False,True,False,False,"In the auditorium, the ball is close to Li.","In the auditorium, the ball is far from Li.",Li is close to the ball.,Li is far from the ball.,9,12,9,12,6,7,6,7
auditorium__name_li__obj_ball__distance_phrase__object_first,close_far_matched_scenes,1.1,auditorium__name_li__obj_ball,auditorium__name_li__obj_ball__object_first,auditorium__name_li__obj_ball__distance_phrase,name_li__obj_ball__distance_phrase__object_first,auditorium,auditorium,sides,name_li,Li,obj_ball,ball,distance_phrase,distance_magnitude_phrase,locative_distance_subject,person_first,object_first,True,True,False,False,False,True,False,"In the auditorium, a short distance separates Li and the ball.","In the auditorium, a long distance separates Li and the ball.",The ball is close to Li.,The ball is far from Li.,11,14,11,14,6,7,6,7
auditorium__name_li__obj_ball__distance_phrase__person_first,close_far_matched_scenes,1.1,auditorium__name_li__obj_ball,auditorium__name_li__obj_ball__person_first,auditorium__name_li__obj_ball__distance_phrase,name_li__obj_ball__distance_phrase__person_first,auditorium,auditorium,sides,name_li,Li,obj_ball,ball,distance_phrase,distance_magnitude_phrase,locative_distance_subject,person_first,person_first,False,True,False,False,False,True,False,"In the auditorium, a short distance separates Li and the ball.","In the auditorium, a long distance separates Li and the ball.",Li is close to the ball.,Li is far from the ball.,11,14,11,14,6,7,6,7
auditorium__name_li__obj_ball__distance_phrase_object_first__object_first,close_far_matched_scenes,1.1,auditorium__name_li__obj_ball,auditorium__name_li__obj_ball__object_first,auditorium__name_li__obj_ball__distance_phrase_object_first,name_li__obj_ball__distance_phrase_object_first__object_first,auditorium,auditorium,sides,name_li,Li,obj_ball,ball,distance_phrase_object_first,distance_magnitude_phrase,locative_distance_subject,object_first,object_first,False,True,False,False,False,True,False,"In the auditorium, a short distance separates the ball and Li.","In the auditorium, a long distance separates the ball and Li.",The ball is close to Li.,The ball is far from Li.,11,14,11,14,6,7,6,7
auditorium__name_li__obj_ball__distance_phrase_object_first__person_first,close_far_matched_scenes,1.1,auditorium__name_li__obj_ball,auditorium__name_li__obj_ball__person_first,auditorium__name_li__obj_ball__distance_phrase_object_first,name_li__obj_ball__distance_phrase_object_first__person_first,auditorium,auditorium,sides,name_li,Li,obj_ball,ball,distance_phrase_object_first,distance_magnitude_phrase,locative_distance_subject,object_first,person_first,True,True,False,False,False,True,False,"In the auditorium, a short distance separates the ball and Li.","In the auditorium, a long distance separates the ball and Li.",Li is close to the ball.,Li is far from the ball.,11,14,11,14,6,7,6,7
auditorium__name_li__obj_ball__endpoint_placement__object_first,close_far_matched_scenes,1.1,auditorium__name_li__obj_ball,auditorium__name_li__obj_ball__object_first,auditorium__name_li__obj_ball__endpoint_placement,name_li__obj_ball__endpoint_placement__object_first,auditorium,auditorium,sides,name_li,Li,obj_ball,ball,endpoint_placement,physical_endpoint_placement,two_sentence_person_then_object,person_first,object_first,True,True,True,True,False,False,False,"In the auditorium, Li stands at one side. The ball rests at Li's feet.","In the auditorium, Li stands at one side. The ball rests at the opposite side.",The ball is close to Li.,The ball is far from Li.,15,19,15,19,6,7,6,7
auditorium__name_li__obj_ball__endpoint_placement__person_first,close_far_matched_scenes,1.1,auditorium__name_li__obj_ball,auditorium__name_li__obj_ball__person_first,auditorium__name_li__obj_ball__endpoint_placement,name_li__obj_ball__endpoint_placement__person_first,auditorium,auditorium,sides,name_li,Li,obj_ball,ball,endpoint_placement,physical_endpoint_placement,two_sentence_person_then_object,person_first,person_first,False,True,True,True,False,False,False,"In the auditorium, Li stands at one side. The ball rests at Li's feet.","In the auditorium, Li stands at one side. The ball rests at the opposite side.",Li is close to the ball.,Li is far from the ball.,15,19,15,19,6,7,6,7
auditorium__name_li__obj_bag__direct_label__object_first,close_far_matched_scenes,1.1,auditorium__name_li__obj_bag,auditorium__name_li__obj_bag__object_first,auditorium__name_li__obj_bag__direct_label,name_li__obj_bag__direct_label__object_first,auditorium,auditorium,sides,name_li,Li,obj_bag,bag,direct_label,explicit_relation,locative_object_subject,object_first,object_first,False,True,False,False,True,False,True,"In the auditorium, the bag is close to Li.","In the auditorium, the bag is far from Li.",The bag is close to Li.,The bag is far from Li.,9,12,9,12,6,7,6,7
auditorium__name_li__obj_bag__direct_label__person_first,close_far_matched_scenes,1.1,auditorium__name_li__obj_bag,auditorium__name_li__obj_bag__person_first,auditorium__name_li__obj_bag__direct_label,name_li__obj_bag__direct_label__person_first,auditorium,auditorium,sides,name_li,Li,obj_bag,bag,direct_label,explicit_relation,locative_object_subject,object_first,person_first,True,True,False,False,True,False,False,"In the auditorium, the bag is close to Li.","In the auditorium, the bag is far from Li.",Li is close to the bag.,Li is far from the bag.,9,12,9,12,6,7,6,7
auditorium__name_li__obj_bag__distance_phrase__object_first,close_far_matched_scenes,1.1,auditorium__name_li__obj_bag,auditorium__name_li__obj_bag__object_first,auditorium__name_li__obj_bag__distance_phrase,name_li__obj_bag__distance_phrase__object_first,auditorium,auditorium,sides,name_li,Li,obj_bag,bag,distance_phrase,distance_magnitude_phrase,locative_distance_subject,person_first,object_first,True,True,False,False,False,True,False,"In the auditorium, a short distance separates Li and the bag.","In the auditorium, a long distance separates Li and the bag.",The bag is close to Li.,The bag is far from Li.,11,14,11,14,6,7,6,7
auditorium__name_li__obj_bag__distance_phrase__person_first,close_far_matched_scenes,1.1,auditorium__name_li__obj_bag,auditorium__name_li__obj_bag__person_first,auditorium__name_li__obj_bag__distance_phrase,name_li__obj_bag__distance_phrase__person_first,auditorium,auditorium,sides,name_li,Li,obj_bag,bag,distance_phrase,distance_magnitude_phrase,locative_distance_subject,person_first,person_first,False,True,False,False,False,True,False,"In the auditorium, a short distance separates Li and the bag.","In the auditorium, a long distance separates Li and the bag.",Li is close to the bag.,Li is far from the bag.,11,14,11,14,6,7,6,7
auditorium__name_li__obj_bag__distance_phrase_object_first__object_first,close_far_matched_scenes,1.1,auditorium__name_li__obj_bag,auditorium__name_li__obj_bag__object_first,auditorium__name_li__obj_bag__distance_phrase_object_first,name_li__obj_bag__distance_phrase_object_first__object_first,auditorium,auditorium,sides,name_li,Li,obj_bag,bag,distance_phrase_object_first,distance_magnitude_phrase,locative_distance_subject,object_first,object_first,False,True,False,False,False,True,False,"In the auditorium, a short distance separates the bag and Li.","In the auditorium, a long distance separates the bag and Li.",The bag is close to Li.,The bag is far from Li.,11,14,11,14,6,7,6,7
auditorium__name_li__obj_bag__distance_phrase_object_first__person_first,close_far_matched_scenes,1.1,auditorium__name_li__obj_bag,auditorium__name_li__obj_bag__person_first,auditorium__name_li__obj_bag__distance_phrase_object_first,name_li__obj_bag__distance_phrase_object_first__person_first,auditorium,auditorium,sides,name_li,Li,obj_bag,bag,distance_phrase_object_first,distance_magnitude_phrase,locative_distance_subject,object_first,person_first,True,True,False,False,False,True,False,"In the auditorium, a short distance separates the bag and Li.","In the auditorium, a long distance separates the bag and Li.",Li is close to the bag.,Li is far from the bag.,11,14,11,14,6,7,6,7
auditorium__name_li__obj_bag__endpoint_placement__object_first,close_far_matched_scenes,1.1,auditorium__name_li__obj_bag,auditorium__name_li__obj_bag__object_first,auditorium__name_li__obj_bag__endpoint_placement,name_li__obj_bag__endpoint_placement__object_first,auditorium,auditorium,sides,name_li,Li,obj_bag,bag,endpoint_placement,physical_endpoint_placement,two_sentence_person_then_object,person_first,object_first,True,True,True,True,False,False,False,"In the auditorium, Li stands at one side. The bag rests at Li's feet.","In the auditorium, Li stands at one side. The bag rests at the opposite side.",The bag is close to Li.,The bag is far from Li.,15,19,15,19,6,7,6,7
auditorium__name_li__obj_bag__endpoint_placement__person_first,close_far_matched_scenes,1.1,auditorium__name_li__obj_bag,auditorium__name_li__obj_bag__person_first,auditorium__name_li__obj_bag__endpoint_placement,name_li__obj_bag__endpoint_placement__person_first,auditorium,auditorium,sides,name_li,Li,obj_bag,bag,endpoint_placement,physical_endpoint_placement,two_sentence_person_then_object,person_first,person_first,False,True,True,True,False,False,False,"In the auditorium, Li stands at one side. The bag rests at Li's feet.","In the auditorium, Li stands at one side. The bag rests at the opposite side.",Li is close to the bag.,Li is far from the bag.,15,19,15,19,6,7,6,7
auditorium__name_li__obj_book__direct_label__object_first,close_far_matched_scenes,1.1,auditorium__name_li__obj_book,auditorium__name_li__obj_book__object_first,auditorium__name_li__obj_book__direct_label,name_li__obj_book__direct_label__object_first,auditorium,auditorium,sides,name_li,Li,obj_book,book,direct_label,explicit_relation,locative_object_subject,object_first,object_first,False,True,False,False,True,False,True,"In the auditorium, the book is close to Li.","In the auditorium, the book is far from Li.",The book is close to Li.,The book is far from Li.,9,12,9,12,6,7,6,7
auditorium__name_li__obj_book__direct_label__person_first,close_far_matched_scenes,1.1,auditorium__name_li__obj_book,auditorium__name_li__obj_book__person_first,auditorium__name_li__obj_book__direct_label,name_li__obj_book__direct_label__person_first,auditorium,auditorium,sides,name_li,Li,obj_book,book,direct_label,explicit_relation,locative_object_subject,object_first,person_first,True,True,False,False,True,False,False,"In the auditorium, the book is close to Li.","In the auditorium, the book is far from Li.",Li is close to the book.,Li is far from the book.,9,12,9,12,6,7,6,7
auditorium__name_li__obj_book__distance_phrase__object_first,close_far_matched_scenes,1.1,auditorium__name_li__obj_book,auditorium__name_li__obj_book__object_first,auditorium__name_li__obj_book__distance_phrase,name_li__obj_book__distance_phrase__object_first,auditorium,auditorium,sides,name_li,Li,obj_book,book,distance_phrase,distance_magnitude_phrase,locative_distance_subject,person_first,object_first,True,True,False,False,False,True,False,"In the auditorium, a short distance separates Li and the book.","In the auditorium, a long distance separates Li and the book.",The book is close to Li.,The book is far from Li.,11,14,11,14,6,7,6,7
auditorium__name_li__obj_book__distance_phrase__person_first,close_far_matched_scenes,1.1,auditorium__name_li__obj_book,auditorium__name_li__obj_book__person_first,auditorium__name_li__obj_book__distance_phrase,name_li__obj_book__distance_phrase__person_first,auditorium,auditorium,sides,name_li,Li,obj_book,book,distance_phrase,distance_magnitude_phrase,locative_distance_subject,person_first,person_first,False,True,False,False,False,True,False,"In the auditorium, a short distance separates Li and the book.","In the auditorium, a long distance separates Li and the book.",Li is close to the book.,Li is far from the book.,11,14,11,14,6,7,6,7
auditorium__name_li__obj_book__distance_phrase_object_first__object_first,close_far_matched_scenes,1.1,auditorium__name_li__obj_book,auditorium__name_li__obj_book__object_first,auditorium__name_li__obj_book__distance_phrase_object_first,name_li__obj_book__distance_phrase_object_first__object_first,auditorium,auditorium,sides,name_li,Li,obj_book,book,distance_phrase_object_first,distance_magnitude_phrase,locative_distance_subject,object_first,object_first,False,True,False,False,False,True,False,"In the auditorium, a short distance separates the book and Li.","In the auditorium, a long distance separates the book and Li.",The book is close to Li.,The book is far from Li.,11,14,11,14,6,7,6,7
auditorium__name_li__obj_book__distance_phrase_object_first__person_first,close_far_matched_scenes,1.1,auditorium__name_li__obj_book,auditorium__name_li__obj_book__person_first,auditorium__name_li__obj_book__distance_phrase_object_first,name_li__obj_book__distance_phrase_object_first__person_first,auditorium,auditorium,sides,name_li,Li,obj_book,book,distance_phrase_object_first,distance_magnitude_phrase,locative_distance_subject,object_first,person_first,True,True,False,False,False,True,False,"In the auditorium, a short distance separates the book and Li.","In the auditorium, a long distance separates the book and Li.",Li is close to the book.,Li is far from the book.,11,14,11,14,6,7,6,7
auditorium__name_li__obj_book__endpoint_placement__object_first,close_far_matched_scenes,1.1,auditorium__name_li__obj_book,auditorium__name_li__obj_book__object_first,auditorium__name_li__obj_book__endpoint_placement,name_li__obj_book__endpoint_placement__object_first,auditorium,auditorium,sides,name_li,Li,obj_book,book,endpoint_placement,physical_endpoint_placement,two_sentence_person_then_object,person_first,object_first,True,True,True,True,False,False,False,"In the auditorium, Li stands at one side. The book rests at Li's feet.","In the auditorium, Li stands at one side. The book rests at the opposite side.",The book is close to Li.,The book is far from Li.,15,19,15,19,6,7,6,7
auditorium__name_li__obj_book__endpoint_placement__person_first,close_far_matched_scenes,1.1,auditorium__name_li__obj_book,auditorium__name_li__obj_book__person_first,auditorium__name_li__obj_book__endpoint_placement,name_li__obj_book__endpoint_placement__person_first,auditorium,auditorium,sides,name_li,Li,obj_book,book,endpoint_placement,physical_endpoint_placement,two_sentence_person_then_object,person_first,person_first,False,True,True,True,False,False,False,"In the auditorium, Li stands at one side. The book rests at Li's feet.","In the auditorium, Li stands at one side. The book rests at the opposite side.",Li is close to the book.,Li is far from the book.,15,19,15,19,6,7,6,7
auditorium__name_li__obj_cone__direct_label__object_first,close_far_matched_scenes,1.1,auditorium__name_li__obj_cone,auditorium__name_li__obj_cone__object_first,auditorium__name_li__obj_cone__direct_label,name_li__obj_cone__direct_label__object_first,auditorium,auditorium,sides,name_li,Li,obj_cone,cone,direct_label,explicit_relation,locative_object_subject,object_first,object_first,False,True,False,False,True,False,True,"In the auditorium, the cone is close to Li.","In the auditorium, the cone is far from Li.",The cone is close to Li.,The cone is far from Li.,9,12,9,12,6,7,6,7
auditorium__name_li__obj_cone__direct_label__person_first,close_far_matched_scenes,1.1,auditorium__name_li__obj_cone,auditorium__name_li__obj_cone__person_first,auditorium__name_li__obj_cone__direct_label,name_li__obj_cone__direct_label__person_first,auditorium,auditorium,sides,name_li,Li,obj_cone,cone,direct_label,explicit_relation,locative_object_subject,object_first,person_first,True,True,False,False,True,False,False,"In the auditorium, the cone is close to Li.","In the auditorium, the cone is far from Li.",Li is close to the cone.,Li is far from the cone.,9,12,9,12,6,7,6,7
auditorium__name_li__obj_cone__distance_phrase__object_first,close_far_matched_scenes,1.1,auditorium__name_li__obj_cone,auditorium__name_li__obj_cone__object_first,auditorium__name_li__obj_cone__distance_phrase,name_li__obj_cone__distance_phrase__object_first,auditorium,auditorium,sides,name_li,Li,obj_cone,cone,distance_phrase,distance_magnitude_phrase,locative_distance_subject,person_first,object_first,True,True,False,False,False,True,False,"In the auditorium, a short distance separates Li and the cone.","In the auditorium, a long distance separates Li and the cone.",The cone is close to Li.,The cone is far from Li.,11,14,11,14,6,7,6,7
auditorium__name_li__obj_cone__distance_phrase__person_first,close_far_matched_scenes,1.1,auditorium__name_li__obj_cone,auditorium__name_li__obj_cone__person_first,auditorium__name_li__obj_cone__distance_phrase,name_li__obj_cone__distance_phrase__person_first,auditorium,auditorium,sides,name_li,Li,obj_cone,cone,distance_phrase,distance_magnitude_phrase,locative_distance_subject,person_first,person_first,False,True,False,False,False,True,False,"In the auditorium, a short distance separates Li and the cone.","In the auditorium, a long distance separates Li and the cone.",Li is close to the cone.,Li is far from the cone.,11,14,11,14,6,7,6,7
auditorium__name_li__obj_cone__distance_phrase_object_first__object_first,close_far_matched_scenes,1.1,auditorium__name_li__obj_cone,auditorium__name_li__obj_cone__object_first,auditorium__name_li__obj_cone__distance_phrase_object_first,name_li__obj_cone__distance_phrase_object_first__object_first,auditorium,auditorium,sides,name_li,Li,obj_cone,cone,distance_phrase_object_first,distance_magnitude_phrase,locative_distance_subject,object_first,object_first,False,True,False,False,False,True,False,"In the auditorium, a short distance separates the cone and Li.","In the auditorium, a long distance separates the cone and Li.",The cone is close to Li.,The cone is far from Li.,11,14,11,14,6,7,6,7
auditorium__name_li__obj_cone__distance_phrase_object_first__person_first,close_far_matched_scenes,1.1,auditorium__name_li__obj_cone,auditorium__name_li__obj_cone__person_first,auditorium__name_li__obj_cone__distance_phrase_object_first,name_li__obj_cone__distance_phrase_object_first__person_first,auditorium,auditorium,sides,name_li,Li,obj_cone,cone,distance_phrase_object_first,distance_magnitude_phrase,locative_distance_subject,object_first,person_first,True,True,False,False,False,True,False,"In the auditorium, a short distance separates the cone and Li.","In the auditorium, a long distance separates the cone and Li.",Li is close to the cone.,Li is far from the cone.,11,14,11,14,6,7,6,7
auditorium__name_li__obj_cone__endpoint_placement__object_first,close_far_matched_scenes,1.1,auditorium__name_li__obj_cone,auditorium__name_li__obj_cone__object_first,auditorium__name_li__obj_cone__endpoint_placement,name_li__obj_cone__endpoint_placement__object_first,auditorium,auditorium,sides,name_li,Li,obj_cone,cone,endpoint_placement,physical_endpoint_placement,two_sentence_person_then_object,person_first,object_first,True,True,True,True,False,False,False,"In the auditorium, Li stands at one side. The cone rests at Li's feet.","In the auditorium, Li stands at one side. The cone rests at the opposite side.",The cone is close to Li.,The cone is far from Li.,15,19,15,19,6,7,6,7
auditorium__name_li__obj_cone__endpoint_placement__person_first,close_far_matched_scenes,1.1,auditorium__name_li__obj_cone,auditorium__name_li__obj_cone__person_first,auditorium__name_li__obj_cone__endpoint_placement,name_li__obj_cone__endpoint_placement__person_first,auditorium,auditorium,sides,name_li,Li,obj_cone,cone,endpoint_placement,physical_endpoint_placement,two_sentence_person_then_object,person_first,person_first,False,True,True,True,False,False,False,"In the auditorium, Li stands at one side. The cone rests at Li's feet.","In the auditorium, Li stands at one side. The cone rests at the opposite side.",Li is close to the cone.,Li is far from the cone.,15,19,15,19,6,7,6,7
auditorium__name_li__obj_helmet__direct_label__object_first,close_far_matched_scenes,1.1,auditorium__name_li__obj_helmet,auditorium__name_li__obj_helmet__object_first,auditorium__name_li__obj_helmet__direct_label,name_li__obj_helmet__direct_label__object_first,auditorium,auditorium,sides,name_li,Li,obj_helmet,helmet,direct_label,explicit_relation,locative_object_subject,object_first,object_first,False,True,False,False,True,False,True,"In the auditorium, the helmet is close to Li.","In the auditorium, the helmet is far from Li.",The helmet is close to Li.,The helmet is far from Li.,9,12,9,12,6,7,6,7
auditorium__name_li__obj_helmet__direct_label__person_first,close_far_matched_scenes,1.1,auditorium__name_li__obj_helmet,auditorium__name_li__obj_helmet__person_first,auditorium__name_li__obj_helmet__direct_label,name_li__obj_helmet__direct_label__person_first,auditorium,auditorium,sides,name_li,Li,obj_helmet,helmet,direct_label,explicit_relation,locative_object_subject,object_first,person_first,True,True,False,False,True,False,False,"In the auditorium, the helmet is close to Li.","In the auditorium, the helmet is far from Li.",Li is close to the helmet.,Li is far from the helmet.,9,12,9,12,6,7,6,7
auditorium__name_li__obj_helmet__distance_phrase__object_first,close_far_matched_scenes,1.1,auditorium__name_li__obj_helmet,auditorium__name_li__obj_helmet__object_first,auditorium__name_li__obj_helmet__distance_phrase,name_li__obj_helmet__distance_phrase__object_first,auditorium,auditorium,sides,name_li,Li,obj_helmet,helmet,distance_phrase,distance_magnitude_phrase,locative_distance_subject,person_first,object_first,True,True,False,False,False,True,False,"In the auditorium, a short distance separates Li and the helmet.","In the auditorium, a long distance separates Li and the helmet.",The helmet is close to Li.,The helmet is far from Li.,11,14,11,14,6,7,6,7
auditorium__name_li__obj_helmet__distance_phrase__person_first,close_far_matched_scenes,1.1,auditorium__name_li__obj_helmet,auditorium__name_li__obj_helmet__person_first,auditorium__name_li__obj_helmet__distance_phrase,name_li__obj_helmet__distance_phrase__person_first,auditorium,auditorium,sides,name_li,Li,obj_helmet,helmet,distance_phrase,distance_magnitude_phrase,locative_distance_subject,person_first,person_first,False,True,False,False,False,True,False,"In the auditorium, a short distance separates Li and the helmet.","In the auditorium, a long distance separates Li and the helmet.",Li is close to the helmet.,Li is far from the helmet.,11,14,11,14,6,7,6,7
auditorium__name_li__obj_helmet__distance_phrase_object_first__object_first,close_far_matched_scenes,1.1,auditorium__name_li__obj_helmet,auditorium__name_li__obj_helmet__object_first,auditorium__name_li__obj_helmet__distance_phrase_object_first,name_li__obj_helmet__distance_phrase_object_first__object_first,auditorium,auditorium,sides,name_li,Li,obj_helmet,helmet,distance_phrase_object_first,distance_magnitude_phrase,locative_distance_subject,object_first,object_first,False,True,False,False,False,True,False,"In the auditorium, a short distance separates the helmet and Li.","In the auditorium, a long distance separates the helmet and Li.",The helmet is close to Li.,The helmet is far from Li.,11,14,11,14,6,7,6,7
auditorium__name_li__obj_helmet__distance_phrase_object_first__person_first,close_far_matched_scenes,1.1,auditorium__name_li__obj_helmet,auditorium__name_li__obj_helmet__person_first,auditorium__name_li__obj_helmet__distance_phrase_object_first,name_li__obj_helmet__distance_phrase_object_first__person_first,auditorium,auditorium,sides,name_li,Li,obj_helmet,helmet,distance_phrase_object_first,distance_magnitude_phrase,locative_distance_subject,object_first,person_first,True,True,False,False,False,True,False,"In the auditorium, a short distance separates the helmet and Li.","In the auditorium, a long distance separates the helmet and Li.",Li is close to the helmet.,Li is far from the helmet.,11,14,11,14,6,7,6,7
auditorium__name_li__obj_helmet__endpoint_placement__object_first,close_far_matched_scenes,1.1,auditorium__name_li__obj_helmet,auditorium__name_li__obj_helmet__object_first,auditorium__name_li__obj_helmet__endpoint_placement,name_li__obj_helmet__endpoint_placement__object_first,auditorium,auditorium,sides,name_li,Li,obj_helmet,helmet,endpoint_placement,physical_endpoint_placement,two_sentence_person_then_object,person_first,object_first,True,True,True,True,False,False,False,"In the auditorium, Li stands at one side. The helmet rests at Li's feet.","In the auditorium, Li stands at one side. The helmet rests at the opposite side.",The helmet is close to Li.,The helmet is far from Li.,15,19,15,19,6,7,6,7
auditorium__name_li__obj_helmet__endpoint_placement__person_first,close_far_matched_scenes,1.1,auditorium__name_li__obj_helmet,auditorium__name_li__obj_helmet__person_first,auditorium__name_li__obj_helmet__endpoint_placement,name_li__obj_helmet__endpoint_placement__person_first,auditorium,auditorium,sides,name_li,Li,obj_helmet,helmet,endpoint_placement,physical_endpoint_placement,two_sentence_person_then_object,person_first,person_first,False,True,True,True,False,False,False,"In the auditorium, Li stands at one side. The helmet rests at Li's feet.","In the auditorium, Li stands at one side. The helmet rests at the opposite side.",Li is close to the helmet.,Li is far from the helmet.,15,19,15,19,6,7,6,7
auditorium__name_li__obj_cup__direct_label__object_first,close_far_matched_scenes,1.1,auditorium__name_li__obj_cup,auditorium__name_li__obj_cup__object_first,auditorium__name_li__obj_cup__direct_label,name_li__obj_cup__direct_label__object_first,auditorium,auditorium,sides,name_li,Li,obj_cup,cup,direct_label,explicit_relation,locative_object_subject,object_first,object_first,False,True,False,False,True,False,True,"In the auditorium, the cup is close to Li.","In the auditorium, the cup is far from Li.",The cup is close to Li.,The cup is far from Li.,9,12,9,12,6,7,6,7
auditorium__name_li__obj_cup__direct_label__person_first,close_far_matched_scenes,1.1,auditorium__name_li__obj_cup,auditorium__name_li__obj_cup__person_first,auditorium__name_li__obj_cup__direct_label,name_li__obj_cup__direct_label__person_first,auditorium,auditorium,sides,name_li,Li,obj_cup,cup,direct_label,explicit_relation,locative_object_subject,object_first,person_first,True,True,False,False,True,False,False,"In the auditorium, the cup is close to Li.","In the auditorium, the cup is far from Li.",Li is close to the cup.,Li is far from the cup.,9,12,9,12,6,7,6,7
auditorium__name_li__obj_cup__distance_phrase__object_first,close_far_matched_scenes,1.1,auditorium__name_li__obj_cup,auditorium__name_li__obj_cup__object_first,auditorium__name_li__obj_cup__distance_phrase,name_li__obj_cup__distance_phrase__object_first,auditorium,auditorium,sides,name_li,Li,obj_cup,cup,distance_phrase,distance_magnitude_phrase,locative_distance_subject,person_first,object_first,True,True,False,False,False,True,False,"In the auditorium, a short distance separates Li and the cup.","In the auditorium, a long distance separates Li and the cup.",The cup is close to Li.,The cup is far from Li.,11,14,11,14,6,7,6,7
auditorium__name_li__obj_cup__distance_phrase__person_first,close_far_matched_scenes,1.1,auditorium__name_li__obj_cup,auditorium__name_li__obj_cup__person_first,auditorium__name_li__obj_cup__distance_phrase,name_li__obj_cup__distance_phrase__person_first,auditorium,auditorium,sides,name_li,Li,obj_cup,cup,distance_phrase,distance_magnitude_phrase,locative_distance_subject,person_first,person_first,False,True,False,False,False,True,False,"In the auditorium, a short distance separates Li and the cup.","In the auditorium, a long distance separates Li and the cup.",Li is close to the cup.,Li is far from the cup.,11,14,11,14,6,7,6,7
auditorium__name_li__obj_cup__distance_phrase_object_first__object_first,close_far_matched_scenes,1.1,auditorium__name_li__obj_cup,auditorium__name_li__obj_cup__object_first,auditorium__name_li__obj_cup__distance_phrase_object_first,name_li__obj_cup__distance_phrase_object_first__object_first,auditorium,auditorium,sides,name_li,Li,obj_cup,cup,distance_phrase_object_first,distance_magnitude_phrase,locative_distance_subject,object_first,object_first,False,True,False,False,False,True,False,"In the auditorium, a short distance separates the cup and Li.","In the auditorium, a long distance separates the cup and Li.",The cup is close to Li.,The cup is far from Li.,11,14,11,14,6,7,6,7
auditorium__name_li__obj_cup__distance_phrase_object_first__person_first,close_far_matched_scenes,1.1,auditorium__name_li__obj_cup,auditorium__name_li__obj_cup__person_first,auditorium__name_li__obj_cup__distance_phrase_object_first,name_li__obj_cup__distance_phrase_object_first__person_first,auditorium,auditorium,sides,name_li,Li,obj_cup,cup,distance_phrase_object_first,distance_magnitude_phrase,locative_distance_subject,object_first,person_first,True,True,False,False,False,True,False,"In the auditorium, a short distance separates the cup and Li.","In the auditorium, a long distance separates the cup and Li.",Li is close to the cup.,Li is far from the cup.,11,14,11,14,6,7,6,7
auditorium__name_li__obj_cup__endpoint_placement__object_first,close_far_matched_scenes,1.1,auditorium__name_li__obj_cup,auditorium__name_li__obj_cup__object_first,auditorium__name_li__obj_cup__endpoint_placement,name_li__obj_cup__endpoint_placement__object_first,auditorium,auditorium,sides,name_li,Li,obj_cup,cup,endpoint_placement,physical_endpoint_placement,two_sentence_person_then_object,person_first,object_first,True,True,True,True,False,False,False,"In the auditorium, Li stands at one side. The cup rests at Li's feet.","In the auditorium, Li stands at one side. The cup rests at the opposite side.",The cup is close to Li.,The cup is far from Li.,15,19,15,19,6,7,6,7
auditorium__name_li__obj_cup__endpoint_placement__person_first,close_far_matched_scenes,1.1,auditorium__name_li__obj_cup,auditorium__name_li__obj_cup__person_first,auditorium__name_li__obj_cup__endpoint_placement,name_li__obj_cup__endpoint_placement__person_first,auditorium,auditorium,sides,name_li,Li,obj_cup,cup,endpoint_placement,physical_endpoint_placement,two_sentence_person_then_object,person_first,person_first,False,True,True,True,False,False,False,"In the auditorium, Li stands at one side. The cup rests at Li's feet.","In the auditorium, Li stands at one side. The cup rests at the opposite side.",Li is close to the cup.,Li is far from the cup.,15,19,15,19,6,7,6,7
auditorium__name_li__obj_key__direct_label__object_first,close_far_matched_scenes,1.1,auditorium__name_li__obj_key,auditorium__name_li__obj_key__object_first,auditorium__name_li__obj_key__direct_label,name_li__obj_key__direct_label__object_first,auditorium,auditorium,sides,name_li,Li,obj_key,key,direct_label,explicit_relation,locative_object_subject,object_first,object_first,False,True,False,False,True,False,True,"In the auditorium, the key is close to Li.","In the auditorium, the key is far from Li.",The key is close to Li.,The key is far from Li.,9,12,9,12,6,7,6,7
auditorium__name_li__obj_key__direct_label__person_first,close_far_matched_scenes,1.1,auditorium__name_li__obj_key,auditorium__name_li__obj_key__person_first,auditorium__name_li__obj_key__direct_label,name_li__obj_key__direct_label__person_first,auditorium,auditorium,sides,name_li,Li,obj_key,key,direct_label,explicit_relation,locative_object_subject,object_first,person_first,True,True,False,False,True,False,False,"In the auditorium, the key is close to Li.","In the auditorium, the key is far from Li.",Li is close to the key.,Li is far from the key.,9,12,9,12,6,7,6,7
auditorium__name_li__obj_key__distance_phrase__object_first,close_far_matched_scenes,1.1,auditorium__name_li__obj_key,auditorium__name_li__obj_key__object_first,auditorium__name_li__obj_key__distance_phrase,name_li__obj_key__distance_phrase__object_first,auditorium,auditorium,sides,name_li,Li,obj_key,key,distance_phrase,distance_magnitude_phrase,locative_distance_subject,person_first,object_first,True,True,False,False,False,True,False,"In the auditorium, a short distance separates Li and the key.","In the auditorium, a long distance separates Li and the key.",The key is close to Li.,The key is far from Li.,11,14,11,14,6,7,6,7
auditorium__name_li__obj_key__distance_phrase__person_first,close_far_matched_scenes,1.1,auditorium__name_li__obj_key,auditorium__name_li__obj_key__person_first,auditorium__name_li__obj_key__distance_phrase,name_li__obj_key__distance_phrase__person_first,auditorium,auditorium,sides,name_li,Li,obj_key,key,distance_phrase,distance_magnitude_phrase,locative_distance_subject,person_first,person_first,False,True,False,False,False,True,False,"In the auditorium, a short distance separates Li and the key.","In the auditorium, a long distance separates Li and the key.",Li is close to the key.,Li is far from the key.,11,14,11,14,6,7,6,7
auditorium__name_li__obj_key__distance_phrase_object_first__object_first,close_far_matched_scenes,1.1,auditorium__name_li__obj_key,auditorium__name_li__obj_key__object_first,auditorium__name_li__obj_key__distance_phrase_object_first,name_li__obj_key__distance_phrase_object_first__object_first,auditorium,auditorium,sides,name_li,Li,obj_key,key,distance_phrase_object_first,distance_magnitude_phrase,locative_distance_subject,object_first,object_first,False,True,False,False,False,True,False,"In the auditorium, a short distance separates the key and Li.","In the auditorium, a long distance separates the key and Li.",The key is close to Li.,The key is far from Li.,11,14,11,14,6,7,6,7
auditorium__name_li__obj_key__distance_phrase_object_first__person_first,close_far_matched_scenes,1.1,auditorium__name_li__obj_key,auditorium__name_li__obj_key__person_first,auditorium__name_li__obj_key__distance_phrase_object_first,name_li__obj_key__distance_phrase_object_first__person_first,auditorium,auditorium,sides,name_li,Li,obj_key,key,distance_phrase_object_first,distance_magnitude_phrase,locative_distance_subject,object_first,person_first,True,True,False,False,False,True,False,"In the auditorium, a short distance separates the key and Li.","In the auditorium, a long distance separates the key and Li.",Li is close to the key.,Li is far from the key.,11,14,11,14,6,7,6,7
auditorium__name_li__obj_key__endpoint_placement__object_first,close_far_matched_scenes,1.1,auditorium__name_li__obj_key,auditorium__name_li__obj_key__object_first,auditorium__name_li__obj_key__endpoint_placement,name_li__obj_key__endpoint_placement__object_first,auditorium,auditorium,sides,name_li,Li,obj_key,key,endpoint_placement,physical_endpoint_placement,two_sentence_person_then_object,person_first,object_first,True,True,True,True,False,False,False,"In the auditorium, Li stands at one side. The key rests at Li's feet.","In the auditorium, Li stands at one side. The key rests at the opposite side.",The key is close to Li.,The key is far from Li.,15,19,15,19,6,7,6,7
auditorium__name_li__obj_key__endpoint_placement__person_first,close_far_matched_scenes,1.1,auditorium__name_li__obj_key,auditorium__name_li__obj_key__person_first,auditorium__name_li__obj_key__endpoint_placement,name_li__obj_key__endpoint_placement__person_first,auditorium,auditorium,sides,name_li,Li,obj_key,key,endpoint_placement,physical_endpoint_placement,two_sentence_person_then_object,person_first,person_first,False,True,True,True,False,False,False,"In the auditorium, Li stands at one side. The key rests at Li's feet.","In the auditorium, Li stands at one side. The key rests at the opposite side.",Li is close to the key.,Li is far from the key.,15,19,15,19,6,7,6,7
auditorium__name_li__obj_box__direct_label__object_first,close_far_matched_scenes,1.1,auditorium__name_li__obj_box,auditorium__name_li__obj_box__object_first,auditorium__name_li__obj_box__direct_label,name_li__obj_box__direct_label__object_first,auditorium,auditorium,sides,name_li,Li,obj_box,box,direct_label,explicit_relation,locative_object_subject,object_first,object_first,False,True,False,False,True,False,True,"In the auditorium, the box is close to Li.","In the auditorium, the box is far from Li.",The box is close to Li.,The box is far from Li.,9,12,9,12,6,7,6,7
auditorium__name_li__obj_box__direct_label__person_first,close_far_matched_scenes,1.1,auditorium__name_li__obj_box,auditorium__name_li__obj_box__person_first,auditorium__name_li__obj_box__direct_label,name_li__obj_box__direct_label__person_first,auditorium,auditorium,sides,name_li,Li,obj_box,box,direct_label,explicit_relation,locative_object_subject,object_first,person_first,True,True,False,False,True,False,False,"In the auditorium, the box is close to Li.","In the auditorium, the box is far from Li.",Li is close to the box.,Li is far from the box.,9,12,9,12,6,7,6,7
auditorium__name_li__obj_box__distance_phrase__object_first,close_far_matched_scenes,1.1,auditorium__name_li__obj_box,auditorium__name_li__obj_box__object_first,auditorium__name_li__obj_box__distance_phrase,name_li__obj_box__distance_phrase__object_first,auditorium,auditorium,sides,name_li,Li,obj_box,box,distance_phrase,distance_magnitude_phrase,locative_distance_subject,person_first,object_first,True,True,False,False,False,True,False,"In the auditorium, a short distance separates Li and the box.","In the auditorium, a long distance separates Li and the box.",The box is close to Li.,The box is far from Li.,11,14,11,14,6,7,6,7
auditorium__name_li__obj_box__distance_phrase__person_first,close_far_matched_scenes,1.1,auditorium__name_li__obj_box,auditorium__name_li__obj_box__person_first,auditorium__name_li__obj_box__distance_phrase,name_li__obj_box__distance_phrase__person_first,auditorium,auditorium,sides,name_li,Li,obj_box,box,distance_phrase,distance_magnitude_phrase,locative_distance_subject,person_first,person_first,False,True,False,False,False,True,False,"In the auditorium, a short distance separates Li and the box.","In the auditorium, a long distance separates Li and the box.",Li is close to the box.,Li is far from the box.,11,14,11,14,6,7,6,7
auditorium__name_li__obj_box__distance_phrase_object_first__object_first,close_far_matched_scenes,1.1,auditorium__name_li__obj_box,auditorium__name_li__obj_box__object_first,auditorium__name_li__obj_box__distance_phrase_object_first,name_li__obj_box__distance_phrase_object_first__object_first,auditorium,auditorium,sides,name_li,Li,obj_box,box,distance_phrase_object_first,distance_magnitude_phrase,locative_distance_subject,object_first,object_first,False,True,False,False,False,True,False,"In the auditorium, a short distance separates the box and Li.","In the auditorium, a long distance separates the box and Li.",The box is close to Li.,The box is far from Li.,11,14,11,14,6,7,6,7
auditorium__name_li__obj_box__distance_phrase_object_first__person_first,close_far_matched_scenes,1.1,auditorium__name_li__obj_box,auditorium__name_li__obj_box__person_first,auditorium__name_li__obj_box__distance_phrase_object_first,name_li__obj_box__distance_phrase_object_first__person_first,auditorium,auditorium,sides,name_li,Li,obj_box,box,distance_phrase_object_first,distance_magnitude_phrase,locative_distance_subject,object_first,person_first,True,True,False,False,False,True,False,"In the auditorium, a short distance separates the box and Li.","In the auditorium, a long distance separates the box and Li.",Li is close to the box.,Li is far from the box.,11,14,11,14,6,7,6,7
auditorium__name_li__obj_box__endpoint_placement__object_first,close_far_matched_scenes,1.1,auditorium__name_li__obj_box,auditorium__name_li__obj_box__object_first,auditorium__name_li__obj_box__endpoint_placement,name_li__obj_box__endpoint_placement__object_first,auditorium,auditorium,sides,name_li,Li,obj_box,box,endpoint_placement,physical_endpoint_placement,two_sentence_person_then_object,person_first,object_first,True,True,True,True,False,False,False,"In the auditorium, Li stands at one side. The box rests at Li's feet.","In the auditorium, Li stands at one side. The box rests at the opposite side.",The box is close to Li.,The box is far from Li.,15,19,15,19,6,7,6,7
auditorium__name_li__obj_box__endpoint_placement__person_first,close_far_matched_scenes,1.1,auditorium__name_li__obj_box,auditorium__name_li__obj_box__person_first,auditorium__name_li__obj_box__endpoint_placement,name_li__obj_box__endpoint_placement__person_first,auditorium,auditorium,sides,name_li,Li,obj_box,box,endpoint_placement,physical_endpoint_placement,two_sentence_person_then_object,person_first,person_first,False,True,True,True,False,False,False,"In the auditorium, Li stands at one side. The box rests at Li's feet.","In the auditorium, Li stands at one side. The box rests at the opposite side.",Li is close to the box.,Li is far from the box.,15,19,15,19,6,7,6,7
auditorium__name_omar__obj_ball__direct_label__object_first,close_far_matched_scenes,1.1,auditorium__name_omar__obj_ball,auditorium__name_omar__obj_ball__object_first,auditorium__name_omar__obj_ball__direct_label,name_omar__obj_ball__direct_label__object_first,auditorium,auditorium,sides,name_omar,Omar,obj_ball,ball,direct_label,explicit_relation,locative_object_subject,object_first,object_first,False,True,False,False,True,False,True,"In the auditorium, the ball is close to Omar.","In the auditorium, the ball is far from Omar.",The ball is close to Omar.,The ball is far from Omar.,9,12,9,12,6,7,6,7
auditorium__name_omar__obj_ball__direct_label__person_first,close_far_matched_scenes,1.1,auditorium__name_omar__obj_ball,auditorium__name_omar__obj_ball__person_first,auditorium__name_omar__obj_ball__direct_label,name_omar__obj_ball__direct_label__person_first,auditorium,auditorium,sides,name_omar,Omar,obj_ball,ball,direct_label,explicit_relation,locative_object_subject,object_first,person_first,True,True,False,False,True,False,False,"In the auditorium, the ball is close to Omar.","In the auditorium, the ball is far from Omar.",Omar is close to the ball.,Omar is far from the ball.,9,12,9,12,6,8,6,8
auditorium__name_omar__obj_ball__distance_phrase__object_first,close_far_matched_scenes,1.1,auditorium__name_omar__obj_ball,auditorium__name_omar__obj_ball__object_first,auditorium__name_omar__obj_ball__distance_phrase,name_omar__obj_ball__distance_phrase__object_first,auditorium,auditorium,sides,name_omar,Omar,obj_ball,ball,distance_phrase,distance_magnitude_phrase,locative_distance_subject,person_first,object_first,True,True,False,False,False,True,False,"In the auditorium, a short distance separates Omar and the ball.","In the auditorium, a long distance separates Omar and the ball.",The ball is close to Omar.,The ball is far from Omar.,11,14,11,14,6,7,6,7
auditorium__name_omar__obj_ball__distance_phrase__person_first,close_far_matched_scenes,1.1,auditorium__name_omar__obj_ball,auditorium__name_omar__obj_ball__person_first,auditorium__name_omar__obj_ball__distance_phrase,name_omar__obj_ball__distance_phrase__person_first,auditorium,auditorium,sides,name_omar,Omar,obj_ball,ball,distance_phrase,distance_magnitude_phrase,locative_distance_subject,person_first,person_first,False,True,False,False,False,True,False,"In the auditorium, a short distance separates Omar and the ball.","In the auditorium, a long distance separates Omar and the ball.",Omar is close to the ball.,Omar is far from the ball.,11,14,11,14,6,8,6,8
auditorium__name_omar__obj_ball__distance_phrase_object_first__object_first,close_far_matched_scenes,1.1,auditorium__name_omar__obj_ball,auditorium__name_omar__obj_ball__object_first,auditorium__name_omar__obj_ball__distance_phrase_object_first,name_omar__obj_ball__distance_phrase_object_first__object_first,auditorium,auditorium,sides,name_omar,Omar,obj_ball,ball,distance_phrase_object_first,distance_magnitude_phrase,locative_distance_subject,object_first,object_first,False,True,False,False,False,True,False,"In the auditorium, a short distance separates the ball and Omar.","In the auditorium, a long distance separates the ball and Omar.",The ball is close to Omar.,The ball is far from Omar.,11,14,11,14,6,7,6,7
auditorium__name_omar__obj_ball__distance_phrase_object_first__person_first,close_far_matched_scenes,1.1,auditorium__name_omar__obj_ball,auditorium__name_omar__obj_ball__person_first,auditorium__name_omar__obj_ball__distance_phrase_object_first,name_omar__obj_ball__distance_phrase_object_first__person_first,auditorium,auditorium,sides,name_omar,Omar,obj_ball,ball,distance_phrase_object_first,distance_magnitude_phrase,locative_distance_subject,object_first,person_first,True,True,False,False,False,True,False,"In the auditorium, a short distance separates the ball and Omar.","In the auditorium, a long distance separates the ball and Omar.",Omar is close to the ball.,Omar is far from the ball.,11,14,11,14,6,8,6,8
auditorium__name_omar__obj_ball__endpoint_placement__object_first,close_far_matched_scenes,1.1,auditorium__name_omar__obj_ball,auditorium__name_omar__obj_ball__object_first,auditorium__name_omar__obj_ball__endpoint_placement,name_omar__obj_ball__endpoint_placement__object_first,auditorium,auditorium,sides,name_omar,Omar,obj_ball,ball,endpoint_placement,physical_endpoint_placement,two_sentence_person_then_object,person_first,object_first,True,True,True,True,False,False,False,"In the auditorium, Omar stands at one side. The ball rests at Omar's feet.","In the auditorium, Omar stands at one side. The ball rests at the opposite side.",The ball is close to Omar.,The ball is far from Omar.,15,19,15,19,6,7,6,7
auditorium__name_omar__obj_ball__endpoint_placement__person_first,close_far_matched_scenes,1.1,auditorium__name_omar__obj_ball,auditorium__name_omar__obj_ball__person_first,auditorium__name_omar__obj_ball__endpoint_placement,name_omar__obj_ball__endpoint_placement__person_first,auditorium,auditorium,sides,name_omar,Omar,obj_ball,ball,endpoint_placement,physical_endpoint_placement,two_sentence_person_then_object,person_first,person_first,False,True,True,True,False,False,False,"In the auditorium, Omar stands at one side. The ball rests at Omar's feet.","In the auditorium, Omar stands at one side. The ball rests at the opposite side.",Omar is close to the ball.,Omar is far from the ball.,15,19,15,19,6,8,6,8
auditorium__name_omar__obj_bag__direct_label__object_first,close_far_matched_scenes,1.1,auditorium__name_omar__obj_bag,auditorium__name_omar__obj_bag__object_first,auditorium__name_omar__obj_bag__direct_label,name_omar__obj_bag__direct_label__object_first,auditorium,auditorium,sides,name_omar,Omar,obj_bag,bag,direct_label,explicit_relation,locative_object_subject,object_first,object_first,False,True,False,False,True,False,True,"In the auditorium, the bag is close to Omar.","In the auditorium, the bag is far from Omar.",The bag is close to Omar.,The bag is far from Omar.,9,12,9,12,6,7,6,7
auditorium__name_omar__obj_bag__direct_label__person_first,close_far_matched_scenes,1.1,auditorium__name_omar__obj_bag,auditorium__name_omar__obj_bag__person_first,auditorium__name_omar__obj_bag__direct_label,name_omar__obj_bag__direct_label__person_first,auditorium,auditorium,sides,name_omar,Omar,obj_bag,bag,direct_label,explicit_relation,locative_object_subject,object_first,person_first,True,True,False,False,True,False,False,"In the auditorium, the bag is close to Omar.","In the auditorium, the bag is far from Omar.",Omar is close to the bag.,Omar is far from the bag.,9,12,9,12,6,8,6,8
auditorium__name_omar__obj_bag__distance_phrase__object_first,close_far_matched_scenes,1.1,auditorium__name_omar__obj_bag,auditorium__name_omar__obj_bag__object_first,auditorium__name_omar__obj_bag__distance_phrase,name_omar__obj_bag__distance_phrase__object_first,auditorium,auditorium,sides,name_omar,Omar,obj_bag,bag,distance_phrase,distance_magnitude_phrase,locative_distance_subject,person_first,object_first,True,True,False,False,False,True,False,"In the auditorium, a short distance separates Omar and the bag.","In the auditorium, a long distance separates Omar and the bag.",The bag is close to Omar.,The bag is far from Omar.,11,14,11,14,6,7,6,7
auditorium__name_omar__obj_bag__distance_phrase__person_first,close_far_matched_scenes,1.1,auditorium__name_omar__obj_bag,auditorium__name_omar__obj_bag__person_first,auditorium__name_omar__obj_bag__distance_phrase,name_omar__obj_bag__distance_phrase__person_first,auditorium,auditorium,sides,name_omar,Omar,obj_bag,bag,distance_phrase,distance_magnitude_phrase,locative_distance_subject,person_first,person_first,False,True,False,False,False,True,False,"In the auditorium, a short distance separates Omar and the bag.","In the auditorium, a long distance separates Omar and the bag.",Omar is close to the bag.,Omar is far from the bag.,11,14,11,14,6,8,6,8
auditorium__name_omar__obj_bag__distance_phrase_object_first__object_first,close_far_matched_scenes,1.1,auditorium__name_omar__obj_bag,auditorium__name_omar__obj_bag__object_first,auditorium__name_omar__obj_bag__distance_phrase_object_first,name_omar__obj_bag__distance_phrase_object_first__object_first,auditorium,auditorium,sides,name_omar,Omar,obj_bag,bag,distance_phrase_object_first,distance_magnitude_phrase,locative_distance_subject,object_first,object_first,False,True,False,False,False,True,False,"In the auditorium, a short distance separates the bag and Omar.","In the auditorium, a long distance separates the bag and Omar.",The bag is close to Omar.,The bag is far from Omar.,11,14,11,14,6,7,6,7
auditorium__name_omar__obj_bag__distance_phrase_object_first__person_first,close_far_matched_scenes,1.1,auditorium__name_omar__obj_bag,auditorium__name_omar__obj_bag__person_first,auditorium__name_omar__obj_bag__distance_phrase_object_first,name_omar__obj_bag__distance_phrase_object_first__person_first,auditorium,auditorium,sides,name_omar,Omar,obj_bag,bag,distance_phrase_object_first,distance_magnitude_phrase,locative_distance_subject,object_first,person_first,True,True,False,False,False,True,False,"In the auditorium, a short distance separates the bag and Omar.","In the auditorium, a long distance separates the bag and Omar.",Omar is close to the bag.,Omar is far from the bag.,11,14,11,14,6,8,6,8
auditorium__name_omar__obj_bag__endpoint_placement__object_first,close_far_matched_scenes,1.1,auditorium__name_omar__obj_bag,auditorium__name_omar__obj_bag__object_first,auditorium__name_omar__obj_bag__endpoint_placement,name_omar__obj_bag__endpoint_placement__object_first,auditorium,auditorium,sides,name_omar,Omar,obj_bag,bag,endpoint_placement,physical_endpoint_placement,two_sentence_person_then_object,person_first,object_first,True,True,True,True,False,False,False,"In the auditorium, Omar stands at one side. The bag rests at Omar's feet.","In the auditorium, Omar stands at one side. The bag rests at the opposite side.",The bag is close to Omar.,The bag is far from Omar.,15,19,15,19,6,7,6,7
auditorium__name_omar__obj_bag__endpoint_placement__person_first,close_far_matched_scenes,1.1,auditorium__name_omar__obj_bag,auditorium__name_omar__obj_bag__person_first,auditorium__name_omar__obj_bag__endpoint_placement,name_omar__obj_bag__endpoint_placement__person_first,auditorium,auditorium,sides,name_omar,Omar,obj_bag,bag,endpoint_placement,physical_endpoint_placement,two_sentence_person_then_object,person_first,person_first,False,True,True,True,False,False,False,"In the auditorium, Omar stands at one side. The bag rests at Omar's feet.","In the auditorium, Omar stands at one side. The bag rests at the opposite side.",Omar is close to the bag.,Omar is far from the bag.,15,19,15,19,6,8,6,8
auditorium__name_omar__obj_book__direct_label__object_first,close_far_matched_scenes,1.1,auditorium__name_omar__obj_book,auditorium__name_omar__obj_book__object_first,auditorium__name_omar__obj_book__direct_label,name_omar__obj_book__direct_label__object_first,auditorium,auditorium,sides,name_omar,Omar,obj_book,book,direct_label,explicit_relation,locative_object_subject,object_first,object_first,False,True,False,False,True,False,True,"In the auditorium, the book is close to Omar.","In the auditorium, the book is far from Omar.",The book is close to Omar.,The book is far from Omar.,9,12,9,12,6,7,6,7
auditorium__name_omar__obj_book__direct_label__person_first,close_far_matched_scenes,1.1,auditorium__name_omar__obj_book,auditorium__name_omar__obj_book__person_first,auditorium__name_omar__obj_book__direct_label,name_omar__obj_book__direct_label__person_first,auditorium,auditorium,sides,name_omar,Omar,obj_book,book,direct_label,explicit_relation,locative_object_subject,object_first,person_first,True,True,False,False,True,False,False,"In the auditorium, the book is close to Omar.","In the auditorium, the book is far from Omar.",Omar is close to the book.,Omar is far from the book.,9,12,9,12,6,8,6,8
auditorium__name_omar__obj_book__distance_phrase__object_first,close_far_matched_scenes,1.1,auditorium__name_omar__obj_book,auditorium__name_omar__obj_book__object_first,auditorium__name_omar__obj_book__distance_phrase,name_omar__obj_book__distance_phrase__object_first,auditorium,auditorium,sides,name_omar,Omar,obj_book,book,distance_phrase,distance_magnitude_phrase,locative_distance_subject,person_first,object_first,True,True,False,False,False,True,False,"In the auditorium, a short distance separates Omar and the book.","In the auditorium, a long distance separates Omar and the book.",The book is close to Omar.,The book is far from Omar.,11,14,11,14,6,7,6,7
auditorium__name_omar__obj_book__distance_phrase__person_first,close_far_matched_scenes,1.1,auditorium__name_omar__obj_book,auditorium__name_omar__obj_book__person_first,auditorium__name_omar__obj_book__distance_phrase,name_omar__obj_book__distance_phrase__person_first,auditorium,auditorium,sides,name_omar,Omar,obj_book,book,distance_phrase,distance_magnitude_phrase,locative_distance_subject,person_first,person_first,False,True,False,False,False,True,False,"In the auditorium, a short distance separates Omar and the book.","In the auditorium, a long distance separates Omar and the book.",Omar is close to the book.,Omar is far from the book.,11,14,11,14,6,8,6,8
auditorium__name_omar__obj_book__distance_phrase_object_first__object_first,close_far_matched_scenes,1.1,auditorium__name_omar__obj_book,auditorium__name_omar__obj_book__object_first,auditorium__name_omar__obj_book__distance_phrase_object_first,name_omar__obj_book__distance_phrase_object_first__object_first,auditorium,auditorium,sides,name_omar,Omar,obj_book,book,distance_phrase_object_first,distance_magnitude_phrase,locative_distance_subject,object_first,object_first,False,True,False,False,False,True,False,"In the auditorium, a short distance separates the book and Omar.","In the auditorium, a long distance separates the book and Omar.",The book is close to Omar.,The book is far from Omar.,11,14,11,14,6,7,6,7
auditorium__name_omar__obj_book__distance_phrase_object_first__person_first,close_far_matched_scenes,1.1,auditorium__name_omar__obj_book,auditorium__name_omar__obj_book__person_first,auditorium__name_omar__obj_book__distance_phrase_object_first,name_omar__obj_book__distance_phrase_object_first__person_first,auditorium,auditorium,sides,name_omar,Omar,obj_book,book,distance_phrase_object_first,distance_magnitude_phrase,locative_distance_subject,object_first,person_first,True,True,False,False,False,True,False,"In the auditorium, a short distance separates the book and Omar.","In the auditorium, a long distance separates the book and Omar.",Omar is close to the book.,Omar is far from the book.,11,14,11,14,6,8,6,8
auditorium__name_omar__obj_book__endpoint_placement__object_first,close_far_matched_scenes,1.1,auditorium__name_omar__obj_book,auditorium__name_omar__obj_book__object_first,auditorium__name_omar__obj_book__endpoint_placement,name_omar__obj_book__endpoint_placement__object_first,auditorium,auditorium,sides,name_omar,Omar,obj_book,book,endpoint_placement,physical_endpoint_placement,two_sentence_person_then_object,person_first,object_first,True,True,True,True,False,False,False,"In the auditorium, Omar stands at one side. The book rests at Omar's feet.","In the auditorium, Omar stands at one side. The book rests at the opposite side.",The book is close to Omar.,The book is far from Omar.,15,19,15,19,6,7,6,7
auditorium__name_omar__obj_book__endpoint_placement__person_first,close_far_matched_scenes,1.1,auditorium__name_omar__obj_book,auditorium__name_omar__obj_book__person_first,auditorium__name_omar__obj_book__endpoint_placement,name_omar__obj_book__endpoint_placement__person_first,auditorium,auditorium,sides,name_omar,Omar,obj_book,book,endpoint_placement,physical_endpoint_placement,two_sentence_person_then_object,person_first,person_first,False,True,True,True,False,False,False,"In the auditorium, Omar stands at one side. The book rests at Omar's feet.","In the auditorium, Omar stands at one side. The book rests at the opposite side.",Omar is close to the book.,Omar is far from the book.,15,19,15,19,6,8,6,8
auditorium__name_omar__obj_cone__direct_label__object_first,close_far_matched_scenes,1.1,auditorium__name_omar__obj_cone,auditorium__name_omar__obj_cone__object_first,auditorium__name_omar__obj_cone__direct_label,name_omar__obj_cone__direct_label__object_first,auditorium,auditorium,sides,name_omar,Omar,obj_cone,cone,direct_label,explicit_relation,locative_object_subject,object_first,object_first,False,True,False,False,True,False,True,"In the auditorium, the cone is close to Omar.","In the auditorium, the cone is far from Omar.",The cone is close to Omar.,The cone is far from Omar.,9,12,9,12,6,7,6,7
auditorium__name_omar__obj_cone__direct_label__person_first,close_far_matched_scenes,1.1,auditorium__name_omar__obj_cone,auditorium__name_omar__obj_cone__person_first,auditorium__name_omar__obj_cone__direct_label,name_omar__obj_cone__direct_label__person_first,auditorium,auditorium,sides,name_omar,Omar,obj_cone,cone,direct_label,explicit_relation,locative_object_subject,object_first,person_first,True,True,False,False,True,False,False,"In the auditorium, the cone is close to Omar.","In the auditorium, the cone is far from Omar.",Omar is close to the cone.,Omar is far from the cone.,9,12,9,12,6,8,6,8
auditorium__name_omar__obj_cone__distance_phrase__object_first,close_far_matched_scenes,1.1,auditorium__name_omar__obj_cone,auditorium__name_omar__obj_cone__object_first,auditorium__name_omar__obj_cone__distance_phrase,name_omar__obj_cone__distance_phrase__object_first,auditorium,auditorium,sides,name_omar,Omar,obj_cone,cone,distance_phrase,distance_magnitude_phrase,locative_distance_subject,person_first,object_first,True,True,False,False,False,True,False,"In the auditorium, a short distance separates Omar and the cone.","In the auditorium, a long distance separates Omar and the cone.",The cone is close to Omar.,The cone is far from Omar.,11,14,11,14,6,7,6,7
auditorium__name_omar__obj_cone__distance_phrase__person_first,close_far_matched_scenes,1.1,auditorium__name_omar__obj_cone,auditorium__name_omar__obj_cone__person_first,auditorium__name_omar__obj_cone__distance_phrase,name_omar__obj_cone__distance_phrase__person_first,auditorium,auditorium,sides,name_omar,Omar,obj_cone,cone,distance_phrase,distance_magnitude_phrase,locative_distance_subject,person_first,person_first,False,True,False,False,False,True,False,"In the auditorium, a short distance separates Omar and the cone.","In the auditorium, a long distance separates Omar and the cone.",Omar is close to the cone.,Omar is far from the cone.,11,14,11,14,6,8,6,8
auditorium__name_omar__obj_cone__distance_phrase_object_first__object_first,close_far_matched_scenes,1.1,auditorium__name_omar__obj_cone,auditorium__name_omar__obj_cone__object_first,auditorium__name_omar__obj_cone__distance_phrase_object_first,name_omar__obj_cone__distance_phrase_object_first__object_first,auditorium,auditorium,sides,name_omar,Omar,obj_cone,cone,distance_phrase_object_first,distance_magnitude_phrase,locative_distance_subject,object_first,object_first,False,True,False,False,False,True,False,"In the auditorium, a short distance separates the cone and Omar.","In the auditorium, a long distance separates the cone and Omar.",The cone is close to Omar.,The cone is far from Omar.,11,14,11,14,6,7,6,7
auditorium__name_omar__obj_cone__distance_phrase_object_first__person_first,close_far_matched_scenes,1.1,auditorium__name_omar__obj_cone,auditorium__name_omar__obj_cone__person_first,auditorium__name_omar__obj_cone__distance_phrase_object_first,name_omar__obj_cone__distance_phrase_object_first__person_first,auditorium,auditorium,sides,name_omar,Omar,obj_cone,cone,distance_phrase_object_first,distance_magnitude_phrase,locative_distance_subject,object_first,person_first,True,True,False,False,False,True,False,"In the auditorium, a short distance separates the cone and Omar.","In the auditorium, a long distance separates the cone and Omar.",Omar is close to the cone.,Omar is far from the cone.,11,14,11,14,6,8,6,8
auditorium__name_omar__obj_cone__endpoint_placement__object_first,close_far_matched_scenes,1.1,auditorium__name_omar__obj_cone,auditorium__name_omar__obj_cone__object_first,auditorium__name_omar__obj_cone__endpoint_placement,name_omar__obj_cone__endpoint_placement__object_first,auditorium,auditorium,sides,name_omar,Omar,obj_cone,cone,endpoint_placement,physical_endpoint_placement,two_sentence_person_then_object,person_first,object_first,True,True,True,True,False,False,False,"In the auditorium, Omar stands at one side. The cone rests at Omar's feet.","In the auditorium, Omar stands at one side. The cone rests at the opposite side.",The cone is close to Omar.,The cone is far from Omar.,15,19,15,19,6,7,6,7
auditorium__name_omar__obj_cone__endpoint_placement__person_first,close_far_matched_scenes,1.1,auditorium__name_omar__obj_cone,auditorium__name_omar__obj_cone__person_first,auditorium__name_omar__obj_cone__endpoint_placement,name_omar__obj_cone__endpoint_placement__person_first,auditorium,auditorium,sides,name_omar,Omar,obj_cone,cone,endpoint_placement,physical_endpoint_placement,two_sentence_person_then_object,person_first,person_first,False,True,True,True,False,False,False,"In the auditorium, Omar stands at one side. The cone rests at Omar's feet.","In the auditorium, Omar stands at one side. The cone rests at the opposite side.",Omar is close to the cone.,Omar is far from the cone.,15,19,15,19,6,8,6,8
auditorium__name_omar__obj_helmet__direct_label__object_first,close_far_matched_scenes,1.1,auditorium__name_omar__obj_helmet,auditorium__name_omar__obj_helmet__object_first,auditorium__name_omar__obj_helmet__direct_label,name_omar__obj_helmet__direct_label__object_first,auditorium,auditorium,sides,name_omar,Omar,obj_helmet,helmet,direct_label,explicit_relation,locative_object_subject,object_first,object_first,False,True,False,False,True,False,True,"In the auditorium, the helmet is close to Omar.","In the auditorium, the helmet is far from Omar.",The helmet is close to Omar.,The helmet is far from Omar.,9,12,9,12,6,7,6,7
auditorium__name_omar__obj_helmet__direct_label__person_first,close_far_matched_scenes,1.1,auditorium__name_omar__obj_helmet,auditorium__name_omar__obj_helmet__person_first,auditorium__name_omar__obj_helmet__direct_label,name_omar__obj_helmet__direct_label__person_first,auditorium,auditorium,sides,name_omar,Omar,obj_helmet,helmet,direct_label,explicit_relation,locative_object_subject,object_first,person_first,True,True,False,False,True,False,False,"In the auditorium, the helmet is close to Omar.","In the auditorium, the helmet is far from Omar.",Omar is close to the helmet.,Omar is far from the helmet.,9,12,9,12,6,8,6,8
auditorium__name_omar__obj_helmet__distance_phrase__object_first,close_far_matched_scenes,1.1,auditorium__name_omar__obj_helmet,auditorium__name_omar__obj_helmet__object_first,auditorium__name_omar__obj_helmet__distance_phrase,name_omar__obj_helmet__distance_phrase__object_first,auditorium,auditorium,sides,name_omar,Omar,obj_helmet,helmet,distance_phrase,distance_magnitude_phrase,locative_distance_subject,person_first,object_first,True,True,False,False,False,True,False,"In the auditorium, a short distance separates Omar and the helmet.","In the auditorium, a long distance separates Omar and the helmet.",The helmet is close to Omar.,The helmet is far from Omar.,11,14,11,14,6,7,6,7
auditorium__name_omar__obj_helmet__distance_phrase__person_first,close_far_matched_scenes,1.1,auditorium__name_omar__obj_helmet,auditorium__name_omar__obj_helmet__person_first,auditorium__name_omar__obj_helmet__distance_phrase,name_omar__obj_helmet__distance_phrase__person_first,auditorium,auditorium,sides,name_omar,Omar,obj_helmet,helmet,distance_phrase,distance_magnitude_phrase,locative_distance_subject,person_first,person_first,False,True,False,False,False,True,False,"In the auditorium, a short distance separates Omar and the helmet.","In the auditorium, a long distance separates Omar and the helmet.",Omar is close to the helmet.,Omar is far from the helmet.,11,14,11,14,6,8,6,8
auditorium__name_omar__obj_helmet__distance_phrase_object_first__object_first,close_far_matched_scenes,1.1,auditorium__name_omar__obj_helmet,auditorium__name_omar__obj_helmet__object_first,auditorium__name_omar__obj_helmet__distance_phrase_object_first,name_omar__obj_helmet__distance_phrase_object_first__object_first,auditorium,auditorium,sides,name_omar,Omar,obj_helmet,helmet,distance_phrase_object_first,distance_magnitude_phrase,locative_distance_subject,object_first,object_first,False,True,False,False,False,True,False,"In the auditorium, a short distance separates the helmet and Omar.","In the auditorium, a long distance separates the helmet and Omar.",The helmet is close to Omar.,The helmet is far from Omar.,11,14,11,14,6,7,6,7
auditorium__name_omar__obj_helmet__distance_phrase_object_first__person_first,close_far_matched_scenes,1.1,auditorium__name_omar__obj_helmet,auditorium__name_omar__obj_helmet__person_first,auditorium__name_omar__obj_helmet__distance_phrase_object_first,name_omar__obj_helmet__distance_phrase_object_first__person_first,auditorium,auditorium,sides,name_omar,Omar,obj_helmet,helmet,distance_phrase_object_first,distance_magnitude_phrase,locative_distance_subject,object_first,person_first,True,True,False,False,False,True,False,"In the auditorium, a short distance separates the helmet and Omar.","In the auditorium, a long distance separates the helmet and Omar.",Omar is close to the helmet.,Omar is far from the helmet.,11,14,11,14,6,8,6,8
auditorium__name_omar__obj_helmet__endpoint_placement__object_first,close_far_matched_scenes,1.1,auditorium__name_omar__obj_helmet,auditorium__name_omar__obj_helmet__object_first,auditorium__name_omar__obj_helmet__endpoint_placement,name_omar__obj_helmet__endpoint_placement__object_first,auditorium,auditorium,sides,name_omar,Omar,obj_helmet,helmet,endpoint_placement,physical_endpoint_placement,two_sentence_person_then_object,person_first,object_first,True,True,True,True,False,False,False,"In the auditorium, Omar stands at one side. The helmet rests at Omar's feet.","In the auditorium, Omar stands at one side. The helmet rests at the opposite side.",The helmet is close to Omar.,The helmet is far from Omar.,15,19,15,19,6,7,6,7
auditorium__name_omar__obj_helmet__endpoint_placement__person_first,close_far_matched_scenes,1.1,auditorium__name_omar__obj_helmet,auditorium__name_omar__obj_helmet__person_first,auditorium__name_omar__obj_helmet__endpoint_placement,name_omar__obj_helmet__endpoint_placement__person_first,auditorium,auditorium,sides,name_omar,Omar,obj_helmet,helmet,endpoint_placement,physical_endpoint_placement,two_sentence_person_then_object,person_first,person_first,False,True,True,True,False,False,False,"In the auditorium, Omar stands at one side. The helmet rests at Omar's feet.","In the auditorium, Omar stands at one side. The helmet rests at the opposite side.",Omar is close to the helmet.,Omar is far from the helmet.,15,19,15,19,6,8,6,8
auditorium__name_omar__obj_cup__direct_label__object_first,close_far_matched_scenes,1.1,auditorium__name_omar__obj_cup,auditorium__name_omar__obj_cup__object_first,auditorium__name_omar__obj_cup__direct_label,name_omar__obj_cup__direct_label__object_first,auditorium,auditorium,sides,name_omar,Omar,obj_cup,cup,direct_label,explicit_relation,locative_object_subject,object_first,object_first,False,True,False,False,True,False,True,"In the auditorium, the cup is close to Omar.","In the auditorium, the cup is far from Omar.",The cup is close to Omar.,The cup is far from Omar.,9,12,9,12,6,7,6,7
auditorium__name_omar__obj_cup__direct_label__person_first,close_far_matched_scenes,1.1,auditorium__name_omar__obj_cup,auditorium__name_omar__obj_cup__person_first,auditorium__name_omar__obj_cup__direct_label,name_omar__obj_cup__direct_label__person_first,auditorium,auditorium,sides,name_omar,Omar,obj_cup,cup,direct_label,explicit_relation,locative_object_subject,object_first,person_first,True,True,False,False,True,False,False,"In the auditorium, the cup is close to Omar.","In the auditorium, the cup is far from Omar.",Omar is close to the cup.,Omar is far from the cup.,9,12,9,12,6,8,6,8
auditorium__name_omar__obj_cup__distance_phrase__object_first,close_far_matched_scenes,1.1,auditorium__name_omar__obj_cup,auditorium__name_omar__obj_cup__object_first,auditorium__name_omar__obj_cup__distance_phrase,name_omar__obj_cup__distance_phrase__object_first,auditorium,auditorium,sides,name_omar,Omar,obj_cup,cup,distance_phrase,distance_magnitude_phrase,locative_distance_subject,person_first,object_first,True,True,False,False,False,True,False,"In the auditorium, a short distance separates Omar and the cup.","In the auditorium, a long distance separates Omar and the cup.",The cup is close to Omar.,The cup is far from Omar.,11,14,11,14,6,7,6,7
auditorium__name_omar__obj_cup__distance_phrase__person_first,close_far_matched_scenes,1.1,auditorium__name_omar__obj_cup,auditorium__name_omar__obj_cup__person_first,auditorium__name_omar__obj_cup__distance_phrase,name_omar__obj_cup__distance_phrase__person_first,auditorium,auditorium,sides,name_omar,Omar,obj_cup,cup,distance_phrase,distance_magnitude_phrase,locative_distance_subject,person_first,person_first,False,True,False,False,False,True,False,"In the auditorium, a short distance separates Omar and the cup.","In the auditorium, a long distance separates Omar and the cup.",Omar is close to the cup.,Omar is far from the cup.,11,14,11,14,6,8,6,8
auditorium__name_omar__obj_cup__distance_phrase_object_first__object_first,close_far_matched_scenes,1.1,auditorium__name_omar__obj_cup,auditorium__name_omar__obj_cup__object_first,auditorium__name_omar__obj_cup__distance_phrase_object_first,name_omar__obj_cup__distance_phrase_object_first__object_first,auditorium,auditorium,sides,name_omar,Omar,obj_cup,cup,distance_phrase_object_first,distance_magnitude_phrase,locative_distance_subject,object_first,object_first,False,True,False,False,False,True,False,"In the auditorium, a short distance separates the cup and Omar.","In the auditorium, a long distance separates the cup and Omar.",The cup is close to Omar.,The cup is far from Omar.,11,14,11,14,6,7,6,7
auditorium__name_omar__obj_cup__distance_phrase_object_first__person_first,close_far_matched_scenes,1.1,auditorium__name_omar__obj_cup,auditorium__name_omar__obj_cup__person_first,auditorium__name_omar__obj_cup__distance_phrase_object_first,name_omar__obj_cup__distance_phrase_object_first__person_first,auditorium,auditorium,sides,name_omar,Omar,obj_cup,cup,distance_phrase_object_first,distance_magnitude_phrase,locative_distance_subject,object_first,person_first,True,True,False,False,False,True,False,"In the auditorium, a short distance separates the cup and Omar.","In the auditorium, a long distance separates the cup and Omar.",Omar is close to the cup.,Omar is far from the cup.,11,14,11,14,6,8,6,8
auditorium__name_omar__obj_cup__endpoint_placement__object_first,close_far_matched_scenes,1.1,auditorium__name_omar__obj_cup,auditorium__name_omar__obj_cup__object_first,auditorium__name_omar__obj_cup__endpoint_placement,name_omar__obj_cup__endpoint_placement__object_first,auditorium,auditorium,sides,name_omar,Omar,obj_cup,cup,endpoint_placement,physical_endpoint_placement,two_sentence_person_then_object,person_first,object_first,True,True,True,True,False,False,False,"In the auditorium, Omar stands at one side. The cup rests at Omar's feet.","In the auditorium, Omar stands at one side. The cup rests at the opposite side.",The cup is close to Omar.,The cup is far from Omar.,15,19,15,19,6,7,6,7
auditorium__name_omar__obj_cup__endpoint_placement__person_first,close_far_matched_scenes,1.1,auditorium__name_omar__obj_cup,auditorium__name_omar__obj_cup__person_first,auditorium__name_omar__obj_cup__endpoint_placement,name_omar__obj_cup__endpoint_placement__person_first,auditorium,auditorium,sides,name_omar,Omar,obj_cup,cup,endpoint_placement,physical_endpoint_placement,two_sentence_person_then_object,person_first,person_first,False,True,True,True,False,False,False,"In the auditorium, Omar stands at one side. The cup rests at Omar's feet.","In the auditorium, Omar stands at one side. The cup rests at the opposite side.",Omar is close to the cup.,Omar is far from the cup.,15,19,15,19,6,8,6,8
auditorium__name_omar__obj_key__direct_label__object_first,close_far_matched_scenes,1.1,auditorium__name_omar__obj_key,auditorium__name_omar__obj_key__object_first,auditorium__name_omar__obj_key__direct_label,name_omar__obj_key__direct_label__object_first,auditorium,auditorium,sides,name_omar,Omar,obj_key,key,direct_label,explicit_relation,locative_object_subject,object_first,object_first,False,True,False,False,True,False,True,"In the auditorium, the key is close to Omar.","In the auditorium, the key is far from Omar.",The key is close to Omar.,The key is far from Omar.,9,12,9,12,6,7,6,7
auditorium__name_omar__obj_key__direct_label__person_first,close_far_matched_scenes,1.1,auditorium__name_omar__obj_key,auditorium__name_omar__obj_key__person_first,auditorium__name_omar__obj_key__direct_label,name_omar__obj_key__direct_label__person_first,auditorium,auditorium,sides,name_omar,Omar,obj_key,key,direct_label,explicit_relation,locative_object_subject,object_first,person_first,True,True,False,False,True,False,False,"In the auditorium, the key is close to Omar.","In the auditorium, the key is far from Omar.",Omar is close to the key.,Omar is far from the key.,9,12,9,12,6,8,6,8
auditorium__name_omar__obj_key__distance_phrase__object_first,close_far_matched_scenes,1.1,auditorium__name_omar__obj_key,auditorium__name_omar__obj_key__object_first,auditorium__name_omar__obj_key__distance_phrase,name_omar__obj_key__distance_phrase__object_first,auditorium,auditorium,sides,name_omar,Omar,obj_key,key,distance_phrase,distance_magnitude_phrase,locative_distance_subject,person_first,object_first,True,True,False,False,False,True,False,"In the auditorium, a short distance separates Omar and the key.","In the auditorium, a long distance separates Omar and the key.",The key is close to Omar.,The key is far from Omar.,11,14,11,14,6,7,6,7
auditorium__name_omar__obj_key__distance_phrase__person_first,close_far_matched_scenes,1.1,auditorium__name_omar__obj_key,auditorium__name_omar__obj_key__person_first,auditorium__name_omar__obj_key__distance_phrase,name_omar__obj_key__distance_phrase__person_first,auditorium,auditorium,sides,name_omar,Omar,obj_key,key,distance_phrase,distance_magnitude_phrase,locative_distance_subject,person_first,person_first,False,True,False,False,False,True,False,"In the auditorium, a short distance separates Omar and the key.","In the auditorium, a long distance separates Omar and the key.",Omar is close to the key.,Omar is far from the key.,11,14,11,14,6,8,6,8
auditorium__name_omar__obj_key__distance_phrase_object_first__object_first,close_far_matched_scenes,1.1,auditorium__name_omar__obj_key,auditorium__name_omar__obj_key__object_first,auditorium__name_omar__obj_key__distance_phrase_object_first,name_omar__obj_key__distance_phrase_object_first__object_first,auditorium,auditorium,sides,name_omar,Omar,obj_key,key,distance_phrase_object_first,distance_magnitude_phrase,locative_distance_subject,object_first,object_first,False,True,False,False,False,True,False,"In the auditorium, a short distance separates the key and Omar.","In the auditorium, a long distance separates the key and Omar.",The key is close to Omar.,The key is far from Omar.,11,14,11,14,6,7,6,7
auditorium__name_omar__obj_key__distance_phrase_object_first__person_first,close_far_matched_scenes,1.1,auditorium__name_omar__obj_key,auditorium__name_omar__obj_key__person_first,auditorium__name_omar__obj_key__distance_phrase_object_first,name_omar__obj_key__distance_phrase_object_first__person_first,auditorium,auditorium,sides,name_omar,Omar,obj_key,key,distance_phrase_object_first,distance_magnitude_phrase,locative_distance_subject,object_first,person_first,True,True,False,False,False,True,False,"In the auditorium, a short distance separates the key and Omar.","In the auditorium, a long distance separates the key and Omar.",Omar is close to the key.,Omar is far from the key.,11,14,11,14,6,8,6,8
auditorium__name_omar__obj_key__endpoint_placement__object_first,close_far_matched_scenes,1.1,auditorium__name_omar__obj_key,auditorium__name_omar__obj_key__object_first,auditorium__name_omar__obj_key__endpoint_placement,name_omar__obj_key__endpoint_placement__object_first,auditorium,auditorium,sides,name_omar,Omar,obj_key,key,endpoint_placement,physical_endpoint_placement,two_sentence_person_then_object,person_first,object_first,True,True,True,True,False,False,False,"In the auditorium, Omar stands at one side. The key rests at Omar's feet.","In the auditorium, Omar stands at one side. The key rests at the opposite side.",The key is close to Omar.,The key is far from Omar.,15,19,15,19,6,7,6,7
auditorium__name_omar__obj_key__endpoint_placement__person_first,close_far_matched_scenes,1.1,auditorium__name_omar__obj_key,auditorium__name_omar__obj_key__person_first,auditorium__name_omar__obj_key__endpoint_placement,name_omar__obj_key__endpoint_placement__person_first,auditorium,auditorium,sides,name_omar,Omar,obj_key,key,endpoint_placement,physical_endpoint_placement,two_sentence_person_then_object,person_first,person_first,False,True,True,True,False,False,False,"In the auditorium, Omar stands at one side. The key rests at Omar's feet.","In the auditorium, Omar stands at one side. The key rests at the opposite side.",Omar is close to the key.,Omar is far from the key.,15,19,15,19,6,8,6,8
auditorium__name_omar__obj_box__direct_label__object_first,close_far_matched_scenes,1.1,auditorium__name_omar__obj_box,auditorium__name_omar__obj_box__object_first,auditorium__name_omar__obj_box__direct_label,name_omar__obj_box__direct_label__object_first,auditorium,auditorium,sides,name_omar,Omar,obj_box,box,direct_label,explicit_relation,locative_object_subject,object_first,object_first,False,True,False,False,True,False,True,"In the auditorium, the box is close to Omar.","In the auditorium, the box is far from Omar.",The box is close to Omar.,The box is far from Omar.,9,12,9,12,6,7,6,7
auditorium__name_omar__obj_box__direct_label__person_first,close_far_matched_scenes,1.1,auditorium__name_omar__obj_box,auditorium__name_omar__obj_box__person_first,auditorium__name_omar__obj_box__direct_label,name_omar__obj_box__direct_label__person_first,auditorium,auditorium,sides,name_omar,Omar,obj_box,box,direct_label,explicit_relation,locative_object_subject,object_first,person_first,True,True,False,False,True,False,False,"In the auditorium, the box is close to Omar.","In the auditorium, the box is far from Omar.",Omar is close to the box.,Omar is far from the box.,9,12,9,12,6,8,6,8
auditorium__name_omar__obj_box__distance_phrase__object_first,close_far_matched_scenes,1.1,auditorium__name_omar__obj_box,auditorium__name_omar__obj_box__object_first,auditorium__name_omar__obj_box__distance_phrase,name_omar__obj_box__distance_phrase__object_first,auditorium,auditorium,sides,name_omar,Omar,obj_box,box,distance_phrase,distance_magnitude_phrase,locative_distance_subject,person_first,object_first,True,True,False,False,False,True,False,"In the auditorium, a short distance separates Omar and the box.","In the auditorium, a long distance separates Omar and the box.",The box is close to Omar.,The box is far from Omar.,11,14,11,14,6,7,6,7
auditorium__name_omar__obj_box__distance_phrase__person_first,close_far_matched_scenes,1.1,auditorium__name_omar__obj_box,auditorium__name_omar__obj_box__person_first,auditorium__name_omar__obj_box__distance_phrase,name_omar__obj_box__distance_phrase__person_first,auditorium,auditorium,sides,name_omar,Omar,obj_box,box,distance_phrase,distance_magnitude_phrase,locative_distance_subject,person_first,person_first,False,True,False,False,False,True,False,"In the auditorium, a short distance separates Omar and the box.","In the auditorium, a long distance separates Omar and the box.",Omar is close to the box.,Omar is far from the box.,11,14,11,14,6,8,6,8
auditorium__name_omar__obj_box__distance_phrase_object_first__object_first,close_far_matched_scenes,1.1,auditorium__name_omar__obj_box,auditorium__name_omar__obj_box__object_first,auditorium__name_omar__obj_box__distance_phrase_object_first,name_omar__obj_box__distance_phrase_object_first__object_first,auditorium,auditorium,sides,name_omar,Omar,obj_box,box,distance_phrase_object_first,distance_magnitude_phrase,locative_distance_subject,object_first,object_first,False,True,False,False,False,True,False,"In the auditorium, a short distance separates the box and Omar.","In the auditorium, a long distance separates the box and Omar.",The box is close to Omar.,The box is far from Omar.,11,14,11,14,6,7,6,7
auditorium__name_omar__obj_box__distance_phrase_object_first__person_first,close_far_matched_scenes,1.1,auditorium__name_omar__obj_box,auditorium__name_omar__obj_box__person_first,auditorium__name_omar__obj_box__distance_phrase_object_first,name_omar__obj_box__distance_phrase_object_first__person_first,auditorium,auditorium,sides,name_omar,Omar,obj_box,box,distance_phrase_object_first,distance_magnitude_phrase,locative_distance_subject,object_first,person_first,True,True,False,False,False,True,False,"In the auditorium, a short distance separates the box and Omar.","In the auditorium, a long distance separates the box and Omar.",Omar is close to the box.,Omar is far from the box.,11,14,11,14,6,8,6,8
auditorium__name_omar__obj_box__endpoint_placement__object_first,close_far_matched_scenes,1.1,auditorium__name_omar__obj_box,auditorium__name_omar__obj_box__object_first,auditorium__name_omar__obj_box__endpoint_placement,name_omar__obj_box__endpoint_placement__object_first,auditorium,auditorium,sides,name_omar,Omar,obj_box,box,endpoint_placement,physical_endpoint_placement,two_sentence_person_then_object,person_first,object_first,True,True,True,True,False,False,False,"In the auditorium, Omar stands at one side. The box rests at Omar's feet.","In the auditorium, Omar stands at one side. The box rests at the opposite side.",The box is close to Omar.,The box is far from Omar.,15,19,15,19,6,7,6,7
auditorium__name_omar__obj_box__endpoint_placement__person_first,close_far_matched_scenes,1.1,auditorium__name_omar__obj_box,auditorium__name_omar__obj_box__person_first,auditorium__name_omar__obj_box__endpoint_placement,name_omar__obj_box__endpoint_placement__person_first,auditorium,auditorium,sides,name_omar,Omar,obj_box,box,endpoint_placement,physical_endpoint_placement,two_sentence_person_then_object,person_first,person_first,False,True,True,True,False,False,False,"In the auditorium, Omar stands at one side. The box rests at Omar's feet.","In the auditorium, Omar stands at one side. The box rests at the opposite side.",Omar is close to the box.,Omar is far from the box.,15,19,15,19,6,8,6,8
