probe_id,probe_version,probe_type,matched_group_id,condition_id,length_match_id,template_id,length_band,evidence_type,outcome,correct_target,name_id,name,object_id,object,numeric_case_id,unit,unit_id,unit_notation,unit_match_id,initial_distance,final_distance,signed_distance_change,movement_distance,object_stationary,passes_object,reference_order_id,wording_id,Context,Target1,Target2,Target3,Context_word_count,Context_char_count,Context_token_count,Target1_word_count,Target1_char_count,Target1_token_count,Target1_conditional_token_count,Target2_word_count,Target2_char_count,Target2_token_count,Target2_conditional_token_count,Target3_word_count,Target3_char_count,Target3_token_count,Target3_conditional_token_count,probe_row_index
name_0__obj_cone__num_00__explicit_distance__closer__compact,1.2,closer_farther_initial_conditions,name_0__obj_cone__num_00__compact,explicit_distance,name_0__obj_cone__num_00__explicit_distance__closer,distance_compact,compact,explicit_distance_comparison,closer,Target1,name_0,Maya,obj_cone,cone,num_00,metres,unit_metres,word,name_0__obj_cone__num_00__explicit_distance__closer__compact,18,13,-5,5,True,False,person_relative_to_object,closer_farther_same_distance,"Maya's distance from the stationary cone: initially 18 metres, now 13 metres.",Maya is now closer to the cone than before.,Maya is now farther from the cone than before.,Maya is now at the same distance from the cone as before.,13,77,17,9,43,11,10,9,46,11,10,12,57,14,13,0
name_0__obj_cone__num_00__explicit_distance__farther__compact,1.2,closer_farther_initial_conditions,name_0__obj_cone__num_00__compact,explicit_distance,name_0__obj_cone__num_00__explicit_distance__farther,distance_compact,compact,explicit_distance_comparison,farther,Target2,name_0,Maya,obj_cone,cone,num_00,metres,unit_metres,word,name_0__obj_cone__num_00__explicit_distance__farther__compact,18,23,5,5,True,False,person_relative_to_object,closer_farther_same_distance,"Maya's distance from the stationary cone: initially 18 metres, now 23 metres.",Maya is now closer to the cone than before.,Maya is now farther from the cone than before.,Maya is now at the same distance from the cone as before.,13,77,17,9,43,11,10,9,46,11,10,12,57,14,13,1
name_0__obj_cone__num_00__explicit_distance__unchanged__compact,1.2,closer_farther_initial_conditions,name_0__obj_cone__num_00__compact,explicit_distance,name_0__obj_cone__num_00__explicit_distance__unchanged,distance_compact,compact,explicit_distance_comparison,unchanged,Target3,name_0,Maya,obj_cone,cone,num_00,metres,unit_metres,word,name_0__obj_cone__num_00__explicit_distance__unchanged__compact,18,18,0,0,True,False,person_relative_to_object,closer_farther_same_distance,"Maya's distance from the stationary cone: initially 18 metres, now 18 metres.",Maya is now closer to the cone than before.,Maya is now farther from the cone than before.,Maya is now at the same distance from the cone as before.,13,77,17,9,43,11,10,9,46,11,10,12,57,14,13,2
name_0__obj_cone__num_00__explicit_distance__closer,1.2,closer_farther_initial_conditions,name_0__obj_cone__num_00,explicit_distance,name_0__obj_cone__num_00__explicit_distance__closer,distance_standard,standard,explicit_distance_comparison,closer,Target1,name_0,Maya,obj_cone,cone,num_00,metres,unit_metres,word,name_0__obj_cone__num_00__explicit_distance__closer,18,13,-5,5,True,False,person_relative_to_object,closer_farther_same_distance,Maya was 18 metres from a stationary cone. Maya is now 13 metres from the cone.,Maya is now closer to the cone than before.,Maya is now farther from the cone than before.,Maya is now at the same distance from the cone as before.,16,79,19,9,43,11,10,9,46,11,10,12,57,14,13,3
name_0__obj_cone__num_00__explicit_distance__farther,1.2,closer_farther_initial_conditions,name_0__obj_cone__num_00,explicit_distance,name_0__obj_cone__num_00__explicit_distance__farther,distance_standard,standard,explicit_distance_comparison,farther,Target2,name_0,Maya,obj_cone,cone,num_00,metres,unit_metres,word,name_0__obj_cone__num_00__explicit_distance__farther,18,23,5,5,True,False,person_relative_to_object,closer_farther_same_distance,Maya was 18 metres from a stationary cone. Maya is now 23 metres from the cone.,Maya is now closer to the cone than before.,Maya is now farther from the cone than before.,Maya is now at the same distance from the cone as before.,16,79,19,9,43,11,10,9,46,11,10,12,57,14,13,4
name_0__obj_cone__num_00__explicit_distance__unchanged,1.2,closer_farther_initial_conditions,name_0__obj_cone__num_00,explicit_distance,name_0__obj_cone__num_00__explicit_distance__unchanged,distance_standard,standard,explicit_distance_comparison,unchanged,Target3,name_0,Maya,obj_cone,cone,num_00,metres,unit_metres,word,name_0__obj_cone__num_00__explicit_distance__unchanged,18,18,0,0,True,False,person_relative_to_object,closer_farther_same_distance,Maya was 18 metres from a stationary cone. Maya is now 18 metres from the cone.,Maya is now closer to the cone than before.,Maya is now farther from the cone than before.,Maya is now at the same distance from the cone as before.,16,79,19,9,43,11,10,9,46,11,10,12,57,14,13,5
name_0__obj_cone__num_00__explicit_distance__closer__expanded,1.2,closer_farther_initial_conditions,name_0__obj_cone__num_00__expanded,explicit_distance,name_0__obj_cone__num_00__explicit_distance__closer,distance_expanded,expanded,explicit_distance_comparison,closer,Target1,name_0,Maya,obj_cone,cone,num_00,metres,unit_metres,word,name_0__obj_cone__num_00__explicit_distance__closer__expanded,18,13,-5,5,True,False,person_relative_to_object,closer_farther_same_distance,"Initially, Maya was 18 metres from a cone that remained stationary. The distance between Maya and that cone is now 13 metres.",Maya is now closer to the cone than before.,Maya is now farther from the cone than before.,Maya is now at the same distance from the cone as before.,22,125,25,9,43,11,10,9,46,11,10,12,57,14,13,6
name_0__obj_cone__num_00__explicit_distance__farther__expanded,1.2,closer_farther_initial_conditions,name_0__obj_cone__num_00__expanded,explicit_distance,name_0__obj_cone__num_00__explicit_distance__farther,distance_expanded,expanded,explicit_distance_comparison,farther,Target2,name_0,Maya,obj_cone,cone,num_00,metres,unit_metres,word,name_0__obj_cone__num_00__explicit_distance__farther__expanded,18,23,5,5,True,False,person_relative_to_object,closer_farther_same_distance,"Initially, Maya was 18 metres from a cone that remained stationary. The distance between Maya and that cone is now 23 metres.",Maya is now closer to the cone than before.,Maya is now farther from the cone than before.,Maya is now at the same distance from the cone as before.,22,125,25,9,43,11,10,9,46,11,10,12,57,14,13,7
name_0__obj_cone__num_00__explicit_distance__unchanged__expanded,1.2,closer_farther_initial_conditions,name_0__obj_cone__num_00__expanded,explicit_distance,name_0__obj_cone__num_00__explicit_distance__unchanged,distance_expanded,expanded,explicit_distance_comparison,unchanged,Target3,name_0,Maya,obj_cone,cone,num_00,metres,unit_metres,word,name_0__obj_cone__num_00__explicit_distance__unchanged__expanded,18,18,0,0,True,False,person_relative_to_object,closer_farther_same_distance,"Initially, Maya was 18 metres from a cone that remained stationary. The distance between Maya and that cone is now 18 metres.",Maya is now closer to the cone than before.,Maya is now farther from the cone than before.,Maya is now at the same distance from the cone as before.,22,125,25,9,43,11,10,9,46,11,10,12,57,14,13,8
name_0__obj_cone__num_00__movement_description__closer__compact,1.2,closer_farther_initial_conditions,name_0__obj_cone__num_00__compact,movement_description,name_0__obj_cone__num_00__movement_description__closer,movement_compact,compact,directed_movement_inference,closer,Target1,name_0,Maya,obj_cone,cone,num_00,metres,unit_metres,word,name_0__obj_cone__num_00__movement_description__closer__compact,18,13,-5,5,True,False,person_relative_to_object,closer_farther_same_distance,"Starting 18 metres from a stationary cone, Maya walked 5 metres directly toward it.",Maya is now closer to the cone than before.,Maya is now farther from the cone than before.,Maya is now at the same distance from the cone as before.,14,83,16,9,43,11,10,9,46,11,10,12,57,14,13,9
name_0__obj_cone__num_00__movement_description__farther__compact,1.2,closer_farther_initial_conditions,name_0__obj_cone__num_00__compact,movement_description,name_0__obj_cone__num_00__movement_description__farther,movement_compact,compact,directed_movement_inference,farther,Target2,name_0,Maya,obj_cone,cone,num_00,metres,unit_metres,word,name_0__obj_cone__num_00__movement_description__farther__compact,18,23,5,5,True,False,person_relative_to_object,closer_farther_same_distance,"Starting 18 metres from a stationary cone, Maya walked 5 metres directly away from it.",Maya is now closer to the cone than before.,Maya is now farther from the cone than before.,Maya is now at the same distance from the cone as before.,15,86,17,9,43,11,10,9,46,11,10,12,57,14,13,10
name_0__obj_cone__num_00__movement_description__closer,1.2,closer_farther_initial_conditions,name_0__obj_cone__num_00,movement_description,name_0__obj_cone__num_00__movement_description__closer,movement_standard,standard,directed_movement_inference,closer,Target1,name_0,Maya,obj_cone,cone,num_00,metres,unit_metres,word,name_0__obj_cone__num_00__movement_description__closer,18,13,-5,5,True,False,person_relative_to_object,closer_farther_same_distance,Maya was 18 metres from a stationary cone. Maya walked 5 metres directly toward the cone.,Maya is now closer to the cone than before.,Maya is now farther from the cone than before.,Maya is now at the same distance from the cone as before.,16,89,19,9,43,11,10,9,46,11,10,12,57,14,13,11
name_0__obj_cone__num_00__movement_description__farther,1.2,closer_farther_initial_conditions,name_0__obj_cone__num_00,movement_description,name_0__obj_cone__num_00__movement_description__farther,movement_standard,standard,directed_movement_inference,farther,Target2,name_0,Maya,obj_cone,cone,num_00,metres,unit_metres,word,name_0__obj_cone__num_00__movement_description__farther,18,23,5,5,True,False,person_relative_to_object,closer_farther_same_distance,Maya was 18 metres from a stationary cone. Maya walked 5 metres directly away from the cone.,Maya is now closer to the cone than before.,Maya is now farther from the cone than before.,Maya is now at the same distance from the cone as before.,17,92,20,9,43,11,10,9,46,11,10,12,57,14,13,12
name_0__obj_cone__num_00__movement_description__closer__expanded,1.2,closer_farther_initial_conditions,name_0__obj_cone__num_00__expanded,movement_description,name_0__obj_cone__num_00__movement_description__closer,movement_expanded,expanded,directed_movement_inference,closer,Target1,name_0,Maya,obj_cone,cone,num_00,metres,unit_metres,word,name_0__obj_cone__num_00__movement_description__closer__expanded,18,13,-5,5,True,False,person_relative_to_object,closer_farther_same_distance,"Initially, Maya was 18 metres from a cone that remained stationary. From that starting position, Maya walked 5 metres directly toward the cone.",Maya is now closer to the cone than before.,Maya is now farther from the cone than before.,Maya is now at the same distance from the cone as before.,23,143,27,9,43,11,10,9,46,11,10,12,57,14,13,13
name_0__obj_cone__num_00__movement_description__farther__expanded,1.2,closer_farther_initial_conditions,name_0__obj_cone__num_00__expanded,movement_description,name_0__obj_cone__num_00__movement_description__farther,movement_expanded,expanded,directed_movement_inference,farther,Target2,name_0,Maya,obj_cone,cone,num_00,metres,unit_metres,word,name_0__obj_cone__num_00__movement_description__farther__expanded,18,23,5,5,True,False,person_relative_to_object,closer_farther_same_distance,"Initially, Maya was 18 metres from a cone that remained stationary. From that starting position, Maya walked 5 metres directly away from the cone.",Maya is now closer to the cone than before.,Maya is now farther from the cone than before.,Maya is now at the same distance from the cone as before.,24,146,28,9,43,11,10,9,46,11,10,12,57,14,13,14
name_0__obj_cone__num_00__orientation_control__unchanged__compact,1.2,closer_farther_initial_conditions,name_0__obj_cone__num_00__compact,orientation_control,name_0__obj_cone__num_00__orientation_control__unchanged,orientation_compact,compact,rotation_without_translation_inference,unchanged,Target3,name_0,Maya,obj_cone,cone,num_00,metres,unit_metres,word,name_0__obj_cone__num_00__orientation_control__unchanged__compact,18,18,0,0,True,False,person_relative_to_object,closer_farther_same_distance,"Maya, 18 metres from a stationary cone, turned around in place.",Maya is now closer to the cone than before.,Maya is now farther from the cone than before.,Maya is now at the same distance from the cone as before.,11,63,15,9,43,11,10,9,46,11,10,12,57,14,13,15
name_0__obj_cone__num_00__orientation_control__unchanged,1.2,closer_farther_initial_conditions,name_0__obj_cone__num_00,orientation_control,name_0__obj_cone__num_00__orientation_control__unchanged,orientation_standard,standard,rotation_without_translation_inference,unchanged,Target3,name_0,Maya,obj_cone,cone,num_00,metres,unit_metres,word,name_0__obj_cone__num_00__orientation_control__unchanged,18,18,0,0,True,False,person_relative_to_object,closer_farther_same_distance,Maya was 18 metres from a stationary cone. Maya turned around without changing position.,Maya is now closer to the cone than before.,Maya is now farther from the cone than before.,Maya is now at the same distance from the cone as before.,14,88,17,9,43,11,10,9,46,11,10,12,57,14,13,16
name_0__obj_cone__num_00__orientation_control__unchanged__expanded,1.2,closer_farther_initial_conditions,name_0__obj_cone__num_00__expanded,orientation_control,name_0__obj_cone__num_00__orientation_control__unchanged,orientation_expanded,expanded,rotation_without_translation_inference,unchanged,Target3,name_0,Maya,obj_cone,cone,num_00,metres,unit_metres,word,name_0__obj_cone__num_00__orientation_control__unchanged__expanded,18,18,0,0,True,False,person_relative_to_object,closer_farther_same_distance,"Initially, Maya was 18 metres from a cone that remained stationary. Maya then turned to face the opposite direction, keeping both feet in the same place.",Maya is now closer to the cone than before.,Maya is now farther from the cone than before.,Maya is now at the same distance from the cone as before.,26,153,30,9,43,11,10,9,46,11,10,12,57,14,13,17
name_0__obj_cone__num_01__explicit_distance__closer__compact,1.2,closer_farther_initial_conditions,name_0__obj_cone__num_01__compact,explicit_distance,name_0__obj_cone__num_01__explicit_distance__closer,distance_compact,compact,explicit_distance_comparison,closer,Target1,name_0,Maya,obj_cone,cone,num_01,metres,unit_metres,word,name_0__obj_cone__num_01__explicit_distance__closer__compact,85,73,-12,12,True,False,person_relative_to_object,closer_farther_same_distance,"Maya's distance from the stationary cone: initially 85 metres, now 73 metres.",Maya is now closer to the cone than before.,Maya is now farther from the cone than before.,Maya is now at the same distance from the cone as before.,13,77,17,9,43,11,10,9,46,11,10,12,57,14,13,18
name_0__obj_cone__num_01__explicit_distance__farther__compact,1.2,closer_farther_initial_conditions,name_0__obj_cone__num_01__compact,explicit_distance,name_0__obj_cone__num_01__explicit_distance__farther,distance_compact,compact,explicit_distance_comparison,farther,Target2,name_0,Maya,obj_cone,cone,num_01,metres,unit_metres,word,name_0__obj_cone__num_01__explicit_distance__farther__compact,85,97,12,12,True,False,person_relative_to_object,closer_farther_same_distance,"Maya's distance from the stationary cone: initially 85 metres, now 97 metres.",Maya is now closer to the cone than before.,Maya is now farther from the cone than before.,Maya is now at the same distance from the cone as before.,13,77,17,9,43,11,10,9,46,11,10,12,57,14,13,19
name_0__obj_cone__num_01__explicit_distance__unchanged__compact,1.2,closer_farther_initial_conditions,name_0__obj_cone__num_01__compact,explicit_distance,name_0__obj_cone__num_01__explicit_distance__unchanged,distance_compact,compact,explicit_distance_comparison,unchanged,Target3,name_0,Maya,obj_cone,cone,num_01,metres,unit_metres,word,name_0__obj_cone__num_01__explicit_distance__unchanged__compact,85,85,0,0,True,False,person_relative_to_object,closer_farther_same_distance,"Maya's distance from the stationary cone: initially 85 metres, now 85 metres.",Maya is now closer to the cone than before.,Maya is now farther from the cone than before.,Maya is now at the same distance from the cone as before.,13,77,17,9,43,11,10,9,46,11,10,12,57,14,13,20
name_0__obj_cone__num_01__explicit_distance__closer,1.2,closer_farther_initial_conditions,name_0__obj_cone__num_01,explicit_distance,name_0__obj_cone__num_01__explicit_distance__closer,distance_standard,standard,explicit_distance_comparison,closer,Target1,name_0,Maya,obj_cone,cone,num_01,metres,unit_metres,word,name_0__obj_cone__num_01__explicit_distance__closer,85,73,-12,12,True,False,person_relative_to_object,closer_farther_same_distance,Maya was 85 metres from a stationary cone. Maya is now 73 metres from the cone.,Maya is now closer to the cone than before.,Maya is now farther from the cone than before.,Maya is now at the same distance from the cone as before.,16,79,19,9,43,11,10,9,46,11,10,12,57,14,13,21
name_0__obj_cone__num_01__explicit_distance__farther,1.2,closer_farther_initial_conditions,name_0__obj_cone__num_01,explicit_distance,name_0__obj_cone__num_01__explicit_distance__farther,distance_standard,standard,explicit_distance_comparison,farther,Target2,name_0,Maya,obj_cone,cone,num_01,metres,unit_metres,word,name_0__obj_cone__num_01__explicit_distance__farther,85,97,12,12,True,False,person_relative_to_object,closer_farther_same_distance,Maya was 85 metres from a stationary cone. Maya is now 97 metres from the cone.,Maya is now closer to the cone than before.,Maya is now farther from the cone than before.,Maya is now at the same distance from the cone as before.,16,79,19,9,43,11,10,9,46,11,10,12,57,14,13,22
name_0__obj_cone__num_01__explicit_distance__unchanged,1.2,closer_farther_initial_conditions,name_0__obj_cone__num_01,explicit_distance,name_0__obj_cone__num_01__explicit_distance__unchanged,distance_standard,standard,explicit_distance_comparison,unchanged,Target3,name_0,Maya,obj_cone,cone,num_01,metres,unit_metres,word,name_0__obj_cone__num_01__explicit_distance__unchanged,85,85,0,0,True,False,person_relative_to_object,closer_farther_same_distance,Maya was 85 metres from a stationary cone. Maya is now 85 metres from the cone.,Maya is now closer to the cone than before.,Maya is now farther from the cone than before.,Maya is now at the same distance from the cone as before.,16,79,19,9,43,11,10,9,46,11,10,12,57,14,13,23
name_0__obj_cone__num_01__explicit_distance__closer__expanded,1.2,closer_farther_initial_conditions,name_0__obj_cone__num_01__expanded,explicit_distance,name_0__obj_cone__num_01__explicit_distance__closer,distance_expanded,expanded,explicit_distance_comparison,closer,Target1,name_0,Maya,obj_cone,cone,num_01,metres,unit_metres,word,name_0__obj_cone__num_01__explicit_distance__closer__expanded,85,73,-12,12,True,False,person_relative_to_object,closer_farther_same_distance,"Initially, Maya was 85 metres from a cone that remained stationary. The distance between Maya and that cone is now 73 metres.",Maya is now closer to the cone than before.,Maya is now farther from the cone than before.,Maya is now at the same distance from the cone as before.,22,125,25,9,43,11,10,9,46,11,10,12,57,14,13,24
name_0__obj_cone__num_01__explicit_distance__farther__expanded,1.2,closer_farther_initial_conditions,name_0__obj_cone__num_01__expanded,explicit_distance,name_0__obj_cone__num_01__explicit_distance__farther,distance_expanded,expanded,explicit_distance_comparison,farther,Target2,name_0,Maya,obj_cone,cone,num_01,metres,unit_metres,word,name_0__obj_cone__num_01__explicit_distance__farther__expanded,85,97,12,12,True,False,person_relative_to_object,closer_farther_same_distance,"Initially, Maya was 85 metres from a cone that remained stationary. The distance between Maya and that cone is now 97 metres.",Maya is now closer to the cone than before.,Maya is now farther from the cone than before.,Maya is now at the same distance from the cone as before.,22,125,25,9,43,11,10,9,46,11,10,12,57,14,13,25
name_0__obj_cone__num_01__explicit_distance__unchanged__expanded,1.2,closer_farther_initial_conditions,name_0__obj_cone__num_01__expanded,explicit_distance,name_0__obj_cone__num_01__explicit_distance__unchanged,distance_expanded,expanded,explicit_distance_comparison,unchanged,Target3,name_0,Maya,obj_cone,cone,num_01,metres,unit_metres,word,name_0__obj_cone__num_01__explicit_distance__unchanged__expanded,85,85,0,0,True,False,person_relative_to_object,closer_farther_same_distance,"Initially, Maya was 85 metres from a cone that remained stationary. The distance between Maya and that cone is now 85 metres.",Maya is now closer to the cone than before.,Maya is now farther from the cone than before.,Maya is now at the same distance from the cone as before.,22,125,25,9,43,11,10,9,46,11,10,12,57,14,13,26
name_0__obj_cone__num_01__movement_description__closer__compact,1.2,closer_farther_initial_conditions,name_0__obj_cone__num_01__compact,movement_description,name_0__obj_cone__num_01__movement_description__closer,movement_compact,compact,directed_movement_inference,closer,Target1,name_0,Maya,obj_cone,cone,num_01,metres,unit_metres,word,name_0__obj_cone__num_01__movement_description__closer__compact,85,73,-12,12,True,False,person_relative_to_object,closer_farther_same_distance,"Starting 85 metres from a stationary cone, Maya walked 12 metres directly toward it.",Maya is now closer to the cone than before.,Maya is now farther from the cone than before.,Maya is now at the same distance from the cone as before.,14,84,16,9,43,11,10,9,46,11,10,12,57,14,13,27
name_0__obj_cone__num_01__movement_description__farther__compact,1.2,closer_farther_initial_conditions,name_0__obj_cone__num_01__compact,movement_description,name_0__obj_cone__num_01__movement_description__farther,movement_compact,compact,directed_movement_inference,farther,Target2,name_0,Maya,obj_cone,cone,num_01,metres,unit_metres,word,name_0__obj_cone__num_01__movement_description__farther__compact,85,97,12,12,True,False,person_relative_to_object,closer_farther_same_distance,"Starting 85 metres from a stationary cone, Maya walked 12 metres directly away from it.",Maya is now closer to the cone than before.,Maya is now farther from the cone than before.,Maya is now at the same distance from the cone as before.,15,87,17,9,43,11,10,9,46,11,10,12,57,14,13,28
name_0__obj_cone__num_01__movement_description__closer,1.2,closer_farther_initial_conditions,name_0__obj_cone__num_01,movement_description,name_0__obj_cone__num_01__movement_description__closer,movement_standard,standard,directed_movement_inference,closer,Target1,name_0,Maya,obj_cone,cone,num_01,metres,unit_metres,word,name_0__obj_cone__num_01__movement_description__closer,85,73,-12,12,True,False,person_relative_to_object,closer_farther_same_distance,Maya was 85 metres from a stationary cone. Maya walked 12 metres directly toward the cone.,Maya is now closer to the cone than before.,Maya is now farther from the cone than before.,Maya is now at the same distance from the cone as before.,16,90,19,9,43,11,10,9,46,11,10,12,57,14,13,29
name_0__obj_cone__num_01__movement_description__farther,1.2,closer_farther_initial_conditions,name_0__obj_cone__num_01,movement_description,name_0__obj_cone__num_01__movement_description__farther,movement_standard,standard,directed_movement_inference,farther,Target2,name_0,Maya,obj_cone,cone,num_01,metres,unit_metres,word,name_0__obj_cone__num_01__movement_description__farther,85,97,12,12,True,False,person_relative_to_object,closer_farther_same_distance,Maya was 85 metres from a stationary cone. Maya walked 12 metres directly away from the cone.,Maya is now closer to the cone than before.,Maya is now farther from the cone than before.,Maya is now at the same distance from the cone as before.,17,93,20,9,43,11,10,9,46,11,10,12,57,14,13,30
name_0__obj_cone__num_01__movement_description__closer__expanded,1.2,closer_farther_initial_conditions,name_0__obj_cone__num_01__expanded,movement_description,name_0__obj_cone__num_01__movement_description__closer,movement_expanded,expanded,directed_movement_inference,closer,Target1,name_0,Maya,obj_cone,cone,num_01,metres,unit_metres,word,name_0__obj_cone__num_01__movement_description__closer__expanded,85,73,-12,12,True,False,person_relative_to_object,closer_farther_same_distance,"Initially, Maya was 85 metres from a cone that remained stationary. From that starting position, Maya walked 12 metres directly toward the cone.",Maya is now closer to the cone than before.,Maya is now farther from the cone than before.,Maya is now at the same distance from the cone as before.,23,144,27,9,43,11,10,9,46,11,10,12,57,14,13,31
name_0__obj_cone__num_01__movement_description__farther__expanded,1.2,closer_farther_initial_conditions,name_0__obj_cone__num_01__expanded,movement_description,name_0__obj_cone__num_01__movement_description__farther,movement_expanded,expanded,directed_movement_inference,farther,Target2,name_0,Maya,obj_cone,cone,num_01,metres,unit_metres,word,name_0__obj_cone__num_01__movement_description__farther__expanded,85,97,12,12,True,False,person_relative_to_object,closer_farther_same_distance,"Initially, Maya was 85 metres from a cone that remained stationary. From that starting position, Maya walked 12 metres directly away from the cone.",Maya is now closer to the cone than before.,Maya is now farther from the cone than before.,Maya is now at the same distance from the cone as before.,24,147,28,9,43,11,10,9,46,11,10,12,57,14,13,32
name_0__obj_cone__num_01__orientation_control__unchanged__compact,1.2,closer_farther_initial_conditions,name_0__obj_cone__num_01__compact,orientation_control,name_0__obj_cone__num_01__orientation_control__unchanged,orientation_compact,compact,rotation_without_translation_inference,unchanged,Target3,name_0,Maya,obj_cone,cone,num_01,metres,unit_metres,word,name_0__obj_cone__num_01__orientation_control__unchanged__compact,85,85,0,0,True,False,person_relative_to_object,closer_farther_same_distance,"Maya, 85 metres from a stationary cone, turned around in place.",Maya is now closer to the cone than before.,Maya is now farther from the cone than before.,Maya is now at the same distance from the cone as before.,11,63,15,9,43,11,10,9,46,11,10,12,57,14,13,33
name_0__obj_cone__num_01__orientation_control__unchanged,1.2,closer_farther_initial_conditions,name_0__obj_cone__num_01,orientation_control,name_0__obj_cone__num_01__orientation_control__unchanged,orientation_standard,standard,rotation_without_translation_inference,unchanged,Target3,name_0,Maya,obj_cone,cone,num_01,metres,unit_metres,word,name_0__obj_cone__num_01__orientation_control__unchanged,85,85,0,0,True,False,person_relative_to_object,closer_farther_same_distance,Maya was 85 metres from a stationary cone. Maya turned around without changing position.,Maya is now closer to the cone than before.,Maya is now farther from the cone than before.,Maya is now at the same distance from the cone as before.,14,88,17,9,43,11,10,9,46,11,10,12,57,14,13,34
name_0__obj_cone__num_01__orientation_control__unchanged__expanded,1.2,closer_farther_initial_conditions,name_0__obj_cone__num_01__expanded,orientation_control,name_0__obj_cone__num_01__orientation_control__unchanged,orientation_expanded,expanded,rotation_without_translation_inference,unchanged,Target3,name_0,Maya,obj_cone,cone,num_01,metres,unit_metres,word,name_0__obj_cone__num_01__orientation_control__unchanged__expanded,85,85,0,0,True,False,person_relative_to_object,closer_farther_same_distance,"Initially, Maya was 85 metres from a cone that remained stationary. Maya then turned to face the opposite direction, keeping both feet in the same place.",Maya is now closer to the cone than before.,Maya is now farther from the cone than before.,Maya is now at the same distance from the cone as before.,26,153,30,9,43,11,10,9,46,11,10,12,57,14,13,35
name_0__obj_cone__num_02__explicit_distance__closer__compact,1.2,closer_farther_initial_conditions,name_0__obj_cone__num_02__compact,explicit_distance,name_0__obj_cone__num_02__explicit_distance__closer,distance_compact,compact,explicit_distance_comparison,closer,Target1,name_0,Maya,obj_cone,cone,num_02,metres,unit_metres,word,name_0__obj_cone__num_02__explicit_distance__closer__compact,30,24,-6,6,True,False,person_relative_to_object,closer_farther_same_distance,"Maya's distance from the stationary cone: initially 30 metres, now 24 metres.",Maya is now closer to the cone than before.,Maya is now farther from the cone than before.,Maya is now at the same distance from the cone as before.,13,77,17,9,43,11,10,9,46,11,10,12,57,14,13,36
name_0__obj_cone__num_02__explicit_distance__farther__compact,1.2,closer_farther_initial_conditions,name_0__obj_cone__num_02__compact,explicit_distance,name_0__obj_cone__num_02__explicit_distance__farther,distance_compact,compact,explicit_distance_comparison,farther,Target2,name_0,Maya,obj_cone,cone,num_02,metres,unit_metres,word,name_0__obj_cone__num_02__explicit_distance__farther__compact,30,36,6,6,True,False,person_relative_to_object,closer_farther_same_distance,"Maya's distance from the stationary cone: initially 30 metres, now 36 metres.",Maya is now closer to the cone than before.,Maya is now farther from the cone than before.,Maya is now at the same distance from the cone as before.,13,77,17,9,43,11,10,9,46,11,10,12,57,14,13,37
name_0__obj_cone__num_02__explicit_distance__unchanged__compact,1.2,closer_farther_initial_conditions,name_0__obj_cone__num_02__compact,explicit_distance,name_0__obj_cone__num_02__explicit_distance__unchanged,distance_compact,compact,explicit_distance_comparison,unchanged,Target3,name_0,Maya,obj_cone,cone,num_02,metres,unit_metres,word,name_0__obj_cone__num_02__explicit_distance__unchanged__compact,30,30,0,0,True,False,person_relative_to_object,closer_farther_same_distance,"Maya's distance from the stationary cone: initially 30 metres, now 30 metres.",Maya is now closer to the cone than before.,Maya is now farther from the cone than before.,Maya is now at the same distance from the cone as before.,13,77,17,9,43,11,10,9,46,11,10,12,57,14,13,38
name_0__obj_cone__num_02__explicit_distance__closer,1.2,closer_farther_initial_conditions,name_0__obj_cone__num_02,explicit_distance,name_0__obj_cone__num_02__explicit_distance__closer,distance_standard,standard,explicit_distance_comparison,closer,Target1,name_0,Maya,obj_cone,cone,num_02,metres,unit_metres,word,name_0__obj_cone__num_02__explicit_distance__closer,30,24,-6,6,True,False,person_relative_to_object,closer_farther_same_distance,Maya was 30 metres from a stationary cone. Maya is now 24 metres from the cone.,Maya is now closer to the cone than before.,Maya is now farther from the cone than before.,Maya is now at the same distance from the cone as before.,16,79,19,9,43,11,10,9,46,11,10,12,57,14,13,39
name_0__obj_cone__num_02__explicit_distance__farther,1.2,closer_farther_initial_conditions,name_0__obj_cone__num_02,explicit_distance,name_0__obj_cone__num_02__explicit_distance__farther,distance_standard,standard,explicit_distance_comparison,farther,Target2,name_0,Maya,obj_cone,cone,num_02,metres,unit_metres,word,name_0__obj_cone__num_02__explicit_distance__farther,30,36,6,6,True,False,person_relative_to_object,closer_farther_same_distance,Maya was 30 metres from a stationary cone. Maya is now 36 metres from the cone.,Maya is now closer to the cone than before.,Maya is now farther from the cone than before.,Maya is now at the same distance from the cone as before.,16,79,19,9,43,11,10,9,46,11,10,12,57,14,13,40
name_0__obj_cone__num_02__explicit_distance__unchanged,1.2,closer_farther_initial_conditions,name_0__obj_cone__num_02,explicit_distance,name_0__obj_cone__num_02__explicit_distance__unchanged,distance_standard,standard,explicit_distance_comparison,unchanged,Target3,name_0,Maya,obj_cone,cone,num_02,metres,unit_metres,word,name_0__obj_cone__num_02__explicit_distance__unchanged,30,30,0,0,True,False,person_relative_to_object,closer_farther_same_distance,Maya was 30 metres from a stationary cone. Maya is now 30 metres from the cone.,Maya is now closer to the cone than before.,Maya is now farther from the cone than before.,Maya is now at the same distance from the cone as before.,16,79,19,9,43,11,10,9,46,11,10,12,57,14,13,41
name_0__obj_cone__num_02__explicit_distance__closer__expanded,1.2,closer_farther_initial_conditions,name_0__obj_cone__num_02__expanded,explicit_distance,name_0__obj_cone__num_02__explicit_distance__closer,distance_expanded,expanded,explicit_distance_comparison,closer,Target1,name_0,Maya,obj_cone,cone,num_02,metres,unit_metres,word,name_0__obj_cone__num_02__explicit_distance__closer__expanded,30,24,-6,6,True,False,person_relative_to_object,closer_farther_same_distance,"Initially, Maya was 30 metres from a cone that remained stationary. The distance between Maya and that cone is now 24 metres.",Maya is now closer to the cone than before.,Maya is now farther from the cone than before.,Maya is now at the same distance from the cone as before.,22,125,25,9,43,11,10,9,46,11,10,12,57,14,13,42
name_0__obj_cone__num_02__explicit_distance__farther__expanded,1.2,closer_farther_initial_conditions,name_0__obj_cone__num_02__expanded,explicit_distance,name_0__obj_cone__num_02__explicit_distance__farther,distance_expanded,expanded,explicit_distance_comparison,farther,Target2,name_0,Maya,obj_cone,cone,num_02,metres,unit_metres,word,name_0__obj_cone__num_02__explicit_distance__farther__expanded,30,36,6,6,True,False,person_relative_to_object,closer_farther_same_distance,"Initially, Maya was 30 metres from a cone that remained stationary. The distance between Maya and that cone is now 36 metres.",Maya is now closer to the cone than before.,Maya is now farther from the cone than before.,Maya is now at the same distance from the cone as before.,22,125,25,9,43,11,10,9,46,11,10,12,57,14,13,43
name_0__obj_cone__num_02__explicit_distance__unchanged__expanded,1.2,closer_farther_initial_conditions,name_0__obj_cone__num_02__expanded,explicit_distance,name_0__obj_cone__num_02__explicit_distance__unchanged,distance_expanded,expanded,explicit_distance_comparison,unchanged,Target3,name_0,Maya,obj_cone,cone,num_02,metres,unit_metres,word,name_0__obj_cone__num_02__explicit_distance__unchanged__expanded,30,30,0,0,True,False,person_relative_to_object,closer_farther_same_distance,"Initially, Maya was 30 metres from a cone that remained stationary. The distance between Maya and that cone is now 30 metres.",Maya is now closer to the cone than before.,Maya is now farther from the cone than before.,Maya is now at the same distance from the cone as before.,22,125,25,9,43,11,10,9,46,11,10,12,57,14,13,44
name_0__obj_cone__num_02__movement_description__closer__compact,1.2,closer_farther_initial_conditions,name_0__obj_cone__num_02__compact,movement_description,name_0__obj_cone__num_02__movement_description__closer,movement_compact,compact,directed_movement_inference,closer,Target1,name_0,Maya,obj_cone,cone,num_02,metres,unit_metres,word,name_0__obj_cone__num_02__movement_description__closer__compact,30,24,-6,6,True,False,person_relative_to_object,closer_farther_same_distance,"Starting 30 metres from a stationary cone, Maya walked 6 metres directly toward it.",Maya is now closer to the cone than before.,Maya is now farther from the cone than before.,Maya is now at the same distance from the cone as before.,14,83,16,9,43,11,10,9,46,11,10,12,57,14,13,45
name_0__obj_cone__num_02__movement_description__farther__compact,1.2,closer_farther_initial_conditions,name_0__obj_cone__num_02__compact,movement_description,name_0__obj_cone__num_02__movement_description__farther,movement_compact,compact,directed_movement_inference,farther,Target2,name_0,Maya,obj_cone,cone,num_02,metres,unit_metres,word,name_0__obj_cone__num_02__movement_description__farther__compact,30,36,6,6,True,False,person_relative_to_object,closer_farther_same_distance,"Starting 30 metres from a stationary cone, Maya walked 6 metres directly away from it.",Maya is now closer to the cone than before.,Maya is now farther from the cone than before.,Maya is now at the same distance from the cone as before.,15,86,17,9,43,11,10,9,46,11,10,12,57,14,13,46
name_0__obj_cone__num_02__movement_description__closer,1.2,closer_farther_initial_conditions,name_0__obj_cone__num_02,movement_description,name_0__obj_cone__num_02__movement_description__closer,movement_standard,standard,directed_movement_inference,closer,Target1,name_0,Maya,obj_cone,cone,num_02,metres,unit_metres,word,name_0__obj_cone__num_02__movement_description__closer,30,24,-6,6,True,False,person_relative_to_object,closer_farther_same_distance,Maya was 30 metres from a stationary cone. Maya walked 6 metres directly toward the cone.,Maya is now closer to the cone than before.,Maya is now farther from the cone than before.,Maya is now at the same distance from the cone as before.,16,89,19,9,43,11,10,9,46,11,10,12,57,14,13,47
name_0__obj_cone__num_02__movement_description__farther,1.2,closer_farther_initial_conditions,name_0__obj_cone__num_02,movement_description,name_0__obj_cone__num_02__movement_description__farther,movement_standard,standard,directed_movement_inference,farther,Target2,name_0,Maya,obj_cone,cone,num_02,metres,unit_metres,word,name_0__obj_cone__num_02__movement_description__farther,30,36,6,6,True,False,person_relative_to_object,closer_farther_same_distance,Maya was 30 metres from a stationary cone. Maya walked 6 metres directly away from the cone.,Maya is now closer to the cone than before.,Maya is now farther from the cone than before.,Maya is now at the same distance from the cone as before.,17,92,20,9,43,11,10,9,46,11,10,12,57,14,13,48
name_0__obj_cone__num_02__movement_description__closer__expanded,1.2,closer_farther_initial_conditions,name_0__obj_cone__num_02__expanded,movement_description,name_0__obj_cone__num_02__movement_description__closer,movement_expanded,expanded,directed_movement_inference,closer,Target1,name_0,Maya,obj_cone,cone,num_02,metres,unit_metres,word,name_0__obj_cone__num_02__movement_description__closer__expanded,30,24,-6,6,True,False,person_relative_to_object,closer_farther_same_distance,"Initially, Maya was 30 metres from a cone that remained stationary. From that starting position, Maya walked 6 metres directly toward the cone.",Maya is now closer to the cone than before.,Maya is now farther from the cone than before.,Maya is now at the same distance from the cone as before.,23,143,27,9,43,11,10,9,46,11,10,12,57,14,13,49
name_0__obj_cone__num_02__movement_description__farther__expanded,1.2,closer_farther_initial_conditions,name_0__obj_cone__num_02__expanded,movement_description,name_0__obj_cone__num_02__movement_description__farther,movement_expanded,expanded,directed_movement_inference,farther,Target2,name_0,Maya,obj_cone,cone,num_02,metres,unit_metres,word,name_0__obj_cone__num_02__movement_description__farther__expanded,30,36,6,6,True,False,person_relative_to_object,closer_farther_same_distance,"Initially, Maya was 30 metres from a cone that remained stationary. From that starting position, Maya walked 6 metres directly away from the cone.",Maya is now closer to the cone than before.,Maya is now farther from the cone than before.,Maya is now at the same distance from the cone as before.,24,146,28,9,43,11,10,9,46,11,10,12,57,14,13,50
name_0__obj_cone__num_02__orientation_control__unchanged__compact,1.2,closer_farther_initial_conditions,name_0__obj_cone__num_02__compact,orientation_control,name_0__obj_cone__num_02__orientation_control__unchanged,orientation_compact,compact,rotation_without_translation_inference,unchanged,Target3,name_0,Maya,obj_cone,cone,num_02,metres,unit_metres,word,name_0__obj_cone__num_02__orientation_control__unchanged__compact,30,30,0,0,True,False,person_relative_to_object,closer_farther_same_distance,"Maya, 30 metres from a stationary cone, turned around in place.",Maya is now closer to the cone than before.,Maya is now farther from the cone than before.,Maya is now at the same distance from the cone as before.,11,63,15,9,43,11,10,9,46,11,10,12,57,14,13,51
name_0__obj_cone__num_02__orientation_control__unchanged,1.2,closer_farther_initial_conditions,name_0__obj_cone__num_02,orientation_control,name_0__obj_cone__num_02__orientation_control__unchanged,orientation_standard,standard,rotation_without_translation_inference,unchanged,Target3,name_0,Maya,obj_cone,cone,num_02,metres,unit_metres,word,name_0__obj_cone__num_02__orientation_control__unchanged,30,30,0,0,True,False,person_relative_to_object,closer_farther_same_distance,Maya was 30 metres from a stationary cone. Maya turned around without changing position.,Maya is now closer to the cone than before.,Maya is now farther from the cone than before.,Maya is now at the same distance from the cone as before.,14,88,17,9,43,11,10,9,46,11,10,12,57,14,13,52
name_0__obj_cone__num_02__orientation_control__unchanged__expanded,1.2,closer_farther_initial_conditions,name_0__obj_cone__num_02__expanded,orientation_control,name_0__obj_cone__num_02__orientation_control__unchanged,orientation_expanded,expanded,rotation_without_translation_inference,unchanged,Target3,name_0,Maya,obj_cone,cone,num_02,metres,unit_metres,word,name_0__obj_cone__num_02__orientation_control__unchanged__expanded,30,30,0,0,True,False,person_relative_to_object,closer_farther_same_distance,"Initially, Maya was 30 metres from a cone that remained stationary. Maya then turned to face the opposite direction, keeping both feet in the same place.",Maya is now closer to the cone than before.,Maya is now farther from the cone than before.,Maya is now at the same distance from the cone as before.,26,153,30,9,43,11,10,9,46,11,10,12,57,14,13,53
name_0__obj_cone__num_03__explicit_distance__closer__compact,1.2,closer_farther_initial_conditions,name_0__obj_cone__num_03__compact,explicit_distance,name_0__obj_cone__num_03__explicit_distance__closer,distance_compact,compact,explicit_distance_comparison,closer,Target1,name_0,Maya,obj_cone,cone,num_03,metres,unit_metres,word,name_0__obj_cone__num_03__explicit_distance__closer__compact,35,31,-4,4,True,False,person_relative_to_object,closer_farther_same_distance,"Maya's distance from the stationary cone: initially 35 metres, now 31 metres.",Maya is now closer to the cone than before.,Maya is now farther from the cone than before.,Maya is now at the same distance from the cone as before.,13,77,17,9,43,11,10,9,46,11,10,12,57,14,13,54
name_0__obj_cone__num_03__explicit_distance__farther__compact,1.2,closer_farther_initial_conditions,name_0__obj_cone__num_03__compact,explicit_distance,name_0__obj_cone__num_03__explicit_distance__farther,distance_compact,compact,explicit_distance_comparison,farther,Target2,name_0,Maya,obj_cone,cone,num_03,metres,unit_metres,word,name_0__obj_cone__num_03__explicit_distance__farther__compact,35,39,4,4,True,False,person_relative_to_object,closer_farther_same_distance,"Maya's distance from the stationary cone: initially 35 metres, now 39 metres.",Maya is now closer to the cone than before.,Maya is now farther from the cone than before.,Maya is now at the same distance from the cone as before.,13,77,17,9,43,11,10,9,46,11,10,12,57,14,13,55
name_0__obj_cone__num_03__explicit_distance__unchanged__compact,1.2,closer_farther_initial_conditions,name_0__obj_cone__num_03__compact,explicit_distance,name_0__obj_cone__num_03__explicit_distance__unchanged,distance_compact,compact,explicit_distance_comparison,unchanged,Target3,name_0,Maya,obj_cone,cone,num_03,metres,unit_metres,word,name_0__obj_cone__num_03__explicit_distance__unchanged__compact,35,35,0,0,True,False,person_relative_to_object,closer_farther_same_distance,"Maya's distance from the stationary cone: initially 35 metres, now 35 metres.",Maya is now closer to the cone than before.,Maya is now farther from the cone than before.,Maya is now at the same distance from the cone as before.,13,77,17,9,43,11,10,9,46,11,10,12,57,14,13,56
name_0__obj_cone__num_03__explicit_distance__closer,1.2,closer_farther_initial_conditions,name_0__obj_cone__num_03,explicit_distance,name_0__obj_cone__num_03__explicit_distance__closer,distance_standard,standard,explicit_distance_comparison,closer,Target1,name_0,Maya,obj_cone,cone,num_03,metres,unit_metres,word,name_0__obj_cone__num_03__explicit_distance__closer,35,31,-4,4,True,False,person_relative_to_object,closer_farther_same_distance,Maya was 35 metres from a stationary cone. Maya is now 31 metres from the cone.,Maya is now closer to the cone than before.,Maya is now farther from the cone than before.,Maya is now at the same distance from the cone as before.,16,79,19,9,43,11,10,9,46,11,10,12,57,14,13,57
name_0__obj_cone__num_03__explicit_distance__farther,1.2,closer_farther_initial_conditions,name_0__obj_cone__num_03,explicit_distance,name_0__obj_cone__num_03__explicit_distance__farther,distance_standard,standard,explicit_distance_comparison,farther,Target2,name_0,Maya,obj_cone,cone,num_03,metres,unit_metres,word,name_0__obj_cone__num_03__explicit_distance__farther,35,39,4,4,True,False,person_relative_to_object,closer_farther_same_distance,Maya was 35 metres from a stationary cone. Maya is now 39 metres from the cone.,Maya is now closer to the cone than before.,Maya is now farther from the cone than before.,Maya is now at the same distance from the cone as before.,16,79,19,9,43,11,10,9,46,11,10,12,57,14,13,58
name_0__obj_cone__num_03__explicit_distance__unchanged,1.2,closer_farther_initial_conditions,name_0__obj_cone__num_03,explicit_distance,name_0__obj_cone__num_03__explicit_distance__unchanged,distance_standard,standard,explicit_distance_comparison,unchanged,Target3,name_0,Maya,obj_cone,cone,num_03,metres,unit_metres,word,name_0__obj_cone__num_03__explicit_distance__unchanged,35,35,0,0,True,False,person_relative_to_object,closer_farther_same_distance,Maya was 35 metres from a stationary cone. Maya is now 35 metres from the cone.,Maya is now closer to the cone than before.,Maya is now farther from the cone than before.,Maya is now at the same distance from the cone as before.,16,79,19,9,43,11,10,9,46,11,10,12,57,14,13,59
name_0__obj_cone__num_03__explicit_distance__closer__expanded,1.2,closer_farther_initial_conditions,name_0__obj_cone__num_03__expanded,explicit_distance,name_0__obj_cone__num_03__explicit_distance__closer,distance_expanded,expanded,explicit_distance_comparison,closer,Target1,name_0,Maya,obj_cone,cone,num_03,metres,unit_metres,word,name_0__obj_cone__num_03__explicit_distance__closer__expanded,35,31,-4,4,True,False,person_relative_to_object,closer_farther_same_distance,"Initially, Maya was 35 metres from a cone that remained stationary. The distance between Maya and that cone is now 31 metres.",Maya is now closer to the cone than before.,Maya is now farther from the cone than before.,Maya is now at the same distance from the cone as before.,22,125,25,9,43,11,10,9,46,11,10,12,57,14,13,60
name_0__obj_cone__num_03__explicit_distance__farther__expanded,1.2,closer_farther_initial_conditions,name_0__obj_cone__num_03__expanded,explicit_distance,name_0__obj_cone__num_03__explicit_distance__farther,distance_expanded,expanded,explicit_distance_comparison,farther,Target2,name_0,Maya,obj_cone,cone,num_03,metres,unit_metres,word,name_0__obj_cone__num_03__explicit_distance__farther__expanded,35,39,4,4,True,False,person_relative_to_object,closer_farther_same_distance,"Initially, Maya was 35 metres from a cone that remained stationary. The distance between Maya and that cone is now 39 metres.",Maya is now closer to the cone than before.,Maya is now farther from the cone than before.,Maya is now at the same distance from the cone as before.,22,125,25,9,43,11,10,9,46,11,10,12,57,14,13,61
name_0__obj_cone__num_03__explicit_distance__unchanged__expanded,1.2,closer_farther_initial_conditions,name_0__obj_cone__num_03__expanded,explicit_distance,name_0__obj_cone__num_03__explicit_distance__unchanged,distance_expanded,expanded,explicit_distance_comparison,unchanged,Target3,name_0,Maya,obj_cone,cone,num_03,metres,unit_metres,word,name_0__obj_cone__num_03__explicit_distance__unchanged__expanded,35,35,0,0,True,False,person_relative_to_object,closer_farther_same_distance,"Initially, Maya was 35 metres from a cone that remained stationary. The distance between Maya and that cone is now 35 metres.",Maya is now closer to the cone than before.,Maya is now farther from the cone than before.,Maya is now at the same distance from the cone as before.,22,125,25,9,43,11,10,9,46,11,10,12,57,14,13,62
name_0__obj_cone__num_03__movement_description__closer__compact,1.2,closer_farther_initial_conditions,name_0__obj_cone__num_03__compact,movement_description,name_0__obj_cone__num_03__movement_description__closer,movement_compact,compact,directed_movement_inference,closer,Target1,name_0,Maya,obj_cone,cone,num_03,metres,unit_metres,word,name_0__obj_cone__num_03__movement_description__closer__compact,35,31,-4,4,True,False,person_relative_to_object,closer_farther_same_distance,"Starting 35 metres from a stationary cone, Maya walked 4 metres directly toward it.",Maya is now closer to the cone than before.,Maya is now farther from the cone than before.,Maya is now at the same distance from the cone as before.,14,83,16,9,43,11,10,9,46,11,10,12,57,14,13,63
name_0__obj_cone__num_03__movement_description__farther__compact,1.2,closer_farther_initial_conditions,name_0__obj_cone__num_03__compact,movement_description,name_0__obj_cone__num_03__movement_description__farther,movement_compact,compact,directed_movement_inference,farther,Target2,name_0,Maya,obj_cone,cone,num_03,metres,unit_metres,word,name_0__obj_cone__num_03__movement_description__farther__compact,35,39,4,4,True,False,person_relative_to_object,closer_farther_same_distance,"Starting 35 metres from a stationary cone, Maya walked 4 metres directly away from it.",Maya is now closer to the cone than before.,Maya is now farther from the cone than before.,Maya is now at the same distance from the cone as before.,15,86,17,9,43,11,10,9,46,11,10,12,57,14,13,64
name_0__obj_cone__num_03__movement_description__closer,1.2,closer_farther_initial_conditions,name_0__obj_cone__num_03,movement_description,name_0__obj_cone__num_03__movement_description__closer,movement_standard,standard,directed_movement_inference,closer,Target1,name_0,Maya,obj_cone,cone,num_03,metres,unit_metres,word,name_0__obj_cone__num_03__movement_description__closer,35,31,-4,4,True,False,person_relative_to_object,closer_farther_same_distance,Maya was 35 metres from a stationary cone. Maya walked 4 metres directly toward the cone.,Maya is now closer to the cone than before.,Maya is now farther from the cone than before.,Maya is now at the same distance from the cone as before.,16,89,19,9,43,11,10,9,46,11,10,12,57,14,13,65
name_0__obj_cone__num_03__movement_description__farther,1.2,closer_farther_initial_conditions,name_0__obj_cone__num_03,movement_description,name_0__obj_cone__num_03__movement_description__farther,movement_standard,standard,directed_movement_inference,farther,Target2,name_0,Maya,obj_cone,cone,num_03,metres,unit_metres,word,name_0__obj_cone__num_03__movement_description__farther,35,39,4,4,True,False,person_relative_to_object,closer_farther_same_distance,Maya was 35 metres from a stationary cone. Maya walked 4 metres directly away from the cone.,Maya is now closer to the cone than before.,Maya is now farther from the cone than before.,Maya is now at the same distance from the cone as before.,17,92,20,9,43,11,10,9,46,11,10,12,57,14,13,66
name_0__obj_cone__num_03__movement_description__closer__expanded,1.2,closer_farther_initial_conditions,name_0__obj_cone__num_03__expanded,movement_description,name_0__obj_cone__num_03__movement_description__closer,movement_expanded,expanded,directed_movement_inference,closer,Target1,name_0,Maya,obj_cone,cone,num_03,metres,unit_metres,word,name_0__obj_cone__num_03__movement_description__closer__expanded,35,31,-4,4,True,False,person_relative_to_object,closer_farther_same_distance,"Initially, Maya was 35 metres from a cone that remained stationary. From that starting position, Maya walked 4 metres directly toward the cone.",Maya is now closer to the cone than before.,Maya is now farther from the cone than before.,Maya is now at the same distance from the cone as before.,23,143,27,9,43,11,10,9,46,11,10,12,57,14,13,67
name_0__obj_cone__num_03__movement_description__farther__expanded,1.2,closer_farther_initial_conditions,name_0__obj_cone__num_03__expanded,movement_description,name_0__obj_cone__num_03__movement_description__farther,movement_expanded,expanded,directed_movement_inference,farther,Target2,name_0,Maya,obj_cone,cone,num_03,metres,unit_metres,word,name_0__obj_cone__num_03__movement_description__farther__expanded,35,39,4,4,True,False,person_relative_to_object,closer_farther_same_distance,"Initially, Maya was 35 metres from a cone that remained stationary. From that starting position, Maya walked 4 metres directly away from the cone.",Maya is now closer to the cone than before.,Maya is now farther from the cone than before.,Maya is now at the same distance from the cone as before.,24,146,28,9,43,11,10,9,46,11,10,12,57,14,13,68
name_0__obj_cone__num_03__orientation_control__unchanged__compact,1.2,closer_farther_initial_conditions,name_0__obj_cone__num_03__compact,orientation_control,name_0__obj_cone__num_03__orientation_control__unchanged,orientation_compact,compact,rotation_without_translation_inference,unchanged,Target3,name_0,Maya,obj_cone,cone,num_03,metres,unit_metres,word,name_0__obj_cone__num_03__orientation_control__unchanged__compact,35,35,0,0,True,False,person_relative_to_object,closer_farther_same_distance,"Maya, 35 metres from a stationary cone, turned around in place.",Maya is now closer to the cone than before.,Maya is now farther from the cone than before.,Maya is now at the same distance from the cone as before.,11,63,15,9,43,11,10,9,46,11,10,12,57,14,13,69
name_0__obj_cone__num_03__orientation_control__unchanged,1.2,closer_farther_initial_conditions,name_0__obj_cone__num_03,orientation_control,name_0__obj_cone__num_03__orientation_control__unchanged,orientation_standard,standard,rotation_without_translation_inference,unchanged,Target3,name_0,Maya,obj_cone,cone,num_03,metres,unit_metres,word,name_0__obj_cone__num_03__orientation_control__unchanged,35,35,0,0,True,False,person_relative_to_object,closer_farther_same_distance,Maya was 35 metres from a stationary cone. Maya turned around without changing position.,Maya is now closer to the cone than before.,Maya is now farther from the cone than before.,Maya is now at the same distance from the cone as before.,14,88,17,9,43,11,10,9,46,11,10,12,57,14,13,70
name_0__obj_cone__num_03__orientation_control__unchanged__expanded,1.2,closer_farther_initial_conditions,name_0__obj_cone__num_03__expanded,orientation_control,name_0__obj_cone__num_03__orientation_control__unchanged,orientation_expanded,expanded,rotation_without_translation_inference,unchanged,Target3,name_0,Maya,obj_cone,cone,num_03,metres,unit_metres,word,name_0__obj_cone__num_03__orientation_control__unchanged__expanded,35,35,0,0,True,False,person_relative_to_object,closer_farther_same_distance,"Initially, Maya was 35 metres from a cone that remained stationary. Maya then turned to face the opposite direction, keeping both feet in the same place.",Maya is now closer to the cone than before.,Maya is now farther from the cone than before.,Maya is now at the same distance from the cone as before.,26,153,30,9,43,11,10,9,46,11,10,12,57,14,13,71
name_0__obj_cone__num_04__explicit_distance__closer__compact,1.2,closer_farther_initial_conditions,name_0__obj_cone__num_04__compact,explicit_distance,name_0__obj_cone__num_04__explicit_distance__closer,distance_compact,compact,explicit_distance_comparison,closer,Target1,name_0,Maya,obj_cone,cone,num_04,metres,unit_metres,word,name_0__obj_cone__num_04__explicit_distance__closer__compact,53,21,-32,32,True,False,person_relative_to_object,closer_farther_same_distance,"Maya's distance from the stationary cone: initially 53 metres, now 21 metres.",Maya is now closer to the cone than before.,Maya is now farther from the cone than before.,Maya is now at the same distance from the cone as before.,13,77,17,9,43,11,10,9,46,11,10,12,57,14,13,72
name_0__obj_cone__num_04__explicit_distance__farther__compact,1.2,closer_farther_initial_conditions,name_0__obj_cone__num_04__compact,explicit_distance,name_0__obj_cone__num_04__explicit_distance__farther,distance_compact,compact,explicit_distance_comparison,farther,Target2,name_0,Maya,obj_cone,cone,num_04,metres,unit_metres,word,name_0__obj_cone__num_04__explicit_distance__farther__compact,53,85,32,32,True,False,person_relative_to_object,closer_farther_same_distance,"Maya's distance from the stationary cone: initially 53 metres, now 85 metres.",Maya is now closer to the cone than before.,Maya is now farther from the cone than before.,Maya is now at the same distance from the cone as before.,13,77,17,9,43,11,10,9,46,11,10,12,57,14,13,73
name_0__obj_cone__num_04__explicit_distance__unchanged__compact,1.2,closer_farther_initial_conditions,name_0__obj_cone__num_04__compact,explicit_distance,name_0__obj_cone__num_04__explicit_distance__unchanged,distance_compact,compact,explicit_distance_comparison,unchanged,Target3,name_0,Maya,obj_cone,cone,num_04,metres,unit_metres,word,name_0__obj_cone__num_04__explicit_distance__unchanged__compact,53,53,0,0,True,False,person_relative_to_object,closer_farther_same_distance,"Maya's distance from the stationary cone: initially 53 metres, now 53 metres.",Maya is now closer to the cone than before.,Maya is now farther from the cone than before.,Maya is now at the same distance from the cone as before.,13,77,17,9,43,11,10,9,46,11,10,12,57,14,13,74
name_0__obj_cone__num_04__explicit_distance__closer,1.2,closer_farther_initial_conditions,name_0__obj_cone__num_04,explicit_distance,name_0__obj_cone__num_04__explicit_distance__closer,distance_standard,standard,explicit_distance_comparison,closer,Target1,name_0,Maya,obj_cone,cone,num_04,metres,unit_metres,word,name_0__obj_cone__num_04__explicit_distance__closer,53,21,-32,32,True,False,person_relative_to_object,closer_farther_same_distance,Maya was 53 metres from a stationary cone. Maya is now 21 metres from the cone.,Maya is now closer to the cone than before.,Maya is now farther from the cone than before.,Maya is now at the same distance from the cone as before.,16,79,19,9,43,11,10,9,46,11,10,12,57,14,13,75
name_0__obj_cone__num_04__explicit_distance__farther,1.2,closer_farther_initial_conditions,name_0__obj_cone__num_04,explicit_distance,name_0__obj_cone__num_04__explicit_distance__farther,distance_standard,standard,explicit_distance_comparison,farther,Target2,name_0,Maya,obj_cone,cone,num_04,metres,unit_metres,word,name_0__obj_cone__num_04__explicit_distance__farther,53,85,32,32,True,False,person_relative_to_object,closer_farther_same_distance,Maya was 53 metres from a stationary cone. Maya is now 85 metres from the cone.,Maya is now closer to the cone than before.,Maya is now farther from the cone than before.,Maya is now at the same distance from the cone as before.,16,79,19,9,43,11,10,9,46,11,10,12,57,14,13,76
name_0__obj_cone__num_04__explicit_distance__unchanged,1.2,closer_farther_initial_conditions,name_0__obj_cone__num_04,explicit_distance,name_0__obj_cone__num_04__explicit_distance__unchanged,distance_standard,standard,explicit_distance_comparison,unchanged,Target3,name_0,Maya,obj_cone,cone,num_04,metres,unit_metres,word,name_0__obj_cone__num_04__explicit_distance__unchanged,53,53,0,0,True,False,person_relative_to_object,closer_farther_same_distance,Maya was 53 metres from a stationary cone. Maya is now 53 metres from the cone.,Maya is now closer to the cone than before.,Maya is now farther from the cone than before.,Maya is now at the same distance from the cone as before.,16,79,19,9,43,11,10,9,46,11,10,12,57,14,13,77
name_0__obj_cone__num_04__explicit_distance__closer__expanded,1.2,closer_farther_initial_conditions,name_0__obj_cone__num_04__expanded,explicit_distance,name_0__obj_cone__num_04__explicit_distance__closer,distance_expanded,expanded,explicit_distance_comparison,closer,Target1,name_0,Maya,obj_cone,cone,num_04,metres,unit_metres,word,name_0__obj_cone__num_04__explicit_distance__closer__expanded,53,21,-32,32,True,False,person_relative_to_object,closer_farther_same_distance,"Initially, Maya was 53 metres from a cone that remained stationary. The distance between Maya and that cone is now 21 metres.",Maya is now closer to the cone than before.,Maya is now farther from the cone than before.,Maya is now at the same distance from the cone as before.,22,125,25,9,43,11,10,9,46,11,10,12,57,14,13,78
name_0__obj_cone__num_04__explicit_distance__farther__expanded,1.2,closer_farther_initial_conditions,name_0__obj_cone__num_04__expanded,explicit_distance,name_0__obj_cone__num_04__explicit_distance__farther,distance_expanded,expanded,explicit_distance_comparison,farther,Target2,name_0,Maya,obj_cone,cone,num_04,metres,unit_metres,word,name_0__obj_cone__num_04__explicit_distance__farther__expanded,53,85,32,32,True,False,person_relative_to_object,closer_farther_same_distance,"Initially, Maya was 53 metres from a cone that remained stationary. The distance between Maya and that cone is now 85 metres.",Maya is now closer to the cone than before.,Maya is now farther from the cone than before.,Maya is now at the same distance from the cone as before.,22,125,25,9,43,11,10,9,46,11,10,12,57,14,13,79
name_0__obj_cone__num_04__explicit_distance__unchanged__expanded,1.2,closer_farther_initial_conditions,name_0__obj_cone__num_04__expanded,explicit_distance,name_0__obj_cone__num_04__explicit_distance__unchanged,distance_expanded,expanded,explicit_distance_comparison,unchanged,Target3,name_0,Maya,obj_cone,cone,num_04,metres,unit_metres,word,name_0__obj_cone__num_04__explicit_distance__unchanged__expanded,53,53,0,0,True,False,person_relative_to_object,closer_farther_same_distance,"Initially, Maya was 53 metres from a cone that remained stationary. The distance between Maya and that cone is now 53 metres.",Maya is now closer to the cone than before.,Maya is now farther from the cone than before.,Maya is now at the same distance from the cone as before.,22,125,25,9,43,11,10,9,46,11,10,12,57,14,13,80
name_0__obj_cone__num_04__movement_description__closer__compact,1.2,closer_farther_initial_conditions,name_0__obj_cone__num_04__compact,movement_description,name_0__obj_cone__num_04__movement_description__closer,movement_compact,compact,directed_movement_inference,closer,Target1,name_0,Maya,obj_cone,cone,num_04,metres,unit_metres,word,name_0__obj_cone__num_04__movement_description__closer__compact,53,21,-32,32,True,False,person_relative_to_object,closer_farther_same_distance,"Starting 53 metres from a stationary cone, Maya walked 32 metres directly toward it.",Maya is now closer to the cone than before.,Maya is now farther from the cone than before.,Maya is now at the same distance from the cone as before.,14,84,16,9,43,11,10,9,46,11,10,12,57,14,13,81
name_0__obj_cone__num_04__movement_description__farther__compact,1.2,closer_farther_initial_conditions,name_0__obj_cone__num_04__compact,movement_description,name_0__obj_cone__num_04__movement_description__farther,movement_compact,compact,directed_movement_inference,farther,Target2,name_0,Maya,obj_cone,cone,num_04,metres,unit_metres,word,name_0__obj_cone__num_04__movement_description__farther__compact,53,85,32,32,True,False,person_relative_to_object,closer_farther_same_distance,"Starting 53 metres from a stationary cone, Maya walked 32 metres directly away from it.",Maya is now closer to the cone than before.,Maya is now farther from the cone than before.,Maya is now at the same distance from the cone as before.,15,87,17,9,43,11,10,9,46,11,10,12,57,14,13,82
name_0__obj_cone__num_04__movement_description__closer,1.2,closer_farther_initial_conditions,name_0__obj_cone__num_04,movement_description,name_0__obj_cone__num_04__movement_description__closer,movement_standard,standard,directed_movement_inference,closer,Target1,name_0,Maya,obj_cone,cone,num_04,metres,unit_metres,word,name_0__obj_cone__num_04__movement_description__closer,53,21,-32,32,True,False,person_relative_to_object,closer_farther_same_distance,Maya was 53 metres from a stationary cone. Maya walked 32 metres directly toward the cone.,Maya is now closer to the cone than before.,Maya is now farther from the cone than before.,Maya is now at the same distance from the cone as before.,16,90,19,9,43,11,10,9,46,11,10,12,57,14,13,83
name_0__obj_cone__num_04__movement_description__farther,1.2,closer_farther_initial_conditions,name_0__obj_cone__num_04,movement_description,name_0__obj_cone__num_04__movement_description__farther,movement_standard,standard,directed_movement_inference,farther,Target2,name_0,Maya,obj_cone,cone,num_04,metres,unit_metres,word,name_0__obj_cone__num_04__movement_description__farther,53,85,32,32,True,False,person_relative_to_object,closer_farther_same_distance,Maya was 53 metres from a stationary cone. Maya walked 32 metres directly away from the cone.,Maya is now closer to the cone than before.,Maya is now farther from the cone than before.,Maya is now at the same distance from the cone as before.,17,93,20,9,43,11,10,9,46,11,10,12,57,14,13,84
name_0__obj_cone__num_04__movement_description__closer__expanded,1.2,closer_farther_initial_conditions,name_0__obj_cone__num_04__expanded,movement_description,name_0__obj_cone__num_04__movement_description__closer,movement_expanded,expanded,directed_movement_inference,closer,Target1,name_0,Maya,obj_cone,cone,num_04,metres,unit_metres,word,name_0__obj_cone__num_04__movement_description__closer__expanded,53,21,-32,32,True,False,person_relative_to_object,closer_farther_same_distance,"Initially, Maya was 53 metres from a cone that remained stationary. From that starting position, Maya walked 32 metres directly toward the cone.",Maya is now closer to the cone than before.,Maya is now farther from the cone than before.,Maya is now at the same distance from the cone as before.,23,144,27,9,43,11,10,9,46,11,10,12,57,14,13,85
name_0__obj_cone__num_04__movement_description__farther__expanded,1.2,closer_farther_initial_conditions,name_0__obj_cone__num_04__expanded,movement_description,name_0__obj_cone__num_04__movement_description__farther,movement_expanded,expanded,directed_movement_inference,farther,Target2,name_0,Maya,obj_cone,cone,num_04,metres,unit_metres,word,name_0__obj_cone__num_04__movement_description__farther__expanded,53,85,32,32,True,False,person_relative_to_object,closer_farther_same_distance,"Initially, Maya was 53 metres from a cone that remained stationary. From that starting position, Maya walked 32 metres directly away from the cone.",Maya is now closer to the cone than before.,Maya is now farther from the cone than before.,Maya is now at the same distance from the cone as before.,24,147,28,9,43,11,10,9,46,11,10,12,57,14,13,86
name_0__obj_cone__num_04__orientation_control__unchanged__compact,1.2,closer_farther_initial_conditions,name_0__obj_cone__num_04__compact,orientation_control,name_0__obj_cone__num_04__orientation_control__unchanged,orientation_compact,compact,rotation_without_translation_inference,unchanged,Target3,name_0,Maya,obj_cone,cone,num_04,metres,unit_metres,word,name_0__obj_cone__num_04__orientation_control__unchanged__compact,53,53,0,0,True,False,person_relative_to_object,closer_farther_same_distance,"Maya, 53 metres from a stationary cone, turned around in place.",Maya is now closer to the cone than before.,Maya is now farther from the cone than before.,Maya is now at the same distance from the cone as before.,11,63,15,9,43,11,10,9,46,11,10,12,57,14,13,87
name_0__obj_cone__num_04__orientation_control__unchanged,1.2,closer_farther_initial_conditions,name_0__obj_cone__num_04,orientation_control,name_0__obj_cone__num_04__orientation_control__unchanged,orientation_standard,standard,rotation_without_translation_inference,unchanged,Target3,name_0,Maya,obj_cone,cone,num_04,metres,unit_metres,word,name_0__obj_cone__num_04__orientation_control__unchanged,53,53,0,0,True,False,person_relative_to_object,closer_farther_same_distance,Maya was 53 metres from a stationary cone. Maya turned around without changing position.,Maya is now closer to the cone than before.,Maya is now farther from the cone than before.,Maya is now at the same distance from the cone as before.,14,88,17,9,43,11,10,9,46,11,10,12,57,14,13,88
name_0__obj_cone__num_04__orientation_control__unchanged__expanded,1.2,closer_farther_initial_conditions,name_0__obj_cone__num_04__expanded,orientation_control,name_0__obj_cone__num_04__orientation_control__unchanged,orientation_expanded,expanded,rotation_without_translation_inference,unchanged,Target3,name_0,Maya,obj_cone,cone,num_04,metres,unit_metres,word,name_0__obj_cone__num_04__orientation_control__unchanged__expanded,53,53,0,0,True,False,person_relative_to_object,closer_farther_same_distance,"Initially, Maya was 53 metres from a cone that remained stationary. Maya then turned to face the opposite direction, keeping both feet in the same place.",Maya is now closer to the cone than before.,Maya is now farther from the cone than before.,Maya is now at the same distance from the cone as before.,26,153,30,9,43,11,10,9,46,11,10,12,57,14,13,89
name_0__obj_cone__num_05__explicit_distance__closer__compact,1.2,closer_farther_initial_conditions,name_0__obj_cone__num_05__compact,explicit_distance,name_0__obj_cone__num_05__explicit_distance__closer,distance_compact,compact,explicit_distance_comparison,closer,Target1,name_0,Maya,obj_cone,cone,num_05,metres,unit_metres,word,name_0__obj_cone__num_05__explicit_distance__closer__compact,54,22,-32,32,True,False,person_relative_to_object,closer_farther_same_distance,"Maya's distance from the stationary cone: initially 54 metres, now 22 metres.",Maya is now closer to the cone than before.,Maya is now farther from the cone than before.,Maya is now at the same distance from the cone as before.,13,77,17,9,43,11,10,9,46,11,10,12,57,14,13,90
name_0__obj_cone__num_05__explicit_distance__farther__compact,1.2,closer_farther_initial_conditions,name_0__obj_cone__num_05__compact,explicit_distance,name_0__obj_cone__num_05__explicit_distance__farther,distance_compact,compact,explicit_distance_comparison,farther,Target2,name_0,Maya,obj_cone,cone,num_05,metres,unit_metres,word,name_0__obj_cone__num_05__explicit_distance__farther__compact,54,86,32,32,True,False,person_relative_to_object,closer_farther_same_distance,"Maya's distance from the stationary cone: initially 54 metres, now 86 metres.",Maya is now closer to the cone than before.,Maya is now farther from the cone than before.,Maya is now at the same distance from the cone as before.,13,77,17,9,43,11,10,9,46,11,10,12,57,14,13,91
name_0__obj_cone__num_05__explicit_distance__unchanged__compact,1.2,closer_farther_initial_conditions,name_0__obj_cone__num_05__compact,explicit_distance,name_0__obj_cone__num_05__explicit_distance__unchanged,distance_compact,compact,explicit_distance_comparison,unchanged,Target3,name_0,Maya,obj_cone,cone,num_05,metres,unit_metres,word,name_0__obj_cone__num_05__explicit_distance__unchanged__compact,54,54,0,0,True,False,person_relative_to_object,closer_farther_same_distance,"Maya's distance from the stationary cone: initially 54 metres, now 54 metres.",Maya is now closer to the cone than before.,Maya is now farther from the cone than before.,Maya is now at the same distance from the cone as before.,13,77,17,9,43,11,10,9,46,11,10,12,57,14,13,92
name_0__obj_cone__num_05__explicit_distance__closer,1.2,closer_farther_initial_conditions,name_0__obj_cone__num_05,explicit_distance,name_0__obj_cone__num_05__explicit_distance__closer,distance_standard,standard,explicit_distance_comparison,closer,Target1,name_0,Maya,obj_cone,cone,num_05,metres,unit_metres,word,name_0__obj_cone__num_05__explicit_distance__closer,54,22,-32,32,True,False,person_relative_to_object,closer_farther_same_distance,Maya was 54 metres from a stationary cone. Maya is now 22 metres from the cone.,Maya is now closer to the cone than before.,Maya is now farther from the cone than before.,Maya is now at the same distance from the cone as before.,16,79,19,9,43,11,10,9,46,11,10,12,57,14,13,93
name_0__obj_cone__num_05__explicit_distance__farther,1.2,closer_farther_initial_conditions,name_0__obj_cone__num_05,explicit_distance,name_0__obj_cone__num_05__explicit_distance__farther,distance_standard,standard,explicit_distance_comparison,farther,Target2,name_0,Maya,obj_cone,cone,num_05,metres,unit_metres,word,name_0__obj_cone__num_05__explicit_distance__farther,54,86,32,32,True,False,person_relative_to_object,closer_farther_same_distance,Maya was 54 metres from a stationary cone. Maya is now 86 metres from the cone.,Maya is now closer to the cone than before.,Maya is now farther from the cone than before.,Maya is now at the same distance from the cone as before.,16,79,19,9,43,11,10,9,46,11,10,12,57,14,13,94
name_0__obj_cone__num_05__explicit_distance__unchanged,1.2,closer_farther_initial_conditions,name_0__obj_cone__num_05,explicit_distance,name_0__obj_cone__num_05__explicit_distance__unchanged,distance_standard,standard,explicit_distance_comparison,unchanged,Target3,name_0,Maya,obj_cone,cone,num_05,metres,unit_metres,word,name_0__obj_cone__num_05__explicit_distance__unchanged,54,54,0,0,True,False,person_relative_to_object,closer_farther_same_distance,Maya was 54 metres from a stationary cone. Maya is now 54 metres from the cone.,Maya is now closer to the cone than before.,Maya is now farther from the cone than before.,Maya is now at the same distance from the cone as before.,16,79,19,9,43,11,10,9,46,11,10,12,57,14,13,95
name_0__obj_cone__num_05__explicit_distance__closer__expanded,1.2,closer_farther_initial_conditions,name_0__obj_cone__num_05__expanded,explicit_distance,name_0__obj_cone__num_05__explicit_distance__closer,distance_expanded,expanded,explicit_distance_comparison,closer,Target1,name_0,Maya,obj_cone,cone,num_05,metres,unit_metres,word,name_0__obj_cone__num_05__explicit_distance__closer__expanded,54,22,-32,32,True,False,person_relative_to_object,closer_farther_same_distance,"Initially, Maya was 54 metres from a cone that remained stationary. The distance between Maya and that cone is now 22 metres.",Maya is now closer to the cone than before.,Maya is now farther from the cone than before.,Maya is now at the same distance from the cone as before.,22,125,25,9,43,11,10,9,46,11,10,12,57,14,13,96
name_0__obj_cone__num_05__explicit_distance__farther__expanded,1.2,closer_farther_initial_conditions,name_0__obj_cone__num_05__expanded,explicit_distance,name_0__obj_cone__num_05__explicit_distance__farther,distance_expanded,expanded,explicit_distance_comparison,farther,Target2,name_0,Maya,obj_cone,cone,num_05,metres,unit_metres,word,name_0__obj_cone__num_05__explicit_distance__farther__expanded,54,86,32,32,True,False,person_relative_to_object,closer_farther_same_distance,"Initially, Maya was 54 metres from a cone that remained stationary. The distance between Maya and that cone is now 86 metres.",Maya is now closer to the cone than before.,Maya is now farther from the cone than before.,Maya is now at the same distance from the cone as before.,22,125,25,9,43,11,10,9,46,11,10,12,57,14,13,97
name_0__obj_cone__num_05__explicit_distance__unchanged__expanded,1.2,closer_farther_initial_conditions,name_0__obj_cone__num_05__expanded,explicit_distance,name_0__obj_cone__num_05__explicit_distance__unchanged,distance_expanded,expanded,explicit_distance_comparison,unchanged,Target3,name_0,Maya,obj_cone,cone,num_05,metres,unit_metres,word,name_0__obj_cone__num_05__explicit_distance__unchanged__expanded,54,54,0,0,True,False,person_relative_to_object,closer_farther_same_distance,"Initially, Maya was 54 metres from a cone that remained stationary. The distance between Maya and that cone is now 54 metres.",Maya is now closer to the cone than before.,Maya is now farther from the cone than before.,Maya is now at the same distance from the cone as before.,22,125,25,9,43,11,10,9,46,11,10,12,57,14,13,98
name_0__obj_cone__num_05__movement_description__closer__compact,1.2,closer_farther_initial_conditions,name_0__obj_cone__num_05__compact,movement_description,name_0__obj_cone__num_05__movement_description__closer,movement_compact,compact,directed_movement_inference,closer,Target1,name_0,Maya,obj_cone,cone,num_05,metres,unit_metres,word,name_0__obj_cone__num_05__movement_description__closer__compact,54,22,-32,32,True,False,person_relative_to_object,closer_farther_same_distance,"Starting 54 metres from a stationary cone, Maya walked 32 metres directly toward it.",Maya is now closer to the cone than before.,Maya is now farther from the cone than before.,Maya is now at the same distance from the cone as before.,14,84,16,9,43,11,10,9,46,11,10,12,57,14,13,99
name_0__obj_cone__num_05__movement_description__farther__compact,1.2,closer_farther_initial_conditions,name_0__obj_cone__num_05__compact,movement_description,name_0__obj_cone__num_05__movement_description__farther,movement_compact,compact,directed_movement_inference,farther,Target2,name_0,Maya,obj_cone,cone,num_05,metres,unit_metres,word,name_0__obj_cone__num_05__movement_description__farther__compact,54,86,32,32,True,False,person_relative_to_object,closer_farther_same_distance,"Starting 54 metres from a stationary cone, Maya walked 32 metres directly away from it.",Maya is now closer to the cone than before.,Maya is now farther from the cone than before.,Maya is now at the same distance from the cone as before.,15,87,17,9,43,11,10,9,46,11,10,12,57,14,13,100
name_0__obj_cone__num_05__movement_description__closer,1.2,closer_farther_initial_conditions,name_0__obj_cone__num_05,movement_description,name_0__obj_cone__num_05__movement_description__closer,movement_standard,standard,directed_movement_inference,closer,Target1,name_0,Maya,obj_cone,cone,num_05,metres,unit_metres,word,name_0__obj_cone__num_05__movement_description__closer,54,22,-32,32,True,False,person_relative_to_object,closer_farther_same_distance,Maya was 54 metres from a stationary cone. Maya walked 32 metres directly toward the cone.,Maya is now closer to the cone than before.,Maya is now farther from the cone than before.,Maya is now at the same distance from the cone as before.,16,90,19,9,43,11,10,9,46,11,10,12,57,14,13,101
name_0__obj_cone__num_05__movement_description__farther,1.2,closer_farther_initial_conditions,name_0__obj_cone__num_05,movement_description,name_0__obj_cone__num_05__movement_description__farther,movement_standard,standard,directed_movement_inference,farther,Target2,name_0,Maya,obj_cone,cone,num_05,metres,unit_metres,word,name_0__obj_cone__num_05__movement_description__farther,54,86,32,32,True,False,person_relative_to_object,closer_farther_same_distance,Maya was 54 metres from a stationary cone. Maya walked 32 metres directly away from the cone.,Maya is now closer to the cone than before.,Maya is now farther from the cone than before.,Maya is now at the same distance from the cone as before.,17,93,20,9,43,11,10,9,46,11,10,12,57,14,13,102
name_0__obj_cone__num_05__movement_description__closer__expanded,1.2,closer_farther_initial_conditions,name_0__obj_cone__num_05__expanded,movement_description,name_0__obj_cone__num_05__movement_description__closer,movement_expanded,expanded,directed_movement_inference,closer,Target1,name_0,Maya,obj_cone,cone,num_05,metres,unit_metres,word,name_0__obj_cone__num_05__movement_description__closer__expanded,54,22,-32,32,True,False,person_relative_to_object,closer_farther_same_distance,"Initially, Maya was 54 metres from a cone that remained stationary. From that starting position, Maya walked 32 metres directly toward the cone.",Maya is now closer to the cone than before.,Maya is now farther from the cone than before.,Maya is now at the same distance from the cone as before.,23,144,27,9,43,11,10,9,46,11,10,12,57,14,13,103
name_0__obj_cone__num_05__movement_description__farther__expanded,1.2,closer_farther_initial_conditions,name_0__obj_cone__num_05__expanded,movement_description,name_0__obj_cone__num_05__movement_description__farther,movement_expanded,expanded,directed_movement_inference,farther,Target2,name_0,Maya,obj_cone,cone,num_05,metres,unit_metres,word,name_0__obj_cone__num_05__movement_description__farther__expanded,54,86,32,32,True,False,person_relative_to_object,closer_farther_same_distance,"Initially, Maya was 54 metres from a cone that remained stationary. From that starting position, Maya walked 32 metres directly away from the cone.",Maya is now closer to the cone than before.,Maya is now farther from the cone than before.,Maya is now at the same distance from the cone as before.,24,147,28,9,43,11,10,9,46,11,10,12,57,14,13,104
name_0__obj_cone__num_05__orientation_control__unchanged__compact,1.2,closer_farther_initial_conditions,name_0__obj_cone__num_05__compact,orientation_control,name_0__obj_cone__num_05__orientation_control__unchanged,orientation_compact,compact,rotation_without_translation_inference,unchanged,Target3,name_0,Maya,obj_cone,cone,num_05,metres,unit_metres,word,name_0__obj_cone__num_05__orientation_control__unchanged__compact,54,54,0,0,True,False,person_relative_to_object,closer_farther_same_distance,"Maya, 54 metres from a stationary cone, turned around in place.",Maya is now closer to the cone than before.,Maya is now farther from the cone than before.,Maya is now at the same distance from the cone as before.,11,63,15,9,43,11,10,9,46,11,10,12,57,14,13,105
name_0__obj_cone__num_05__orientation_control__unchanged,1.2,closer_farther_initial_conditions,name_0__obj_cone__num_05,orientation_control,name_0__obj_cone__num_05__orientation_control__unchanged,orientation_standard,standard,rotation_without_translation_inference,unchanged,Target3,name_0,Maya,obj_cone,cone,num_05,metres,unit_metres,word,name_0__obj_cone__num_05__orientation_control__unchanged,54,54,0,0,True,False,person_relative_to_object,closer_farther_same_distance,Maya was 54 metres from a stationary cone. Maya turned around without changing position.,Maya is now closer to the cone than before.,Maya is now farther from the cone than before.,Maya is now at the same distance from the cone as before.,14,88,17,9,43,11,10,9,46,11,10,12,57,14,13,106
name_0__obj_cone__num_05__orientation_control__unchanged__expanded,1.2,closer_farther_initial_conditions,name_0__obj_cone__num_05__expanded,orientation_control,name_0__obj_cone__num_05__orientation_control__unchanged,orientation_expanded,expanded,rotation_without_translation_inference,unchanged,Target3,name_0,Maya,obj_cone,cone,num_05,metres,unit_metres,word,name_0__obj_cone__num_05__orientation_control__unchanged__expanded,54,54,0,0,True,False,person_relative_to_object,closer_farther_same_distance,"Initially, Maya was 54 metres from a cone that remained stationary. Maya then turned to face the opposite direction, keeping both feet in the same place.",Maya is now closer to the cone than before.,Maya is now farther from the cone than before.,Maya is now at the same distance from the cone as before.,26,153,30,9,43,11,10,9,46,11,10,12,57,14,13,107
name_0__obj_cone__num_06__explicit_distance__closer__compact,1.2,closer_farther_initial_conditions,name_0__obj_cone__num_06__compact,explicit_distance,name_0__obj_cone__num_06__explicit_distance__closer,distance_compact,compact,explicit_distance_comparison,closer,Target1,name_0,Maya,obj_cone,cone,num_06,metres,unit_metres,word,name_0__obj_cone__num_06__explicit_distance__closer__compact,59,49,-10,10,True,False,person_relative_to_object,closer_farther_same_distance,"Maya's distance from the stationary cone: initially 59 metres, now 49 metres.",Maya is now closer to the cone than before.,Maya is now farther from the cone than before.,Maya is now at the same distance from the cone as before.,13,77,17,9,43,11,10,9,46,11,10,12,57,14,13,108
name_0__obj_cone__num_06__explicit_distance__farther__compact,1.2,closer_farther_initial_conditions,name_0__obj_cone__num_06__compact,explicit_distance,name_0__obj_cone__num_06__explicit_distance__farther,distance_compact,compact,explicit_distance_comparison,farther,Target2,name_0,Maya,obj_cone,cone,num_06,metres,unit_metres,word,name_0__obj_cone__num_06__explicit_distance__farther__compact,59,69,10,10,True,False,person_relative_to_object,closer_farther_same_distance,"Maya's distance from the stationary cone: initially 59 metres, now 69 metres.",Maya is now closer to the cone than before.,Maya is now farther from the cone than before.,Maya is now at the same distance from the cone as before.,13,77,17,9,43,11,10,9,46,11,10,12,57,14,13,109
name_0__obj_cone__num_06__explicit_distance__unchanged__compact,1.2,closer_farther_initial_conditions,name_0__obj_cone__num_06__compact,explicit_distance,name_0__obj_cone__num_06__explicit_distance__unchanged,distance_compact,compact,explicit_distance_comparison,unchanged,Target3,name_0,Maya,obj_cone,cone,num_06,metres,unit_metres,word,name_0__obj_cone__num_06__explicit_distance__unchanged__compact,59,59,0,0,True,False,person_relative_to_object,closer_farther_same_distance,"Maya's distance from the stationary cone: initially 59 metres, now 59 metres.",Maya is now closer to the cone than before.,Maya is now farther from the cone than before.,Maya is now at the same distance from the cone as before.,13,77,17,9,43,11,10,9,46,11,10,12,57,14,13,110
name_0__obj_cone__num_06__explicit_distance__closer,1.2,closer_farther_initial_conditions,name_0__obj_cone__num_06,explicit_distance,name_0__obj_cone__num_06__explicit_distance__closer,distance_standard,standard,explicit_distance_comparison,closer,Target1,name_0,Maya,obj_cone,cone,num_06,metres,unit_metres,word,name_0__obj_cone__num_06__explicit_distance__closer,59,49,-10,10,True,False,person_relative_to_object,closer_farther_same_distance,Maya was 59 metres from a stationary cone. Maya is now 49 metres from the cone.,Maya is now closer to the cone than before.,Maya is now farther from the cone than before.,Maya is now at the same distance from the cone as before.,16,79,19,9,43,11,10,9,46,11,10,12,57,14,13,111
name_0__obj_cone__num_06__explicit_distance__farther,1.2,closer_farther_initial_conditions,name_0__obj_cone__num_06,explicit_distance,name_0__obj_cone__num_06__explicit_distance__farther,distance_standard,standard,explicit_distance_comparison,farther,Target2,name_0,Maya,obj_cone,cone,num_06,metres,unit_metres,word,name_0__obj_cone__num_06__explicit_distance__farther,59,69,10,10,True,False,person_relative_to_object,closer_farther_same_distance,Maya was 59 metres from a stationary cone. Maya is now 69 metres from the cone.,Maya is now closer to the cone than before.,Maya is now farther from the cone than before.,Maya is now at the same distance from the cone as before.,16,79,19,9,43,11,10,9,46,11,10,12,57,14,13,112
name_0__obj_cone__num_06__explicit_distance__unchanged,1.2,closer_farther_initial_conditions,name_0__obj_cone__num_06,explicit_distance,name_0__obj_cone__num_06__explicit_distance__unchanged,distance_standard,standard,explicit_distance_comparison,unchanged,Target3,name_0,Maya,obj_cone,cone,num_06,metres,unit_metres,word,name_0__obj_cone__num_06__explicit_distance__unchanged,59,59,0,0,True,False,person_relative_to_object,closer_farther_same_distance,Maya was 59 metres from a stationary cone. Maya is now 59 metres from the cone.,Maya is now closer to the cone than before.,Maya is now farther from the cone than before.,Maya is now at the same distance from the cone as before.,16,79,19,9,43,11,10,9,46,11,10,12,57,14,13,113
name_0__obj_cone__num_06__explicit_distance__closer__expanded,1.2,closer_farther_initial_conditions,name_0__obj_cone__num_06__expanded,explicit_distance,name_0__obj_cone__num_06__explicit_distance__closer,distance_expanded,expanded,explicit_distance_comparison,closer,Target1,name_0,Maya,obj_cone,cone,num_06,metres,unit_metres,word,name_0__obj_cone__num_06__explicit_distance__closer__expanded,59,49,-10,10,True,False,person_relative_to_object,closer_farther_same_distance,"Initially, Maya was 59 metres from a cone that remained stationary. The distance between Maya and that cone is now 49 metres.",Maya is now closer to the cone than before.,Maya is now farther from the cone than before.,Maya is now at the same distance from the cone as before.,22,125,25,9,43,11,10,9,46,11,10,12,57,14,13,114
name_0__obj_cone__num_06__explicit_distance__farther__expanded,1.2,closer_farther_initial_conditions,name_0__obj_cone__num_06__expanded,explicit_distance,name_0__obj_cone__num_06__explicit_distance__farther,distance_expanded,expanded,explicit_distance_comparison,farther,Target2,name_0,Maya,obj_cone,cone,num_06,metres,unit_metres,word,name_0__obj_cone__num_06__explicit_distance__farther__expanded,59,69,10,10,True,False,person_relative_to_object,closer_farther_same_distance,"Initially, Maya was 59 metres from a cone that remained stationary. The distance between Maya and that cone is now 69 metres.",Maya is now closer to the cone than before.,Maya is now farther from the cone than before.,Maya is now at the same distance from the cone as before.,22,125,25,9,43,11,10,9,46,11,10,12,57,14,13,115
name_0__obj_cone__num_06__explicit_distance__unchanged__expanded,1.2,closer_farther_initial_conditions,name_0__obj_cone__num_06__expanded,explicit_distance,name_0__obj_cone__num_06__explicit_distance__unchanged,distance_expanded,expanded,explicit_distance_comparison,unchanged,Target3,name_0,Maya,obj_cone,cone,num_06,metres,unit_metres,word,name_0__obj_cone__num_06__explicit_distance__unchanged__expanded,59,59,0,0,True,False,person_relative_to_object,closer_farther_same_distance,"Initially, Maya was 59 metres from a cone that remained stationary. The distance between Maya and that cone is now 59 metres.",Maya is now closer to the cone than before.,Maya is now farther from the cone than before.,Maya is now at the same distance from the cone as before.,22,125,25,9,43,11,10,9,46,11,10,12,57,14,13,116
name_0__obj_cone__num_06__movement_description__closer__compact,1.2,closer_farther_initial_conditions,name_0__obj_cone__num_06__compact,movement_description,name_0__obj_cone__num_06__movement_description__closer,movement_compact,compact,directed_movement_inference,closer,Target1,name_0,Maya,obj_cone,cone,num_06,metres,unit_metres,word,name_0__obj_cone__num_06__movement_description__closer__compact,59,49,-10,10,True,False,person_relative_to_object,closer_farther_same_distance,"Starting 59 metres from a stationary cone, Maya walked 10 metres directly toward it.",Maya is now closer to the cone than before.,Maya is now farther from the cone than before.,Maya is now at the same distance from the cone as before.,14,84,16,9,43,11,10,9,46,11,10,12,57,14,13,117
name_0__obj_cone__num_06__movement_description__farther__compact,1.2,closer_farther_initial_conditions,name_0__obj_cone__num_06__compact,movement_description,name_0__obj_cone__num_06__movement_description__farther,movement_compact,compact,directed_movement_inference,farther,Target2,name_0,Maya,obj_cone,cone,num_06,metres,unit_metres,word,name_0__obj_cone__num_06__movement_description__farther__compact,59,69,10,10,True,False,person_relative_to_object,closer_farther_same_distance,"Starting 59 metres from a stationary cone, Maya walked 10 metres directly away from it.",Maya is now closer to the cone than before.,Maya is now farther from the cone than before.,Maya is now at the same distance from the cone as before.,15,87,17,9,43,11,10,9,46,11,10,12,57,14,13,118
name_0__obj_cone__num_06__movement_description__closer,1.2,closer_farther_initial_conditions,name_0__obj_cone__num_06,movement_description,name_0__obj_cone__num_06__movement_description__closer,movement_standard,standard,directed_movement_inference,closer,Target1,name_0,Maya,obj_cone,cone,num_06,metres,unit_metres,word,name_0__obj_cone__num_06__movement_description__closer,59,49,-10,10,True,False,person_relative_to_object,closer_farther_same_distance,Maya was 59 metres from a stationary cone. Maya walked 10 metres directly toward the cone.,Maya is now closer to the cone than before.,Maya is now farther from the cone than before.,Maya is now at the same distance from the cone as before.,16,90,19,9,43,11,10,9,46,11,10,12,57,14,13,119
name_0__obj_cone__num_06__movement_description__farther,1.2,closer_farther_initial_conditions,name_0__obj_cone__num_06,movement_description,name_0__obj_cone__num_06__movement_description__farther,movement_standard,standard,directed_movement_inference,farther,Target2,name_0,Maya,obj_cone,cone,num_06,metres,unit_metres,word,name_0__obj_cone__num_06__movement_description__farther,59,69,10,10,True,False,person_relative_to_object,closer_farther_same_distance,Maya was 59 metres from a stationary cone. Maya walked 10 metres directly away from the cone.,Maya is now closer to the cone than before.,Maya is now farther from the cone than before.,Maya is now at the same distance from the cone as before.,17,93,20,9,43,11,10,9,46,11,10,12,57,14,13,120
name_0__obj_cone__num_06__movement_description__closer__expanded,1.2,closer_farther_initial_conditions,name_0__obj_cone__num_06__expanded,movement_description,name_0__obj_cone__num_06__movement_description__closer,movement_expanded,expanded,directed_movement_inference,closer,Target1,name_0,Maya,obj_cone,cone,num_06,metres,unit_metres,word,name_0__obj_cone__num_06__movement_description__closer__expanded,59,49,-10,10,True,False,person_relative_to_object,closer_farther_same_distance,"Initially, Maya was 59 metres from a cone that remained stationary. From that starting position, Maya walked 10 metres directly toward the cone.",Maya is now closer to the cone than before.,Maya is now farther from the cone than before.,Maya is now at the same distance from the cone as before.,23,144,27,9,43,11,10,9,46,11,10,12,57,14,13,121
name_0__obj_cone__num_06__movement_description__farther__expanded,1.2,closer_farther_initial_conditions,name_0__obj_cone__num_06__expanded,movement_description,name_0__obj_cone__num_06__movement_description__farther,movement_expanded,expanded,directed_movement_inference,farther,Target2,name_0,Maya,obj_cone,cone,num_06,metres,unit_metres,word,name_0__obj_cone__num_06__movement_description__farther__expanded,59,69,10,10,True,False,person_relative_to_object,closer_farther_same_distance,"Initially, Maya was 59 metres from a cone that remained stationary. From that starting position, Maya walked 10 metres directly away from the cone.",Maya is now closer to the cone than before.,Maya is now farther from the cone than before.,Maya is now at the same distance from the cone as before.,24,147,28,9,43,11,10,9,46,11,10,12,57,14,13,122
name_0__obj_cone__num_06__orientation_control__unchanged__compact,1.2,closer_farther_initial_conditions,name_0__obj_cone__num_06__compact,orientation_control,name_0__obj_cone__num_06__orientation_control__unchanged,orientation_compact,compact,rotation_without_translation_inference,unchanged,Target3,name_0,Maya,obj_cone,cone,num_06,metres,unit_metres,word,name_0__obj_cone__num_06__orientation_control__unchanged__compact,59,59,0,0,True,False,person_relative_to_object,closer_farther_same_distance,"Maya, 59 metres from a stationary cone, turned around in place.",Maya is now closer to the cone than before.,Maya is now farther from the cone than before.,Maya is now at the same distance from the cone as before.,11,63,15,9,43,11,10,9,46,11,10,12,57,14,13,123
name_0__obj_cone__num_06__orientation_control__unchanged,1.2,closer_farther_initial_conditions,name_0__obj_cone__num_06,orientation_control,name_0__obj_cone__num_06__orientation_control__unchanged,orientation_standard,standard,rotation_without_translation_inference,unchanged,Target3,name_0,Maya,obj_cone,cone,num_06,metres,unit_metres,word,name_0__obj_cone__num_06__orientation_control__unchanged,59,59,0,0,True,False,person_relative_to_object,closer_farther_same_distance,Maya was 59 metres from a stationary cone. Maya turned around without changing position.,Maya is now closer to the cone than before.,Maya is now farther from the cone than before.,Maya is now at the same distance from the cone as before.,14,88,17,9,43,11,10,9,46,11,10,12,57,14,13,124
name_0__obj_cone__num_06__orientation_control__unchanged__expanded,1.2,closer_farther_initial_conditions,name_0__obj_cone__num_06__expanded,orientation_control,name_0__obj_cone__num_06__orientation_control__unchanged,orientation_expanded,expanded,rotation_without_translation_inference,unchanged,Target3,name_0,Maya,obj_cone,cone,num_06,metres,unit_metres,word,name_0__obj_cone__num_06__orientation_control__unchanged__expanded,59,59,0,0,True,False,person_relative_to_object,closer_farther_same_distance,"Initially, Maya was 59 metres from a cone that remained stationary. Maya then turned to face the opposite direction, keeping both feet in the same place.",Maya is now closer to the cone than before.,Maya is now farther from the cone than before.,Maya is now at the same distance from the cone as before.,26,153,30,9,43,11,10,9,46,11,10,12,57,14,13,125
name_0__obj_cone__num_07__explicit_distance__closer__compact,1.2,closer_farther_initial_conditions,name_0__obj_cone__num_07__compact,explicit_distance,name_0__obj_cone__num_07__explicit_distance__closer,distance_compact,compact,explicit_distance_comparison,closer,Target1,name_0,Maya,obj_cone,cone,num_07,metres,unit_metres,word,name_0__obj_cone__num_07__explicit_distance__closer__compact,48,22,-26,26,True,False,person_relative_to_object,closer_farther_same_distance,"Maya's distance from the stationary cone: initially 48 metres, now 22 metres.",Maya is now closer to the cone than before.,Maya is now farther from the cone than before.,Maya is now at the same distance from the cone as before.,13,77,17,9,43,11,10,9,46,11,10,12,57,14,13,126
name_0__obj_cone__num_07__explicit_distance__farther__compact,1.2,closer_farther_initial_conditions,name_0__obj_cone__num_07__compact,explicit_distance,name_0__obj_cone__num_07__explicit_distance__farther,distance_compact,compact,explicit_distance_comparison,farther,Target2,name_0,Maya,obj_cone,cone,num_07,metres,unit_metres,word,name_0__obj_cone__num_07__explicit_distance__farther__compact,48,74,26,26,True,False,person_relative_to_object,closer_farther_same_distance,"Maya's distance from the stationary cone: initially 48 metres, now 74 metres.",Maya is now closer to the cone than before.,Maya is now farther from the cone than before.,Maya is now at the same distance from the cone as before.,13,77,17,9,43,11,10,9,46,11,10,12,57,14,13,127
name_0__obj_cone__num_07__explicit_distance__unchanged__compact,1.2,closer_farther_initial_conditions,name_0__obj_cone__num_07__compact,explicit_distance,name_0__obj_cone__num_07__explicit_distance__unchanged,distance_compact,compact,explicit_distance_comparison,unchanged,Target3,name_0,Maya,obj_cone,cone,num_07,metres,unit_metres,word,name_0__obj_cone__num_07__explicit_distance__unchanged__compact,48,48,0,0,True,False,person_relative_to_object,closer_farther_same_distance,"Maya's distance from the stationary cone: initially 48 metres, now 48 metres.",Maya is now closer to the cone than before.,Maya is now farther from the cone than before.,Maya is now at the same distance from the cone as before.,13,77,17,9,43,11,10,9,46,11,10,12,57,14,13,128
name_0__obj_cone__num_07__explicit_distance__closer,1.2,closer_farther_initial_conditions,name_0__obj_cone__num_07,explicit_distance,name_0__obj_cone__num_07__explicit_distance__closer,distance_standard,standard,explicit_distance_comparison,closer,Target1,name_0,Maya,obj_cone,cone,num_07,metres,unit_metres,word,name_0__obj_cone__num_07__explicit_distance__closer,48,22,-26,26,True,False,person_relative_to_object,closer_farther_same_distance,Maya was 48 metres from a stationary cone. Maya is now 22 metres from the cone.,Maya is now closer to the cone than before.,Maya is now farther from the cone than before.,Maya is now at the same distance from the cone as before.,16,79,19,9,43,11,10,9,46,11,10,12,57,14,13,129
name_0__obj_cone__num_07__explicit_distance__farther,1.2,closer_farther_initial_conditions,name_0__obj_cone__num_07,explicit_distance,name_0__obj_cone__num_07__explicit_distance__farther,distance_standard,standard,explicit_distance_comparison,farther,Target2,name_0,Maya,obj_cone,cone,num_07,metres,unit_metres,word,name_0__obj_cone__num_07__explicit_distance__farther,48,74,26,26,True,False,person_relative_to_object,closer_farther_same_distance,Maya was 48 metres from a stationary cone. Maya is now 74 metres from the cone.,Maya is now closer to the cone than before.,Maya is now farther from the cone than before.,Maya is now at the same distance from the cone as before.,16,79,19,9,43,11,10,9,46,11,10,12,57,14,13,130
name_0__obj_cone__num_07__explicit_distance__unchanged,1.2,closer_farther_initial_conditions,name_0__obj_cone__num_07,explicit_distance,name_0__obj_cone__num_07__explicit_distance__unchanged,distance_standard,standard,explicit_distance_comparison,unchanged,Target3,name_0,Maya,obj_cone,cone,num_07,metres,unit_metres,word,name_0__obj_cone__num_07__explicit_distance__unchanged,48,48,0,0,True,False,person_relative_to_object,closer_farther_same_distance,Maya was 48 metres from a stationary cone. Maya is now 48 metres from the cone.,Maya is now closer to the cone than before.,Maya is now farther from the cone than before.,Maya is now at the same distance from the cone as before.,16,79,19,9,43,11,10,9,46,11,10,12,57,14,13,131
name_0__obj_cone__num_07__explicit_distance__closer__expanded,1.2,closer_farther_initial_conditions,name_0__obj_cone__num_07__expanded,explicit_distance,name_0__obj_cone__num_07__explicit_distance__closer,distance_expanded,expanded,explicit_distance_comparison,closer,Target1,name_0,Maya,obj_cone,cone,num_07,metres,unit_metres,word,name_0__obj_cone__num_07__explicit_distance__closer__expanded,48,22,-26,26,True,False,person_relative_to_object,closer_farther_same_distance,"Initially, Maya was 48 metres from a cone that remained stationary. The distance between Maya and that cone is now 22 metres.",Maya is now closer to the cone than before.,Maya is now farther from the cone than before.,Maya is now at the same distance from the cone as before.,22,125,25,9,43,11,10,9,46,11,10,12,57,14,13,132
name_0__obj_cone__num_07__explicit_distance__farther__expanded,1.2,closer_farther_initial_conditions,name_0__obj_cone__num_07__expanded,explicit_distance,name_0__obj_cone__num_07__explicit_distance__farther,distance_expanded,expanded,explicit_distance_comparison,farther,Target2,name_0,Maya,obj_cone,cone,num_07,metres,unit_metres,word,name_0__obj_cone__num_07__explicit_distance__farther__expanded,48,74,26,26,True,False,person_relative_to_object,closer_farther_same_distance,"Initially, Maya was 48 metres from a cone that remained stationary. The distance between Maya and that cone is now 74 metres.",Maya is now closer to the cone than before.,Maya is now farther from the cone than before.,Maya is now at the same distance from the cone as before.,22,125,25,9,43,11,10,9,46,11,10,12,57,14,13,133
name_0__obj_cone__num_07__explicit_distance__unchanged__expanded,1.2,closer_farther_initial_conditions,name_0__obj_cone__num_07__expanded,explicit_distance,name_0__obj_cone__num_07__explicit_distance__unchanged,distance_expanded,expanded,explicit_distance_comparison,unchanged,Target3,name_0,Maya,obj_cone,cone,num_07,metres,unit_metres,word,name_0__obj_cone__num_07__explicit_distance__unchanged__expanded,48,48,0,0,True,False,person_relative_to_object,closer_farther_same_distance,"Initially, Maya was 48 metres from a cone that remained stationary. The distance between Maya and that cone is now 48 metres.",Maya is now closer to the cone than before.,Maya is now farther from the cone than before.,Maya is now at the same distance from the cone as before.,22,125,25,9,43,11,10,9,46,11,10,12,57,14,13,134
name_0__obj_cone__num_07__movement_description__closer__compact,1.2,closer_farther_initial_conditions,name_0__obj_cone__num_07__compact,movement_description,name_0__obj_cone__num_07__movement_description__closer,movement_compact,compact,directed_movement_inference,closer,Target1,name_0,Maya,obj_cone,cone,num_07,metres,unit_metres,word,name_0__obj_cone__num_07__movement_description__closer__compact,48,22,-26,26,True,False,person_relative_to_object,closer_farther_same_distance,"Starting 48 metres from a stationary cone, Maya walked 26 metres directly toward it.",Maya is now closer to the cone than before.,Maya is now farther from the cone than before.,Maya is now at the same distance from the cone as before.,14,84,16,9,43,11,10,9,46,11,10,12,57,14,13,135
name_0__obj_cone__num_07__movement_description__farther__compact,1.2,closer_farther_initial_conditions,name_0__obj_cone__num_07__compact,movement_description,name_0__obj_cone__num_07__movement_description__farther,movement_compact,compact,directed_movement_inference,farther,Target2,name_0,Maya,obj_cone,cone,num_07,metres,unit_metres,word,name_0__obj_cone__num_07__movement_description__farther__compact,48,74,26,26,True,False,person_relative_to_object,closer_farther_same_distance,"Starting 48 metres from a stationary cone, Maya walked 26 metres directly away from it.",Maya is now closer to the cone than before.,Maya is now farther from the cone than before.,Maya is now at the same distance from the cone as before.,15,87,17,9,43,11,10,9,46,11,10,12,57,14,13,136
name_0__obj_cone__num_07__movement_description__closer,1.2,closer_farther_initial_conditions,name_0__obj_cone__num_07,movement_description,name_0__obj_cone__num_07__movement_description__closer,movement_standard,standard,directed_movement_inference,closer,Target1,name_0,Maya,obj_cone,cone,num_07,metres,unit_metres,word,name_0__obj_cone__num_07__movement_description__closer,48,22,-26,26,True,False,person_relative_to_object,closer_farther_same_distance,Maya was 48 metres from a stationary cone. Maya walked 26 metres directly toward the cone.,Maya is now closer to the cone than before.,Maya is now farther from the cone than before.,Maya is now at the same distance from the cone as before.,16,90,19,9,43,11,10,9,46,11,10,12,57,14,13,137
name_0__obj_cone__num_07__movement_description__farther,1.2,closer_farther_initial_conditions,name_0__obj_cone__num_07,movement_description,name_0__obj_cone__num_07__movement_description__farther,movement_standard,standard,directed_movement_inference,farther,Target2,name_0,Maya,obj_cone,cone,num_07,metres,unit_metres,word,name_0__obj_cone__num_07__movement_description__farther,48,74,26,26,True,False,person_relative_to_object,closer_farther_same_distance,Maya was 48 metres from a stationary cone. Maya walked 26 metres directly away from the cone.,Maya is now closer to the cone than before.,Maya is now farther from the cone than before.,Maya is now at the same distance from the cone as before.,17,93,20,9,43,11,10,9,46,11,10,12,57,14,13,138
name_0__obj_cone__num_07__movement_description__closer__expanded,1.2,closer_farther_initial_conditions,name_0__obj_cone__num_07__expanded,movement_description,name_0__obj_cone__num_07__movement_description__closer,movement_expanded,expanded,directed_movement_inference,closer,Target1,name_0,Maya,obj_cone,cone,num_07,metres,unit_metres,word,name_0__obj_cone__num_07__movement_description__closer__expanded,48,22,-26,26,True,False,person_relative_to_object,closer_farther_same_distance,"Initially, Maya was 48 metres from a cone that remained stationary. From that starting position, Maya walked 26 metres directly toward the cone.",Maya is now closer to the cone than before.,Maya is now farther from the cone than before.,Maya is now at the same distance from the cone as before.,23,144,27,9,43,11,10,9,46,11,10,12,57,14,13,139
name_0__obj_cone__num_07__movement_description__farther__expanded,1.2,closer_farther_initial_conditions,name_0__obj_cone__num_07__expanded,movement_description,name_0__obj_cone__num_07__movement_description__farther,movement_expanded,expanded,directed_movement_inference,farther,Target2,name_0,Maya,obj_cone,cone,num_07,metres,unit_metres,word,name_0__obj_cone__num_07__movement_description__farther__expanded,48,74,26,26,True,False,person_relative_to_object,closer_farther_same_distance,"Initially, Maya was 48 metres from a cone that remained stationary. From that starting position, Maya walked 26 metres directly away from the cone.",Maya is now closer to the cone than before.,Maya is now farther from the cone than before.,Maya is now at the same distance from the cone as before.,24,147,28,9,43,11,10,9,46,11,10,12,57,14,13,140
name_0__obj_cone__num_07__orientation_control__unchanged__compact,1.2,closer_farther_initial_conditions,name_0__obj_cone__num_07__compact,orientation_control,name_0__obj_cone__num_07__orientation_control__unchanged,orientation_compact,compact,rotation_without_translation_inference,unchanged,Target3,name_0,Maya,obj_cone,cone,num_07,metres,unit_metres,word,name_0__obj_cone__num_07__orientation_control__unchanged__compact,48,48,0,0,True,False,person_relative_to_object,closer_farther_same_distance,"Maya, 48 metres from a stationary cone, turned around in place.",Maya is now closer to the cone than before.,Maya is now farther from the cone than before.,Maya is now at the same distance from the cone as before.,11,63,15,9,43,11,10,9,46,11,10,12,57,14,13,141
name_0__obj_cone__num_07__orientation_control__unchanged,1.2,closer_farther_initial_conditions,name_0__obj_cone__num_07,orientation_control,name_0__obj_cone__num_07__orientation_control__unchanged,orientation_standard,standard,rotation_without_translation_inference,unchanged,Target3,name_0,Maya,obj_cone,cone,num_07,metres,unit_metres,word,name_0__obj_cone__num_07__orientation_control__unchanged,48,48,0,0,True,False,person_relative_to_object,closer_farther_same_distance,Maya was 48 metres from a stationary cone. Maya turned around without changing position.,Maya is now closer to the cone than before.,Maya is now farther from the cone than before.,Maya is now at the same distance from the cone as before.,14,88,17,9,43,11,10,9,46,11,10,12,57,14,13,142
name_0__obj_cone__num_07__orientation_control__unchanged__expanded,1.2,closer_farther_initial_conditions,name_0__obj_cone__num_07__expanded,orientation_control,name_0__obj_cone__num_07__orientation_control__unchanged,orientation_expanded,expanded,rotation_without_translation_inference,unchanged,Target3,name_0,Maya,obj_cone,cone,num_07,metres,unit_metres,word,name_0__obj_cone__num_07__orientation_control__unchanged__expanded,48,48,0,0,True,False,person_relative_to_object,closer_farther_same_distance,"Initially, Maya was 48 metres from a cone that remained stationary. Maya then turned to face the opposite direction, keeping both feet in the same place.",Maya is now closer to the cone than before.,Maya is now farther from the cone than before.,Maya is now at the same distance from the cone as before.,26,153,30,9,43,11,10,9,46,11,10,12,57,14,13,143
name_0__obj_cone__num_08__explicit_distance__closer__compact,1.2,closer_farther_initial_conditions,name_0__obj_cone__num_08__compact,explicit_distance,name_0__obj_cone__num_08__explicit_distance__closer,distance_compact,compact,explicit_distance_comparison,closer,Target1,name_0,Maya,obj_cone,cone,num_08,metres,unit_metres,word,name_0__obj_cone__num_08__explicit_distance__closer__compact,12,4,-8,8,True,False,person_relative_to_object,closer_farther_same_distance,"Maya's distance from the stationary cone: initially 12 metres, now 4 metres.",Maya is now closer to the cone than before.,Maya is now farther from the cone than before.,Maya is now at the same distance from the cone as before.,13,76,17,9,43,11,10,9,46,11,10,12,57,14,13,144
name_0__obj_cone__num_08__explicit_distance__farther__compact,1.2,closer_farther_initial_conditions,name_0__obj_cone__num_08__compact,explicit_distance,name_0__obj_cone__num_08__explicit_distance__farther,distance_compact,compact,explicit_distance_comparison,farther,Target2,name_0,Maya,obj_cone,cone,num_08,metres,unit_metres,word,name_0__obj_cone__num_08__explicit_distance__farther__compact,12,20,8,8,True,False,person_relative_to_object,closer_farther_same_distance,"Maya's distance from the stationary cone: initially 12 metres, now 20 metres.",Maya is now closer to the cone than before.,Maya is now farther from the cone than before.,Maya is now at the same distance from the cone as before.,13,77,17,9,43,11,10,9,46,11,10,12,57,14,13,145
name_0__obj_cone__num_08__explicit_distance__unchanged__compact,1.2,closer_farther_initial_conditions,name_0__obj_cone__num_08__compact,explicit_distance,name_0__obj_cone__num_08__explicit_distance__unchanged,distance_compact,compact,explicit_distance_comparison,unchanged,Target3,name_0,Maya,obj_cone,cone,num_08,metres,unit_metres,word,name_0__obj_cone__num_08__explicit_distance__unchanged__compact,12,12,0,0,True,False,person_relative_to_object,closer_farther_same_distance,"Maya's distance from the stationary cone: initially 12 metres, now 12 metres.",Maya is now closer to the cone than before.,Maya is now farther from the cone than before.,Maya is now at the same distance from the cone as before.,13,77,17,9,43,11,10,9,46,11,10,12,57,14,13,146
name_0__obj_cone__num_08__explicit_distance__closer,1.2,closer_farther_initial_conditions,name_0__obj_cone__num_08,explicit_distance,name_0__obj_cone__num_08__explicit_distance__closer,distance_standard,standard,explicit_distance_comparison,closer,Target1,name_0,Maya,obj_cone,cone,num_08,metres,unit_metres,word,name_0__obj_cone__num_08__explicit_distance__closer,12,4,-8,8,True,False,person_relative_to_object,closer_farther_same_distance,Maya was 12 metres from a stationary cone. Maya is now 4 metres from the cone.,Maya is now closer to the cone than before.,Maya is now farther from the cone than before.,Maya is now at the same distance from the cone as before.,16,78,19,9,43,11,10,9,46,11,10,12,57,14,13,147
name_0__obj_cone__num_08__explicit_distance__farther,1.2,closer_farther_initial_conditions,name_0__obj_cone__num_08,explicit_distance,name_0__obj_cone__num_08__explicit_distance__farther,distance_standard,standard,explicit_distance_comparison,farther,Target2,name_0,Maya,obj_cone,cone,num_08,metres,unit_metres,word,name_0__obj_cone__num_08__explicit_distance__farther,12,20,8,8,True,False,person_relative_to_object,closer_farther_same_distance,Maya was 12 metres from a stationary cone. Maya is now 20 metres from the cone.,Maya is now closer to the cone than before.,Maya is now farther from the cone than before.,Maya is now at the same distance from the cone as before.,16,79,19,9,43,11,10,9,46,11,10,12,57,14,13,148
name_0__obj_cone__num_08__explicit_distance__unchanged,1.2,closer_farther_initial_conditions,name_0__obj_cone__num_08,explicit_distance,name_0__obj_cone__num_08__explicit_distance__unchanged,distance_standard,standard,explicit_distance_comparison,unchanged,Target3,name_0,Maya,obj_cone,cone,num_08,metres,unit_metres,word,name_0__obj_cone__num_08__explicit_distance__unchanged,12,12,0,0,True,False,person_relative_to_object,closer_farther_same_distance,Maya was 12 metres from a stationary cone. Maya is now 12 metres from the cone.,Maya is now closer to the cone than before.,Maya is now farther from the cone than before.,Maya is now at the same distance from the cone as before.,16,79,19,9,43,11,10,9,46,11,10,12,57,14,13,149
name_0__obj_cone__num_08__explicit_distance__closer__expanded,1.2,closer_farther_initial_conditions,name_0__obj_cone__num_08__expanded,explicit_distance,name_0__obj_cone__num_08__explicit_distance__closer,distance_expanded,expanded,explicit_distance_comparison,closer,Target1,name_0,Maya,obj_cone,cone,num_08,metres,unit_metres,word,name_0__obj_cone__num_08__explicit_distance__closer__expanded,12,4,-8,8,True,False,person_relative_to_object,closer_farther_same_distance,"Initially, Maya was 12 metres from a cone that remained stationary. The distance between Maya and that cone is now 4 metres.",Maya is now closer to the cone than before.,Maya is now farther from the cone than before.,Maya is now at the same distance from the cone as before.,22,124,25,9,43,11,10,9,46,11,10,12,57,14,13,150
name_0__obj_cone__num_08__explicit_distance__farther__expanded,1.2,closer_farther_initial_conditions,name_0__obj_cone__num_08__expanded,explicit_distance,name_0__obj_cone__num_08__explicit_distance__farther,distance_expanded,expanded,explicit_distance_comparison,farther,Target2,name_0,Maya,obj_cone,cone,num_08,metres,unit_metres,word,name_0__obj_cone__num_08__explicit_distance__farther__expanded,12,20,8,8,True,False,person_relative_to_object,closer_farther_same_distance,"Initially, Maya was 12 metres from a cone that remained stationary. The distance between Maya and that cone is now 20 metres.",Maya is now closer to the cone than before.,Maya is now farther from the cone than before.,Maya is now at the same distance from the cone as before.,22,125,25,9,43,11,10,9,46,11,10,12,57,14,13,151
name_0__obj_cone__num_08__explicit_distance__unchanged__expanded,1.2,closer_farther_initial_conditions,name_0__obj_cone__num_08__expanded,explicit_distance,name_0__obj_cone__num_08__explicit_distance__unchanged,distance_expanded,expanded,explicit_distance_comparison,unchanged,Target3,name_0,Maya,obj_cone,cone,num_08,metres,unit_metres,word,name_0__obj_cone__num_08__explicit_distance__unchanged__expanded,12,12,0,0,True,False,person_relative_to_object,closer_farther_same_distance,"Initially, Maya was 12 metres from a cone that remained stationary. The distance between Maya and that cone is now 12 metres.",Maya is now closer to the cone than before.,Maya is now farther from the cone than before.,Maya is now at the same distance from the cone as before.,22,125,25,9,43,11,10,9,46,11,10,12,57,14,13,152
name_0__obj_cone__num_08__movement_description__closer__compact,1.2,closer_farther_initial_conditions,name_0__obj_cone__num_08__compact,movement_description,name_0__obj_cone__num_08__movement_description__closer,movement_compact,compact,directed_movement_inference,closer,Target1,name_0,Maya,obj_cone,cone,num_08,metres,unit_metres,word,name_0__obj_cone__num_08__movement_description__closer__compact,12,4,-8,8,True,False,person_relative_to_object,closer_farther_same_distance,"Starting 12 metres from a stationary cone, Maya walked 8 metres directly toward it.",Maya is now closer to the cone than before.,Maya is now farther from the cone than before.,Maya is now at the same distance from the cone as before.,14,83,16,9,43,11,10,9,46,11,10,12,57,14,13,153
name_0__obj_cone__num_08__movement_description__farther__compact,1.2,closer_farther_initial_conditions,name_0__obj_cone__num_08__compact,movement_description,name_0__obj_cone__num_08__movement_description__farther,movement_compact,compact,directed_movement_inference,farther,Target2,name_0,Maya,obj_cone,cone,num_08,metres,unit_metres,word,name_0__obj_cone__num_08__movement_description__farther__compact,12,20,8,8,True,False,person_relative_to_object,closer_farther_same_distance,"Starting 12 metres from a stationary cone, Maya walked 8 metres directly away from it.",Maya is now closer to the cone than before.,Maya is now farther from the cone than before.,Maya is now at the same distance from the cone as before.,15,86,17,9,43,11,10,9,46,11,10,12,57,14,13,154
name_0__obj_cone__num_08__movement_description__closer,1.2,closer_farther_initial_conditions,name_0__obj_cone__num_08,movement_description,name_0__obj_cone__num_08__movement_description__closer,movement_standard,standard,directed_movement_inference,closer,Target1,name_0,Maya,obj_cone,cone,num_08,metres,unit_metres,word,name_0__obj_cone__num_08__movement_description__closer,12,4,-8,8,True,False,person_relative_to_object,closer_farther_same_distance,Maya was 12 metres from a stationary cone. Maya walked 8 metres directly toward the cone.,Maya is now closer to the cone than before.,Maya is now farther from the cone than before.,Maya is now at the same distance from the cone as before.,16,89,19,9,43,11,10,9,46,11,10,12,57,14,13,155
name_0__obj_cone__num_08__movement_description__farther,1.2,closer_farther_initial_conditions,name_0__obj_cone__num_08,movement_description,name_0__obj_cone__num_08__movement_description__farther,movement_standard,standard,directed_movement_inference,farther,Target2,name_0,Maya,obj_cone,cone,num_08,metres,unit_metres,word,name_0__obj_cone__num_08__movement_description__farther,12,20,8,8,True,False,person_relative_to_object,closer_farther_same_distance,Maya was 12 metres from a stationary cone. Maya walked 8 metres directly away from the cone.,Maya is now closer to the cone than before.,Maya is now farther from the cone than before.,Maya is now at the same distance from the cone as before.,17,92,20,9,43,11,10,9,46,11,10,12,57,14,13,156
name_0__obj_cone__num_08__movement_description__closer__expanded,1.2,closer_farther_initial_conditions,name_0__obj_cone__num_08__expanded,movement_description,name_0__obj_cone__num_08__movement_description__closer,movement_expanded,expanded,directed_movement_inference,closer,Target1,name_0,Maya,obj_cone,cone,num_08,metres,unit_metres,word,name_0__obj_cone__num_08__movement_description__closer__expanded,12,4,-8,8,True,False,person_relative_to_object,closer_farther_same_distance,"Initially, Maya was 12 metres from a cone that remained stationary. From that starting position, Maya walked 8 metres directly toward the cone.",Maya is now closer to the cone than before.,Maya is now farther from the cone than before.,Maya is now at the same distance from the cone as before.,23,143,27,9,43,11,10,9,46,11,10,12,57,14,13,157
name_0__obj_cone__num_08__movement_description__farther__expanded,1.2,closer_farther_initial_conditions,name_0__obj_cone__num_08__expanded,movement_description,name_0__obj_cone__num_08__movement_description__farther,movement_expanded,expanded,directed_movement_inference,farther,Target2,name_0,Maya,obj_cone,cone,num_08,metres,unit_metres,word,name_0__obj_cone__num_08__movement_description__farther__expanded,12,20,8,8,True,False,person_relative_to_object,closer_farther_same_distance,"Initially, Maya was 12 metres from a cone that remained stationary. From that starting position, Maya walked 8 metres directly away from the cone.",Maya is now closer to the cone than before.,Maya is now farther from the cone than before.,Maya is now at the same distance from the cone as before.,24,146,28,9,43,11,10,9,46,11,10,12,57,14,13,158
name_0__obj_cone__num_08__orientation_control__unchanged__compact,1.2,closer_farther_initial_conditions,name_0__obj_cone__num_08__compact,orientation_control,name_0__obj_cone__num_08__orientation_control__unchanged,orientation_compact,compact,rotation_without_translation_inference,unchanged,Target3,name_0,Maya,obj_cone,cone,num_08,metres,unit_metres,word,name_0__obj_cone__num_08__orientation_control__unchanged__compact,12,12,0,0,True,False,person_relative_to_object,closer_farther_same_distance,"Maya, 12 metres from a stationary cone, turned around in place.",Maya is now closer to the cone than before.,Maya is now farther from the cone than before.,Maya is now at the same distance from the cone as before.,11,63,15,9,43,11,10,9,46,11,10,12,57,14,13,159
name_0__obj_cone__num_08__orientation_control__unchanged,1.2,closer_farther_initial_conditions,name_0__obj_cone__num_08,orientation_control,name_0__obj_cone__num_08__orientation_control__unchanged,orientation_standard,standard,rotation_without_translation_inference,unchanged,Target3,name_0,Maya,obj_cone,cone,num_08,metres,unit_metres,word,name_0__obj_cone__num_08__orientation_control__unchanged,12,12,0,0,True,False,person_relative_to_object,closer_farther_same_distance,Maya was 12 metres from a stationary cone. Maya turned around without changing position.,Maya is now closer to the cone than before.,Maya is now farther from the cone than before.,Maya is now at the same distance from the cone as before.,14,88,17,9,43,11,10,9,46,11,10,12,57,14,13,160
name_0__obj_cone__num_08__orientation_control__unchanged__expanded,1.2,closer_farther_initial_conditions,name_0__obj_cone__num_08__expanded,orientation_control,name_0__obj_cone__num_08__orientation_control__unchanged,orientation_expanded,expanded,rotation_without_translation_inference,unchanged,Target3,name_0,Maya,obj_cone,cone,num_08,metres,unit_metres,word,name_0__obj_cone__num_08__orientation_control__unchanged__expanded,12,12,0,0,True,False,person_relative_to_object,closer_farther_same_distance,"Initially, Maya was 12 metres from a cone that remained stationary. Maya then turned to face the opposite direction, keeping both feet in the same place.",Maya is now closer to the cone than before.,Maya is now farther from the cone than before.,Maya is now at the same distance from the cone as before.,26,153,30,9,43,11,10,9,46,11,10,12,57,14,13,161
name_0__obj_cone__num_09__explicit_distance__closer__compact,1.2,closer_farther_initial_conditions,name_0__obj_cone__num_09__compact,explicit_distance,name_0__obj_cone__num_09__explicit_distance__closer,distance_compact,compact,explicit_distance_comparison,closer,Target1,name_0,Maya,obj_cone,cone,num_09,metres,unit_metres,word,name_0__obj_cone__num_09__explicit_distance__closer__compact,52,24,-28,28,True,False,person_relative_to_object,closer_farther_same_distance,"Maya's distance from the stationary cone: initially 52 metres, now 24 metres.",Maya is now closer to the cone than before.,Maya is now farther from the cone than before.,Maya is now at the same distance from the cone as before.,13,77,17,9,43,11,10,9,46,11,10,12,57,14,13,162
name_0__obj_cone__num_09__explicit_distance__farther__compact,1.2,closer_farther_initial_conditions,name_0__obj_cone__num_09__compact,explicit_distance,name_0__obj_cone__num_09__explicit_distance__farther,distance_compact,compact,explicit_distance_comparison,farther,Target2,name_0,Maya,obj_cone,cone,num_09,metres,unit_metres,word,name_0__obj_cone__num_09__explicit_distance__farther__compact,52,80,28,28,True,False,person_relative_to_object,closer_farther_same_distance,"Maya's distance from the stationary cone: initially 52 metres, now 80 metres.",Maya is now closer to the cone than before.,Maya is now farther from the cone than before.,Maya is now at the same distance from the cone as before.,13,77,17,9,43,11,10,9,46,11,10,12,57,14,13,163
name_0__obj_cone__num_09__explicit_distance__unchanged__compact,1.2,closer_farther_initial_conditions,name_0__obj_cone__num_09__compact,explicit_distance,name_0__obj_cone__num_09__explicit_distance__unchanged,distance_compact,compact,explicit_distance_comparison,unchanged,Target3,name_0,Maya,obj_cone,cone,num_09,metres,unit_metres,word,name_0__obj_cone__num_09__explicit_distance__unchanged__compact,52,52,0,0,True,False,person_relative_to_object,closer_farther_same_distance,"Maya's distance from the stationary cone: initially 52 metres, now 52 metres.",Maya is now closer to the cone than before.,Maya is now farther from the cone than before.,Maya is now at the same distance from the cone as before.,13,77,17,9,43,11,10,9,46,11,10,12,57,14,13,164
name_0__obj_cone__num_09__explicit_distance__closer,1.2,closer_farther_initial_conditions,name_0__obj_cone__num_09,explicit_distance,name_0__obj_cone__num_09__explicit_distance__closer,distance_standard,standard,explicit_distance_comparison,closer,Target1,name_0,Maya,obj_cone,cone,num_09,metres,unit_metres,word,name_0__obj_cone__num_09__explicit_distance__closer,52,24,-28,28,True,False,person_relative_to_object,closer_farther_same_distance,Maya was 52 metres from a stationary cone. Maya is now 24 metres from the cone.,Maya is now closer to the cone than before.,Maya is now farther from the cone than before.,Maya is now at the same distance from the cone as before.,16,79,19,9,43,11,10,9,46,11,10,12,57,14,13,165
name_0__obj_cone__num_09__explicit_distance__farther,1.2,closer_farther_initial_conditions,name_0__obj_cone__num_09,explicit_distance,name_0__obj_cone__num_09__explicit_distance__farther,distance_standard,standard,explicit_distance_comparison,farther,Target2,name_0,Maya,obj_cone,cone,num_09,metres,unit_metres,word,name_0__obj_cone__num_09__explicit_distance__farther,52,80,28,28,True,False,person_relative_to_object,closer_farther_same_distance,Maya was 52 metres from a stationary cone. Maya is now 80 metres from the cone.,Maya is now closer to the cone than before.,Maya is now farther from the cone than before.,Maya is now at the same distance from the cone as before.,16,79,19,9,43,11,10,9,46,11,10,12,57,14,13,166
name_0__obj_cone__num_09__explicit_distance__unchanged,1.2,closer_farther_initial_conditions,name_0__obj_cone__num_09,explicit_distance,name_0__obj_cone__num_09__explicit_distance__unchanged,distance_standard,standard,explicit_distance_comparison,unchanged,Target3,name_0,Maya,obj_cone,cone,num_09,metres,unit_metres,word,name_0__obj_cone__num_09__explicit_distance__unchanged,52,52,0,0,True,False,person_relative_to_object,closer_farther_same_distance,Maya was 52 metres from a stationary cone. Maya is now 52 metres from the cone.,Maya is now closer to the cone than before.,Maya is now farther from the cone than before.,Maya is now at the same distance from the cone as before.,16,79,19,9,43,11,10,9,46,11,10,12,57,14,13,167
name_0__obj_cone__num_09__explicit_distance__closer__expanded,1.2,closer_farther_initial_conditions,name_0__obj_cone__num_09__expanded,explicit_distance,name_0__obj_cone__num_09__explicit_distance__closer,distance_expanded,expanded,explicit_distance_comparison,closer,Target1,name_0,Maya,obj_cone,cone,num_09,metres,unit_metres,word,name_0__obj_cone__num_09__explicit_distance__closer__expanded,52,24,-28,28,True,False,person_relative_to_object,closer_farther_same_distance,"Initially, Maya was 52 metres from a cone that remained stationary. The distance between Maya and that cone is now 24 metres.",Maya is now closer to the cone than before.,Maya is now farther from the cone than before.,Maya is now at the same distance from the cone as before.,22,125,25,9,43,11,10,9,46,11,10,12,57,14,13,168
name_0__obj_cone__num_09__explicit_distance__farther__expanded,1.2,closer_farther_initial_conditions,name_0__obj_cone__num_09__expanded,explicit_distance,name_0__obj_cone__num_09__explicit_distance__farther,distance_expanded,expanded,explicit_distance_comparison,farther,Target2,name_0,Maya,obj_cone,cone,num_09,metres,unit_metres,word,name_0__obj_cone__num_09__explicit_distance__farther__expanded,52,80,28,28,True,False,person_relative_to_object,closer_farther_same_distance,"Initially, Maya was 52 metres from a cone that remained stationary. The distance between Maya and that cone is now 80 metres.",Maya is now closer to the cone than before.,Maya is now farther from the cone than before.,Maya is now at the same distance from the cone as before.,22,125,25,9,43,11,10,9,46,11,10,12,57,14,13,169
name_0__obj_cone__num_09__explicit_distance__unchanged__expanded,1.2,closer_farther_initial_conditions,name_0__obj_cone__num_09__expanded,explicit_distance,name_0__obj_cone__num_09__explicit_distance__unchanged,distance_expanded,expanded,explicit_distance_comparison,unchanged,Target3,name_0,Maya,obj_cone,cone,num_09,metres,unit_metres,word,name_0__obj_cone__num_09__explicit_distance__unchanged__expanded,52,52,0,0,True,False,person_relative_to_object,closer_farther_same_distance,"Initially, Maya was 52 metres from a cone that remained stationary. The distance between Maya and that cone is now 52 metres.",Maya is now closer to the cone than before.,Maya is now farther from the cone than before.,Maya is now at the same distance from the cone as before.,22,125,25,9,43,11,10,9,46,11,10,12,57,14,13,170
name_0__obj_cone__num_09__movement_description__closer__compact,1.2,closer_farther_initial_conditions,name_0__obj_cone__num_09__compact,movement_description,name_0__obj_cone__num_09__movement_description__closer,movement_compact,compact,directed_movement_inference,closer,Target1,name_0,Maya,obj_cone,cone,num_09,metres,unit_metres,word,name_0__obj_cone__num_09__movement_description__closer__compact,52,24,-28,28,True,False,person_relative_to_object,closer_farther_same_distance,"Starting 52 metres from a stationary cone, Maya walked 28 metres directly toward it.",Maya is now closer to the cone than before.,Maya is now farther from the cone than before.,Maya is now at the same distance from the cone as before.,14,84,16,9,43,11,10,9,46,11,10,12,57,14,13,171
name_0__obj_cone__num_09__movement_description__farther__compact,1.2,closer_farther_initial_conditions,name_0__obj_cone__num_09__compact,movement_description,name_0__obj_cone__num_09__movement_description__farther,movement_compact,compact,directed_movement_inference,farther,Target2,name_0,Maya,obj_cone,cone,num_09,metres,unit_metres,word,name_0__obj_cone__num_09__movement_description__farther__compact,52,80,28,28,True,False,person_relative_to_object,closer_farther_same_distance,"Starting 52 metres from a stationary cone, Maya walked 28 metres directly away from it.",Maya is now closer to the cone than before.,Maya is now farther from the cone than before.,Maya is now at the same distance from the cone as before.,15,87,17,9,43,11,10,9,46,11,10,12,57,14,13,172
name_0__obj_cone__num_09__movement_description__closer,1.2,closer_farther_initial_conditions,name_0__obj_cone__num_09,movement_description,name_0__obj_cone__num_09__movement_description__closer,movement_standard,standard,directed_movement_inference,closer,Target1,name_0,Maya,obj_cone,cone,num_09,metres,unit_metres,word,name_0__obj_cone__num_09__movement_description__closer,52,24,-28,28,True,False,person_relative_to_object,closer_farther_same_distance,Maya was 52 metres from a stationary cone. Maya walked 28 metres directly toward the cone.,Maya is now closer to the cone than before.,Maya is now farther from the cone than before.,Maya is now at the same distance from the cone as before.,16,90,19,9,43,11,10,9,46,11,10,12,57,14,13,173
name_0__obj_cone__num_09__movement_description__farther,1.2,closer_farther_initial_conditions,name_0__obj_cone__num_09,movement_description,name_0__obj_cone__num_09__movement_description__farther,movement_standard,standard,directed_movement_inference,farther,Target2,name_0,Maya,obj_cone,cone,num_09,metres,unit_metres,word,name_0__obj_cone__num_09__movement_description__farther,52,80,28,28,True,False,person_relative_to_object,closer_farther_same_distance,Maya was 52 metres from a stationary cone. Maya walked 28 metres directly away from the cone.,Maya is now closer to the cone than before.,Maya is now farther from the cone than before.,Maya is now at the same distance from the cone as before.,17,93,20,9,43,11,10,9,46,11,10,12,57,14,13,174
name_0__obj_cone__num_09__movement_description__closer__expanded,1.2,closer_farther_initial_conditions,name_0__obj_cone__num_09__expanded,movement_description,name_0__obj_cone__num_09__movement_description__closer,movement_expanded,expanded,directed_movement_inference,closer,Target1,name_0,Maya,obj_cone,cone,num_09,metres,unit_metres,word,name_0__obj_cone__num_09__movement_description__closer__expanded,52,24,-28,28,True,False,person_relative_to_object,closer_farther_same_distance,"Initially, Maya was 52 metres from a cone that remained stationary. From that starting position, Maya walked 28 metres directly toward the cone.",Maya is now closer to the cone than before.,Maya is now farther from the cone than before.,Maya is now at the same distance from the cone as before.,23,144,27,9,43,11,10,9,46,11,10,12,57,14,13,175
name_0__obj_cone__num_09__movement_description__farther__expanded,1.2,closer_farther_initial_conditions,name_0__obj_cone__num_09__expanded,movement_description,name_0__obj_cone__num_09__movement_description__farther,movement_expanded,expanded,directed_movement_inference,farther,Target2,name_0,Maya,obj_cone,cone,num_09,metres,unit_metres,word,name_0__obj_cone__num_09__movement_description__farther__expanded,52,80,28,28,True,False,person_relative_to_object,closer_farther_same_distance,"Initially, Maya was 52 metres from a cone that remained stationary. From that starting position, Maya walked 28 metres directly away from the cone.",Maya is now closer to the cone than before.,Maya is now farther from the cone than before.,Maya is now at the same distance from the cone as before.,24,147,28,9,43,11,10,9,46,11,10,12,57,14,13,176
name_0__obj_cone__num_09__orientation_control__unchanged__compact,1.2,closer_farther_initial_conditions,name_0__obj_cone__num_09__compact,orientation_control,name_0__obj_cone__num_09__orientation_control__unchanged,orientation_compact,compact,rotation_without_translation_inference,unchanged,Target3,name_0,Maya,obj_cone,cone,num_09,metres,unit_metres,word,name_0__obj_cone__num_09__orientation_control__unchanged__compact,52,52,0,0,True,False,person_relative_to_object,closer_farther_same_distance,"Maya, 52 metres from a stationary cone, turned around in place.",Maya is now closer to the cone than before.,Maya is now farther from the cone than before.,Maya is now at the same distance from the cone as before.,11,63,15,9,43,11,10,9,46,11,10,12,57,14,13,177
name_0__obj_cone__num_09__orientation_control__unchanged,1.2,closer_farther_initial_conditions,name_0__obj_cone__num_09,orientation_control,name_0__obj_cone__num_09__orientation_control__unchanged,orientation_standard,standard,rotation_without_translation_inference,unchanged,Target3,name_0,Maya,obj_cone,cone,num_09,metres,unit_metres,word,name_0__obj_cone__num_09__orientation_control__unchanged,52,52,0,0,True,False,person_relative_to_object,closer_farther_same_distance,Maya was 52 metres from a stationary cone. Maya turned around without changing position.,Maya is now closer to the cone than before.,Maya is now farther from the cone than before.,Maya is now at the same distance from the cone as before.,14,88,17,9,43,11,10,9,46,11,10,12,57,14,13,178
name_0__obj_cone__num_09__orientation_control__unchanged__expanded,1.2,closer_farther_initial_conditions,name_0__obj_cone__num_09__expanded,orientation_control,name_0__obj_cone__num_09__orientation_control__unchanged,orientation_expanded,expanded,rotation_without_translation_inference,unchanged,Target3,name_0,Maya,obj_cone,cone,num_09,metres,unit_metres,word,name_0__obj_cone__num_09__orientation_control__unchanged__expanded,52,52,0,0,True,False,person_relative_to_object,closer_farther_same_distance,"Initially, Maya was 52 metres from a cone that remained stationary. Maya then turned to face the opposite direction, keeping both feet in the same place.",Maya is now closer to the cone than before.,Maya is now farther from the cone than before.,Maya is now at the same distance from the cone as before.,26,153,30,9,43,11,10,9,46,11,10,12,57,14,13,179
name_0__obj_cone__num_10__explicit_distance__closer__compact,1.2,closer_farther_initial_conditions,name_0__obj_cone__num_10__compact,explicit_distance,name_0__obj_cone__num_10__explicit_distance__closer,distance_compact,compact,explicit_distance_comparison,closer,Target1,name_0,Maya,obj_cone,cone,num_10,metres,unit_metres,word,name_0__obj_cone__num_10__explicit_distance__closer__compact,56,48,-8,8,True,False,person_relative_to_object,closer_farther_same_distance,"Maya's distance from the stationary cone: initially 56 metres, now 48 metres.",Maya is now closer to the cone than before.,Maya is now farther from the cone than before.,Maya is now at the same distance from the cone as before.,13,77,17,9,43,11,10,9,46,11,10,12,57,14,13,180
name_0__obj_cone__num_10__explicit_distance__farther__compact,1.2,closer_farther_initial_conditions,name_0__obj_cone__num_10__compact,explicit_distance,name_0__obj_cone__num_10__explicit_distance__farther,distance_compact,compact,explicit_distance_comparison,farther,Target2,name_0,Maya,obj_cone,cone,num_10,metres,unit_metres,word,name_0__obj_cone__num_10__explicit_distance__farther__compact,56,64,8,8,True,False,person_relative_to_object,closer_farther_same_distance,"Maya's distance from the stationary cone: initially 56 metres, now 64 metres.",Maya is now closer to the cone than before.,Maya is now farther from the cone than before.,Maya is now at the same distance from the cone as before.,13,77,17,9,43,11,10,9,46,11,10,12,57,14,13,181
name_0__obj_cone__num_10__explicit_distance__unchanged__compact,1.2,closer_farther_initial_conditions,name_0__obj_cone__num_10__compact,explicit_distance,name_0__obj_cone__num_10__explicit_distance__unchanged,distance_compact,compact,explicit_distance_comparison,unchanged,Target3,name_0,Maya,obj_cone,cone,num_10,metres,unit_metres,word,name_0__obj_cone__num_10__explicit_distance__unchanged__compact,56,56,0,0,True,False,person_relative_to_object,closer_farther_same_distance,"Maya's distance from the stationary cone: initially 56 metres, now 56 metres.",Maya is now closer to the cone than before.,Maya is now farther from the cone than before.,Maya is now at the same distance from the cone as before.,13,77,17,9,43,11,10,9,46,11,10,12,57,14,13,182
name_0__obj_cone__num_10__explicit_distance__closer,1.2,closer_farther_initial_conditions,name_0__obj_cone__num_10,explicit_distance,name_0__obj_cone__num_10__explicit_distance__closer,distance_standard,standard,explicit_distance_comparison,closer,Target1,name_0,Maya,obj_cone,cone,num_10,metres,unit_metres,word,name_0__obj_cone__num_10__explicit_distance__closer,56,48,-8,8,True,False,person_relative_to_object,closer_farther_same_distance,Maya was 56 metres from a stationary cone. Maya is now 48 metres from the cone.,Maya is now closer to the cone than before.,Maya is now farther from the cone than before.,Maya is now at the same distance from the cone as before.,16,79,19,9,43,11,10,9,46,11,10,12,57,14,13,183
name_0__obj_cone__num_10__explicit_distance__farther,1.2,closer_farther_initial_conditions,name_0__obj_cone__num_10,explicit_distance,name_0__obj_cone__num_10__explicit_distance__farther,distance_standard,standard,explicit_distance_comparison,farther,Target2,name_0,Maya,obj_cone,cone,num_10,metres,unit_metres,word,name_0__obj_cone__num_10__explicit_distance__farther,56,64,8,8,True,False,person_relative_to_object,closer_farther_same_distance,Maya was 56 metres from a stationary cone. Maya is now 64 metres from the cone.,Maya is now closer to the cone than before.,Maya is now farther from the cone than before.,Maya is now at the same distance from the cone as before.,16,79,19,9,43,11,10,9,46,11,10,12,57,14,13,184
name_0__obj_cone__num_10__explicit_distance__unchanged,1.2,closer_farther_initial_conditions,name_0__obj_cone__num_10,explicit_distance,name_0__obj_cone__num_10__explicit_distance__unchanged,distance_standard,standard,explicit_distance_comparison,unchanged,Target3,name_0,Maya,obj_cone,cone,num_10,metres,unit_metres,word,name_0__obj_cone__num_10__explicit_distance__unchanged,56,56,0,0,True,False,person_relative_to_object,closer_farther_same_distance,Maya was 56 metres from a stationary cone. Maya is now 56 metres from the cone.,Maya is now closer to the cone than before.,Maya is now farther from the cone than before.,Maya is now at the same distance from the cone as before.,16,79,19,9,43,11,10,9,46,11,10,12,57,14,13,185
name_0__obj_cone__num_10__explicit_distance__closer__expanded,1.2,closer_farther_initial_conditions,name_0__obj_cone__num_10__expanded,explicit_distance,name_0__obj_cone__num_10__explicit_distance__closer,distance_expanded,expanded,explicit_distance_comparison,closer,Target1,name_0,Maya,obj_cone,cone,num_10,metres,unit_metres,word,name_0__obj_cone__num_10__explicit_distance__closer__expanded,56,48,-8,8,True,False,person_relative_to_object,closer_farther_same_distance,"Initially, Maya was 56 metres from a cone that remained stationary. The distance between Maya and that cone is now 48 metres.",Maya is now closer to the cone than before.,Maya is now farther from the cone than before.,Maya is now at the same distance from the cone as before.,22,125,25,9,43,11,10,9,46,11,10,12,57,14,13,186
name_0__obj_cone__num_10__explicit_distance__farther__expanded,1.2,closer_farther_initial_conditions,name_0__obj_cone__num_10__expanded,explicit_distance,name_0__obj_cone__num_10__explicit_distance__farther,distance_expanded,expanded,explicit_distance_comparison,farther,Target2,name_0,Maya,obj_cone,cone,num_10,metres,unit_metres,word,name_0__obj_cone__num_10__explicit_distance__farther__expanded,56,64,8,8,True,False,person_relative_to_object,closer_farther_same_distance,"Initially, Maya was 56 metres from a cone that remained stationary. The distance between Maya and that cone is now 64 metres.",Maya is now closer to the cone than before.,Maya is now farther from the cone than before.,Maya is now at the same distance from the cone as before.,22,125,25,9,43,11,10,9,46,11,10,12,57,14,13,187
name_0__obj_cone__num_10__explicit_distance__unchanged__expanded,1.2,closer_farther_initial_conditions,name_0__obj_cone__num_10__expanded,explicit_distance,name_0__obj_cone__num_10__explicit_distance__unchanged,distance_expanded,expanded,explicit_distance_comparison,unchanged,Target3,name_0,Maya,obj_cone,cone,num_10,metres,unit_metres,word,name_0__obj_cone__num_10__explicit_distance__unchanged__expanded,56,56,0,0,True,False,person_relative_to_object,closer_farther_same_distance,"Initially, Maya was 56 metres from a cone that remained stationary. The distance between Maya and that cone is now 56 metres.",Maya is now closer to the cone than before.,Maya is now farther from the cone than before.,Maya is now at the same distance from the cone as before.,22,125,25,9,43,11,10,9,46,11,10,12,57,14,13,188
name_0__obj_cone__num_10__movement_description__closer__compact,1.2,closer_farther_initial_conditions,name_0__obj_cone__num_10__compact,movement_description,name_0__obj_cone__num_10__movement_description__closer,movement_compact,compact,directed_movement_inference,closer,Target1,name_0,Maya,obj_cone,cone,num_10,metres,unit_metres,word,name_0__obj_cone__num_10__movement_description__closer__compact,56,48,-8,8,True,False,person_relative_to_object,closer_farther_same_distance,"Starting 56 metres from a stationary cone, Maya walked 8 metres directly toward it.",Maya is now closer to the cone than before.,Maya is now farther from the cone than before.,Maya is now at the same distance from the cone as before.,14,83,16,9,43,11,10,9,46,11,10,12,57,14,13,189
name_0__obj_cone__num_10__movement_description__farther__compact,1.2,closer_farther_initial_conditions,name_0__obj_cone__num_10__compact,movement_description,name_0__obj_cone__num_10__movement_description__farther,movement_compact,compact,directed_movement_inference,farther,Target2,name_0,Maya,obj_cone,cone,num_10,metres,unit_metres,word,name_0__obj_cone__num_10__movement_description__farther__compact,56,64,8,8,True,False,person_relative_to_object,closer_farther_same_distance,"Starting 56 metres from a stationary cone, Maya walked 8 metres directly away from it.",Maya is now closer to the cone than before.,Maya is now farther from the cone than before.,Maya is now at the same distance from the cone as before.,15,86,17,9,43,11,10,9,46,11,10,12,57,14,13,190
name_0__obj_cone__num_10__movement_description__closer,1.2,closer_farther_initial_conditions,name_0__obj_cone__num_10,movement_description,name_0__obj_cone__num_10__movement_description__closer,movement_standard,standard,directed_movement_inference,closer,Target1,name_0,Maya,obj_cone,cone,num_10,metres,unit_metres,word,name_0__obj_cone__num_10__movement_description__closer,56,48,-8,8,True,False,person_relative_to_object,closer_farther_same_distance,Maya was 56 metres from a stationary cone. Maya walked 8 metres directly toward the cone.,Maya is now closer to the cone than before.,Maya is now farther from the cone than before.,Maya is now at the same distance from the cone as before.,16,89,19,9,43,11,10,9,46,11,10,12,57,14,13,191
name_0__obj_cone__num_10__movement_description__farther,1.2,closer_farther_initial_conditions,name_0__obj_cone__num_10,movement_description,name_0__obj_cone__num_10__movement_description__farther,movement_standard,standard,directed_movement_inference,farther,Target2,name_0,Maya,obj_cone,cone,num_10,metres,unit_metres,word,name_0__obj_cone__num_10__movement_description__farther,56,64,8,8,True,False,person_relative_to_object,closer_farther_same_distance,Maya was 56 metres from a stationary cone. Maya walked 8 metres directly away from the cone.,Maya is now closer to the cone than before.,Maya is now farther from the cone than before.,Maya is now at the same distance from the cone as before.,17,92,20,9,43,11,10,9,46,11,10,12,57,14,13,192
name_0__obj_cone__num_10__movement_description__closer__expanded,1.2,closer_farther_initial_conditions,name_0__obj_cone__num_10__expanded,movement_description,name_0__obj_cone__num_10__movement_description__closer,movement_expanded,expanded,directed_movement_inference,closer,Target1,name_0,Maya,obj_cone,cone,num_10,metres,unit_metres,word,name_0__obj_cone__num_10__movement_description__closer__expanded,56,48,-8,8,True,False,person_relative_to_object,closer_farther_same_distance,"Initially, Maya was 56 metres from a cone that remained stationary. From that starting position, Maya walked 8 metres directly toward the cone.",Maya is now closer to the cone than before.,Maya is now farther from the cone than before.,Maya is now at the same distance from the cone as before.,23,143,27,9,43,11,10,9,46,11,10,12,57,14,13,193
name_0__obj_cone__num_10__movement_description__farther__expanded,1.2,closer_farther_initial_conditions,name_0__obj_cone__num_10__expanded,movement_description,name_0__obj_cone__num_10__movement_description__farther,movement_expanded,expanded,directed_movement_inference,farther,Target2,name_0,Maya,obj_cone,cone,num_10,metres,unit_metres,word,name_0__obj_cone__num_10__movement_description__farther__expanded,56,64,8,8,True,False,person_relative_to_object,closer_farther_same_distance,"Initially, Maya was 56 metres from a cone that remained stationary. From that starting position, Maya walked 8 metres directly away from the cone.",Maya is now closer to the cone than before.,Maya is now farther from the cone than before.,Maya is now at the same distance from the cone as before.,24,146,28,9,43,11,10,9,46,11,10,12,57,14,13,194
name_0__obj_cone__num_10__orientation_control__unchanged__compact,1.2,closer_farther_initial_conditions,name_0__obj_cone__num_10__compact,orientation_control,name_0__obj_cone__num_10__orientation_control__unchanged,orientation_compact,compact,rotation_without_translation_inference,unchanged,Target3,name_0,Maya,obj_cone,cone,num_10,metres,unit_metres,word,name_0__obj_cone__num_10__orientation_control__unchanged__compact,56,56,0,0,True,False,person_relative_to_object,closer_farther_same_distance,"Maya, 56 metres from a stationary cone, turned around in place.",Maya is now closer to the cone than before.,Maya is now farther from the cone than before.,Maya is now at the same distance from the cone as before.,11,63,15,9,43,11,10,9,46,11,10,12,57,14,13,195
name_0__obj_cone__num_10__orientation_control__unchanged,1.2,closer_farther_initial_conditions,name_0__obj_cone__num_10,orientation_control,name_0__obj_cone__num_10__orientation_control__unchanged,orientation_standard,standard,rotation_without_translation_inference,unchanged,Target3,name_0,Maya,obj_cone,cone,num_10,metres,unit_metres,word,name_0__obj_cone__num_10__orientation_control__unchanged,56,56,0,0,True,False,person_relative_to_object,closer_farther_same_distance,Maya was 56 metres from a stationary cone. Maya turned around without changing position.,Maya is now closer to the cone than before.,Maya is now farther from the cone than before.,Maya is now at the same distance from the cone as before.,14,88,17,9,43,11,10,9,46,11,10,12,57,14,13,196
name_0__obj_cone__num_10__orientation_control__unchanged__expanded,1.2,closer_farther_initial_conditions,name_0__obj_cone__num_10__expanded,orientation_control,name_0__obj_cone__num_10__orientation_control__unchanged,orientation_expanded,expanded,rotation_without_translation_inference,unchanged,Target3,name_0,Maya,obj_cone,cone,num_10,metres,unit_metres,word,name_0__obj_cone__num_10__orientation_control__unchanged__expanded,56,56,0,0,True,False,person_relative_to_object,closer_farther_same_distance,"Initially, Maya was 56 metres from a cone that remained stationary. Maya then turned to face the opposite direction, keeping both feet in the same place.",Maya is now closer to the cone than before.,Maya is now farther from the cone than before.,Maya is now at the same distance from the cone as before.,26,153,30,9,43,11,10,9,46,11,10,12,57,14,13,197
name_0__obj_cone__num_11__explicit_distance__closer__compact,1.2,closer_farther_initial_conditions,name_0__obj_cone__num_11__compact,explicit_distance,name_0__obj_cone__num_11__explicit_distance__closer,distance_compact,compact,explicit_distance_comparison,closer,Target1,name_0,Maya,obj_cone,cone,num_11,metres,unit_metres,word,name_0__obj_cone__num_11__explicit_distance__closer__compact,32,9,-23,23,True,False,person_relative_to_object,closer_farther_same_distance,"Maya's distance from the stationary cone: initially 32 metres, now 9 metres.",Maya is now closer to the cone than before.,Maya is now farther from the cone than before.,Maya is now at the same distance from the cone as before.,13,76,17,9,43,11,10,9,46,11,10,12,57,14,13,198
name_0__obj_cone__num_11__explicit_distance__farther__compact,1.2,closer_farther_initial_conditions,name_0__obj_cone__num_11__compact,explicit_distance,name_0__obj_cone__num_11__explicit_distance__farther,distance_compact,compact,explicit_distance_comparison,farther,Target2,name_0,Maya,obj_cone,cone,num_11,metres,unit_metres,word,name_0__obj_cone__num_11__explicit_distance__farther__compact,32,55,23,23,True,False,person_relative_to_object,closer_farther_same_distance,"Maya's distance from the stationary cone: initially 32 metres, now 55 metres.",Maya is now closer to the cone than before.,Maya is now farther from the cone than before.,Maya is now at the same distance from the cone as before.,13,77,17,9,43,11,10,9,46,11,10,12,57,14,13,199
name_0__obj_cone__num_11__explicit_distance__unchanged__compact,1.2,closer_farther_initial_conditions,name_0__obj_cone__num_11__compact,explicit_distance,name_0__obj_cone__num_11__explicit_distance__unchanged,distance_compact,compact,explicit_distance_comparison,unchanged,Target3,name_0,Maya,obj_cone,cone,num_11,metres,unit_metres,word,name_0__obj_cone__num_11__explicit_distance__unchanged__compact,32,32,0,0,True,False,person_relative_to_object,closer_farther_same_distance,"Maya's distance from the stationary cone: initially 32 metres, now 32 metres.",Maya is now closer to the cone than before.,Maya is now farther from the cone than before.,Maya is now at the same distance from the cone as before.,13,77,17,9,43,11,10,9,46,11,10,12,57,14,13,200
name_0__obj_cone__num_11__explicit_distance__closer,1.2,closer_farther_initial_conditions,name_0__obj_cone__num_11,explicit_distance,name_0__obj_cone__num_11__explicit_distance__closer,distance_standard,standard,explicit_distance_comparison,closer,Target1,name_0,Maya,obj_cone,cone,num_11,metres,unit_metres,word,name_0__obj_cone__num_11__explicit_distance__closer,32,9,-23,23,True,False,person_relative_to_object,closer_farther_same_distance,Maya was 32 metres from a stationary cone. Maya is now 9 metres from the cone.,Maya is now closer to the cone than before.,Maya is now farther from the cone than before.,Maya is now at the same distance from the cone as before.,16,78,19,9,43,11,10,9,46,11,10,12,57,14,13,201
name_0__obj_cone__num_11__explicit_distance__farther,1.2,closer_farther_initial_conditions,name_0__obj_cone__num_11,explicit_distance,name_0__obj_cone__num_11__explicit_distance__farther,distance_standard,standard,explicit_distance_comparison,farther,Target2,name_0,Maya,obj_cone,cone,num_11,metres,unit_metres,word,name_0__obj_cone__num_11__explicit_distance__farther,32,55,23,23,True,False,person_relative_to_object,closer_farther_same_distance,Maya was 32 metres from a stationary cone. Maya is now 55 metres from the cone.,Maya is now closer to the cone than before.,Maya is now farther from the cone than before.,Maya is now at the same distance from the cone as before.,16,79,19,9,43,11,10,9,46,11,10,12,57,14,13,202
name_0__obj_cone__num_11__explicit_distance__unchanged,1.2,closer_farther_initial_conditions,name_0__obj_cone__num_11,explicit_distance,name_0__obj_cone__num_11__explicit_distance__unchanged,distance_standard,standard,explicit_distance_comparison,unchanged,Target3,name_0,Maya,obj_cone,cone,num_11,metres,unit_metres,word,name_0__obj_cone__num_11__explicit_distance__unchanged,32,32,0,0,True,False,person_relative_to_object,closer_farther_same_distance,Maya was 32 metres from a stationary cone. Maya is now 32 metres from the cone.,Maya is now closer to the cone than before.,Maya is now farther from the cone than before.,Maya is now at the same distance from the cone as before.,16,79,19,9,43,11,10,9,46,11,10,12,57,14,13,203
name_0__obj_cone__num_11__explicit_distance__closer__expanded,1.2,closer_farther_initial_conditions,name_0__obj_cone__num_11__expanded,explicit_distance,name_0__obj_cone__num_11__explicit_distance__closer,distance_expanded,expanded,explicit_distance_comparison,closer,Target1,name_0,Maya,obj_cone,cone,num_11,metres,unit_metres,word,name_0__obj_cone__num_11__explicit_distance__closer__expanded,32,9,-23,23,True,False,person_relative_to_object,closer_farther_same_distance,"Initially, Maya was 32 metres from a cone that remained stationary. The distance between Maya and that cone is now 9 metres.",Maya is now closer to the cone than before.,Maya is now farther from the cone than before.,Maya is now at the same distance from the cone as before.,22,124,25,9,43,11,10,9,46,11,10,12,57,14,13,204
name_0__obj_cone__num_11__explicit_distance__farther__expanded,1.2,closer_farther_initial_conditions,name_0__obj_cone__num_11__expanded,explicit_distance,name_0__obj_cone__num_11__explicit_distance__farther,distance_expanded,expanded,explicit_distance_comparison,farther,Target2,name_0,Maya,obj_cone,cone,num_11,metres,unit_metres,word,name_0__obj_cone__num_11__explicit_distance__farther__expanded,32,55,23,23,True,False,person_relative_to_object,closer_farther_same_distance,"Initially, Maya was 32 metres from a cone that remained stationary. The distance between Maya and that cone is now 55 metres.",Maya is now closer to the cone than before.,Maya is now farther from the cone than before.,Maya is now at the same distance from the cone as before.,22,125,25,9,43,11,10,9,46,11,10,12,57,14,13,205
name_0__obj_cone__num_11__explicit_distance__unchanged__expanded,1.2,closer_farther_initial_conditions,name_0__obj_cone__num_11__expanded,explicit_distance,name_0__obj_cone__num_11__explicit_distance__unchanged,distance_expanded,expanded,explicit_distance_comparison,unchanged,Target3,name_0,Maya,obj_cone,cone,num_11,metres,unit_metres,word,name_0__obj_cone__num_11__explicit_distance__unchanged__expanded,32,32,0,0,True,False,person_relative_to_object,closer_farther_same_distance,"Initially, Maya was 32 metres from a cone that remained stationary. The distance between Maya and that cone is now 32 metres.",Maya is now closer to the cone than before.,Maya is now farther from the cone than before.,Maya is now at the same distance from the cone as before.,22,125,25,9,43,11,10,9,46,11,10,12,57,14,13,206
name_0__obj_cone__num_11__movement_description__closer__compact,1.2,closer_farther_initial_conditions,name_0__obj_cone__num_11__compact,movement_description,name_0__obj_cone__num_11__movement_description__closer,movement_compact,compact,directed_movement_inference,closer,Target1,name_0,Maya,obj_cone,cone,num_11,metres,unit_metres,word,name_0__obj_cone__num_11__movement_description__closer__compact,32,9,-23,23,True,False,person_relative_to_object,closer_farther_same_distance,"Starting 32 metres from a stationary cone, Maya walked 23 metres directly toward it.",Maya is now closer to the cone than before.,Maya is now farther from the cone than before.,Maya is now at the same distance from the cone as before.,14,84,16,9,43,11,10,9,46,11,10,12,57,14,13,207
name_0__obj_cone__num_11__movement_description__farther__compact,1.2,closer_farther_initial_conditions,name_0__obj_cone__num_11__compact,movement_description,name_0__obj_cone__num_11__movement_description__farther,movement_compact,compact,directed_movement_inference,farther,Target2,name_0,Maya,obj_cone,cone,num_11,metres,unit_metres,word,name_0__obj_cone__num_11__movement_description__farther__compact,32,55,23,23,True,False,person_relative_to_object,closer_farther_same_distance,"Starting 32 metres from a stationary cone, Maya walked 23 metres directly away from it.",Maya is now closer to the cone than before.,Maya is now farther from the cone than before.,Maya is now at the same distance from the cone as before.,15,87,17,9,43,11,10,9,46,11,10,12,57,14,13,208
name_0__obj_cone__num_11__movement_description__closer,1.2,closer_farther_initial_conditions,name_0__obj_cone__num_11,movement_description,name_0__obj_cone__num_11__movement_description__closer,movement_standard,standard,directed_movement_inference,closer,Target1,name_0,Maya,obj_cone,cone,num_11,metres,unit_metres,word,name_0__obj_cone__num_11__movement_description__closer,32,9,-23,23,True,False,person_relative_to_object,closer_farther_same_distance,Maya was 32 metres from a stationary cone. Maya walked 23 metres directly toward the cone.,Maya is now closer to the cone than before.,Maya is now farther from the cone than before.,Maya is now at the same distance from the cone as before.,16,90,19,9,43,11,10,9,46,11,10,12,57,14,13,209
name_0__obj_cone__num_11__movement_description__farther,1.2,closer_farther_initial_conditions,name_0__obj_cone__num_11,movement_description,name_0__obj_cone__num_11__movement_description__farther,movement_standard,standard,directed_movement_inference,farther,Target2,name_0,Maya,obj_cone,cone,num_11,metres,unit_metres,word,name_0__obj_cone__num_11__movement_description__farther,32,55,23,23,True,False,person_relative_to_object,closer_farther_same_distance,Maya was 32 metres from a stationary cone. Maya walked 23 metres directly away from the cone.,Maya is now closer to the cone than before.,Maya is now farther from the cone than before.,Maya is now at the same distance from the cone as before.,17,93,20,9,43,11,10,9,46,11,10,12,57,14,13,210
name_0__obj_cone__num_11__movement_description__closer__expanded,1.2,closer_farther_initial_conditions,name_0__obj_cone__num_11__expanded,movement_description,name_0__obj_cone__num_11__movement_description__closer,movement_expanded,expanded,directed_movement_inference,closer,Target1,name_0,Maya,obj_cone,cone,num_11,metres,unit_metres,word,name_0__obj_cone__num_11__movement_description__closer__expanded,32,9,-23,23,True,False,person_relative_to_object,closer_farther_same_distance,"Initially, Maya was 32 metres from a cone that remained stationary. From that starting position, Maya walked 23 metres directly toward the cone.",Maya is now closer to the cone than before.,Maya is now farther from the cone than before.,Maya is now at the same distance from the cone as before.,23,144,27,9,43,11,10,9,46,11,10,12,57,14,13,211
name_0__obj_cone__num_11__movement_description__farther__expanded,1.2,closer_farther_initial_conditions,name_0__obj_cone__num_11__expanded,movement_description,name_0__obj_cone__num_11__movement_description__farther,movement_expanded,expanded,directed_movement_inference,farther,Target2,name_0,Maya,obj_cone,cone,num_11,metres,unit_metres,word,name_0__obj_cone__num_11__movement_description__farther__expanded,32,55,23,23,True,False,person_relative_to_object,closer_farther_same_distance,"Initially, Maya was 32 metres from a cone that remained stationary. From that starting position, Maya walked 23 metres directly away from the cone.",Maya is now closer to the cone than before.,Maya is now farther from the cone than before.,Maya is now at the same distance from the cone as before.,24,147,28,9,43,11,10,9,46,11,10,12,57,14,13,212
name_0__obj_cone__num_11__orientation_control__unchanged__compact,1.2,closer_farther_initial_conditions,name_0__obj_cone__num_11__compact,orientation_control,name_0__obj_cone__num_11__orientation_control__unchanged,orientation_compact,compact,rotation_without_translation_inference,unchanged,Target3,name_0,Maya,obj_cone,cone,num_11,metres,unit_metres,word,name_0__obj_cone__num_11__orientation_control__unchanged__compact,32,32,0,0,True,False,person_relative_to_object,closer_farther_same_distance,"Maya, 32 metres from a stationary cone, turned around in place.",Maya is now closer to the cone than before.,Maya is now farther from the cone than before.,Maya is now at the same distance from the cone as before.,11,63,15,9,43,11,10,9,46,11,10,12,57,14,13,213
name_0__obj_cone__num_11__orientation_control__unchanged,1.2,closer_farther_initial_conditions,name_0__obj_cone__num_11,orientation_control,name_0__obj_cone__num_11__orientation_control__unchanged,orientation_standard,standard,rotation_without_translation_inference,unchanged,Target3,name_0,Maya,obj_cone,cone,num_11,metres,unit_metres,word,name_0__obj_cone__num_11__orientation_control__unchanged,32,32,0,0,True,False,person_relative_to_object,closer_farther_same_distance,Maya was 32 metres from a stationary cone. Maya turned around without changing position.,Maya is now closer to the cone than before.,Maya is now farther from the cone than before.,Maya is now at the same distance from the cone as before.,14,88,17,9,43,11,10,9,46,11,10,12,57,14,13,214
name_0__obj_cone__num_11__orientation_control__unchanged__expanded,1.2,closer_farther_initial_conditions,name_0__obj_cone__num_11__expanded,orientation_control,name_0__obj_cone__num_11__orientation_control__unchanged,orientation_expanded,expanded,rotation_without_translation_inference,unchanged,Target3,name_0,Maya,obj_cone,cone,num_11,metres,unit_metres,word,name_0__obj_cone__num_11__orientation_control__unchanged__expanded,32,32,0,0,True,False,person_relative_to_object,closer_farther_same_distance,"Initially, Maya was 32 metres from a cone that remained stationary. Maya then turned to face the opposite direction, keeping both feet in the same place.",Maya is now closer to the cone than before.,Maya is now farther from the cone than before.,Maya is now at the same distance from the cone as before.,26,153,30,9,43,11,10,9,46,11,10,12,57,14,13,215
name_0__obj_cone__num_00__unit_ft__explicit_distance__closer__compact,1.2,closer_farther_initial_conditions,name_0__obj_cone__num_00__unit_ft__compact,explicit_distance,name_0__obj_cone__num_00__unit_ft__explicit_distance__closer,distance_compact,compact,explicit_distance_comparison,closer,Target1,name_0,Maya,obj_cone,cone,num_00,feet,unit_ft,abbreviation,name_0__obj_cone__num_00__explicit_distance__closer__compact,18,13,-5,5,True,False,person_relative_to_object,closer_farther_same_distance,"Maya's distance from the stationary cone: initially 18 ft, now 13 ft.",Maya is now closer to the cone than before.,Maya is now farther from the cone than before.,Maya is now at the same distance from the cone as before.,13,69,17,9,43,11,10,9,46,11,10,12,57,14,13,2592
name_0__obj_cone__num_00__unit_ft__explicit_distance__farther__compact,1.2,closer_farther_initial_conditions,name_0__obj_cone__num_00__unit_ft__compact,explicit_distance,name_0__obj_cone__num_00__unit_ft__explicit_distance__farther,distance_compact,compact,explicit_distance_comparison,farther,Target2,name_0,Maya,obj_cone,cone,num_00,feet,unit_ft,abbreviation,name_0__obj_cone__num_00__explicit_distance__farther__compact,18,23,5,5,True,False,person_relative_to_object,closer_farther_same_distance,"Maya's distance from the stationary cone: initially 18 ft, now 23 ft.",Maya is now closer to the cone than before.,Maya is now farther from the cone than before.,Maya is now at the same distance from the cone as before.,13,69,17,9,43,11,10,9,46,11,10,12,57,14,13,2593
name_0__obj_cone__num_00__unit_ft__explicit_distance__unchanged__compact,1.2,closer_farther_initial_conditions,name_0__obj_cone__num_00__unit_ft__compact,explicit_distance,name_0__obj_cone__num_00__unit_ft__explicit_distance__unchanged,distance_compact,compact,explicit_distance_comparison,unchanged,Target3,name_0,Maya,obj_cone,cone,num_00,feet,unit_ft,abbreviation,name_0__obj_cone__num_00__explicit_distance__unchanged__compact,18,18,0,0,True,False,person_relative_to_object,closer_farther_same_distance,"Maya's distance from the stationary cone: initially 18 ft, now 18 ft.",Maya is now closer to the cone than before.,Maya is now farther from the cone than before.,Maya is now at the same distance from the cone as before.,13,69,17,9,43,11,10,9,46,11,10,12,57,14,13,2594
name_0__obj_cone__num_00__unit_ft__explicit_distance__closer,1.2,closer_farther_initial_conditions,name_0__obj_cone__num_00__unit_ft,explicit_distance,name_0__obj_cone__num_00__unit_ft__explicit_distance__closer,distance_standard,standard,explicit_distance_comparison,closer,Target1,name_0,Maya,obj_cone,cone,num_00,feet,unit_ft,abbreviation,name_0__obj_cone__num_00__explicit_distance__closer,18,13,-5,5,True,False,person_relative_to_object,closer_farther_same_distance,Maya was 18 ft from a stationary cone. Maya is now 13 ft from the cone.,Maya is now closer to the cone than before.,Maya is now farther from the cone than before.,Maya is now at the same distance from the cone as before.,16,71,19,9,43,11,10,9,46,11,10,12,57,14,13,2595
name_0__obj_cone__num_00__unit_ft__explicit_distance__farther,1.2,closer_farther_initial_conditions,name_0__obj_cone__num_00__unit_ft,explicit_distance,name_0__obj_cone__num_00__unit_ft__explicit_distance__farther,distance_standard,standard,explicit_distance_comparison,farther,Target2,name_0,Maya,obj_cone,cone,num_00,feet,unit_ft,abbreviation,name_0__obj_cone__num_00__explicit_distance__farther,18,23,5,5,True,False,person_relative_to_object,closer_farther_same_distance,Maya was 18 ft from a stationary cone. Maya is now 23 ft from the cone.,Maya is now closer to the cone than before.,Maya is now farther from the cone than before.,Maya is now at the same distance from the cone as before.,16,71,19,9,43,11,10,9,46,11,10,12,57,14,13,2596
name_0__obj_cone__num_00__unit_ft__explicit_distance__unchanged,1.2,closer_farther_initial_conditions,name_0__obj_cone__num_00__unit_ft,explicit_distance,name_0__obj_cone__num_00__unit_ft__explicit_distance__unchanged,distance_standard,standard,explicit_distance_comparison,unchanged,Target3,name_0,Maya,obj_cone,cone,num_00,feet,unit_ft,abbreviation,name_0__obj_cone__num_00__explicit_distance__unchanged,18,18,0,0,True,False,person_relative_to_object,closer_farther_same_distance,Maya was 18 ft from a stationary cone. Maya is now 18 ft from the cone.,Maya is now closer to the cone than before.,Maya is now farther from the cone than before.,Maya is now at the same distance from the cone as before.,16,71,19,9,43,11,10,9,46,11,10,12,57,14,13,2597
name_0__obj_cone__num_00__unit_ft__explicit_distance__closer__expanded,1.2,closer_farther_initial_conditions,name_0__obj_cone__num_00__unit_ft__expanded,explicit_distance,name_0__obj_cone__num_00__unit_ft__explicit_distance__closer,distance_expanded,expanded,explicit_distance_comparison,closer,Target1,name_0,Maya,obj_cone,cone,num_00,feet,unit_ft,abbreviation,name_0__obj_cone__num_00__explicit_distance__closer__expanded,18,13,-5,5,True,False,person_relative_to_object,closer_farther_same_distance,"Initially, Maya was 18 ft from a cone that remained stationary. The distance between Maya and that cone is now 13 ft.",Maya is now closer to the cone than before.,Maya is now farther from the cone than before.,Maya is now at the same distance from the cone as before.,22,117,25,9,43,11,10,9,46,11,10,12,57,14,13,2598
name_0__obj_cone__num_00__unit_ft__explicit_distance__farther__expanded,1.2,closer_farther_initial_conditions,name_0__obj_cone__num_00__unit_ft__expanded,explicit_distance,name_0__obj_cone__num_00__unit_ft__explicit_distance__farther,distance_expanded,expanded,explicit_distance_comparison,farther,Target2,name_0,Maya,obj_cone,cone,num_00,feet,unit_ft,abbreviation,name_0__obj_cone__num_00__explicit_distance__farther__expanded,18,23,5,5,True,False,person_relative_to_object,closer_farther_same_distance,"Initially, Maya was 18 ft from a cone that remained stationary. The distance between Maya and that cone is now 23 ft.",Maya is now closer to the cone than before.,Maya is now farther from the cone than before.,Maya is now at the same distance from the cone as before.,22,117,25,9,43,11,10,9,46,11,10,12,57,14,13,2599
name_0__obj_cone__num_00__unit_ft__explicit_distance__unchanged__expanded,1.2,closer_farther_initial_conditions,name_0__obj_cone__num_00__unit_ft__expanded,explicit_distance,name_0__obj_cone__num_00__unit_ft__explicit_distance__unchanged,distance_expanded,expanded,explicit_distance_comparison,unchanged,Target3,name_0,Maya,obj_cone,cone,num_00,feet,unit_ft,abbreviation,name_0__obj_cone__num_00__explicit_distance__unchanged__expanded,18,18,0,0,True,False,person_relative_to_object,closer_farther_same_distance,"Initially, Maya was 18 ft from a cone that remained stationary. The distance between Maya and that cone is now 18 ft.",Maya is now closer to the cone than before.,Maya is now farther from the cone than before.,Maya is now at the same distance from the cone as before.,22,117,25,9,43,11,10,9,46,11,10,12,57,14,13,2600
name_0__obj_cone__num_00__unit_ft__movement_description__closer__compact,1.2,closer_farther_initial_conditions,name_0__obj_cone__num_00__unit_ft__compact,movement_description,name_0__obj_cone__num_00__unit_ft__movement_description__closer,movement_compact,compact,directed_movement_inference,closer,Target1,name_0,Maya,obj_cone,cone,num_00,feet,unit_ft,abbreviation,name_0__obj_cone__num_00__movement_description__closer__compact,18,13,-5,5,True,False,person_relative_to_object,closer_farther_same_distance,"Starting 18 ft from a stationary cone, Maya walked 5 ft directly toward it.",Maya is now closer to the cone than before.,Maya is now farther from the cone than before.,Maya is now at the same distance from the cone as before.,14,75,16,9,43,11,10,9,46,11,10,12,57,14,13,2601
name_0__obj_cone__num_00__unit_ft__movement_description__farther__compact,1.2,closer_farther_initial_conditions,name_0__obj_cone__num_00__unit_ft__compact,movement_description,name_0__obj_cone__num_00__unit_ft__movement_description__farther,movement_compact,compact,directed_movement_inference,farther,Target2,name_0,Maya,obj_cone,cone,num_00,feet,unit_ft,abbreviation,name_0__obj_cone__num_00__movement_description__farther__compact,18,23,5,5,True,False,person_relative_to_object,closer_farther_same_distance,"Starting 18 ft from a stationary cone, Maya walked 5 ft directly away from it.",Maya is now closer to the cone than before.,Maya is now farther from the cone than before.,Maya is now at the same distance from the cone as before.,15,78,17,9,43,11,10,9,46,11,10,12,57,14,13,2602
name_0__obj_cone__num_00__unit_ft__movement_description__closer,1.2,closer_farther_initial_conditions,name_0__obj_cone__num_00__unit_ft,movement_description,name_0__obj_cone__num_00__unit_ft__movement_description__closer,movement_standard,standard,directed_movement_inference,closer,Target1,name_0,Maya,obj_cone,cone,num_00,feet,unit_ft,abbreviation,name_0__obj_cone__num_00__movement_description__closer,18,13,-5,5,True,False,person_relative_to_object,closer_farther_same_distance,Maya was 18 ft from a stationary cone. Maya walked 5 ft directly toward the cone.,Maya is now closer to the cone than before.,Maya is now farther from the cone than before.,Maya is now at the same distance from the cone as before.,16,81,19,9,43,11,10,9,46,11,10,12,57,14,13,2603
name_0__obj_cone__num_00__unit_ft__movement_description__farther,1.2,closer_farther_initial_conditions,name_0__obj_cone__num_00__unit_ft,movement_description,name_0__obj_cone__num_00__unit_ft__movement_description__farther,movement_standard,standard,directed_movement_inference,farther,Target2,name_0,Maya,obj_cone,cone,num_00,feet,unit_ft,abbreviation,name_0__obj_cone__num_00__movement_description__farther,18,23,5,5,True,False,person_relative_to_object,closer_farther_same_distance,Maya was 18 ft from a stationary cone. Maya walked 5 ft directly away from the cone.,Maya is now closer to the cone than before.,Maya is now farther from the cone than before.,Maya is now at the same distance from the cone as before.,17,84,20,9,43,11,10,9,46,11,10,12,57,14,13,2604
name_0__obj_cone__num_00__unit_ft__movement_description__closer__expanded,1.2,closer_farther_initial_conditions,name_0__obj_cone__num_00__unit_ft__expanded,movement_description,name_0__obj_cone__num_00__unit_ft__movement_description__closer,movement_expanded,expanded,directed_movement_inference,closer,Target1,name_0,Maya,obj_cone,cone,num_00,feet,unit_ft,abbreviation,name_0__obj_cone__num_00__movement_description__closer__expanded,18,13,-5,5,True,False,person_relative_to_object,closer_farther_same_distance,"Initially, Maya was 18 ft from a cone that remained stationary. From that starting position, Maya walked 5 ft directly toward the cone.",Maya is now closer to the cone than before.,Maya is now farther from the cone than before.,Maya is now at the same distance from the cone as before.,23,135,27,9,43,11,10,9,46,11,10,12,57,14,13,2605
name_0__obj_cone__num_00__unit_ft__movement_description__farther__expanded,1.2,closer_farther_initial_conditions,name_0__obj_cone__num_00__unit_ft__expanded,movement_description,name_0__obj_cone__num_00__unit_ft__movement_description__farther,movement_expanded,expanded,directed_movement_inference,farther,Target2,name_0,Maya,obj_cone,cone,num_00,feet,unit_ft,abbreviation,name_0__obj_cone__num_00__movement_description__farther__expanded,18,23,5,5,True,False,person_relative_to_object,closer_farther_same_distance,"Initially, Maya was 18 ft from a cone that remained stationary. From that starting position, Maya walked 5 ft directly away from the cone.",Maya is now closer to the cone than before.,Maya is now farther from the cone than before.,Maya is now at the same distance from the cone as before.,24,138,28,9,43,11,10,9,46,11,10,12,57,14,13,2606
name_0__obj_cone__num_00__unit_ft__orientation_control__unchanged__compact,1.2,closer_farther_initial_conditions,name_0__obj_cone__num_00__unit_ft__compact,orientation_control,name_0__obj_cone__num_00__unit_ft__orientation_control__unchanged,orientation_compact,compact,rotation_without_translation_inference,unchanged,Target3,name_0,Maya,obj_cone,cone,num_00,feet,unit_ft,abbreviation,name_0__obj_cone__num_00__orientation_control__unchanged__compact,18,18,0,0,True,False,person_relative_to_object,closer_farther_same_distance,"Maya, 18 ft from a stationary cone, turned around in place.",Maya is now closer to the cone than before.,Maya is now farther from the cone than before.,Maya is now at the same distance from the cone as before.,11,59,15,9,43,11,10,9,46,11,10,12,57,14,13,2607
name_0__obj_cone__num_00__unit_ft__orientation_control__unchanged,1.2,closer_farther_initial_conditions,name_0__obj_cone__num_00__unit_ft,orientation_control,name_0__obj_cone__num_00__unit_ft__orientation_control__unchanged,orientation_standard,standard,rotation_without_translation_inference,unchanged,Target3,name_0,Maya,obj_cone,cone,num_00,feet,unit_ft,abbreviation,name_0__obj_cone__num_00__orientation_control__unchanged,18,18,0,0,True,False,person_relative_to_object,closer_farther_same_distance,Maya was 18 ft from a stationary cone. Maya turned around without changing position.,Maya is now closer to the cone than before.,Maya is now farther from the cone than before.,Maya is now at the same distance from the cone as before.,14,84,17,9,43,11,10,9,46,11,10,12,57,14,13,2608
name_0__obj_cone__num_00__unit_ft__orientation_control__unchanged__expanded,1.2,closer_farther_initial_conditions,name_0__obj_cone__num_00__unit_ft__expanded,orientation_control,name_0__obj_cone__num_00__unit_ft__orientation_control__unchanged,orientation_expanded,expanded,rotation_without_translation_inference,unchanged,Target3,name_0,Maya,obj_cone,cone,num_00,feet,unit_ft,abbreviation,name_0__obj_cone__num_00__orientation_control__unchanged__expanded,18,18,0,0,True,False,person_relative_to_object,closer_farther_same_distance,"Initially, Maya was 18 ft from a cone that remained stationary. Maya then turned to face the opposite direction, keeping both feet in the same place.",Maya is now closer to the cone than before.,Maya is now farther from the cone than before.,Maya is now at the same distance from the cone as before.,26,149,30,9,43,11,10,9,46,11,10,12,57,14,13,2609
name_0__obj_cone__num_01__unit_ft__explicit_distance__closer__compact,1.2,closer_farther_initial_conditions,name_0__obj_cone__num_01__unit_ft__compact,explicit_distance,name_0__obj_cone__num_01__unit_ft__explicit_distance__closer,distance_compact,compact,explicit_distance_comparison,closer,Target1,name_0,Maya,obj_cone,cone,num_01,feet,unit_ft,abbreviation,name_0__obj_cone__num_01__explicit_distance__closer__compact,85,73,-12,12,True,False,person_relative_to_object,closer_farther_same_distance,"Maya's distance from the stationary cone: initially 85 ft, now 73 ft.",Maya is now closer to the cone than before.,Maya is now farther from the cone than before.,Maya is now at the same distance from the cone as before.,13,69,17,9,43,11,10,9,46,11,10,12,57,14,13,2610
name_0__obj_cone__num_01__unit_ft__explicit_distance__farther__compact,1.2,closer_farther_initial_conditions,name_0__obj_cone__num_01__unit_ft__compact,explicit_distance,name_0__obj_cone__num_01__unit_ft__explicit_distance__farther,distance_compact,compact,explicit_distance_comparison,farther,Target2,name_0,Maya,obj_cone,cone,num_01,feet,unit_ft,abbreviation,name_0__obj_cone__num_01__explicit_distance__farther__compact,85,97,12,12,True,False,person_relative_to_object,closer_farther_same_distance,"Maya's distance from the stationary cone: initially 85 ft, now 97 ft.",Maya is now closer to the cone than before.,Maya is now farther from the cone than before.,Maya is now at the same distance from the cone as before.,13,69,17,9,43,11,10,9,46,11,10,12,57,14,13,2611
name_0__obj_cone__num_01__unit_ft__explicit_distance__unchanged__compact,1.2,closer_farther_initial_conditions,name_0__obj_cone__num_01__unit_ft__compact,explicit_distance,name_0__obj_cone__num_01__unit_ft__explicit_distance__unchanged,distance_compact,compact,explicit_distance_comparison,unchanged,Target3,name_0,Maya,obj_cone,cone,num_01,feet,unit_ft,abbreviation,name_0__obj_cone__num_01__explicit_distance__unchanged__compact,85,85,0,0,True,False,person_relative_to_object,closer_farther_same_distance,"Maya's distance from the stationary cone: initially 85 ft, now 85 ft.",Maya is now closer to the cone than before.,Maya is now farther from the cone than before.,Maya is now at the same distance from the cone as before.,13,69,17,9,43,11,10,9,46,11,10,12,57,14,13,2612
name_0__obj_cone__num_01__unit_ft__explicit_distance__closer,1.2,closer_farther_initial_conditions,name_0__obj_cone__num_01__unit_ft,explicit_distance,name_0__obj_cone__num_01__unit_ft__explicit_distance__closer,distance_standard,standard,explicit_distance_comparison,closer,Target1,name_0,Maya,obj_cone,cone,num_01,feet,unit_ft,abbreviation,name_0__obj_cone__num_01__explicit_distance__closer,85,73,-12,12,True,False,person_relative_to_object,closer_farther_same_distance,Maya was 85 ft from a stationary cone. Maya is now 73 ft from the cone.,Maya is now closer to the cone than before.,Maya is now farther from the cone than before.,Maya is now at the same distance from the cone as before.,16,71,19,9,43,11,10,9,46,11,10,12,57,14,13,2613
name_0__obj_cone__num_01__unit_ft__explicit_distance__farther,1.2,closer_farther_initial_conditions,name_0__obj_cone__num_01__unit_ft,explicit_distance,name_0__obj_cone__num_01__unit_ft__explicit_distance__farther,distance_standard,standard,explicit_distance_comparison,farther,Target2,name_0,Maya,obj_cone,cone,num_01,feet,unit_ft,abbreviation,name_0__obj_cone__num_01__explicit_distance__farther,85,97,12,12,True,False,person_relative_to_object,closer_farther_same_distance,Maya was 85 ft from a stationary cone. Maya is now 97 ft from the cone.,Maya is now closer to the cone than before.,Maya is now farther from the cone than before.,Maya is now at the same distance from the cone as before.,16,71,19,9,43,11,10,9,46,11,10,12,57,14,13,2614
name_0__obj_cone__num_01__unit_ft__explicit_distance__unchanged,1.2,closer_farther_initial_conditions,name_0__obj_cone__num_01__unit_ft,explicit_distance,name_0__obj_cone__num_01__unit_ft__explicit_distance__unchanged,distance_standard,standard,explicit_distance_comparison,unchanged,Target3,name_0,Maya,obj_cone,cone,num_01,feet,unit_ft,abbreviation,name_0__obj_cone__num_01__explicit_distance__unchanged,85,85,0,0,True,False,person_relative_to_object,closer_farther_same_distance,Maya was 85 ft from a stationary cone. Maya is now 85 ft from the cone.,Maya is now closer to the cone than before.,Maya is now farther from the cone than before.,Maya is now at the same distance from the cone as before.,16,71,19,9,43,11,10,9,46,11,10,12,57,14,13,2615
name_0__obj_cone__num_01__unit_ft__explicit_distance__closer__expanded,1.2,closer_farther_initial_conditions,name_0__obj_cone__num_01__unit_ft__expanded,explicit_distance,name_0__obj_cone__num_01__unit_ft__explicit_distance__closer,distance_expanded,expanded,explicit_distance_comparison,closer,Target1,name_0,Maya,obj_cone,cone,num_01,feet,unit_ft,abbreviation,name_0__obj_cone__num_01__explicit_distance__closer__expanded,85,73,-12,12,True,False,person_relative_to_object,closer_farther_same_distance,"Initially, Maya was 85 ft from a cone that remained stationary. The distance between Maya and that cone is now 73 ft.",Maya is now closer to the cone than before.,Maya is now farther from the cone than before.,Maya is now at the same distance from the cone as before.,22,117,25,9,43,11,10,9,46,11,10,12,57,14,13,2616
name_0__obj_cone__num_01__unit_ft__explicit_distance__farther__expanded,1.2,closer_farther_initial_conditions,name_0__obj_cone__num_01__unit_ft__expanded,explicit_distance,name_0__obj_cone__num_01__unit_ft__explicit_distance__farther,distance_expanded,expanded,explicit_distance_comparison,farther,Target2,name_0,Maya,obj_cone,cone,num_01,feet,unit_ft,abbreviation,name_0__obj_cone__num_01__explicit_distance__farther__expanded,85,97,12,12,True,False,person_relative_to_object,closer_farther_same_distance,"Initially, Maya was 85 ft from a cone that remained stationary. The distance between Maya and that cone is now 97 ft.",Maya is now closer to the cone than before.,Maya is now farther from the cone than before.,Maya is now at the same distance from the cone as before.,22,117,25,9,43,11,10,9,46,11,10,12,57,14,13,2617
name_0__obj_cone__num_01__unit_ft__explicit_distance__unchanged__expanded,1.2,closer_farther_initial_conditions,name_0__obj_cone__num_01__unit_ft__expanded,explicit_distance,name_0__obj_cone__num_01__unit_ft__explicit_distance__unchanged,distance_expanded,expanded,explicit_distance_comparison,unchanged,Target3,name_0,Maya,obj_cone,cone,num_01,feet,unit_ft,abbreviation,name_0__obj_cone__num_01__explicit_distance__unchanged__expanded,85,85,0,0,True,False,person_relative_to_object,closer_farther_same_distance,"Initially, Maya was 85 ft from a cone that remained stationary. The distance between Maya and that cone is now 85 ft.",Maya is now closer to the cone than before.,Maya is now farther from the cone than before.,Maya is now at the same distance from the cone as before.,22,117,25,9,43,11,10,9,46,11,10,12,57,14,13,2618
name_0__obj_cone__num_01__unit_ft__movement_description__closer__compact,1.2,closer_farther_initial_conditions,name_0__obj_cone__num_01__unit_ft__compact,movement_description,name_0__obj_cone__num_01__unit_ft__movement_description__closer,movement_compact,compact,directed_movement_inference,closer,Target1,name_0,Maya,obj_cone,cone,num_01,feet,unit_ft,abbreviation,name_0__obj_cone__num_01__movement_description__closer__compact,85,73,-12,12,True,False,person_relative_to_object,closer_farther_same_distance,"Starting 85 ft from a stationary cone, Maya walked 12 ft directly toward it.",Maya is now closer to the cone than before.,Maya is now farther from the cone than before.,Maya is now at the same distance from the cone as before.,14,76,16,9,43,11,10,9,46,11,10,12,57,14,13,2619
name_0__obj_cone__num_01__unit_ft__movement_description__farther__compact,1.2,closer_farther_initial_conditions,name_0__obj_cone__num_01__unit_ft__compact,movement_description,name_0__obj_cone__num_01__unit_ft__movement_description__farther,movement_compact,compact,directed_movement_inference,farther,Target2,name_0,Maya,obj_cone,cone,num_01,feet,unit_ft,abbreviation,name_0__obj_cone__num_01__movement_description__farther__compact,85,97,12,12,True,False,person_relative_to_object,closer_farther_same_distance,"Starting 85 ft from a stationary cone, Maya walked 12 ft directly away from it.",Maya is now closer to the cone than before.,Maya is now farther from the cone than before.,Maya is now at the same distance from the cone as before.,15,79,17,9,43,11,10,9,46,11,10,12,57,14,13,2620
name_0__obj_cone__num_01__unit_ft__movement_description__closer,1.2,closer_farther_initial_conditions,name_0__obj_cone__num_01__unit_ft,movement_description,name_0__obj_cone__num_01__unit_ft__movement_description__closer,movement_standard,standard,directed_movement_inference,closer,Target1,name_0,Maya,obj_cone,cone,num_01,feet,unit_ft,abbreviation,name_0__obj_cone__num_01__movement_description__closer,85,73,-12,12,True,False,person_relative_to_object,closer_farther_same_distance,Maya was 85 ft from a stationary cone. Maya walked 12 ft directly toward the cone.,Maya is now closer to the cone than before.,Maya is now farther from the cone than before.,Maya is now at the same distance from the cone as before.,16,82,19,9,43,11,10,9,46,11,10,12,57,14,13,2621
name_0__obj_cone__num_01__unit_ft__movement_description__farther,1.2,closer_farther_initial_conditions,name_0__obj_cone__num_01__unit_ft,movement_description,name_0__obj_cone__num_01__unit_ft__movement_description__farther,movement_standard,standard,directed_movement_inference,farther,Target2,name_0,Maya,obj_cone,cone,num_01,feet,unit_ft,abbreviation,name_0__obj_cone__num_01__movement_description__farther,85,97,12,12,True,False,person_relative_to_object,closer_farther_same_distance,Maya was 85 ft from a stationary cone. Maya walked 12 ft directly away from the cone.,Maya is now closer to the cone than before.,Maya is now farther from the cone than before.,Maya is now at the same distance from the cone as before.,17,85,20,9,43,11,10,9,46,11,10,12,57,14,13,2622
name_0__obj_cone__num_01__unit_ft__movement_description__closer__expanded,1.2,closer_farther_initial_conditions,name_0__obj_cone__num_01__unit_ft__expanded,movement_description,name_0__obj_cone__num_01__unit_ft__movement_description__closer,movement_expanded,expanded,directed_movement_inference,closer,Target1,name_0,Maya,obj_cone,cone,num_01,feet,unit_ft,abbreviation,name_0__obj_cone__num_01__movement_description__closer__expanded,85,73,-12,12,True,False,person_relative_to_object,closer_farther_same_distance,"Initially, Maya was 85 ft from a cone that remained stationary. From that starting position, Maya walked 12 ft directly toward the cone.",Maya is now closer to the cone than before.,Maya is now farther from the cone than before.,Maya is now at the same distance from the cone as before.,23,136,27,9,43,11,10,9,46,11,10,12,57,14,13,2623
name_0__obj_cone__num_01__unit_ft__movement_description__farther__expanded,1.2,closer_farther_initial_conditions,name_0__obj_cone__num_01__unit_ft__expanded,movement_description,name_0__obj_cone__num_01__unit_ft__movement_description__farther,movement_expanded,expanded,directed_movement_inference,farther,Target2,name_0,Maya,obj_cone,cone,num_01,feet,unit_ft,abbreviation,name_0__obj_cone__num_01__movement_description__farther__expanded,85,97,12,12,True,False,person_relative_to_object,closer_farther_same_distance,"Initially, Maya was 85 ft from a cone that remained stationary. From that starting position, Maya walked 12 ft directly away from the cone.",Maya is now closer to the cone than before.,Maya is now farther from the cone than before.,Maya is now at the same distance from the cone as before.,24,139,28,9,43,11,10,9,46,11,10,12,57,14,13,2624
name_0__obj_cone__num_01__unit_ft__orientation_control__unchanged__compact,1.2,closer_farther_initial_conditions,name_0__obj_cone__num_01__unit_ft__compact,orientation_control,name_0__obj_cone__num_01__unit_ft__orientation_control__unchanged,orientation_compact,compact,rotation_without_translation_inference,unchanged,Target3,name_0,Maya,obj_cone,cone,num_01,feet,unit_ft,abbreviation,name_0__obj_cone__num_01__orientation_control__unchanged__compact,85,85,0,0,True,False,person_relative_to_object,closer_farther_same_distance,"Maya, 85 ft from a stationary cone, turned around in place.",Maya is now closer to the cone than before.,Maya is now farther from the cone than before.,Maya is now at the same distance from the cone as before.,11,59,15,9,43,11,10,9,46,11,10,12,57,14,13,2625
name_0__obj_cone__num_01__unit_ft__orientation_control__unchanged,1.2,closer_farther_initial_conditions,name_0__obj_cone__num_01__unit_ft,orientation_control,name_0__obj_cone__num_01__unit_ft__orientation_control__unchanged,orientation_standard,standard,rotation_without_translation_inference,unchanged,Target3,name_0,Maya,obj_cone,cone,num_01,feet,unit_ft,abbreviation,name_0__obj_cone__num_01__orientation_control__unchanged,85,85,0,0,True,False,person_relative_to_object,closer_farther_same_distance,Maya was 85 ft from a stationary cone. Maya turned around without changing position.,Maya is now closer to the cone than before.,Maya is now farther from the cone than before.,Maya is now at the same distance from the cone as before.,14,84,17,9,43,11,10,9,46,11,10,12,57,14,13,2626
name_0__obj_cone__num_01__unit_ft__orientation_control__unchanged__expanded,1.2,closer_farther_initial_conditions,name_0__obj_cone__num_01__unit_ft__expanded,orientation_control,name_0__obj_cone__num_01__unit_ft__orientation_control__unchanged,orientation_expanded,expanded,rotation_without_translation_inference,unchanged,Target3,name_0,Maya,obj_cone,cone,num_01,feet,unit_ft,abbreviation,name_0__obj_cone__num_01__orientation_control__unchanged__expanded,85,85,0,0,True,False,person_relative_to_object,closer_farther_same_distance,"Initially, Maya was 85 ft from a cone that remained stationary. Maya then turned to face the opposite direction, keeping both feet in the same place.",Maya is now closer to the cone than before.,Maya is now farther from the cone than before.,Maya is now at the same distance from the cone as before.,26,149,30,9,43,11,10,9,46,11,10,12,57,14,13,2627
name_0__obj_cone__num_02__unit_ft__explicit_distance__closer__compact,1.2,closer_farther_initial_conditions,name_0__obj_cone__num_02__unit_ft__compact,explicit_distance,name_0__obj_cone__num_02__unit_ft__explicit_distance__closer,distance_compact,compact,explicit_distance_comparison,closer,Target1,name_0,Maya,obj_cone,cone,num_02,feet,unit_ft,abbreviation,name_0__obj_cone__num_02__explicit_distance__closer__compact,30,24,-6,6,True,False,person_relative_to_object,closer_farther_same_distance,"Maya's distance from the stationary cone: initially 30 ft, now 24 ft.",Maya is now closer to the cone than before.,Maya is now farther from the cone than before.,Maya is now at the same distance from the cone as before.,13,69,17,9,43,11,10,9,46,11,10,12,57,14,13,2628
name_0__obj_cone__num_02__unit_ft__explicit_distance__farther__compact,1.2,closer_farther_initial_conditions,name_0__obj_cone__num_02__unit_ft__compact,explicit_distance,name_0__obj_cone__num_02__unit_ft__explicit_distance__farther,distance_compact,compact,explicit_distance_comparison,farther,Target2,name_0,Maya,obj_cone,cone,num_02,feet,unit_ft,abbreviation,name_0__obj_cone__num_02__explicit_distance__farther__compact,30,36,6,6,True,False,person_relative_to_object,closer_farther_same_distance,"Maya's distance from the stationary cone: initially 30 ft, now 36 ft.",Maya is now closer to the cone than before.,Maya is now farther from the cone than before.,Maya is now at the same distance from the cone as before.,13,69,17,9,43,11,10,9,46,11,10,12,57,14,13,2629
name_0__obj_cone__num_02__unit_ft__explicit_distance__unchanged__compact,1.2,closer_farther_initial_conditions,name_0__obj_cone__num_02__unit_ft__compact,explicit_distance,name_0__obj_cone__num_02__unit_ft__explicit_distance__unchanged,distance_compact,compact,explicit_distance_comparison,unchanged,Target3,name_0,Maya,obj_cone,cone,num_02,feet,unit_ft,abbreviation,name_0__obj_cone__num_02__explicit_distance__unchanged__compact,30,30,0,0,True,False,person_relative_to_object,closer_farther_same_distance,"Maya's distance from the stationary cone: initially 30 ft, now 30 ft.",Maya is now closer to the cone than before.,Maya is now farther from the cone than before.,Maya is now at the same distance from the cone as before.,13,69,17,9,43,11,10,9,46,11,10,12,57,14,13,2630
name_0__obj_cone__num_02__unit_ft__explicit_distance__closer,1.2,closer_farther_initial_conditions,name_0__obj_cone__num_02__unit_ft,explicit_distance,name_0__obj_cone__num_02__unit_ft__explicit_distance__closer,distance_standard,standard,explicit_distance_comparison,closer,Target1,name_0,Maya,obj_cone,cone,num_02,feet,unit_ft,abbreviation,name_0__obj_cone__num_02__explicit_distance__closer,30,24,-6,6,True,False,person_relative_to_object,closer_farther_same_distance,Maya was 30 ft from a stationary cone. Maya is now 24 ft from the cone.,Maya is now closer to the cone than before.,Maya is now farther from the cone than before.,Maya is now at the same distance from the cone as before.,16,71,19,9,43,11,10,9,46,11,10,12,57,14,13,2631
name_0__obj_cone__num_02__unit_ft__explicit_distance__farther,1.2,closer_farther_initial_conditions,name_0__obj_cone__num_02__unit_ft,explicit_distance,name_0__obj_cone__num_02__unit_ft__explicit_distance__farther,distance_standard,standard,explicit_distance_comparison,farther,Target2,name_0,Maya,obj_cone,cone,num_02,feet,unit_ft,abbreviation,name_0__obj_cone__num_02__explicit_distance__farther,30,36,6,6,True,False,person_relative_to_object,closer_farther_same_distance,Maya was 30 ft from a stationary cone. Maya is now 36 ft from the cone.,Maya is now closer to the cone than before.,Maya is now farther from the cone than before.,Maya is now at the same distance from the cone as before.,16,71,19,9,43,11,10,9,46,11,10,12,57,14,13,2632
name_0__obj_cone__num_02__unit_ft__explicit_distance__unchanged,1.2,closer_farther_initial_conditions,name_0__obj_cone__num_02__unit_ft,explicit_distance,name_0__obj_cone__num_02__unit_ft__explicit_distance__unchanged,distance_standard,standard,explicit_distance_comparison,unchanged,Target3,name_0,Maya,obj_cone,cone,num_02,feet,unit_ft,abbreviation,name_0__obj_cone__num_02__explicit_distance__unchanged,30,30,0,0,True,False,person_relative_to_object,closer_farther_same_distance,Maya was 30 ft from a stationary cone. Maya is now 30 ft from the cone.,Maya is now closer to the cone than before.,Maya is now farther from the cone than before.,Maya is now at the same distance from the cone as before.,16,71,19,9,43,11,10,9,46,11,10,12,57,14,13,2633
name_0__obj_cone__num_02__unit_ft__explicit_distance__closer__expanded,1.2,closer_farther_initial_conditions,name_0__obj_cone__num_02__unit_ft__expanded,explicit_distance,name_0__obj_cone__num_02__unit_ft__explicit_distance__closer,distance_expanded,expanded,explicit_distance_comparison,closer,Target1,name_0,Maya,obj_cone,cone,num_02,feet,unit_ft,abbreviation,name_0__obj_cone__num_02__explicit_distance__closer__expanded,30,24,-6,6,True,False,person_relative_to_object,closer_farther_same_distance,"Initially, Maya was 30 ft from a cone that remained stationary. The distance between Maya and that cone is now 24 ft.",Maya is now closer to the cone than before.,Maya is now farther from the cone than before.,Maya is now at the same distance from the cone as before.,22,117,25,9,43,11,10,9,46,11,10,12,57,14,13,2634
name_0__obj_cone__num_02__unit_ft__explicit_distance__farther__expanded,1.2,closer_farther_initial_conditions,name_0__obj_cone__num_02__unit_ft__expanded,explicit_distance,name_0__obj_cone__num_02__unit_ft__explicit_distance__farther,distance_expanded,expanded,explicit_distance_comparison,farther,Target2,name_0,Maya,obj_cone,cone,num_02,feet,unit_ft,abbreviation,name_0__obj_cone__num_02__explicit_distance__farther__expanded,30,36,6,6,True,False,person_relative_to_object,closer_farther_same_distance,"Initially, Maya was 30 ft from a cone that remained stationary. The distance between Maya and that cone is now 36 ft.",Maya is now closer to the cone than before.,Maya is now farther from the cone than before.,Maya is now at the same distance from the cone as before.,22,117,25,9,43,11,10,9,46,11,10,12,57,14,13,2635
name_0__obj_cone__num_02__unit_ft__explicit_distance__unchanged__expanded,1.2,closer_farther_initial_conditions,name_0__obj_cone__num_02__unit_ft__expanded,explicit_distance,name_0__obj_cone__num_02__unit_ft__explicit_distance__unchanged,distance_expanded,expanded,explicit_distance_comparison,unchanged,Target3,name_0,Maya,obj_cone,cone,num_02,feet,unit_ft,abbreviation,name_0__obj_cone__num_02__explicit_distance__unchanged__expanded,30,30,0,0,True,False,person_relative_to_object,closer_farther_same_distance,"Initially, Maya was 30 ft from a cone that remained stationary. The distance between Maya and that cone is now 30 ft.",Maya is now closer to the cone than before.,Maya is now farther from the cone than before.,Maya is now at the same distance from the cone as before.,22,117,25,9,43,11,10,9,46,11,10,12,57,14,13,2636
name_0__obj_cone__num_02__unit_ft__movement_description__closer__compact,1.2,closer_farther_initial_conditions,name_0__obj_cone__num_02__unit_ft__compact,movement_description,name_0__obj_cone__num_02__unit_ft__movement_description__closer,movement_compact,compact,directed_movement_inference,closer,Target1,name_0,Maya,obj_cone,cone,num_02,feet,unit_ft,abbreviation,name_0__obj_cone__num_02__movement_description__closer__compact,30,24,-6,6,True,False,person_relative_to_object,closer_farther_same_distance,"Starting 30 ft from a stationary cone, Maya walked 6 ft directly toward it.",Maya is now closer to the cone than before.,Maya is now farther from the cone than before.,Maya is now at the same distance from the cone as before.,14,75,16,9,43,11,10,9,46,11,10,12,57,14,13,2637
name_0__obj_cone__num_02__unit_ft__movement_description__farther__compact,1.2,closer_farther_initial_conditions,name_0__obj_cone__num_02__unit_ft__compact,movement_description,name_0__obj_cone__num_02__unit_ft__movement_description__farther,movement_compact,compact,directed_movement_inference,farther,Target2,name_0,Maya,obj_cone,cone,num_02,feet,unit_ft,abbreviation,name_0__obj_cone__num_02__movement_description__farther__compact,30,36,6,6,True,False,person_relative_to_object,closer_farther_same_distance,"Starting 30 ft from a stationary cone, Maya walked 6 ft directly away from it.",Maya is now closer to the cone than before.,Maya is now farther from the cone than before.,Maya is now at the same distance from the cone as before.,15,78,17,9,43,11,10,9,46,11,10,12,57,14,13,2638
name_0__obj_cone__num_02__unit_ft__movement_description__closer,1.2,closer_farther_initial_conditions,name_0__obj_cone__num_02__unit_ft,movement_description,name_0__obj_cone__num_02__unit_ft__movement_description__closer,movement_standard,standard,directed_movement_inference,closer,Target1,name_0,Maya,obj_cone,cone,num_02,feet,unit_ft,abbreviation,name_0__obj_cone__num_02__movement_description__closer,30,24,-6,6,True,False,person_relative_to_object,closer_farther_same_distance,Maya was 30 ft from a stationary cone. Maya walked 6 ft directly toward the cone.,Maya is now closer to the cone than before.,Maya is now farther from the cone than before.,Maya is now at the same distance from the cone as before.,16,81,19,9,43,11,10,9,46,11,10,12,57,14,13,2639
name_0__obj_cone__num_02__unit_ft__movement_description__farther,1.2,closer_farther_initial_conditions,name_0__obj_cone__num_02__unit_ft,movement_description,name_0__obj_cone__num_02__unit_ft__movement_description__farther,movement_standard,standard,directed_movement_inference,farther,Target2,name_0,Maya,obj_cone,cone,num_02,feet,unit_ft,abbreviation,name_0__obj_cone__num_02__movement_description__farther,30,36,6,6,True,False,person_relative_to_object,closer_farther_same_distance,Maya was 30 ft from a stationary cone. Maya walked 6 ft directly away from the cone.,Maya is now closer to the cone than before.,Maya is now farther from the cone than before.,Maya is now at the same distance from the cone as before.,17,84,20,9,43,11,10,9,46,11,10,12,57,14,13,2640
name_0__obj_cone__num_02__unit_ft__movement_description__closer__expanded,1.2,closer_farther_initial_conditions,name_0__obj_cone__num_02__unit_ft__expanded,movement_description,name_0__obj_cone__num_02__unit_ft__movement_description__closer,movement_expanded,expanded,directed_movement_inference,closer,Target1,name_0,Maya,obj_cone,cone,num_02,feet,unit_ft,abbreviation,name_0__obj_cone__num_02__movement_description__closer__expanded,30,24,-6,6,True,False,person_relative_to_object,closer_farther_same_distance,"Initially, Maya was 30 ft from a cone that remained stationary. From that starting position, Maya walked 6 ft directly toward the cone.",Maya is now closer to the cone than before.,Maya is now farther from the cone than before.,Maya is now at the same distance from the cone as before.,23,135,27,9,43,11,10,9,46,11,10,12,57,14,13,2641
name_0__obj_cone__num_02__unit_ft__movement_description__farther__expanded,1.2,closer_farther_initial_conditions,name_0__obj_cone__num_02__unit_ft__expanded,movement_description,name_0__obj_cone__num_02__unit_ft__movement_description__farther,movement_expanded,expanded,directed_movement_inference,farther,Target2,name_0,Maya,obj_cone,cone,num_02,feet,unit_ft,abbreviation,name_0__obj_cone__num_02__movement_description__farther__expanded,30,36,6,6,True,False,person_relative_to_object,closer_farther_same_distance,"Initially, Maya was 30 ft from a cone that remained stationary. From that starting position, Maya walked 6 ft directly away from the cone.",Maya is now closer to the cone than before.,Maya is now farther from the cone than before.,Maya is now at the same distance from the cone as before.,24,138,28,9,43,11,10,9,46,11,10,12,57,14,13,2642
name_0__obj_cone__num_02__unit_ft__orientation_control__unchanged__compact,1.2,closer_farther_initial_conditions,name_0__obj_cone__num_02__unit_ft__compact,orientation_control,name_0__obj_cone__num_02__unit_ft__orientation_control__unchanged,orientation_compact,compact,rotation_without_translation_inference,unchanged,Target3,name_0,Maya,obj_cone,cone,num_02,feet,unit_ft,abbreviation,name_0__obj_cone__num_02__orientation_control__unchanged__compact,30,30,0,0,True,False,person_relative_to_object,closer_farther_same_distance,"Maya, 30 ft from a stationary cone, turned around in place.",Maya is now closer to the cone than before.,Maya is now farther from the cone than before.,Maya is now at the same distance from the cone as before.,11,59,15,9,43,11,10,9,46,11,10,12,57,14,13,2643
name_0__obj_cone__num_02__unit_ft__orientation_control__unchanged,1.2,closer_farther_initial_conditions,name_0__obj_cone__num_02__unit_ft,orientation_control,name_0__obj_cone__num_02__unit_ft__orientation_control__unchanged,orientation_standard,standard,rotation_without_translation_inference,unchanged,Target3,name_0,Maya,obj_cone,cone,num_02,feet,unit_ft,abbreviation,name_0__obj_cone__num_02__orientation_control__unchanged,30,30,0,0,True,False,person_relative_to_object,closer_farther_same_distance,Maya was 30 ft from a stationary cone. Maya turned around without changing position.,Maya is now closer to the cone than before.,Maya is now farther from the cone than before.,Maya is now at the same distance from the cone as before.,14,84,17,9,43,11,10,9,46,11,10,12,57,14,13,2644
name_0__obj_cone__num_02__unit_ft__orientation_control__unchanged__expanded,1.2,closer_farther_initial_conditions,name_0__obj_cone__num_02__unit_ft__expanded,orientation_control,name_0__obj_cone__num_02__unit_ft__orientation_control__unchanged,orientation_expanded,expanded,rotation_without_translation_inference,unchanged,Target3,name_0,Maya,obj_cone,cone,num_02,feet,unit_ft,abbreviation,name_0__obj_cone__num_02__orientation_control__unchanged__expanded,30,30,0,0,True,False,person_relative_to_object,closer_farther_same_distance,"Initially, Maya was 30 ft from a cone that remained stationary. Maya then turned to face the opposite direction, keeping both feet in the same place.",Maya is now closer to the cone than before.,Maya is now farther from the cone than before.,Maya is now at the same distance from the cone as before.,26,149,30,9,43,11,10,9,46,11,10,12,57,14,13,2645
name_0__obj_cone__num_03__unit_ft__explicit_distance__closer__compact,1.2,closer_farther_initial_conditions,name_0__obj_cone__num_03__unit_ft__compact,explicit_distance,name_0__obj_cone__num_03__unit_ft__explicit_distance__closer,distance_compact,compact,explicit_distance_comparison,closer,Target1,name_0,Maya,obj_cone,cone,num_03,feet,unit_ft,abbreviation,name_0__obj_cone__num_03__explicit_distance__closer__compact,35,31,-4,4,True,False,person_relative_to_object,closer_farther_same_distance,"Maya's distance from the stationary cone: initially 35 ft, now 31 ft.",Maya is now closer to the cone than before.,Maya is now farther from the cone than before.,Maya is now at the same distance from the cone as before.,13,69,17,9,43,11,10,9,46,11,10,12,57,14,13,2646
name_0__obj_cone__num_03__unit_ft__explicit_distance__farther__compact,1.2,closer_farther_initial_conditions,name_0__obj_cone__num_03__unit_ft__compact,explicit_distance,name_0__obj_cone__num_03__unit_ft__explicit_distance__farther,distance_compact,compact,explicit_distance_comparison,farther,Target2,name_0,Maya,obj_cone,cone,num_03,feet,unit_ft,abbreviation,name_0__obj_cone__num_03__explicit_distance__farther__compact,35,39,4,4,True,False,person_relative_to_object,closer_farther_same_distance,"Maya's distance from the stationary cone: initially 35 ft, now 39 ft.",Maya is now closer to the cone than before.,Maya is now farther from the cone than before.,Maya is now at the same distance from the cone as before.,13,69,17,9,43,11,10,9,46,11,10,12,57,14,13,2647
name_0__obj_cone__num_03__unit_ft__explicit_distance__unchanged__compact,1.2,closer_farther_initial_conditions,name_0__obj_cone__num_03__unit_ft__compact,explicit_distance,name_0__obj_cone__num_03__unit_ft__explicit_distance__unchanged,distance_compact,compact,explicit_distance_comparison,unchanged,Target3,name_0,Maya,obj_cone,cone,num_03,feet,unit_ft,abbreviation,name_0__obj_cone__num_03__explicit_distance__unchanged__compact,35,35,0,0,True,False,person_relative_to_object,closer_farther_same_distance,"Maya's distance from the stationary cone: initially 35 ft, now 35 ft.",Maya is now closer to the cone than before.,Maya is now farther from the cone than before.,Maya is now at the same distance from the cone as before.,13,69,17,9,43,11,10,9,46,11,10,12,57,14,13,2648
name_0__obj_cone__num_03__unit_ft__explicit_distance__closer,1.2,closer_farther_initial_conditions,name_0__obj_cone__num_03__unit_ft,explicit_distance,name_0__obj_cone__num_03__unit_ft__explicit_distance__closer,distance_standard,standard,explicit_distance_comparison,closer,Target1,name_0,Maya,obj_cone,cone,num_03,feet,unit_ft,abbreviation,name_0__obj_cone__num_03__explicit_distance__closer,35,31,-4,4,True,False,person_relative_to_object,closer_farther_same_distance,Maya was 35 ft from a stationary cone. Maya is now 31 ft from the cone.,Maya is now closer to the cone than before.,Maya is now farther from the cone than before.,Maya is now at the same distance from the cone as before.,16,71,19,9,43,11,10,9,46,11,10,12,57,14,13,2649
name_0__obj_cone__num_03__unit_ft__explicit_distance__farther,1.2,closer_farther_initial_conditions,name_0__obj_cone__num_03__unit_ft,explicit_distance,name_0__obj_cone__num_03__unit_ft__explicit_distance__farther,distance_standard,standard,explicit_distance_comparison,farther,Target2,name_0,Maya,obj_cone,cone,num_03,feet,unit_ft,abbreviation,name_0__obj_cone__num_03__explicit_distance__farther,35,39,4,4,True,False,person_relative_to_object,closer_farther_same_distance,Maya was 35 ft from a stationary cone. Maya is now 39 ft from the cone.,Maya is now closer to the cone than before.,Maya is now farther from the cone than before.,Maya is now at the same distance from the cone as before.,16,71,19,9,43,11,10,9,46,11,10,12,57,14,13,2650
name_0__obj_cone__num_03__unit_ft__explicit_distance__unchanged,1.2,closer_farther_initial_conditions,name_0__obj_cone__num_03__unit_ft,explicit_distance,name_0__obj_cone__num_03__unit_ft__explicit_distance__unchanged,distance_standard,standard,explicit_distance_comparison,unchanged,Target3,name_0,Maya,obj_cone,cone,num_03,feet,unit_ft,abbreviation,name_0__obj_cone__num_03__explicit_distance__unchanged,35,35,0,0,True,False,person_relative_to_object,closer_farther_same_distance,Maya was 35 ft from a stationary cone. Maya is now 35 ft from the cone.,Maya is now closer to the cone than before.,Maya is now farther from the cone than before.,Maya is now at the same distance from the cone as before.,16,71,19,9,43,11,10,9,46,11,10,12,57,14,13,2651
name_0__obj_cone__num_03__unit_ft__explicit_distance__closer__expanded,1.2,closer_farther_initial_conditions,name_0__obj_cone__num_03__unit_ft__expanded,explicit_distance,name_0__obj_cone__num_03__unit_ft__explicit_distance__closer,distance_expanded,expanded,explicit_distance_comparison,closer,Target1,name_0,Maya,obj_cone,cone,num_03,feet,unit_ft,abbreviation,name_0__obj_cone__num_03__explicit_distance__closer__expanded,35,31,-4,4,True,False,person_relative_to_object,closer_farther_same_distance,"Initially, Maya was 35 ft from a cone that remained stationary. The distance between Maya and that cone is now 31 ft.",Maya is now closer to the cone than before.,Maya is now farther from the cone than before.,Maya is now at the same distance from the cone as before.,22,117,25,9,43,11,10,9,46,11,10,12,57,14,13,2652
name_0__obj_cone__num_03__unit_ft__explicit_distance__farther__expanded,1.2,closer_farther_initial_conditions,name_0__obj_cone__num_03__unit_ft__expanded,explicit_distance,name_0__obj_cone__num_03__unit_ft__explicit_distance__farther,distance_expanded,expanded,explicit_distance_comparison,farther,Target2,name_0,Maya,obj_cone,cone,num_03,feet,unit_ft,abbreviation,name_0__obj_cone__num_03__explicit_distance__farther__expanded,35,39,4,4,True,False,person_relative_to_object,closer_farther_same_distance,"Initially, Maya was 35 ft from a cone that remained stationary. The distance between Maya and that cone is now 39 ft.",Maya is now closer to the cone than before.,Maya is now farther from the cone than before.,Maya is now at the same distance from the cone as before.,22,117,25,9,43,11,10,9,46,11,10,12,57,14,13,2653
name_0__obj_cone__num_03__unit_ft__explicit_distance__unchanged__expanded,1.2,closer_farther_initial_conditions,name_0__obj_cone__num_03__unit_ft__expanded,explicit_distance,name_0__obj_cone__num_03__unit_ft__explicit_distance__unchanged,distance_expanded,expanded,explicit_distance_comparison,unchanged,Target3,name_0,Maya,obj_cone,cone,num_03,feet,unit_ft,abbreviation,name_0__obj_cone__num_03__explicit_distance__unchanged__expanded,35,35,0,0,True,False,person_relative_to_object,closer_farther_same_distance,"Initially, Maya was 35 ft from a cone that remained stationary. The distance between Maya and that cone is now 35 ft.",Maya is now closer to the cone than before.,Maya is now farther from the cone than before.,Maya is now at the same distance from the cone as before.,22,117,25,9,43,11,10,9,46,11,10,12,57,14,13,2654
name_0__obj_cone__num_03__unit_ft__movement_description__closer__compact,1.2,closer_farther_initial_conditions,name_0__obj_cone__num_03__unit_ft__compact,movement_description,name_0__obj_cone__num_03__unit_ft__movement_description__closer,movement_compact,compact,directed_movement_inference,closer,Target1,name_0,Maya,obj_cone,cone,num_03,feet,unit_ft,abbreviation,name_0__obj_cone__num_03__movement_description__closer__compact,35,31,-4,4,True,False,person_relative_to_object,closer_farther_same_distance,"Starting 35 ft from a stationary cone, Maya walked 4 ft directly toward it.",Maya is now closer to the cone than before.,Maya is now farther from the cone than before.,Maya is now at the same distance from the cone as before.,14,75,16,9,43,11,10,9,46,11,10,12,57,14,13,2655
name_0__obj_cone__num_03__unit_ft__movement_description__farther__compact,1.2,closer_farther_initial_conditions,name_0__obj_cone__num_03__unit_ft__compact,movement_description,name_0__obj_cone__num_03__unit_ft__movement_description__farther,movement_compact,compact,directed_movement_inference,farther,Target2,name_0,Maya,obj_cone,cone,num_03,feet,unit_ft,abbreviation,name_0__obj_cone__num_03__movement_description__farther__compact,35,39,4,4,True,False,person_relative_to_object,closer_farther_same_distance,"Starting 35 ft from a stationary cone, Maya walked 4 ft directly away from it.",Maya is now closer to the cone than before.,Maya is now farther from the cone than before.,Maya is now at the same distance from the cone as before.,15,78,17,9,43,11,10,9,46,11,10,12,57,14,13,2656
name_0__obj_cone__num_03__unit_ft__movement_description__closer,1.2,closer_farther_initial_conditions,name_0__obj_cone__num_03__unit_ft,movement_description,name_0__obj_cone__num_03__unit_ft__movement_description__closer,movement_standard,standard,directed_movement_inference,closer,Target1,name_0,Maya,obj_cone,cone,num_03,feet,unit_ft,abbreviation,name_0__obj_cone__num_03__movement_description__closer,35,31,-4,4,True,False,person_relative_to_object,closer_farther_same_distance,Maya was 35 ft from a stationary cone. Maya walked 4 ft directly toward the cone.,Maya is now closer to the cone than before.,Maya is now farther from the cone than before.,Maya is now at the same distance from the cone as before.,16,81,19,9,43,11,10,9,46,11,10,12,57,14,13,2657
name_0__obj_cone__num_03__unit_ft__movement_description__farther,1.2,closer_farther_initial_conditions,name_0__obj_cone__num_03__unit_ft,movement_description,name_0__obj_cone__num_03__unit_ft__movement_description__farther,movement_standard,standard,directed_movement_inference,farther,Target2,name_0,Maya,obj_cone,cone,num_03,feet,unit_ft,abbreviation,name_0__obj_cone__num_03__movement_description__farther,35,39,4,4,True,False,person_relative_to_object,closer_farther_same_distance,Maya was 35 ft from a stationary cone. Maya walked 4 ft directly away from the cone.,Maya is now closer to the cone than before.,Maya is now farther from the cone than before.,Maya is now at the same distance from the cone as before.,17,84,20,9,43,11,10,9,46,11,10,12,57,14,13,2658
name_0__obj_cone__num_03__unit_ft__movement_description__closer__expanded,1.2,closer_farther_initial_conditions,name_0__obj_cone__num_03__unit_ft__expanded,movement_description,name_0__obj_cone__num_03__unit_ft__movement_description__closer,movement_expanded,expanded,directed_movement_inference,closer,Target1,name_0,Maya,obj_cone,cone,num_03,feet,unit_ft,abbreviation,name_0__obj_cone__num_03__movement_description__closer__expanded,35,31,-4,4,True,False,person_relative_to_object,closer_farther_same_distance,"Initially, Maya was 35 ft from a cone that remained stationary. From that starting position, Maya walked 4 ft directly toward the cone.",Maya is now closer to the cone than before.,Maya is now farther from the cone than before.,Maya is now at the same distance from the cone as before.,23,135,27,9,43,11,10,9,46,11,10,12,57,14,13,2659
name_0__obj_cone__num_03__unit_ft__movement_description__farther__expanded,1.2,closer_farther_initial_conditions,name_0__obj_cone__num_03__unit_ft__expanded,movement_description,name_0__obj_cone__num_03__unit_ft__movement_description__farther,movement_expanded,expanded,directed_movement_inference,farther,Target2,name_0,Maya,obj_cone,cone,num_03,feet,unit_ft,abbreviation,name_0__obj_cone__num_03__movement_description__farther__expanded,35,39,4,4,True,False,person_relative_to_object,closer_farther_same_distance,"Initially, Maya was 35 ft from a cone that remained stationary. From that starting position, Maya walked 4 ft directly away from the cone.",Maya is now closer to the cone than before.,Maya is now farther from the cone than before.,Maya is now at the same distance from the cone as before.,24,138,28,9,43,11,10,9,46,11,10,12,57,14,13,2660
name_0__obj_cone__num_03__unit_ft__orientation_control__unchanged__compact,1.2,closer_farther_initial_conditions,name_0__obj_cone__num_03__unit_ft__compact,orientation_control,name_0__obj_cone__num_03__unit_ft__orientation_control__unchanged,orientation_compact,compact,rotation_without_translation_inference,unchanged,Target3,name_0,Maya,obj_cone,cone,num_03,feet,unit_ft,abbreviation,name_0__obj_cone__num_03__orientation_control__unchanged__compact,35,35,0,0,True,False,person_relative_to_object,closer_farther_same_distance,"Maya, 35 ft from a stationary cone, turned around in place.",Maya is now closer to the cone than before.,Maya is now farther from the cone than before.,Maya is now at the same distance from the cone as before.,11,59,15,9,43,11,10,9,46,11,10,12,57,14,13,2661
name_0__obj_cone__num_03__unit_ft__orientation_control__unchanged,1.2,closer_farther_initial_conditions,name_0__obj_cone__num_03__unit_ft,orientation_control,name_0__obj_cone__num_03__unit_ft__orientation_control__unchanged,orientation_standard,standard,rotation_without_translation_inference,unchanged,Target3,name_0,Maya,obj_cone,cone,num_03,feet,unit_ft,abbreviation,name_0__obj_cone__num_03__orientation_control__unchanged,35,35,0,0,True,False,person_relative_to_object,closer_farther_same_distance,Maya was 35 ft from a stationary cone. Maya turned around without changing position.,Maya is now closer to the cone than before.,Maya is now farther from the cone than before.,Maya is now at the same distance from the cone as before.,14,84,17,9,43,11,10,9,46,11,10,12,57,14,13,2662
name_0__obj_cone__num_03__unit_ft__orientation_control__unchanged__expanded,1.2,closer_farther_initial_conditions,name_0__obj_cone__num_03__unit_ft__expanded,orientation_control,name_0__obj_cone__num_03__unit_ft__orientation_control__unchanged,orientation_expanded,expanded,rotation_without_translation_inference,unchanged,Target3,name_0,Maya,obj_cone,cone,num_03,feet,unit_ft,abbreviation,name_0__obj_cone__num_03__orientation_control__unchanged__expanded,35,35,0,0,True,False,person_relative_to_object,closer_farther_same_distance,"Initially, Maya was 35 ft from a cone that remained stationary. Maya then turned to face the opposite direction, keeping both feet in the same place.",Maya is now closer to the cone than before.,Maya is now farther from the cone than before.,Maya is now at the same distance from the cone as before.,26,149,30,9,43,11,10,9,46,11,10,12,57,14,13,2663
name_0__obj_cone__num_04__unit_ft__explicit_distance__closer__compact,1.2,closer_farther_initial_conditions,name_0__obj_cone__num_04__unit_ft__compact,explicit_distance,name_0__obj_cone__num_04__unit_ft__explicit_distance__closer,distance_compact,compact,explicit_distance_comparison,closer,Target1,name_0,Maya,obj_cone,cone,num_04,feet,unit_ft,abbreviation,name_0__obj_cone__num_04__explicit_distance__closer__compact,53,21,-32,32,True,False,person_relative_to_object,closer_farther_same_distance,"Maya's distance from the stationary cone: initially 53 ft, now 21 ft.",Maya is now closer to the cone than before.,Maya is now farther from the cone than before.,Maya is now at the same distance from the cone as before.,13,69,17,9,43,11,10,9,46,11,10,12,57,14,13,2664
name_0__obj_cone__num_04__unit_ft__explicit_distance__farther__compact,1.2,closer_farther_initial_conditions,name_0__obj_cone__num_04__unit_ft__compact,explicit_distance,name_0__obj_cone__num_04__unit_ft__explicit_distance__farther,distance_compact,compact,explicit_distance_comparison,farther,Target2,name_0,Maya,obj_cone,cone,num_04,feet,unit_ft,abbreviation,name_0__obj_cone__num_04__explicit_distance__farther__compact,53,85,32,32,True,False,person_relative_to_object,closer_farther_same_distance,"Maya's distance from the stationary cone: initially 53 ft, now 85 ft.",Maya is now closer to the cone than before.,Maya is now farther from the cone than before.,Maya is now at the same distance from the cone as before.,13,69,17,9,43,11,10,9,46,11,10,12,57,14,13,2665
name_0__obj_cone__num_04__unit_ft__explicit_distance__unchanged__compact,1.2,closer_farther_initial_conditions,name_0__obj_cone__num_04__unit_ft__compact,explicit_distance,name_0__obj_cone__num_04__unit_ft__explicit_distance__unchanged,distance_compact,compact,explicit_distance_comparison,unchanged,Target3,name_0,Maya,obj_cone,cone,num_04,feet,unit_ft,abbreviation,name_0__obj_cone__num_04__explicit_distance__unchanged__compact,53,53,0,0,True,False,person_relative_to_object,closer_farther_same_distance,"Maya's distance from the stationary cone: initially 53 ft, now 53 ft.",Maya is now closer to the cone than before.,Maya is now farther from the cone than before.,Maya is now at the same distance from the cone as before.,13,69,17,9,43,11,10,9,46,11,10,12,57,14,13,2666
name_0__obj_cone__num_04__unit_ft__explicit_distance__closer,1.2,closer_farther_initial_conditions,name_0__obj_cone__num_04__unit_ft,explicit_distance,name_0__obj_cone__num_04__unit_ft__explicit_distance__closer,distance_standard,standard,explicit_distance_comparison,closer,Target1,name_0,Maya,obj_cone,cone,num_04,feet,unit_ft,abbreviation,name_0__obj_cone__num_04__explicit_distance__closer,53,21,-32,32,True,False,person_relative_to_object,closer_farther_same_distance,Maya was 53 ft from a stationary cone. Maya is now 21 ft from the cone.,Maya is now closer to the cone than before.,Maya is now farther from the cone than before.,Maya is now at the same distance from the cone as before.,16,71,19,9,43,11,10,9,46,11,10,12,57,14,13,2667
name_0__obj_cone__num_04__unit_ft__explicit_distance__farther,1.2,closer_farther_initial_conditions,name_0__obj_cone__num_04__unit_ft,explicit_distance,name_0__obj_cone__num_04__unit_ft__explicit_distance__farther,distance_standard,standard,explicit_distance_comparison,farther,Target2,name_0,Maya,obj_cone,cone,num_04,feet,unit_ft,abbreviation,name_0__obj_cone__num_04__explicit_distance__farther,53,85,32,32,True,False,person_relative_to_object,closer_farther_same_distance,Maya was 53 ft from a stationary cone. Maya is now 85 ft from the cone.,Maya is now closer to the cone than before.,Maya is now farther from the cone than before.,Maya is now at the same distance from the cone as before.,16,71,19,9,43,11,10,9,46,11,10,12,57,14,13,2668
name_0__obj_cone__num_04__unit_ft__explicit_distance__unchanged,1.2,closer_farther_initial_conditions,name_0__obj_cone__num_04__unit_ft,explicit_distance,name_0__obj_cone__num_04__unit_ft__explicit_distance__unchanged,distance_standard,standard,explicit_distance_comparison,unchanged,Target3,name_0,Maya,obj_cone,cone,num_04,feet,unit_ft,abbreviation,name_0__obj_cone__num_04__explicit_distance__unchanged,53,53,0,0,True,False,person_relative_to_object,closer_farther_same_distance,Maya was 53 ft from a stationary cone. Maya is now 53 ft from the cone.,Maya is now closer to the cone than before.,Maya is now farther from the cone than before.,Maya is now at the same distance from the cone as before.,16,71,19,9,43,11,10,9,46,11,10,12,57,14,13,2669
name_0__obj_cone__num_04__unit_ft__explicit_distance__closer__expanded,1.2,closer_farther_initial_conditions,name_0__obj_cone__num_04__unit_ft__expanded,explicit_distance,name_0__obj_cone__num_04__unit_ft__explicit_distance__closer,distance_expanded,expanded,explicit_distance_comparison,closer,Target1,name_0,Maya,obj_cone,cone,num_04,feet,unit_ft,abbreviation,name_0__obj_cone__num_04__explicit_distance__closer__expanded,53,21,-32,32,True,False,person_relative_to_object,closer_farther_same_distance,"Initially, Maya was 53 ft from a cone that remained stationary. The distance between Maya and that cone is now 21 ft.",Maya is now closer to the cone than before.,Maya is now farther from the cone than before.,Maya is now at the same distance from the cone as before.,22,117,25,9,43,11,10,9,46,11,10,12,57,14,13,2670
name_0__obj_cone__num_04__unit_ft__explicit_distance__farther__expanded,1.2,closer_farther_initial_conditions,name_0__obj_cone__num_04__unit_ft__expanded,explicit_distance,name_0__obj_cone__num_04__unit_ft__explicit_distance__farther,distance_expanded,expanded,explicit_distance_comparison,farther,Target2,name_0,Maya,obj_cone,cone,num_04,feet,unit_ft,abbreviation,name_0__obj_cone__num_04__explicit_distance__farther__expanded,53,85,32,32,True,False,person_relative_to_object,closer_farther_same_distance,"Initially, Maya was 53 ft from a cone that remained stationary. The distance between Maya and that cone is now 85 ft.",Maya is now closer to the cone than before.,Maya is now farther from the cone than before.,Maya is now at the same distance from the cone as before.,22,117,25,9,43,11,10,9,46,11,10,12,57,14,13,2671
name_0__obj_cone__num_04__unit_ft__explicit_distance__unchanged__expanded,1.2,closer_farther_initial_conditions,name_0__obj_cone__num_04__unit_ft__expanded,explicit_distance,name_0__obj_cone__num_04__unit_ft__explicit_distance__unchanged,distance_expanded,expanded,explicit_distance_comparison,unchanged,Target3,name_0,Maya,obj_cone,cone,num_04,feet,unit_ft,abbreviation,name_0__obj_cone__num_04__explicit_distance__unchanged__expanded,53,53,0,0,True,False,person_relative_to_object,closer_farther_same_distance,"Initially, Maya was 53 ft from a cone that remained stationary. The distance between Maya and that cone is now 53 ft.",Maya is now closer to the cone than before.,Maya is now farther from the cone than before.,Maya is now at the same distance from the cone as before.,22,117,25,9,43,11,10,9,46,11,10,12,57,14,13,2672
name_0__obj_cone__num_04__unit_ft__movement_description__closer__compact,1.2,closer_farther_initial_conditions,name_0__obj_cone__num_04__unit_ft__compact,movement_description,name_0__obj_cone__num_04__unit_ft__movement_description__closer,movement_compact,compact,directed_movement_inference,closer,Target1,name_0,Maya,obj_cone,cone,num_04,feet,unit_ft,abbreviation,name_0__obj_cone__num_04__movement_description__closer__compact,53,21,-32,32,True,False,person_relative_to_object,closer_farther_same_distance,"Starting 53 ft from a stationary cone, Maya walked 32 ft directly toward it.",Maya is now closer to the cone than before.,Maya is now farther from the cone than before.,Maya is now at the same distance from the cone as before.,14,76,16,9,43,11,10,9,46,11,10,12,57,14,13,2673
name_0__obj_cone__num_04__unit_ft__movement_description__farther__compact,1.2,closer_farther_initial_conditions,name_0__obj_cone__num_04__unit_ft__compact,movement_description,name_0__obj_cone__num_04__unit_ft__movement_description__farther,movement_compact,compact,directed_movement_inference,farther,Target2,name_0,Maya,obj_cone,cone,num_04,feet,unit_ft,abbreviation,name_0__obj_cone__num_04__movement_description__farther__compact,53,85,32,32,True,False,person_relative_to_object,closer_farther_same_distance,"Starting 53 ft from a stationary cone, Maya walked 32 ft directly away from it.",Maya is now closer to the cone than before.,Maya is now farther from the cone than before.,Maya is now at the same distance from the cone as before.,15,79,17,9,43,11,10,9,46,11,10,12,57,14,13,2674
name_0__obj_cone__num_04__unit_ft__movement_description__closer,1.2,closer_farther_initial_conditions,name_0__obj_cone__num_04__unit_ft,movement_description,name_0__obj_cone__num_04__unit_ft__movement_description__closer,movement_standard,standard,directed_movement_inference,closer,Target1,name_0,Maya,obj_cone,cone,num_04,feet,unit_ft,abbreviation,name_0__obj_cone__num_04__movement_description__closer,53,21,-32,32,True,False,person_relative_to_object,closer_farther_same_distance,Maya was 53 ft from a stationary cone. Maya walked 32 ft directly toward the cone.,Maya is now closer to the cone than before.,Maya is now farther from the cone than before.,Maya is now at the same distance from the cone as before.,16,82,19,9,43,11,10,9,46,11,10,12,57,14,13,2675
name_0__obj_cone__num_04__unit_ft__movement_description__farther,1.2,closer_farther_initial_conditions,name_0__obj_cone__num_04__unit_ft,movement_description,name_0__obj_cone__num_04__unit_ft__movement_description__farther,movement_standard,standard,directed_movement_inference,farther,Target2,name_0,Maya,obj_cone,cone,num_04,feet,unit_ft,abbreviation,name_0__obj_cone__num_04__movement_description__farther,53,85,32,32,True,False,person_relative_to_object,closer_farther_same_distance,Maya was 53 ft from a stationary cone. Maya walked 32 ft directly away from the cone.,Maya is now closer to the cone than before.,Maya is now farther from the cone than before.,Maya is now at the same distance from the cone as before.,17,85,20,9,43,11,10,9,46,11,10,12,57,14,13,2676
name_0__obj_cone__num_04__unit_ft__movement_description__closer__expanded,1.2,closer_farther_initial_conditions,name_0__obj_cone__num_04__unit_ft__expanded,movement_description,name_0__obj_cone__num_04__unit_ft__movement_description__closer,movement_expanded,expanded,directed_movement_inference,closer,Target1,name_0,Maya,obj_cone,cone,num_04,feet,unit_ft,abbreviation,name_0__obj_cone__num_04__movement_description__closer__expanded,53,21,-32,32,True,False,person_relative_to_object,closer_farther_same_distance,"Initially, Maya was 53 ft from a cone that remained stationary. From that starting position, Maya walked 32 ft directly toward the cone.",Maya is now closer to the cone than before.,Maya is now farther from the cone than before.,Maya is now at the same distance from the cone as before.,23,136,27,9,43,11,10,9,46,11,10,12,57,14,13,2677
name_0__obj_cone__num_04__unit_ft__movement_description__farther__expanded,1.2,closer_farther_initial_conditions,name_0__obj_cone__num_04__unit_ft__expanded,movement_description,name_0__obj_cone__num_04__unit_ft__movement_description__farther,movement_expanded,expanded,directed_movement_inference,farther,Target2,name_0,Maya,obj_cone,cone,num_04,feet,unit_ft,abbreviation,name_0__obj_cone__num_04__movement_description__farther__expanded,53,85,32,32,True,False,person_relative_to_object,closer_farther_same_distance,"Initially, Maya was 53 ft from a cone that remained stationary. From that starting position, Maya walked 32 ft directly away from the cone.",Maya is now closer to the cone than before.,Maya is now farther from the cone than before.,Maya is now at the same distance from the cone as before.,24,139,28,9,43,11,10,9,46,11,10,12,57,14,13,2678
name_0__obj_cone__num_04__unit_ft__orientation_control__unchanged__compact,1.2,closer_farther_initial_conditions,name_0__obj_cone__num_04__unit_ft__compact,orientation_control,name_0__obj_cone__num_04__unit_ft__orientation_control__unchanged,orientation_compact,compact,rotation_without_translation_inference,unchanged,Target3,name_0,Maya,obj_cone,cone,num_04,feet,unit_ft,abbreviation,name_0__obj_cone__num_04__orientation_control__unchanged__compact,53,53,0,0,True,False,person_relative_to_object,closer_farther_same_distance,"Maya, 53 ft from a stationary cone, turned around in place.",Maya is now closer to the cone than before.,Maya is now farther from the cone than before.,Maya is now at the same distance from the cone as before.,11,59,15,9,43,11,10,9,46,11,10,12,57,14,13,2679
name_0__obj_cone__num_04__unit_ft__orientation_control__unchanged,1.2,closer_farther_initial_conditions,name_0__obj_cone__num_04__unit_ft,orientation_control,name_0__obj_cone__num_04__unit_ft__orientation_control__unchanged,orientation_standard,standard,rotation_without_translation_inference,unchanged,Target3,name_0,Maya,obj_cone,cone,num_04,feet,unit_ft,abbreviation,name_0__obj_cone__num_04__orientation_control__unchanged,53,53,0,0,True,False,person_relative_to_object,closer_farther_same_distance,Maya was 53 ft from a stationary cone. Maya turned around without changing position.,Maya is now closer to the cone than before.,Maya is now farther from the cone than before.,Maya is now at the same distance from the cone as before.,14,84,17,9,43,11,10,9,46,11,10,12,57,14,13,2680
name_0__obj_cone__num_04__unit_ft__orientation_control__unchanged__expanded,1.2,closer_farther_initial_conditions,name_0__obj_cone__num_04__unit_ft__expanded,orientation_control,name_0__obj_cone__num_04__unit_ft__orientation_control__unchanged,orientation_expanded,expanded,rotation_without_translation_inference,unchanged,Target3,name_0,Maya,obj_cone,cone,num_04,feet,unit_ft,abbreviation,name_0__obj_cone__num_04__orientation_control__unchanged__expanded,53,53,0,0,True,False,person_relative_to_object,closer_farther_same_distance,"Initially, Maya was 53 ft from a cone that remained stationary. Maya then turned to face the opposite direction, keeping both feet in the same place.",Maya is now closer to the cone than before.,Maya is now farther from the cone than before.,Maya is now at the same distance from the cone as before.,26,149,30,9,43,11,10,9,46,11,10,12,57,14,13,2681
name_0__obj_cone__num_05__unit_ft__explicit_distance__closer__compact,1.2,closer_farther_initial_conditions,name_0__obj_cone__num_05__unit_ft__compact,explicit_distance,name_0__obj_cone__num_05__unit_ft__explicit_distance__closer,distance_compact,compact,explicit_distance_comparison,closer,Target1,name_0,Maya,obj_cone,cone,num_05,feet,unit_ft,abbreviation,name_0__obj_cone__num_05__explicit_distance__closer__compact,54,22,-32,32,True,False,person_relative_to_object,closer_farther_same_distance,"Maya's distance from the stationary cone: initially 54 ft, now 22 ft.",Maya is now closer to the cone than before.,Maya is now farther from the cone than before.,Maya is now at the same distance from the cone as before.,13,69,17,9,43,11,10,9,46,11,10,12,57,14,13,2682
name_0__obj_cone__num_05__unit_ft__explicit_distance__farther__compact,1.2,closer_farther_initial_conditions,name_0__obj_cone__num_05__unit_ft__compact,explicit_distance,name_0__obj_cone__num_05__unit_ft__explicit_distance__farther,distance_compact,compact,explicit_distance_comparison,farther,Target2,name_0,Maya,obj_cone,cone,num_05,feet,unit_ft,abbreviation,name_0__obj_cone__num_05__explicit_distance__farther__compact,54,86,32,32,True,False,person_relative_to_object,closer_farther_same_distance,"Maya's distance from the stationary cone: initially 54 ft, now 86 ft.",Maya is now closer to the cone than before.,Maya is now farther from the cone than before.,Maya is now at the same distance from the cone as before.,13,69,17,9,43,11,10,9,46,11,10,12,57,14,13,2683
name_0__obj_cone__num_05__unit_ft__explicit_distance__unchanged__compact,1.2,closer_farther_initial_conditions,name_0__obj_cone__num_05__unit_ft__compact,explicit_distance,name_0__obj_cone__num_05__unit_ft__explicit_distance__unchanged,distance_compact,compact,explicit_distance_comparison,unchanged,Target3,name_0,Maya,obj_cone,cone,num_05,feet,unit_ft,abbreviation,name_0__obj_cone__num_05__explicit_distance__unchanged__compact,54,54,0,0,True,False,person_relative_to_object,closer_farther_same_distance,"Maya's distance from the stationary cone: initially 54 ft, now 54 ft.",Maya is now closer to the cone than before.,Maya is now farther from the cone than before.,Maya is now at the same distance from the cone as before.,13,69,17,9,43,11,10,9,46,11,10,12,57,14,13,2684
name_0__obj_cone__num_05__unit_ft__explicit_distance__closer,1.2,closer_farther_initial_conditions,name_0__obj_cone__num_05__unit_ft,explicit_distance,name_0__obj_cone__num_05__unit_ft__explicit_distance__closer,distance_standard,standard,explicit_distance_comparison,closer,Target1,name_0,Maya,obj_cone,cone,num_05,feet,unit_ft,abbreviation,name_0__obj_cone__num_05__explicit_distance__closer,54,22,-32,32,True,False,person_relative_to_object,closer_farther_same_distance,Maya was 54 ft from a stationary cone. Maya is now 22 ft from the cone.,Maya is now closer to the cone than before.,Maya is now farther from the cone than before.,Maya is now at the same distance from the cone as before.,16,71,19,9,43,11,10,9,46,11,10,12,57,14,13,2685
name_0__obj_cone__num_05__unit_ft__explicit_distance__farther,1.2,closer_farther_initial_conditions,name_0__obj_cone__num_05__unit_ft,explicit_distance,name_0__obj_cone__num_05__unit_ft__explicit_distance__farther,distance_standard,standard,explicit_distance_comparison,farther,Target2,name_0,Maya,obj_cone,cone,num_05,feet,unit_ft,abbreviation,name_0__obj_cone__num_05__explicit_distance__farther,54,86,32,32,True,False,person_relative_to_object,closer_farther_same_distance,Maya was 54 ft from a stationary cone. Maya is now 86 ft from the cone.,Maya is now closer to the cone than before.,Maya is now farther from the cone than before.,Maya is now at the same distance from the cone as before.,16,71,19,9,43,11,10,9,46,11,10,12,57,14,13,2686
name_0__obj_cone__num_05__unit_ft__explicit_distance__unchanged,1.2,closer_farther_initial_conditions,name_0__obj_cone__num_05__unit_ft,explicit_distance,name_0__obj_cone__num_05__unit_ft__explicit_distance__unchanged,distance_standard,standard,explicit_distance_comparison,unchanged,Target3,name_0,Maya,obj_cone,cone,num_05,feet,unit_ft,abbreviation,name_0__obj_cone__num_05__explicit_distance__unchanged,54,54,0,0,True,False,person_relative_to_object,closer_farther_same_distance,Maya was 54 ft from a stationary cone. Maya is now 54 ft from the cone.,Maya is now closer to the cone than before.,Maya is now farther from the cone than before.,Maya is now at the same distance from the cone as before.,16,71,19,9,43,11,10,9,46,11,10,12,57,14,13,2687
name_0__obj_cone__num_05__unit_ft__explicit_distance__closer__expanded,1.2,closer_farther_initial_conditions,name_0__obj_cone__num_05__unit_ft__expanded,explicit_distance,name_0__obj_cone__num_05__unit_ft__explicit_distance__closer,distance_expanded,expanded,explicit_distance_comparison,closer,Target1,name_0,Maya,obj_cone,cone,num_05,feet,unit_ft,abbreviation,name_0__obj_cone__num_05__explicit_distance__closer__expanded,54,22,-32,32,True,False,person_relative_to_object,closer_farther_same_distance,"Initially, Maya was 54 ft from a cone that remained stationary. The distance between Maya and that cone is now 22 ft.",Maya is now closer to the cone than before.,Maya is now farther from the cone than before.,Maya is now at the same distance from the cone as before.,22,117,25,9,43,11,10,9,46,11,10,12,57,14,13,2688
name_0__obj_cone__num_05__unit_ft__explicit_distance__farther__expanded,1.2,closer_farther_initial_conditions,name_0__obj_cone__num_05__unit_ft__expanded,explicit_distance,name_0__obj_cone__num_05__unit_ft__explicit_distance__farther,distance_expanded,expanded,explicit_distance_comparison,farther,Target2,name_0,Maya,obj_cone,cone,num_05,feet,unit_ft,abbreviation,name_0__obj_cone__num_05__explicit_distance__farther__expanded,54,86,32,32,True,False,person_relative_to_object,closer_farther_same_distance,"Initially, Maya was 54 ft from a cone that remained stationary. The distance between Maya and that cone is now 86 ft.",Maya is now closer to the cone than before.,Maya is now farther from the cone than before.,Maya is now at the same distance from the cone as before.,22,117,25,9,43,11,10,9,46,11,10,12,57,14,13,2689
name_0__obj_cone__num_05__unit_ft__explicit_distance__unchanged__expanded,1.2,closer_farther_initial_conditions,name_0__obj_cone__num_05__unit_ft__expanded,explicit_distance,name_0__obj_cone__num_05__unit_ft__explicit_distance__unchanged,distance_expanded,expanded,explicit_distance_comparison,unchanged,Target3,name_0,Maya,obj_cone,cone,num_05,feet,unit_ft,abbreviation,name_0__obj_cone__num_05__explicit_distance__unchanged__expanded,54,54,0,0,True,False,person_relative_to_object,closer_farther_same_distance,"Initially, Maya was 54 ft from a cone that remained stationary. The distance between Maya and that cone is now 54 ft.",Maya is now closer to the cone than before.,Maya is now farther from the cone than before.,Maya is now at the same distance from the cone as before.,22,117,25,9,43,11,10,9,46,11,10,12,57,14,13,2690
name_0__obj_cone__num_05__unit_ft__movement_description__closer__compact,1.2,closer_farther_initial_conditions,name_0__obj_cone__num_05__unit_ft__compact,movement_description,name_0__obj_cone__num_05__unit_ft__movement_description__closer,movement_compact,compact,directed_movement_inference,closer,Target1,name_0,Maya,obj_cone,cone,num_05,feet,unit_ft,abbreviation,name_0__obj_cone__num_05__movement_description__closer__compact,54,22,-32,32,True,False,person_relative_to_object,closer_farther_same_distance,"Starting 54 ft from a stationary cone, Maya walked 32 ft directly toward it.",Maya is now closer to the cone than before.,Maya is now farther from the cone than before.,Maya is now at the same distance from the cone as before.,14,76,16,9,43,11,10,9,46,11,10,12,57,14,13,2691
name_0__obj_cone__num_05__unit_ft__movement_description__farther__compact,1.2,closer_farther_initial_conditions,name_0__obj_cone__num_05__unit_ft__compact,movement_description,name_0__obj_cone__num_05__unit_ft__movement_description__farther,movement_compact,compact,directed_movement_inference,farther,Target2,name_0,Maya,obj_cone,cone,num_05,feet,unit_ft,abbreviation,name_0__obj_cone__num_05__movement_description__farther__compact,54,86,32,32,True,False,person_relative_to_object,closer_farther_same_distance,"Starting 54 ft from a stationary cone, Maya walked 32 ft directly away from it.",Maya is now closer to the cone than before.,Maya is now farther from the cone than before.,Maya is now at the same distance from the cone as before.,15,79,17,9,43,11,10,9,46,11,10,12,57,14,13,2692
name_0__obj_cone__num_05__unit_ft__movement_description__closer,1.2,closer_farther_initial_conditions,name_0__obj_cone__num_05__unit_ft,movement_description,name_0__obj_cone__num_05__unit_ft__movement_description__closer,movement_standard,standard,directed_movement_inference,closer,Target1,name_0,Maya,obj_cone,cone,num_05,feet,unit_ft,abbreviation,name_0__obj_cone__num_05__movement_description__closer,54,22,-32,32,True,False,person_relative_to_object,closer_farther_same_distance,Maya was 54 ft from a stationary cone. Maya walked 32 ft directly toward the cone.,Maya is now closer to the cone than before.,Maya is now farther from the cone than before.,Maya is now at the same distance from the cone as before.,16,82,19,9,43,11,10,9,46,11,10,12,57,14,13,2693
name_0__obj_cone__num_05__unit_ft__movement_description__farther,1.2,closer_farther_initial_conditions,name_0__obj_cone__num_05__unit_ft,movement_description,name_0__obj_cone__num_05__unit_ft__movement_description__farther,movement_standard,standard,directed_movement_inference,farther,Target2,name_0,Maya,obj_cone,cone,num_05,feet,unit_ft,abbreviation,name_0__obj_cone__num_05__movement_description__farther,54,86,32,32,True,False,person_relative_to_object,closer_farther_same_distance,Maya was 54 ft from a stationary cone. Maya walked 32 ft directly away from the cone.,Maya is now closer to the cone than before.,Maya is now farther from the cone than before.,Maya is now at the same distance from the cone as before.,17,85,20,9,43,11,10,9,46,11,10,12,57,14,13,2694
name_0__obj_cone__num_05__unit_ft__movement_description__closer__expanded,1.2,closer_farther_initial_conditions,name_0__obj_cone__num_05__unit_ft__expanded,movement_description,name_0__obj_cone__num_05__unit_ft__movement_description__closer,movement_expanded,expanded,directed_movement_inference,closer,Target1,name_0,Maya,obj_cone,cone,num_05,feet,unit_ft,abbreviation,name_0__obj_cone__num_05__movement_description__closer__expanded,54,22,-32,32,True,False,person_relative_to_object,closer_farther_same_distance,"Initially, Maya was 54 ft from a cone that remained stationary. From that starting position, Maya walked 32 ft directly toward the cone.",Maya is now closer to the cone than before.,Maya is now farther from the cone than before.,Maya is now at the same distance from the cone as before.,23,136,27,9,43,11,10,9,46,11,10,12,57,14,13,2695
name_0__obj_cone__num_05__unit_ft__movement_description__farther__expanded,1.2,closer_farther_initial_conditions,name_0__obj_cone__num_05__unit_ft__expanded,movement_description,name_0__obj_cone__num_05__unit_ft__movement_description__farther,movement_expanded,expanded,directed_movement_inference,farther,Target2,name_0,Maya,obj_cone,cone,num_05,feet,unit_ft,abbreviation,name_0__obj_cone__num_05__movement_description__farther__expanded,54,86,32,32,True,False,person_relative_to_object,closer_farther_same_distance,"Initially, Maya was 54 ft from a cone that remained stationary. From that starting position, Maya walked 32 ft directly away from the cone.",Maya is now closer to the cone than before.,Maya is now farther from the cone than before.,Maya is now at the same distance from the cone as before.,24,139,28,9,43,11,10,9,46,11,10,12,57,14,13,2696
name_0__obj_cone__num_05__unit_ft__orientation_control__unchanged__compact,1.2,closer_farther_initial_conditions,name_0__obj_cone__num_05__unit_ft__compact,orientation_control,name_0__obj_cone__num_05__unit_ft__orientation_control__unchanged,orientation_compact,compact,rotation_without_translation_inference,unchanged,Target3,name_0,Maya,obj_cone,cone,num_05,feet,unit_ft,abbreviation,name_0__obj_cone__num_05__orientation_control__unchanged__compact,54,54,0,0,True,False,person_relative_to_object,closer_farther_same_distance,"Maya, 54 ft from a stationary cone, turned around in place.",Maya is now closer to the cone than before.,Maya is now farther from the cone than before.,Maya is now at the same distance from the cone as before.,11,59,15,9,43,11,10,9,46,11,10,12,57,14,13,2697
name_0__obj_cone__num_05__unit_ft__orientation_control__unchanged,1.2,closer_farther_initial_conditions,name_0__obj_cone__num_05__unit_ft,orientation_control,name_0__obj_cone__num_05__unit_ft__orientation_control__unchanged,orientation_standard,standard,rotation_without_translation_inference,unchanged,Target3,name_0,Maya,obj_cone,cone,num_05,feet,unit_ft,abbreviation,name_0__obj_cone__num_05__orientation_control__unchanged,54,54,0,0,True,False,person_relative_to_object,closer_farther_same_distance,Maya was 54 ft from a stationary cone. Maya turned around without changing position.,Maya is now closer to the cone than before.,Maya is now farther from the cone than before.,Maya is now at the same distance from the cone as before.,14,84,17,9,43,11,10,9,46,11,10,12,57,14,13,2698
name_0__obj_cone__num_05__unit_ft__orientation_control__unchanged__expanded,1.2,closer_farther_initial_conditions,name_0__obj_cone__num_05__unit_ft__expanded,orientation_control,name_0__obj_cone__num_05__unit_ft__orientation_control__unchanged,orientation_expanded,expanded,rotation_without_translation_inference,unchanged,Target3,name_0,Maya,obj_cone,cone,num_05,feet,unit_ft,abbreviation,name_0__obj_cone__num_05__orientation_control__unchanged__expanded,54,54,0,0,True,False,person_relative_to_object,closer_farther_same_distance,"Initially, Maya was 54 ft from a cone that remained stationary. Maya then turned to face the opposite direction, keeping both feet in the same place.",Maya is now closer to the cone than before.,Maya is now farther from the cone than before.,Maya is now at the same distance from the cone as before.,26,149,30,9,43,11,10,9,46,11,10,12,57,14,13,2699
name_0__obj_cone__num_06__unit_ft__explicit_distance__closer__compact,1.2,closer_farther_initial_conditions,name_0__obj_cone__num_06__unit_ft__compact,explicit_distance,name_0__obj_cone__num_06__unit_ft__explicit_distance__closer,distance_compact,compact,explicit_distance_comparison,closer,Target1,name_0,Maya,obj_cone,cone,num_06,feet,unit_ft,abbreviation,name_0__obj_cone__num_06__explicit_distance__closer__compact,59,49,-10,10,True,False,person_relative_to_object,closer_farther_same_distance,"Maya's distance from the stationary cone: initially 59 ft, now 49 ft.",Maya is now closer to the cone than before.,Maya is now farther from the cone than before.,Maya is now at the same distance from the cone as before.,13,69,17,9,43,11,10,9,46,11,10,12,57,14,13,2700
name_0__obj_cone__num_06__unit_ft__explicit_distance__farther__compact,1.2,closer_farther_initial_conditions,name_0__obj_cone__num_06__unit_ft__compact,explicit_distance,name_0__obj_cone__num_06__unit_ft__explicit_distance__farther,distance_compact,compact,explicit_distance_comparison,farther,Target2,name_0,Maya,obj_cone,cone,num_06,feet,unit_ft,abbreviation,name_0__obj_cone__num_06__explicit_distance__farther__compact,59,69,10,10,True,False,person_relative_to_object,closer_farther_same_distance,"Maya's distance from the stationary cone: initially 59 ft, now 69 ft.",Maya is now closer to the cone than before.,Maya is now farther from the cone than before.,Maya is now at the same distance from the cone as before.,13,69,17,9,43,11,10,9,46,11,10,12,57,14,13,2701
name_0__obj_cone__num_06__unit_ft__explicit_distance__unchanged__compact,1.2,closer_farther_initial_conditions,name_0__obj_cone__num_06__unit_ft__compact,explicit_distance,name_0__obj_cone__num_06__unit_ft__explicit_distance__unchanged,distance_compact,compact,explicit_distance_comparison,unchanged,Target3,name_0,Maya,obj_cone,cone,num_06,feet,unit_ft,abbreviation,name_0__obj_cone__num_06__explicit_distance__unchanged__compact,59,59,0,0,True,False,person_relative_to_object,closer_farther_same_distance,"Maya's distance from the stationary cone: initially 59 ft, now 59 ft.",Maya is now closer to the cone than before.,Maya is now farther from the cone than before.,Maya is now at the same distance from the cone as before.,13,69,17,9,43,11,10,9,46,11,10,12,57,14,13,2702
name_0__obj_cone__num_06__unit_ft__explicit_distance__closer,1.2,closer_farther_initial_conditions,name_0__obj_cone__num_06__unit_ft,explicit_distance,name_0__obj_cone__num_06__unit_ft__explicit_distance__closer,distance_standard,standard,explicit_distance_comparison,closer,Target1,name_0,Maya,obj_cone,cone,num_06,feet,unit_ft,abbreviation,name_0__obj_cone__num_06__explicit_distance__closer,59,49,-10,10,True,False,person_relative_to_object,closer_farther_same_distance,Maya was 59 ft from a stationary cone. Maya is now 49 ft from the cone.,Maya is now closer to the cone than before.,Maya is now farther from the cone than before.,Maya is now at the same distance from the cone as before.,16,71,19,9,43,11,10,9,46,11,10,12,57,14,13,2703
name_0__obj_cone__num_06__unit_ft__explicit_distance__farther,1.2,closer_farther_initial_conditions,name_0__obj_cone__num_06__unit_ft,explicit_distance,name_0__obj_cone__num_06__unit_ft__explicit_distance__farther,distance_standard,standard,explicit_distance_comparison,farther,Target2,name_0,Maya,obj_cone,cone,num_06,feet,unit_ft,abbreviation,name_0__obj_cone__num_06__explicit_distance__farther,59,69,10,10,True,False,person_relative_to_object,closer_farther_same_distance,Maya was 59 ft from a stationary cone. Maya is now 69 ft from the cone.,Maya is now closer to the cone than before.,Maya is now farther from the cone than before.,Maya is now at the same distance from the cone as before.,16,71,19,9,43,11,10,9,46,11,10,12,57,14,13,2704
name_0__obj_cone__num_06__unit_ft__explicit_distance__unchanged,1.2,closer_farther_initial_conditions,name_0__obj_cone__num_06__unit_ft,explicit_distance,name_0__obj_cone__num_06__unit_ft__explicit_distance__unchanged,distance_standard,standard,explicit_distance_comparison,unchanged,Target3,name_0,Maya,obj_cone,cone,num_06,feet,unit_ft,abbreviation,name_0__obj_cone__num_06__explicit_distance__unchanged,59,59,0,0,True,False,person_relative_to_object,closer_farther_same_distance,Maya was 59 ft from a stationary cone. Maya is now 59 ft from the cone.,Maya is now closer to the cone than before.,Maya is now farther from the cone than before.,Maya is now at the same distance from the cone as before.,16,71,19,9,43,11,10,9,46,11,10,12,57,14,13,2705
name_0__obj_cone__num_06__unit_ft__explicit_distance__closer__expanded,1.2,closer_farther_initial_conditions,name_0__obj_cone__num_06__unit_ft__expanded,explicit_distance,name_0__obj_cone__num_06__unit_ft__explicit_distance__closer,distance_expanded,expanded,explicit_distance_comparison,closer,Target1,name_0,Maya,obj_cone,cone,num_06,feet,unit_ft,abbreviation,name_0__obj_cone__num_06__explicit_distance__closer__expanded,59,49,-10,10,True,False,person_relative_to_object,closer_farther_same_distance,"Initially, Maya was 59 ft from a cone that remained stationary. The distance between Maya and that cone is now 49 ft.",Maya is now closer to the cone than before.,Maya is now farther from the cone than before.,Maya is now at the same distance from the cone as before.,22,117,25,9,43,11,10,9,46,11,10,12,57,14,13,2706
name_0__obj_cone__num_06__unit_ft__explicit_distance__farther__expanded,1.2,closer_farther_initial_conditions,name_0__obj_cone__num_06__unit_ft__expanded,explicit_distance,name_0__obj_cone__num_06__unit_ft__explicit_distance__farther,distance_expanded,expanded,explicit_distance_comparison,farther,Target2,name_0,Maya,obj_cone,cone,num_06,feet,unit_ft,abbreviation,name_0__obj_cone__num_06__explicit_distance__farther__expanded,59,69,10,10,True,False,person_relative_to_object,closer_farther_same_distance,"Initially, Maya was 59 ft from a cone that remained stationary. The distance between Maya and that cone is now 69 ft.",Maya is now closer to the cone than before.,Maya is now farther from the cone than before.,Maya is now at the same distance from the cone as before.,22,117,25,9,43,11,10,9,46,11,10,12,57,14,13,2707
name_0__obj_cone__num_06__unit_ft__explicit_distance__unchanged__expanded,1.2,closer_farther_initial_conditions,name_0__obj_cone__num_06__unit_ft__expanded,explicit_distance,name_0__obj_cone__num_06__unit_ft__explicit_distance__unchanged,distance_expanded,expanded,explicit_distance_comparison,unchanged,Target3,name_0,Maya,obj_cone,cone,num_06,feet,unit_ft,abbreviation,name_0__obj_cone__num_06__explicit_distance__unchanged__expanded,59,59,0,0,True,False,person_relative_to_object,closer_farther_same_distance,"Initially, Maya was 59 ft from a cone that remained stationary. The distance between Maya and that cone is now 59 ft.",Maya is now closer to the cone than before.,Maya is now farther from the cone than before.,Maya is now at the same distance from the cone as before.,22,117,25,9,43,11,10,9,46,11,10,12,57,14,13,2708
name_0__obj_cone__num_06__unit_ft__movement_description__closer__compact,1.2,closer_farther_initial_conditions,name_0__obj_cone__num_06__unit_ft__compact,movement_description,name_0__obj_cone__num_06__unit_ft__movement_description__closer,movement_compact,compact,directed_movement_inference,closer,Target1,name_0,Maya,obj_cone,cone,num_06,feet,unit_ft,abbreviation,name_0__obj_cone__num_06__movement_description__closer__compact,59,49,-10,10,True,False,person_relative_to_object,closer_farther_same_distance,"Starting 59 ft from a stationary cone, Maya walked 10 ft directly toward it.",Maya is now closer to the cone than before.,Maya is now farther from the cone than before.,Maya is now at the same distance from the cone as before.,14,76,16,9,43,11,10,9,46,11,10,12,57,14,13,2709
name_0__obj_cone__num_06__unit_ft__movement_description__farther__compact,1.2,closer_farther_initial_conditions,name_0__obj_cone__num_06__unit_ft__compact,movement_description,name_0__obj_cone__num_06__unit_ft__movement_description__farther,movement_compact,compact,directed_movement_inference,farther,Target2,name_0,Maya,obj_cone,cone,num_06,feet,unit_ft,abbreviation,name_0__obj_cone__num_06__movement_description__farther__compact,59,69,10,10,True,False,person_relative_to_object,closer_farther_same_distance,"Starting 59 ft from a stationary cone, Maya walked 10 ft directly away from it.",Maya is now closer to the cone than before.,Maya is now farther from the cone than before.,Maya is now at the same distance from the cone as before.,15,79,17,9,43,11,10,9,46,11,10,12,57,14,13,2710
name_0__obj_cone__num_06__unit_ft__movement_description__closer,1.2,closer_farther_initial_conditions,name_0__obj_cone__num_06__unit_ft,movement_description,name_0__obj_cone__num_06__unit_ft__movement_description__closer,movement_standard,standard,directed_movement_inference,closer,Target1,name_0,Maya,obj_cone,cone,num_06,feet,unit_ft,abbreviation,name_0__obj_cone__num_06__movement_description__closer,59,49,-10,10,True,False,person_relative_to_object,closer_farther_same_distance,Maya was 59 ft from a stationary cone. Maya walked 10 ft directly toward the cone.,Maya is now closer to the cone than before.,Maya is now farther from the cone than before.,Maya is now at the same distance from the cone as before.,16,82,19,9,43,11,10,9,46,11,10,12,57,14,13,2711
name_0__obj_cone__num_06__unit_ft__movement_description__farther,1.2,closer_farther_initial_conditions,name_0__obj_cone__num_06__unit_ft,movement_description,name_0__obj_cone__num_06__unit_ft__movement_description__farther,movement_standard,standard,directed_movement_inference,farther,Target2,name_0,Maya,obj_cone,cone,num_06,feet,unit_ft,abbreviation,name_0__obj_cone__num_06__movement_description__farther,59,69,10,10,True,False,person_relative_to_object,closer_farther_same_distance,Maya was 59 ft from a stationary cone. Maya walked 10 ft directly away from the cone.,Maya is now closer to the cone than before.,Maya is now farther from the cone than before.,Maya is now at the same distance from the cone as before.,17,85,20,9,43,11,10,9,46,11,10,12,57,14,13,2712
name_0__obj_cone__num_06__unit_ft__movement_description__closer__expanded,1.2,closer_farther_initial_conditions,name_0__obj_cone__num_06__unit_ft__expanded,movement_description,name_0__obj_cone__num_06__unit_ft__movement_description__closer,movement_expanded,expanded,directed_movement_inference,closer,Target1,name_0,Maya,obj_cone,cone,num_06,feet,unit_ft,abbreviation,name_0__obj_cone__num_06__movement_description__closer__expanded,59,49,-10,10,True,False,person_relative_to_object,closer_farther_same_distance,"Initially, Maya was 59 ft from a cone that remained stationary. From that starting position, Maya walked 10 ft directly toward the cone.",Maya is now closer to the cone than before.,Maya is now farther from the cone than before.,Maya is now at the same distance from the cone as before.,23,136,27,9,43,11,10,9,46,11,10,12,57,14,13,2713
name_0__obj_cone__num_06__unit_ft__movement_description__farther__expanded,1.2,closer_farther_initial_conditions,name_0__obj_cone__num_06__unit_ft__expanded,movement_description,name_0__obj_cone__num_06__unit_ft__movement_description__farther,movement_expanded,expanded,directed_movement_inference,farther,Target2,name_0,Maya,obj_cone,cone,num_06,feet,unit_ft,abbreviation,name_0__obj_cone__num_06__movement_description__farther__expanded,59,69,10,10,True,False,person_relative_to_object,closer_farther_same_distance,"Initially, Maya was 59 ft from a cone that remained stationary. From that starting position, Maya walked 10 ft directly away from the cone.",Maya is now closer to the cone than before.,Maya is now farther from the cone than before.,Maya is now at the same distance from the cone as before.,24,139,28,9,43,11,10,9,46,11,10,12,57,14,13,2714
name_0__obj_cone__num_06__unit_ft__orientation_control__unchanged__compact,1.2,closer_farther_initial_conditions,name_0__obj_cone__num_06__unit_ft__compact,orientation_control,name_0__obj_cone__num_06__unit_ft__orientation_control__unchanged,orientation_compact,compact,rotation_without_translation_inference,unchanged,Target3,name_0,Maya,obj_cone,cone,num_06,feet,unit_ft,abbreviation,name_0__obj_cone__num_06__orientation_control__unchanged__compact,59,59,0,0,True,False,person_relative_to_object,closer_farther_same_distance,"Maya, 59 ft from a stationary cone, turned around in place.",Maya is now closer to the cone than before.,Maya is now farther from the cone than before.,Maya is now at the same distance from the cone as before.,11,59,15,9,43,11,10,9,46,11,10,12,57,14,13,2715
name_0__obj_cone__num_06__unit_ft__orientation_control__unchanged,1.2,closer_farther_initial_conditions,name_0__obj_cone__num_06__unit_ft,orientation_control,name_0__obj_cone__num_06__unit_ft__orientation_control__unchanged,orientation_standard,standard,rotation_without_translation_inference,unchanged,Target3,name_0,Maya,obj_cone,cone,num_06,feet,unit_ft,abbreviation,name_0__obj_cone__num_06__orientation_control__unchanged,59,59,0,0,True,False,person_relative_to_object,closer_farther_same_distance,Maya was 59 ft from a stationary cone. Maya turned around without changing position.,Maya is now closer to the cone than before.,Maya is now farther from the cone than before.,Maya is now at the same distance from the cone as before.,14,84,17,9,43,11,10,9,46,11,10,12,57,14,13,2716
name_0__obj_cone__num_06__unit_ft__orientation_control__unchanged__expanded,1.2,closer_farther_initial_conditions,name_0__obj_cone__num_06__unit_ft__expanded,orientation_control,name_0__obj_cone__num_06__unit_ft__orientation_control__unchanged,orientation_expanded,expanded,rotation_without_translation_inference,unchanged,Target3,name_0,Maya,obj_cone,cone,num_06,feet,unit_ft,abbreviation,name_0__obj_cone__num_06__orientation_control__unchanged__expanded,59,59,0,0,True,False,person_relative_to_object,closer_farther_same_distance,"Initially, Maya was 59 ft from a cone that remained stationary. Maya then turned to face the opposite direction, keeping both feet in the same place.",Maya is now closer to the cone than before.,Maya is now farther from the cone than before.,Maya is now at the same distance from the cone as before.,26,149,30,9,43,11,10,9,46,11,10,12,57,14,13,2717
name_0__obj_cone__num_07__unit_ft__explicit_distance__closer__compact,1.2,closer_farther_initial_conditions,name_0__obj_cone__num_07__unit_ft__compact,explicit_distance,name_0__obj_cone__num_07__unit_ft__explicit_distance__closer,distance_compact,compact,explicit_distance_comparison,closer,Target1,name_0,Maya,obj_cone,cone,num_07,feet,unit_ft,abbreviation,name_0__obj_cone__num_07__explicit_distance__closer__compact,48,22,-26,26,True,False,person_relative_to_object,closer_farther_same_distance,"Maya's distance from the stationary cone: initially 48 ft, now 22 ft.",Maya is now closer to the cone than before.,Maya is now farther from the cone than before.,Maya is now at the same distance from the cone as before.,13,69,17,9,43,11,10,9,46,11,10,12,57,14,13,2718
name_0__obj_cone__num_07__unit_ft__explicit_distance__farther__compact,1.2,closer_farther_initial_conditions,name_0__obj_cone__num_07__unit_ft__compact,explicit_distance,name_0__obj_cone__num_07__unit_ft__explicit_distance__farther,distance_compact,compact,explicit_distance_comparison,farther,Target2,name_0,Maya,obj_cone,cone,num_07,feet,unit_ft,abbreviation,name_0__obj_cone__num_07__explicit_distance__farther__compact,48,74,26,26,True,False,person_relative_to_object,closer_farther_same_distance,"Maya's distance from the stationary cone: initially 48 ft, now 74 ft.",Maya is now closer to the cone than before.,Maya is now farther from the cone than before.,Maya is now at the same distance from the cone as before.,13,69,17,9,43,11,10,9,46,11,10,12,57,14,13,2719
name_0__obj_cone__num_07__unit_ft__explicit_distance__unchanged__compact,1.2,closer_farther_initial_conditions,name_0__obj_cone__num_07__unit_ft__compact,explicit_distance,name_0__obj_cone__num_07__unit_ft__explicit_distance__unchanged,distance_compact,compact,explicit_distance_comparison,unchanged,Target3,name_0,Maya,obj_cone,cone,num_07,feet,unit_ft,abbreviation,name_0__obj_cone__num_07__explicit_distance__unchanged__compact,48,48,0,0,True,False,person_relative_to_object,closer_farther_same_distance,"Maya's distance from the stationary cone: initially 48 ft, now 48 ft.",Maya is now closer to the cone than before.,Maya is now farther from the cone than before.,Maya is now at the same distance from the cone as before.,13,69,17,9,43,11,10,9,46,11,10,12,57,14,13,2720
name_0__obj_cone__num_07__unit_ft__explicit_distance__closer,1.2,closer_farther_initial_conditions,name_0__obj_cone__num_07__unit_ft,explicit_distance,name_0__obj_cone__num_07__unit_ft__explicit_distance__closer,distance_standard,standard,explicit_distance_comparison,closer,Target1,name_0,Maya,obj_cone,cone,num_07,feet,unit_ft,abbreviation,name_0__obj_cone__num_07__explicit_distance__closer,48,22,-26,26,True,False,person_relative_to_object,closer_farther_same_distance,Maya was 48 ft from a stationary cone. Maya is now 22 ft from the cone.,Maya is now closer to the cone than before.,Maya is now farther from the cone than before.,Maya is now at the same distance from the cone as before.,16,71,19,9,43,11,10,9,46,11,10,12,57,14,13,2721
name_0__obj_cone__num_07__unit_ft__explicit_distance__farther,1.2,closer_farther_initial_conditions,name_0__obj_cone__num_07__unit_ft,explicit_distance,name_0__obj_cone__num_07__unit_ft__explicit_distance__farther,distance_standard,standard,explicit_distance_comparison,farther,Target2,name_0,Maya,obj_cone,cone,num_07,feet,unit_ft,abbreviation,name_0__obj_cone__num_07__explicit_distance__farther,48,74,26,26,True,False,person_relative_to_object,closer_farther_same_distance,Maya was 48 ft from a stationary cone. Maya is now 74 ft from the cone.,Maya is now closer to the cone than before.,Maya is now farther from the cone than before.,Maya is now at the same distance from the cone as before.,16,71,19,9,43,11,10,9,46,11,10,12,57,14,13,2722
name_0__obj_cone__num_07__unit_ft__explicit_distance__unchanged,1.2,closer_farther_initial_conditions,name_0__obj_cone__num_07__unit_ft,explicit_distance,name_0__obj_cone__num_07__unit_ft__explicit_distance__unchanged,distance_standard,standard,explicit_distance_comparison,unchanged,Target3,name_0,Maya,obj_cone,cone,num_07,feet,unit_ft,abbreviation,name_0__obj_cone__num_07__explicit_distance__unchanged,48,48,0,0,True,False,person_relative_to_object,closer_farther_same_distance,Maya was 48 ft from a stationary cone. Maya is now 48 ft from the cone.,Maya is now closer to the cone than before.,Maya is now farther from the cone than before.,Maya is now at the same distance from the cone as before.,16,71,19,9,43,11,10,9,46,11,10,12,57,14,13,2723
name_0__obj_cone__num_07__unit_ft__explicit_distance__closer__expanded,1.2,closer_farther_initial_conditions,name_0__obj_cone__num_07__unit_ft__expanded,explicit_distance,name_0__obj_cone__num_07__unit_ft__explicit_distance__closer,distance_expanded,expanded,explicit_distance_comparison,closer,Target1,name_0,Maya,obj_cone,cone,num_07,feet,unit_ft,abbreviation,name_0__obj_cone__num_07__explicit_distance__closer__expanded,48,22,-26,26,True,False,person_relative_to_object,closer_farther_same_distance,"Initially, Maya was 48 ft from a cone that remained stationary. The distance between Maya and that cone is now 22 ft.",Maya is now closer to the cone than before.,Maya is now farther from the cone than before.,Maya is now at the same distance from the cone as before.,22,117,25,9,43,11,10,9,46,11,10,12,57,14,13,2724
name_0__obj_cone__num_07__unit_ft__explicit_distance__farther__expanded,1.2,closer_farther_initial_conditions,name_0__obj_cone__num_07__unit_ft__expanded,explicit_distance,name_0__obj_cone__num_07__unit_ft__explicit_distance__farther,distance_expanded,expanded,explicit_distance_comparison,farther,Target2,name_0,Maya,obj_cone,cone,num_07,feet,unit_ft,abbreviation,name_0__obj_cone__num_07__explicit_distance__farther__expanded,48,74,26,26,True,False,person_relative_to_object,closer_farther_same_distance,"Initially, Maya was 48 ft from a cone that remained stationary. The distance between Maya and that cone is now 74 ft.",Maya is now closer to the cone than before.,Maya is now farther from the cone than before.,Maya is now at the same distance from the cone as before.,22,117,25,9,43,11,10,9,46,11,10,12,57,14,13,2725
name_0__obj_cone__num_07__unit_ft__explicit_distance__unchanged__expanded,1.2,closer_farther_initial_conditions,name_0__obj_cone__num_07__unit_ft__expanded,explicit_distance,name_0__obj_cone__num_07__unit_ft__explicit_distance__unchanged,distance_expanded,expanded,explicit_distance_comparison,unchanged,Target3,name_0,Maya,obj_cone,cone,num_07,feet,unit_ft,abbreviation,name_0__obj_cone__num_07__explicit_distance__unchanged__expanded,48,48,0,0,True,False,person_relative_to_object,closer_farther_same_distance,"Initially, Maya was 48 ft from a cone that remained stationary. The distance between Maya and that cone is now 48 ft.",Maya is now closer to the cone than before.,Maya is now farther from the cone than before.,Maya is now at the same distance from the cone as before.,22,117,25,9,43,11,10,9,46,11,10,12,57,14,13,2726
name_0__obj_cone__num_07__unit_ft__movement_description__closer__compact,1.2,closer_farther_initial_conditions,name_0__obj_cone__num_07__unit_ft__compact,movement_description,name_0__obj_cone__num_07__unit_ft__movement_description__closer,movement_compact,compact,directed_movement_inference,closer,Target1,name_0,Maya,obj_cone,cone,num_07,feet,unit_ft,abbreviation,name_0__obj_cone__num_07__movement_description__closer__compact,48,22,-26,26,True,False,person_relative_to_object,closer_farther_same_distance,"Starting 48 ft from a stationary cone, Maya walked 26 ft directly toward it.",Maya is now closer to the cone than before.,Maya is now farther from the cone than before.,Maya is now at the same distance from the cone as before.,14,76,16,9,43,11,10,9,46,11,10,12,57,14,13,2727
name_0__obj_cone__num_07__unit_ft__movement_description__farther__compact,1.2,closer_farther_initial_conditions,name_0__obj_cone__num_07__unit_ft__compact,movement_description,name_0__obj_cone__num_07__unit_ft__movement_description__farther,movement_compact,compact,directed_movement_inference,farther,Target2,name_0,Maya,obj_cone,cone,num_07,feet,unit_ft,abbreviation,name_0__obj_cone__num_07__movement_description__farther__compact,48,74,26,26,True,False,person_relative_to_object,closer_farther_same_distance,"Starting 48 ft from a stationary cone, Maya walked 26 ft directly away from it.",Maya is now closer to the cone than before.,Maya is now farther from the cone than before.,Maya is now at the same distance from the cone as before.,15,79,17,9,43,11,10,9,46,11,10,12,57,14,13,2728
name_0__obj_cone__num_07__unit_ft__movement_description__closer,1.2,closer_farther_initial_conditions,name_0__obj_cone__num_07__unit_ft,movement_description,name_0__obj_cone__num_07__unit_ft__movement_description__closer,movement_standard,standard,directed_movement_inference,closer,Target1,name_0,Maya,obj_cone,cone,num_07,feet,unit_ft,abbreviation,name_0__obj_cone__num_07__movement_description__closer,48,22,-26,26,True,False,person_relative_to_object,closer_farther_same_distance,Maya was 48 ft from a stationary cone. Maya walked 26 ft directly toward the cone.,Maya is now closer to the cone than before.,Maya is now farther from the cone than before.,Maya is now at the same distance from the cone as before.,16,82,19,9,43,11,10,9,46,11,10,12,57,14,13,2729
name_0__obj_cone__num_07__unit_ft__movement_description__farther,1.2,closer_farther_initial_conditions,name_0__obj_cone__num_07__unit_ft,movement_description,name_0__obj_cone__num_07__unit_ft__movement_description__farther,movement_standard,standard,directed_movement_inference,farther,Target2,name_0,Maya,obj_cone,cone,num_07,feet,unit_ft,abbreviation,name_0__obj_cone__num_07__movement_description__farther,48,74,26,26,True,False,person_relative_to_object,closer_farther_same_distance,Maya was 48 ft from a stationary cone. Maya walked 26 ft directly away from the cone.,Maya is now closer to the cone than before.,Maya is now farther from the cone than before.,Maya is now at the same distance from the cone as before.,17,85,20,9,43,11,10,9,46,11,10,12,57,14,13,2730
name_0__obj_cone__num_07__unit_ft__movement_description__closer__expanded,1.2,closer_farther_initial_conditions,name_0__obj_cone__num_07__unit_ft__expanded,movement_description,name_0__obj_cone__num_07__unit_ft__movement_description__closer,movement_expanded,expanded,directed_movement_inference,closer,Target1,name_0,Maya,obj_cone,cone,num_07,feet,unit_ft,abbreviation,name_0__obj_cone__num_07__movement_description__closer__expanded,48,22,-26,26,True,False,person_relative_to_object,closer_farther_same_distance,"Initially, Maya was 48 ft from a cone that remained stationary. From that starting position, Maya walked 26 ft directly toward the cone.",Maya is now closer to the cone than before.,Maya is now farther from the cone than before.,Maya is now at the same distance from the cone as before.,23,136,27,9,43,11,10,9,46,11,10,12,57,14,13,2731
name_0__obj_cone__num_07__unit_ft__movement_description__farther__expanded,1.2,closer_farther_initial_conditions,name_0__obj_cone__num_07__unit_ft__expanded,movement_description,name_0__obj_cone__num_07__unit_ft__movement_description__farther,movement_expanded,expanded,directed_movement_inference,farther,Target2,name_0,Maya,obj_cone,cone,num_07,feet,unit_ft,abbreviation,name_0__obj_cone__num_07__movement_description__farther__expanded,48,74,26,26,True,False,person_relative_to_object,closer_farther_same_distance,"Initially, Maya was 48 ft from a cone that remained stationary. From that starting position, Maya walked 26 ft directly away from the cone.",Maya is now closer to the cone than before.,Maya is now farther from the cone than before.,Maya is now at the same distance from the cone as before.,24,139,28,9,43,11,10,9,46,11,10,12,57,14,13,2732
name_0__obj_cone__num_07__unit_ft__orientation_control__unchanged__compact,1.2,closer_farther_initial_conditions,name_0__obj_cone__num_07__unit_ft__compact,orientation_control,name_0__obj_cone__num_07__unit_ft__orientation_control__unchanged,orientation_compact,compact,rotation_without_translation_inference,unchanged,Target3,name_0,Maya,obj_cone,cone,num_07,feet,unit_ft,abbreviation,name_0__obj_cone__num_07__orientation_control__unchanged__compact,48,48,0,0,True,False,person_relative_to_object,closer_farther_same_distance,"Maya, 48 ft from a stationary cone, turned around in place.",Maya is now closer to the cone than before.,Maya is now farther from the cone than before.,Maya is now at the same distance from the cone as before.,11,59,15,9,43,11,10,9,46,11,10,12,57,14,13,2733
name_0__obj_cone__num_07__unit_ft__orientation_control__unchanged,1.2,closer_farther_initial_conditions,name_0__obj_cone__num_07__unit_ft,orientation_control,name_0__obj_cone__num_07__unit_ft__orientation_control__unchanged,orientation_standard,standard,rotation_without_translation_inference,unchanged,Target3,name_0,Maya,obj_cone,cone,num_07,feet,unit_ft,abbreviation,name_0__obj_cone__num_07__orientation_control__unchanged,48,48,0,0,True,False,person_relative_to_object,closer_farther_same_distance,Maya was 48 ft from a stationary cone. Maya turned around without changing position.,Maya is now closer to the cone than before.,Maya is now farther from the cone than before.,Maya is now at the same distance from the cone as before.,14,84,17,9,43,11,10,9,46,11,10,12,57,14,13,2734
name_0__obj_cone__num_07__unit_ft__orientation_control__unchanged__expanded,1.2,closer_farther_initial_conditions,name_0__obj_cone__num_07__unit_ft__expanded,orientation_control,name_0__obj_cone__num_07__unit_ft__orientation_control__unchanged,orientation_expanded,expanded,rotation_without_translation_inference,unchanged,Target3,name_0,Maya,obj_cone,cone,num_07,feet,unit_ft,abbreviation,name_0__obj_cone__num_07__orientation_control__unchanged__expanded,48,48,0,0,True,False,person_relative_to_object,closer_farther_same_distance,"Initially, Maya was 48 ft from a cone that remained stationary. Maya then turned to face the opposite direction, keeping both feet in the same place.",Maya is now closer to the cone than before.,Maya is now farther from the cone than before.,Maya is now at the same distance from the cone as before.,26,149,30,9,43,11,10,9,46,11,10,12,57,14,13,2735
name_0__obj_cone__num_08__unit_ft__explicit_distance__closer__compact,1.2,closer_farther_initial_conditions,name_0__obj_cone__num_08__unit_ft__compact,explicit_distance,name_0__obj_cone__num_08__unit_ft__explicit_distance__closer,distance_compact,compact,explicit_distance_comparison,closer,Target1,name_0,Maya,obj_cone,cone,num_08,feet,unit_ft,abbreviation,name_0__obj_cone__num_08__explicit_distance__closer__compact,12,4,-8,8,True,False,person_relative_to_object,closer_farther_same_distance,"Maya's distance from the stationary cone: initially 12 ft, now 4 ft.",Maya is now closer to the cone than before.,Maya is now farther from the cone than before.,Maya is now at the same distance from the cone as before.,13,68,17,9,43,11,10,9,46,11,10,12,57,14,13,2736
name_0__obj_cone__num_08__unit_ft__explicit_distance__farther__compact,1.2,closer_farther_initial_conditions,name_0__obj_cone__num_08__unit_ft__compact,explicit_distance,name_0__obj_cone__num_08__unit_ft__explicit_distance__farther,distance_compact,compact,explicit_distance_comparison,farther,Target2,name_0,Maya,obj_cone,cone,num_08,feet,unit_ft,abbreviation,name_0__obj_cone__num_08__explicit_distance__farther__compact,12,20,8,8,True,False,person_relative_to_object,closer_farther_same_distance,"Maya's distance from the stationary cone: initially 12 ft, now 20 ft.",Maya is now closer to the cone than before.,Maya is now farther from the cone than before.,Maya is now at the same distance from the cone as before.,13,69,17,9,43,11,10,9,46,11,10,12,57,14,13,2737
name_0__obj_cone__num_08__unit_ft__explicit_distance__unchanged__compact,1.2,closer_farther_initial_conditions,name_0__obj_cone__num_08__unit_ft__compact,explicit_distance,name_0__obj_cone__num_08__unit_ft__explicit_distance__unchanged,distance_compact,compact,explicit_distance_comparison,unchanged,Target3,name_0,Maya,obj_cone,cone,num_08,feet,unit_ft,abbreviation,name_0__obj_cone__num_08__explicit_distance__unchanged__compact,12,12,0,0,True,False,person_relative_to_object,closer_farther_same_distance,"Maya's distance from the stationary cone: initially 12 ft, now 12 ft.",Maya is now closer to the cone than before.,Maya is now farther from the cone than before.,Maya is now at the same distance from the cone as before.,13,69,17,9,43,11,10,9,46,11,10,12,57,14,13,2738
name_0__obj_cone__num_08__unit_ft__explicit_distance__closer,1.2,closer_farther_initial_conditions,name_0__obj_cone__num_08__unit_ft,explicit_distance,name_0__obj_cone__num_08__unit_ft__explicit_distance__closer,distance_standard,standard,explicit_distance_comparison,closer,Target1,name_0,Maya,obj_cone,cone,num_08,feet,unit_ft,abbreviation,name_0__obj_cone__num_08__explicit_distance__closer,12,4,-8,8,True,False,person_relative_to_object,closer_farther_same_distance,Maya was 12 ft from a stationary cone. Maya is now 4 ft from the cone.,Maya is now closer to the cone than before.,Maya is now farther from the cone than before.,Maya is now at the same distance from the cone as before.,16,70,19,9,43,11,10,9,46,11,10,12,57,14,13,2739
name_0__obj_cone__num_08__unit_ft__explicit_distance__farther,1.2,closer_farther_initial_conditions,name_0__obj_cone__num_08__unit_ft,explicit_distance,name_0__obj_cone__num_08__unit_ft__explicit_distance__farther,distance_standard,standard,explicit_distance_comparison,farther,Target2,name_0,Maya,obj_cone,cone,num_08,feet,unit_ft,abbreviation,name_0__obj_cone__num_08__explicit_distance__farther,12,20,8,8,True,False,person_relative_to_object,closer_farther_same_distance,Maya was 12 ft from a stationary cone. Maya is now 20 ft from the cone.,Maya is now closer to the cone than before.,Maya is now farther from the cone than before.,Maya is now at the same distance from the cone as before.,16,71,19,9,43,11,10,9,46,11,10,12,57,14,13,2740
name_0__obj_cone__num_08__unit_ft__explicit_distance__unchanged,1.2,closer_farther_initial_conditions,name_0__obj_cone__num_08__unit_ft,explicit_distance,name_0__obj_cone__num_08__unit_ft__explicit_distance__unchanged,distance_standard,standard,explicit_distance_comparison,unchanged,Target3,name_0,Maya,obj_cone,cone,num_08,feet,unit_ft,abbreviation,name_0__obj_cone__num_08__explicit_distance__unchanged,12,12,0,0,True,False,person_relative_to_object,closer_farther_same_distance,Maya was 12 ft from a stationary cone. Maya is now 12 ft from the cone.,Maya is now closer to the cone than before.,Maya is now farther from the cone than before.,Maya is now at the same distance from the cone as before.,16,71,19,9,43,11,10,9,46,11,10,12,57,14,13,2741
name_0__obj_cone__num_08__unit_ft__explicit_distance__closer__expanded,1.2,closer_farther_initial_conditions,name_0__obj_cone__num_08__unit_ft__expanded,explicit_distance,name_0__obj_cone__num_08__unit_ft__explicit_distance__closer,distance_expanded,expanded,explicit_distance_comparison,closer,Target1,name_0,Maya,obj_cone,cone,num_08,feet,unit_ft,abbreviation,name_0__obj_cone__num_08__explicit_distance__closer__expanded,12,4,-8,8,True,False,person_relative_to_object,closer_farther_same_distance,"Initially, Maya was 12 ft from a cone that remained stationary. The distance between Maya and that cone is now 4 ft.",Maya is now closer to the cone than before.,Maya is now farther from the cone than before.,Maya is now at the same distance from the cone as before.,22,116,25,9,43,11,10,9,46,11,10,12,57,14,13,2742
name_0__obj_cone__num_08__unit_ft__explicit_distance__farther__expanded,1.2,closer_farther_initial_conditions,name_0__obj_cone__num_08__unit_ft__expanded,explicit_distance,name_0__obj_cone__num_08__unit_ft__explicit_distance__farther,distance_expanded,expanded,explicit_distance_comparison,farther,Target2,name_0,Maya,obj_cone,cone,num_08,feet,unit_ft,abbreviation,name_0__obj_cone__num_08__explicit_distance__farther__expanded,12,20,8,8,True,False,person_relative_to_object,closer_farther_same_distance,"Initially, Maya was 12 ft from a cone that remained stationary. The distance between Maya and that cone is now 20 ft.",Maya is now closer to the cone than before.,Maya is now farther from the cone than before.,Maya is now at the same distance from the cone as before.,22,117,25,9,43,11,10,9,46,11,10,12,57,14,13,2743
name_0__obj_cone__num_08__unit_ft__explicit_distance__unchanged__expanded,1.2,closer_farther_initial_conditions,name_0__obj_cone__num_08__unit_ft__expanded,explicit_distance,name_0__obj_cone__num_08__unit_ft__explicit_distance__unchanged,distance_expanded,expanded,explicit_distance_comparison,unchanged,Target3,name_0,Maya,obj_cone,cone,num_08,feet,unit_ft,abbreviation,name_0__obj_cone__num_08__explicit_distance__unchanged__expanded,12,12,0,0,True,False,person_relative_to_object,closer_farther_same_distance,"Initially, Maya was 12 ft from a cone that remained stationary. The distance between Maya and that cone is now 12 ft.",Maya is now closer to the cone than before.,Maya is now farther from the cone than before.,Maya is now at the same distance from the cone as before.,22,117,25,9,43,11,10,9,46,11,10,12,57,14,13,2744
name_0__obj_cone__num_08__unit_ft__movement_description__closer__compact,1.2,closer_farther_initial_conditions,name_0__obj_cone__num_08__unit_ft__compact,movement_description,name_0__obj_cone__num_08__unit_ft__movement_description__closer,movement_compact,compact,directed_movement_inference,closer,Target1,name_0,Maya,obj_cone,cone,num_08,feet,unit_ft,abbreviation,name_0__obj_cone__num_08__movement_description__closer__compact,12,4,-8,8,True,False,person_relative_to_object,closer_farther_same_distance,"Starting 12 ft from a stationary cone, Maya walked 8 ft directly toward it.",Maya is now closer to the cone than before.,Maya is now farther from the cone than before.,Maya is now at the same distance from the cone as before.,14,75,16,9,43,11,10,9,46,11,10,12,57,14,13,2745
name_0__obj_cone__num_08__unit_ft__movement_description__farther__compact,1.2,closer_farther_initial_conditions,name_0__obj_cone__num_08__unit_ft__compact,movement_description,name_0__obj_cone__num_08__unit_ft__movement_description__farther,movement_compact,compact,directed_movement_inference,farther,Target2,name_0,Maya,obj_cone,cone,num_08,feet,unit_ft,abbreviation,name_0__obj_cone__num_08__movement_description__farther__compact,12,20,8,8,True,False,person_relative_to_object,closer_farther_same_distance,"Starting 12 ft from a stationary cone, Maya walked 8 ft directly away from it.",Maya is now closer to the cone than before.,Maya is now farther from the cone than before.,Maya is now at the same distance from the cone as before.,15,78,17,9,43,11,10,9,46,11,10,12,57,14,13,2746
name_0__obj_cone__num_08__unit_ft__movement_description__closer,1.2,closer_farther_initial_conditions,name_0__obj_cone__num_08__unit_ft,movement_description,name_0__obj_cone__num_08__unit_ft__movement_description__closer,movement_standard,standard,directed_movement_inference,closer,Target1,name_0,Maya,obj_cone,cone,num_08,feet,unit_ft,abbreviation,name_0__obj_cone__num_08__movement_description__closer,12,4,-8,8,True,False,person_relative_to_object,closer_farther_same_distance,Maya was 12 ft from a stationary cone. Maya walked 8 ft directly toward the cone.,Maya is now closer to the cone than before.,Maya is now farther from the cone than before.,Maya is now at the same distance from the cone as before.,16,81,19,9,43,11,10,9,46,11,10,12,57,14,13,2747
name_0__obj_cone__num_08__unit_ft__movement_description__farther,1.2,closer_farther_initial_conditions,name_0__obj_cone__num_08__unit_ft,movement_description,name_0__obj_cone__num_08__unit_ft__movement_description__farther,movement_standard,standard,directed_movement_inference,farther,Target2,name_0,Maya,obj_cone,cone,num_08,feet,unit_ft,abbreviation,name_0__obj_cone__num_08__movement_description__farther,12,20,8,8,True,False,person_relative_to_object,closer_farther_same_distance,Maya was 12 ft from a stationary cone. Maya walked 8 ft directly away from the cone.,Maya is now closer to the cone than before.,Maya is now farther from the cone than before.,Maya is now at the same distance from the cone as before.,17,84,20,9,43,11,10,9,46,11,10,12,57,14,13,2748
name_0__obj_cone__num_08__unit_ft__movement_description__closer__expanded,1.2,closer_farther_initial_conditions,name_0__obj_cone__num_08__unit_ft__expanded,movement_description,name_0__obj_cone__num_08__unit_ft__movement_description__closer,movement_expanded,expanded,directed_movement_inference,closer,Target1,name_0,Maya,obj_cone,cone,num_08,feet,unit_ft,abbreviation,name_0__obj_cone__num_08__movement_description__closer__expanded,12,4,-8,8,True,False,person_relative_to_object,closer_farther_same_distance,"Initially, Maya was 12 ft from a cone that remained stationary. From that starting position, Maya walked 8 ft directly toward the cone.",Maya is now closer to the cone than before.,Maya is now farther from the cone than before.,Maya is now at the same distance from the cone as before.,23,135,27,9,43,11,10,9,46,11,10,12,57,14,13,2749
name_0__obj_cone__num_08__unit_ft__movement_description__farther__expanded,1.2,closer_farther_initial_conditions,name_0__obj_cone__num_08__unit_ft__expanded,movement_description,name_0__obj_cone__num_08__unit_ft__movement_description__farther,movement_expanded,expanded,directed_movement_inference,farther,Target2,name_0,Maya,obj_cone,cone,num_08,feet,unit_ft,abbreviation,name_0__obj_cone__num_08__movement_description__farther__expanded,12,20,8,8,True,False,person_relative_to_object,closer_farther_same_distance,"Initially, Maya was 12 ft from a cone that remained stationary. From that starting position, Maya walked 8 ft directly away from the cone.",Maya is now closer to the cone than before.,Maya is now farther from the cone than before.,Maya is now at the same distance from the cone as before.,24,138,28,9,43,11,10,9,46,11,10,12,57,14,13,2750
name_0__obj_cone__num_08__unit_ft__orientation_control__unchanged__compact,1.2,closer_farther_initial_conditions,name_0__obj_cone__num_08__unit_ft__compact,orientation_control,name_0__obj_cone__num_08__unit_ft__orientation_control__unchanged,orientation_compact,compact,rotation_without_translation_inference,unchanged,Target3,name_0,Maya,obj_cone,cone,num_08,feet,unit_ft,abbreviation,name_0__obj_cone__num_08__orientation_control__unchanged__compact,12,12,0,0,True,False,person_relative_to_object,closer_farther_same_distance,"Maya, 12 ft from a stationary cone, turned around in place.",Maya is now closer to the cone than before.,Maya is now farther from the cone than before.,Maya is now at the same distance from the cone as before.,11,59,15,9,43,11,10,9,46,11,10,12,57,14,13,2751
name_0__obj_cone__num_08__unit_ft__orientation_control__unchanged,1.2,closer_farther_initial_conditions,name_0__obj_cone__num_08__unit_ft,orientation_control,name_0__obj_cone__num_08__unit_ft__orientation_control__unchanged,orientation_standard,standard,rotation_without_translation_inference,unchanged,Target3,name_0,Maya,obj_cone,cone,num_08,feet,unit_ft,abbreviation,name_0__obj_cone__num_08__orientation_control__unchanged,12,12,0,0,True,False,person_relative_to_object,closer_farther_same_distance,Maya was 12 ft from a stationary cone. Maya turned around without changing position.,Maya is now closer to the cone than before.,Maya is now farther from the cone than before.,Maya is now at the same distance from the cone as before.,14,84,17,9,43,11,10,9,46,11,10,12,57,14,13,2752
name_0__obj_cone__num_08__unit_ft__orientation_control__unchanged__expanded,1.2,closer_farther_initial_conditions,name_0__obj_cone__num_08__unit_ft__expanded,orientation_control,name_0__obj_cone__num_08__unit_ft__orientation_control__unchanged,orientation_expanded,expanded,rotation_without_translation_inference,unchanged,Target3,name_0,Maya,obj_cone,cone,num_08,feet,unit_ft,abbreviation,name_0__obj_cone__num_08__orientation_control__unchanged__expanded,12,12,0,0,True,False,person_relative_to_object,closer_farther_same_distance,"Initially, Maya was 12 ft from a cone that remained stationary. Maya then turned to face the opposite direction, keeping both feet in the same place.",Maya is now closer to the cone than before.,Maya is now farther from the cone than before.,Maya is now at the same distance from the cone as before.,26,149,30,9,43,11,10,9,46,11,10,12,57,14,13,2753
name_0__obj_cone__num_09__unit_ft__explicit_distance__closer__compact,1.2,closer_farther_initial_conditions,name_0__obj_cone__num_09__unit_ft__compact,explicit_distance,name_0__obj_cone__num_09__unit_ft__explicit_distance__closer,distance_compact,compact,explicit_distance_comparison,closer,Target1,name_0,Maya,obj_cone,cone,num_09,feet,unit_ft,abbreviation,name_0__obj_cone__num_09__explicit_distance__closer__compact,52,24,-28,28,True,False,person_relative_to_object,closer_farther_same_distance,"Maya's distance from the stationary cone: initially 52 ft, now 24 ft.",Maya is now closer to the cone than before.,Maya is now farther from the cone than before.,Maya is now at the same distance from the cone as before.,13,69,17,9,43,11,10,9,46,11,10,12,57,14,13,2754
name_0__obj_cone__num_09__unit_ft__explicit_distance__farther__compact,1.2,closer_farther_initial_conditions,name_0__obj_cone__num_09__unit_ft__compact,explicit_distance,name_0__obj_cone__num_09__unit_ft__explicit_distance__farther,distance_compact,compact,explicit_distance_comparison,farther,Target2,name_0,Maya,obj_cone,cone,num_09,feet,unit_ft,abbreviation,name_0__obj_cone__num_09__explicit_distance__farther__compact,52,80,28,28,True,False,person_relative_to_object,closer_farther_same_distance,"Maya's distance from the stationary cone: initially 52 ft, now 80 ft.",Maya is now closer to the cone than before.,Maya is now farther from the cone than before.,Maya is now at the same distance from the cone as before.,13,69,17,9,43,11,10,9,46,11,10,12,57,14,13,2755
name_0__obj_cone__num_09__unit_ft__explicit_distance__unchanged__compact,1.2,closer_farther_initial_conditions,name_0__obj_cone__num_09__unit_ft__compact,explicit_distance,name_0__obj_cone__num_09__unit_ft__explicit_distance__unchanged,distance_compact,compact,explicit_distance_comparison,unchanged,Target3,name_0,Maya,obj_cone,cone,num_09,feet,unit_ft,abbreviation,name_0__obj_cone__num_09__explicit_distance__unchanged__compact,52,52,0,0,True,False,person_relative_to_object,closer_farther_same_distance,"Maya's distance from the stationary cone: initially 52 ft, now 52 ft.",Maya is now closer to the cone than before.,Maya is now farther from the cone than before.,Maya is now at the same distance from the cone as before.,13,69,17,9,43,11,10,9,46,11,10,12,57,14,13,2756
name_0__obj_cone__num_09__unit_ft__explicit_distance__closer,1.2,closer_farther_initial_conditions,name_0__obj_cone__num_09__unit_ft,explicit_distance,name_0__obj_cone__num_09__unit_ft__explicit_distance__closer,distance_standard,standard,explicit_distance_comparison,closer,Target1,name_0,Maya,obj_cone,cone,num_09,feet,unit_ft,abbreviation,name_0__obj_cone__num_09__explicit_distance__closer,52,24,-28,28,True,False,person_relative_to_object,closer_farther_same_distance,Maya was 52 ft from a stationary cone. Maya is now 24 ft from the cone.,Maya is now closer to the cone than before.,Maya is now farther from the cone than before.,Maya is now at the same distance from the cone as before.,16,71,19,9,43,11,10,9,46,11,10,12,57,14,13,2757
name_0__obj_cone__num_09__unit_ft__explicit_distance__farther,1.2,closer_farther_initial_conditions,name_0__obj_cone__num_09__unit_ft,explicit_distance,name_0__obj_cone__num_09__unit_ft__explicit_distance__farther,distance_standard,standard,explicit_distance_comparison,farther,Target2,name_0,Maya,obj_cone,cone,num_09,feet,unit_ft,abbreviation,name_0__obj_cone__num_09__explicit_distance__farther,52,80,28,28,True,False,person_relative_to_object,closer_farther_same_distance,Maya was 52 ft from a stationary cone. Maya is now 80 ft from the cone.,Maya is now closer to the cone than before.,Maya is now farther from the cone than before.,Maya is now at the same distance from the cone as before.,16,71,19,9,43,11,10,9,46,11,10,12,57,14,13,2758
name_0__obj_cone__num_09__unit_ft__explicit_distance__unchanged,1.2,closer_farther_initial_conditions,name_0__obj_cone__num_09__unit_ft,explicit_distance,name_0__obj_cone__num_09__unit_ft__explicit_distance__unchanged,distance_standard,standard,explicit_distance_comparison,unchanged,Target3,name_0,Maya,obj_cone,cone,num_09,feet,unit_ft,abbreviation,name_0__obj_cone__num_09__explicit_distance__unchanged,52,52,0,0,True,False,person_relative_to_object,closer_farther_same_distance,Maya was 52 ft from a stationary cone. Maya is now 52 ft from the cone.,Maya is now closer to the cone than before.,Maya is now farther from the cone than before.,Maya is now at the same distance from the cone as before.,16,71,19,9,43,11,10,9,46,11,10,12,57,14,13,2759
name_0__obj_cone__num_09__unit_ft__explicit_distance__closer__expanded,1.2,closer_farther_initial_conditions,name_0__obj_cone__num_09__unit_ft__expanded,explicit_distance,name_0__obj_cone__num_09__unit_ft__explicit_distance__closer,distance_expanded,expanded,explicit_distance_comparison,closer,Target1,name_0,Maya,obj_cone,cone,num_09,feet,unit_ft,abbreviation,name_0__obj_cone__num_09__explicit_distance__closer__expanded,52,24,-28,28,True,False,person_relative_to_object,closer_farther_same_distance,"Initially, Maya was 52 ft from a cone that remained stationary. The distance between Maya and that cone is now 24 ft.",Maya is now closer to the cone than before.,Maya is now farther from the cone than before.,Maya is now at the same distance from the cone as before.,22,117,25,9,43,11,10,9,46,11,10,12,57,14,13,2760
name_0__obj_cone__num_09__unit_ft__explicit_distance__farther__expanded,1.2,closer_farther_initial_conditions,name_0__obj_cone__num_09__unit_ft__expanded,explicit_distance,name_0__obj_cone__num_09__unit_ft__explicit_distance__farther,distance_expanded,expanded,explicit_distance_comparison,farther,Target2,name_0,Maya,obj_cone,cone,num_09,feet,unit_ft,abbreviation,name_0__obj_cone__num_09__explicit_distance__farther__expanded,52,80,28,28,True,False,person_relative_to_object,closer_farther_same_distance,"Initially, Maya was 52 ft from a cone that remained stationary. The distance between Maya and that cone is now 80 ft.",Maya is now closer to the cone than before.,Maya is now farther from the cone than before.,Maya is now at the same distance from the cone as before.,22,117,25,9,43,11,10,9,46,11,10,12,57,14,13,2761
name_0__obj_cone__num_09__unit_ft__explicit_distance__unchanged__expanded,1.2,closer_farther_initial_conditions,name_0__obj_cone__num_09__unit_ft__expanded,explicit_distance,name_0__obj_cone__num_09__unit_ft__explicit_distance__unchanged,distance_expanded,expanded,explicit_distance_comparison,unchanged,Target3,name_0,Maya,obj_cone,cone,num_09,feet,unit_ft,abbreviation,name_0__obj_cone__num_09__explicit_distance__unchanged__expanded,52,52,0,0,True,False,person_relative_to_object,closer_farther_same_distance,"Initially, Maya was 52 ft from a cone that remained stationary. The distance between Maya and that cone is now 52 ft.",Maya is now closer to the cone than before.,Maya is now farther from the cone than before.,Maya is now at the same distance from the cone as before.,22,117,25,9,43,11,10,9,46,11,10,12,57,14,13,2762
name_0__obj_cone__num_09__unit_ft__movement_description__closer__compact,1.2,closer_farther_initial_conditions,name_0__obj_cone__num_09__unit_ft__compact,movement_description,name_0__obj_cone__num_09__unit_ft__movement_description__closer,movement_compact,compact,directed_movement_inference,closer,Target1,name_0,Maya,obj_cone,cone,num_09,feet,unit_ft,abbreviation,name_0__obj_cone__num_09__movement_description__closer__compact,52,24,-28,28,True,False,person_relative_to_object,closer_farther_same_distance,"Starting 52 ft from a stationary cone, Maya walked 28 ft directly toward it.",Maya is now closer to the cone than before.,Maya is now farther from the cone than before.,Maya is now at the same distance from the cone as before.,14,76,16,9,43,11,10,9,46,11,10,12,57,14,13,2763
name_0__obj_cone__num_09__unit_ft__movement_description__farther__compact,1.2,closer_farther_initial_conditions,name_0__obj_cone__num_09__unit_ft__compact,movement_description,name_0__obj_cone__num_09__unit_ft__movement_description__farther,movement_compact,compact,directed_movement_inference,farther,Target2,name_0,Maya,obj_cone,cone,num_09,feet,unit_ft,abbreviation,name_0__obj_cone__num_09__movement_description__farther__compact,52,80,28,28,True,False,person_relative_to_object,closer_farther_same_distance,"Starting 52 ft from a stationary cone, Maya walked 28 ft directly away from it.",Maya is now closer to the cone than before.,Maya is now farther from the cone than before.,Maya is now at the same distance from the cone as before.,15,79,17,9,43,11,10,9,46,11,10,12,57,14,13,2764
name_0__obj_cone__num_09__unit_ft__movement_description__closer,1.2,closer_farther_initial_conditions,name_0__obj_cone__num_09__unit_ft,movement_description,name_0__obj_cone__num_09__unit_ft__movement_description__closer,movement_standard,standard,directed_movement_inference,closer,Target1,name_0,Maya,obj_cone,cone,num_09,feet,unit_ft,abbreviation,name_0__obj_cone__num_09__movement_description__closer,52,24,-28,28,True,False,person_relative_to_object,closer_farther_same_distance,Maya was 52 ft from a stationary cone. Maya walked 28 ft directly toward the cone.,Maya is now closer to the cone than before.,Maya is now farther from the cone than before.,Maya is now at the same distance from the cone as before.,16,82,19,9,43,11,10,9,46,11,10,12,57,14,13,2765
name_0__obj_cone__num_09__unit_ft__movement_description__farther,1.2,closer_farther_initial_conditions,name_0__obj_cone__num_09__unit_ft,movement_description,name_0__obj_cone__num_09__unit_ft__movement_description__farther,movement_standard,standard,directed_movement_inference,farther,Target2,name_0,Maya,obj_cone,cone,num_09,feet,unit_ft,abbreviation,name_0__obj_cone__num_09__movement_description__farther,52,80,28,28,True,False,person_relative_to_object,closer_farther_same_distance,Maya was 52 ft from a stationary cone. Maya walked 28 ft directly away from the cone.,Maya is now closer to the cone than before.,Maya is now farther from the cone than before.,Maya is now at the same distance from the cone as before.,17,85,20,9,43,11,10,9,46,11,10,12,57,14,13,2766
name_0__obj_cone__num_09__unit_ft__movement_description__closer__expanded,1.2,closer_farther_initial_conditions,name_0__obj_cone__num_09__unit_ft__expanded,movement_description,name_0__obj_cone__num_09__unit_ft__movement_description__closer,movement_expanded,expanded,directed_movement_inference,closer,Target1,name_0,Maya,obj_cone,cone,num_09,feet,unit_ft,abbreviation,name_0__obj_cone__num_09__movement_description__closer__expanded,52,24,-28,28,True,False,person_relative_to_object,closer_farther_same_distance,"Initially, Maya was 52 ft from a cone that remained stationary. From that starting position, Maya walked 28 ft directly toward the cone.",Maya is now closer to the cone than before.,Maya is now farther from the cone than before.,Maya is now at the same distance from the cone as before.,23,136,27,9,43,11,10,9,46,11,10,12,57,14,13,2767
name_0__obj_cone__num_09__unit_ft__movement_description__farther__expanded,1.2,closer_farther_initial_conditions,name_0__obj_cone__num_09__unit_ft__expanded,movement_description,name_0__obj_cone__num_09__unit_ft__movement_description__farther,movement_expanded,expanded,directed_movement_inference,farther,Target2,name_0,Maya,obj_cone,cone,num_09,feet,unit_ft,abbreviation,name_0__obj_cone__num_09__movement_description__farther__expanded,52,80,28,28,True,False,person_relative_to_object,closer_farther_same_distance,"Initially, Maya was 52 ft from a cone that remained stationary. From that starting position, Maya walked 28 ft directly away from the cone.",Maya is now closer to the cone than before.,Maya is now farther from the cone than before.,Maya is now at the same distance from the cone as before.,24,139,28,9,43,11,10,9,46,11,10,12,57,14,13,2768
name_0__obj_cone__num_09__unit_ft__orientation_control__unchanged__compact,1.2,closer_farther_initial_conditions,name_0__obj_cone__num_09__unit_ft__compact,orientation_control,name_0__obj_cone__num_09__unit_ft__orientation_control__unchanged,orientation_compact,compact,rotation_without_translation_inference,unchanged,Target3,name_0,Maya,obj_cone,cone,num_09,feet,unit_ft,abbreviation,name_0__obj_cone__num_09__orientation_control__unchanged__compact,52,52,0,0,True,False,person_relative_to_object,closer_farther_same_distance,"Maya, 52 ft from a stationary cone, turned around in place.",Maya is now closer to the cone than before.,Maya is now farther from the cone than before.,Maya is now at the same distance from the cone as before.,11,59,15,9,43,11,10,9,46,11,10,12,57,14,13,2769
name_0__obj_cone__num_09__unit_ft__orientation_control__unchanged,1.2,closer_farther_initial_conditions,name_0__obj_cone__num_09__unit_ft,orientation_control,name_0__obj_cone__num_09__unit_ft__orientation_control__unchanged,orientation_standard,standard,rotation_without_translation_inference,unchanged,Target3,name_0,Maya,obj_cone,cone,num_09,feet,unit_ft,abbreviation,name_0__obj_cone__num_09__orientation_control__unchanged,52,52,0,0,True,False,person_relative_to_object,closer_farther_same_distance,Maya was 52 ft from a stationary cone. Maya turned around without changing position.,Maya is now closer to the cone than before.,Maya is now farther from the cone than before.,Maya is now at the same distance from the cone as before.,14,84,17,9,43,11,10,9,46,11,10,12,57,14,13,2770
name_0__obj_cone__num_09__unit_ft__orientation_control__unchanged__expanded,1.2,closer_farther_initial_conditions,name_0__obj_cone__num_09__unit_ft__expanded,orientation_control,name_0__obj_cone__num_09__unit_ft__orientation_control__unchanged,orientation_expanded,expanded,rotation_without_translation_inference,unchanged,Target3,name_0,Maya,obj_cone,cone,num_09,feet,unit_ft,abbreviation,name_0__obj_cone__num_09__orientation_control__unchanged__expanded,52,52,0,0,True,False,person_relative_to_object,closer_farther_same_distance,"Initially, Maya was 52 ft from a cone that remained stationary. Maya then turned to face the opposite direction, keeping both feet in the same place.",Maya is now closer to the cone than before.,Maya is now farther from the cone than before.,Maya is now at the same distance from the cone as before.,26,149,30,9,43,11,10,9,46,11,10,12,57,14,13,2771
name_0__obj_cone__num_10__unit_ft__explicit_distance__closer__compact,1.2,closer_farther_initial_conditions,name_0__obj_cone__num_10__unit_ft__compact,explicit_distance,name_0__obj_cone__num_10__unit_ft__explicit_distance__closer,distance_compact,compact,explicit_distance_comparison,closer,Target1,name_0,Maya,obj_cone,cone,num_10,feet,unit_ft,abbreviation,name_0__obj_cone__num_10__explicit_distance__closer__compact,56,48,-8,8,True,False,person_relative_to_object,closer_farther_same_distance,"Maya's distance from the stationary cone: initially 56 ft, now 48 ft.",Maya is now closer to the cone than before.,Maya is now farther from the cone than before.,Maya is now at the same distance from the cone as before.,13,69,17,9,43,11,10,9,46,11,10,12,57,14,13,2772
name_0__obj_cone__num_10__unit_ft__explicit_distance__farther__compact,1.2,closer_farther_initial_conditions,name_0__obj_cone__num_10__unit_ft__compact,explicit_distance,name_0__obj_cone__num_10__unit_ft__explicit_distance__farther,distance_compact,compact,explicit_distance_comparison,farther,Target2,name_0,Maya,obj_cone,cone,num_10,feet,unit_ft,abbreviation,name_0__obj_cone__num_10__explicit_distance__farther__compact,56,64,8,8,True,False,person_relative_to_object,closer_farther_same_distance,"Maya's distance from the stationary cone: initially 56 ft, now 64 ft.",Maya is now closer to the cone than before.,Maya is now farther from the cone than before.,Maya is now at the same distance from the cone as before.,13,69,17,9,43,11,10,9,46,11,10,12,57,14,13,2773
name_0__obj_cone__num_10__unit_ft__explicit_distance__unchanged__compact,1.2,closer_farther_initial_conditions,name_0__obj_cone__num_10__unit_ft__compact,explicit_distance,name_0__obj_cone__num_10__unit_ft__explicit_distance__unchanged,distance_compact,compact,explicit_distance_comparison,unchanged,Target3,name_0,Maya,obj_cone,cone,num_10,feet,unit_ft,abbreviation,name_0__obj_cone__num_10__explicit_distance__unchanged__compact,56,56,0,0,True,False,person_relative_to_object,closer_farther_same_distance,"Maya's distance from the stationary cone: initially 56 ft, now 56 ft.",Maya is now closer to the cone than before.,Maya is now farther from the cone than before.,Maya is now at the same distance from the cone as before.,13,69,17,9,43,11,10,9,46,11,10,12,57,14,13,2774
name_0__obj_cone__num_10__unit_ft__explicit_distance__closer,1.2,closer_farther_initial_conditions,name_0__obj_cone__num_10__unit_ft,explicit_distance,name_0__obj_cone__num_10__unit_ft__explicit_distance__closer,distance_standard,standard,explicit_distance_comparison,closer,Target1,name_0,Maya,obj_cone,cone,num_10,feet,unit_ft,abbreviation,name_0__obj_cone__num_10__explicit_distance__closer,56,48,-8,8,True,False,person_relative_to_object,closer_farther_same_distance,Maya was 56 ft from a stationary cone. Maya is now 48 ft from the cone.,Maya is now closer to the cone than before.,Maya is now farther from the cone than before.,Maya is now at the same distance from the cone as before.,16,71,19,9,43,11,10,9,46,11,10,12,57,14,13,2775
name_0__obj_cone__num_10__unit_ft__explicit_distance__farther,1.2,closer_farther_initial_conditions,name_0__obj_cone__num_10__unit_ft,explicit_distance,name_0__obj_cone__num_10__unit_ft__explicit_distance__farther,distance_standard,standard,explicit_distance_comparison,farther,Target2,name_0,Maya,obj_cone,cone,num_10,feet,unit_ft,abbreviation,name_0__obj_cone__num_10__explicit_distance__farther,56,64,8,8,True,False,person_relative_to_object,closer_farther_same_distance,Maya was 56 ft from a stationary cone. Maya is now 64 ft from the cone.,Maya is now closer to the cone than before.,Maya is now farther from the cone than before.,Maya is now at the same distance from the cone as before.,16,71,19,9,43,11,10,9,46,11,10,12,57,14,13,2776
name_0__obj_cone__num_10__unit_ft__explicit_distance__unchanged,1.2,closer_farther_initial_conditions,name_0__obj_cone__num_10__unit_ft,explicit_distance,name_0__obj_cone__num_10__unit_ft__explicit_distance__unchanged,distance_standard,standard,explicit_distance_comparison,unchanged,Target3,name_0,Maya,obj_cone,cone,num_10,feet,unit_ft,abbreviation,name_0__obj_cone__num_10__explicit_distance__unchanged,56,56,0,0,True,False,person_relative_to_object,closer_farther_same_distance,Maya was 56 ft from a stationary cone. Maya is now 56 ft from the cone.,Maya is now closer to the cone than before.,Maya is now farther from the cone than before.,Maya is now at the same distance from the cone as before.,16,71,19,9,43,11,10,9,46,11,10,12,57,14,13,2777
name_0__obj_cone__num_10__unit_ft__explicit_distance__closer__expanded,1.2,closer_farther_initial_conditions,name_0__obj_cone__num_10__unit_ft__expanded,explicit_distance,name_0__obj_cone__num_10__unit_ft__explicit_distance__closer,distance_expanded,expanded,explicit_distance_comparison,closer,Target1,name_0,Maya,obj_cone,cone,num_10,feet,unit_ft,abbreviation,name_0__obj_cone__num_10__explicit_distance__closer__expanded,56,48,-8,8,True,False,person_relative_to_object,closer_farther_same_distance,"Initially, Maya was 56 ft from a cone that remained stationary. The distance between Maya and that cone is now 48 ft.",Maya is now closer to the cone than before.,Maya is now farther from the cone than before.,Maya is now at the same distance from the cone as before.,22,117,25,9,43,11,10,9,46,11,10,12,57,14,13,2778
name_0__obj_cone__num_10__unit_ft__explicit_distance__farther__expanded,1.2,closer_farther_initial_conditions,name_0__obj_cone__num_10__unit_ft__expanded,explicit_distance,name_0__obj_cone__num_10__unit_ft__explicit_distance__farther,distance_expanded,expanded,explicit_distance_comparison,farther,Target2,name_0,Maya,obj_cone,cone,num_10,feet,unit_ft,abbreviation,name_0__obj_cone__num_10__explicit_distance__farther__expanded,56,64,8,8,True,False,person_relative_to_object,closer_farther_same_distance,"Initially, Maya was 56 ft from a cone that remained stationary. The distance between Maya and that cone is now 64 ft.",Maya is now closer to the cone than before.,Maya is now farther from the cone than before.,Maya is now at the same distance from the cone as before.,22,117,25,9,43,11,10,9,46,11,10,12,57,14,13,2779
name_0__obj_cone__num_10__unit_ft__explicit_distance__unchanged__expanded,1.2,closer_farther_initial_conditions,name_0__obj_cone__num_10__unit_ft__expanded,explicit_distance,name_0__obj_cone__num_10__unit_ft__explicit_distance__unchanged,distance_expanded,expanded,explicit_distance_comparison,unchanged,Target3,name_0,Maya,obj_cone,cone,num_10,feet,unit_ft,abbreviation,name_0__obj_cone__num_10__explicit_distance__unchanged__expanded,56,56,0,0,True,False,person_relative_to_object,closer_farther_same_distance,"Initially, Maya was 56 ft from a cone that remained stationary. The distance between Maya and that cone is now 56 ft.",Maya is now closer to the cone than before.,Maya is now farther from the cone than before.,Maya is now at the same distance from the cone as before.,22,117,25,9,43,11,10,9,46,11,10,12,57,14,13,2780
name_0__obj_cone__num_10__unit_ft__movement_description__closer__compact,1.2,closer_farther_initial_conditions,name_0__obj_cone__num_10__unit_ft__compact,movement_description,name_0__obj_cone__num_10__unit_ft__movement_description__closer,movement_compact,compact,directed_movement_inference,closer,Target1,name_0,Maya,obj_cone,cone,num_10,feet,unit_ft,abbreviation,name_0__obj_cone__num_10__movement_description__closer__compact,56,48,-8,8,True,False,person_relative_to_object,closer_farther_same_distance,"Starting 56 ft from a stationary cone, Maya walked 8 ft directly toward it.",Maya is now closer to the cone than before.,Maya is now farther from the cone than before.,Maya is now at the same distance from the cone as before.,14,75,16,9,43,11,10,9,46,11,10,12,57,14,13,2781
name_0__obj_cone__num_10__unit_ft__movement_description__farther__compact,1.2,closer_farther_initial_conditions,name_0__obj_cone__num_10__unit_ft__compact,movement_description,name_0__obj_cone__num_10__unit_ft__movement_description__farther,movement_compact,compact,directed_movement_inference,farther,Target2,name_0,Maya,obj_cone,cone,num_10,feet,unit_ft,abbreviation,name_0__obj_cone__num_10__movement_description__farther__compact,56,64,8,8,True,False,person_relative_to_object,closer_farther_same_distance,"Starting 56 ft from a stationary cone, Maya walked 8 ft directly away from it.",Maya is now closer to the cone than before.,Maya is now farther from the cone than before.,Maya is now at the same distance from the cone as before.,15,78,17,9,43,11,10,9,46,11,10,12,57,14,13,2782
name_0__obj_cone__num_10__unit_ft__movement_description__closer,1.2,closer_farther_initial_conditions,name_0__obj_cone__num_10__unit_ft,movement_description,name_0__obj_cone__num_10__unit_ft__movement_description__closer,movement_standard,standard,directed_movement_inference,closer,Target1,name_0,Maya,obj_cone,cone,num_10,feet,unit_ft,abbreviation,name_0__obj_cone__num_10__movement_description__closer,56,48,-8,8,True,False,person_relative_to_object,closer_farther_same_distance,Maya was 56 ft from a stationary cone. Maya walked 8 ft directly toward the cone.,Maya is now closer to the cone than before.,Maya is now farther from the cone than before.,Maya is now at the same distance from the cone as before.,16,81,19,9,43,11,10,9,46,11,10,12,57,14,13,2783
name_0__obj_cone__num_10__unit_ft__movement_description__farther,1.2,closer_farther_initial_conditions,name_0__obj_cone__num_10__unit_ft,movement_description,name_0__obj_cone__num_10__unit_ft__movement_description__farther,movement_standard,standard,directed_movement_inference,farther,Target2,name_0,Maya,obj_cone,cone,num_10,feet,unit_ft,abbreviation,name_0__obj_cone__num_10__movement_description__farther,56,64,8,8,True,False,person_relative_to_object,closer_farther_same_distance,Maya was 56 ft from a stationary cone. Maya walked 8 ft directly away from the cone.,Maya is now closer to the cone than before.,Maya is now farther from the cone than before.,Maya is now at the same distance from the cone as before.,17,84,20,9,43,11,10,9,46,11,10,12,57,14,13,2784
name_0__obj_cone__num_10__unit_ft__movement_description__closer__expanded,1.2,closer_farther_initial_conditions,name_0__obj_cone__num_10__unit_ft__expanded,movement_description,name_0__obj_cone__num_10__unit_ft__movement_description__closer,movement_expanded,expanded,directed_movement_inference,closer,Target1,name_0,Maya,obj_cone,cone,num_10,feet,unit_ft,abbreviation,name_0__obj_cone__num_10__movement_description__closer__expanded,56,48,-8,8,True,False,person_relative_to_object,closer_farther_same_distance,"Initially, Maya was 56 ft from a cone that remained stationary. From that starting position, Maya walked 8 ft directly toward the cone.",Maya is now closer to the cone than before.,Maya is now farther from the cone than before.,Maya is now at the same distance from the cone as before.,23,135,27,9,43,11,10,9,46,11,10,12,57,14,13,2785
name_0__obj_cone__num_10__unit_ft__movement_description__farther__expanded,1.2,closer_farther_initial_conditions,name_0__obj_cone__num_10__unit_ft__expanded,movement_description,name_0__obj_cone__num_10__unit_ft__movement_description__farther,movement_expanded,expanded,directed_movement_inference,farther,Target2,name_0,Maya,obj_cone,cone,num_10,feet,unit_ft,abbreviation,name_0__obj_cone__num_10__movement_description__farther__expanded,56,64,8,8,True,False,person_relative_to_object,closer_farther_same_distance,"Initially, Maya was 56 ft from a cone that remained stationary. From that starting position, Maya walked 8 ft directly away from the cone.",Maya is now closer to the cone than before.,Maya is now farther from the cone than before.,Maya is now at the same distance from the cone as before.,24,138,28,9,43,11,10,9,46,11,10,12,57,14,13,2786
name_0__obj_cone__num_10__unit_ft__orientation_control__unchanged__compact,1.2,closer_farther_initial_conditions,name_0__obj_cone__num_10__unit_ft__compact,orientation_control,name_0__obj_cone__num_10__unit_ft__orientation_control__unchanged,orientation_compact,compact,rotation_without_translation_inference,unchanged,Target3,name_0,Maya,obj_cone,cone,num_10,feet,unit_ft,abbreviation,name_0__obj_cone__num_10__orientation_control__unchanged__compact,56,56,0,0,True,False,person_relative_to_object,closer_farther_same_distance,"Maya, 56 ft from a stationary cone, turned around in place.",Maya is now closer to the cone than before.,Maya is now farther from the cone than before.,Maya is now at the same distance from the cone as before.,11,59,15,9,43,11,10,9,46,11,10,12,57,14,13,2787
name_0__obj_cone__num_10__unit_ft__orientation_control__unchanged,1.2,closer_farther_initial_conditions,name_0__obj_cone__num_10__unit_ft,orientation_control,name_0__obj_cone__num_10__unit_ft__orientation_control__unchanged,orientation_standard,standard,rotation_without_translation_inference,unchanged,Target3,name_0,Maya,obj_cone,cone,num_10,feet,unit_ft,abbreviation,name_0__obj_cone__num_10__orientation_control__unchanged,56,56,0,0,True,False,person_relative_to_object,closer_farther_same_distance,Maya was 56 ft from a stationary cone. Maya turned around without changing position.,Maya is now closer to the cone than before.,Maya is now farther from the cone than before.,Maya is now at the same distance from the cone as before.,14,84,17,9,43,11,10,9,46,11,10,12,57,14,13,2788
name_0__obj_cone__num_10__unit_ft__orientation_control__unchanged__expanded,1.2,closer_farther_initial_conditions,name_0__obj_cone__num_10__unit_ft__expanded,orientation_control,name_0__obj_cone__num_10__unit_ft__orientation_control__unchanged,orientation_expanded,expanded,rotation_without_translation_inference,unchanged,Target3,name_0,Maya,obj_cone,cone,num_10,feet,unit_ft,abbreviation,name_0__obj_cone__num_10__orientation_control__unchanged__expanded,56,56,0,0,True,False,person_relative_to_object,closer_farther_same_distance,"Initially, Maya was 56 ft from a cone that remained stationary. Maya then turned to face the opposite direction, keeping both feet in the same place.",Maya is now closer to the cone than before.,Maya is now farther from the cone than before.,Maya is now at the same distance from the cone as before.,26,149,30,9,43,11,10,9,46,11,10,12,57,14,13,2789
name_0__obj_cone__num_11__unit_ft__explicit_distance__closer__compact,1.2,closer_farther_initial_conditions,name_0__obj_cone__num_11__unit_ft__compact,explicit_distance,name_0__obj_cone__num_11__unit_ft__explicit_distance__closer,distance_compact,compact,explicit_distance_comparison,closer,Target1,name_0,Maya,obj_cone,cone,num_11,feet,unit_ft,abbreviation,name_0__obj_cone__num_11__explicit_distance__closer__compact,32,9,-23,23,True,False,person_relative_to_object,closer_farther_same_distance,"Maya's distance from the stationary cone: initially 32 ft, now 9 ft.",Maya is now closer to the cone than before.,Maya is now farther from the cone than before.,Maya is now at the same distance from the cone as before.,13,68,17,9,43,11,10,9,46,11,10,12,57,14,13,2790
name_0__obj_cone__num_11__unit_ft__explicit_distance__farther__compact,1.2,closer_farther_initial_conditions,name_0__obj_cone__num_11__unit_ft__compact,explicit_distance,name_0__obj_cone__num_11__unit_ft__explicit_distance__farther,distance_compact,compact,explicit_distance_comparison,farther,Target2,name_0,Maya,obj_cone,cone,num_11,feet,unit_ft,abbreviation,name_0__obj_cone__num_11__explicit_distance__farther__compact,32,55,23,23,True,False,person_relative_to_object,closer_farther_same_distance,"Maya's distance from the stationary cone: initially 32 ft, now 55 ft.",Maya is now closer to the cone than before.,Maya is now farther from the cone than before.,Maya is now at the same distance from the cone as before.,13,69,17,9,43,11,10,9,46,11,10,12,57,14,13,2791
name_0__obj_cone__num_11__unit_ft__explicit_distance__unchanged__compact,1.2,closer_farther_initial_conditions,name_0__obj_cone__num_11__unit_ft__compact,explicit_distance,name_0__obj_cone__num_11__unit_ft__explicit_distance__unchanged,distance_compact,compact,explicit_distance_comparison,unchanged,Target3,name_0,Maya,obj_cone,cone,num_11,feet,unit_ft,abbreviation,name_0__obj_cone__num_11__explicit_distance__unchanged__compact,32,32,0,0,True,False,person_relative_to_object,closer_farther_same_distance,"Maya's distance from the stationary cone: initially 32 ft, now 32 ft.",Maya is now closer to the cone than before.,Maya is now farther from the cone than before.,Maya is now at the same distance from the cone as before.,13,69,17,9,43,11,10,9,46,11,10,12,57,14,13,2792
name_0__obj_cone__num_11__unit_ft__explicit_distance__closer,1.2,closer_farther_initial_conditions,name_0__obj_cone__num_11__unit_ft,explicit_distance,name_0__obj_cone__num_11__unit_ft__explicit_distance__closer,distance_standard,standard,explicit_distance_comparison,closer,Target1,name_0,Maya,obj_cone,cone,num_11,feet,unit_ft,abbreviation,name_0__obj_cone__num_11__explicit_distance__closer,32,9,-23,23,True,False,person_relative_to_object,closer_farther_same_distance,Maya was 32 ft from a stationary cone. Maya is now 9 ft from the cone.,Maya is now closer to the cone than before.,Maya is now farther from the cone than before.,Maya is now at the same distance from the cone as before.,16,70,19,9,43,11,10,9,46,11,10,12,57,14,13,2793
name_0__obj_cone__num_11__unit_ft__explicit_distance__farther,1.2,closer_farther_initial_conditions,name_0__obj_cone__num_11__unit_ft,explicit_distance,name_0__obj_cone__num_11__unit_ft__explicit_distance__farther,distance_standard,standard,explicit_distance_comparison,farther,Target2,name_0,Maya,obj_cone,cone,num_11,feet,unit_ft,abbreviation,name_0__obj_cone__num_11__explicit_distance__farther,32,55,23,23,True,False,person_relative_to_object,closer_farther_same_distance,Maya was 32 ft from a stationary cone. Maya is now 55 ft from the cone.,Maya is now closer to the cone than before.,Maya is now farther from the cone than before.,Maya is now at the same distance from the cone as before.,16,71,19,9,43,11,10,9,46,11,10,12,57,14,13,2794
name_0__obj_cone__num_11__unit_ft__explicit_distance__unchanged,1.2,closer_farther_initial_conditions,name_0__obj_cone__num_11__unit_ft,explicit_distance,name_0__obj_cone__num_11__unit_ft__explicit_distance__unchanged,distance_standard,standard,explicit_distance_comparison,unchanged,Target3,name_0,Maya,obj_cone,cone,num_11,feet,unit_ft,abbreviation,name_0__obj_cone__num_11__explicit_distance__unchanged,32,32,0,0,True,False,person_relative_to_object,closer_farther_same_distance,Maya was 32 ft from a stationary cone. Maya is now 32 ft from the cone.,Maya is now closer to the cone than before.,Maya is now farther from the cone than before.,Maya is now at the same distance from the cone as before.,16,71,19,9,43,11,10,9,46,11,10,12,57,14,13,2795
name_0__obj_cone__num_11__unit_ft__explicit_distance__closer__expanded,1.2,closer_farther_initial_conditions,name_0__obj_cone__num_11__unit_ft__expanded,explicit_distance,name_0__obj_cone__num_11__unit_ft__explicit_distance__closer,distance_expanded,expanded,explicit_distance_comparison,closer,Target1,name_0,Maya,obj_cone,cone,num_11,feet,unit_ft,abbreviation,name_0__obj_cone__num_11__explicit_distance__closer__expanded,32,9,-23,23,True,False,person_relative_to_object,closer_farther_same_distance,"Initially, Maya was 32 ft from a cone that remained stationary. The distance between Maya and that cone is now 9 ft.",Maya is now closer to the cone than before.,Maya is now farther from the cone than before.,Maya is now at the same distance from the cone as before.,22,116,25,9,43,11,10,9,46,11,10,12,57,14,13,2796
name_0__obj_cone__num_11__unit_ft__explicit_distance__farther__expanded,1.2,closer_farther_initial_conditions,name_0__obj_cone__num_11__unit_ft__expanded,explicit_distance,name_0__obj_cone__num_11__unit_ft__explicit_distance__farther,distance_expanded,expanded,explicit_distance_comparison,farther,Target2,name_0,Maya,obj_cone,cone,num_11,feet,unit_ft,abbreviation,name_0__obj_cone__num_11__explicit_distance__farther__expanded,32,55,23,23,True,False,person_relative_to_object,closer_farther_same_distance,"Initially, Maya was 32 ft from a cone that remained stationary. The distance between Maya and that cone is now 55 ft.",Maya is now closer to the cone than before.,Maya is now farther from the cone than before.,Maya is now at the same distance from the cone as before.,22,117,25,9,43,11,10,9,46,11,10,12,57,14,13,2797
name_0__obj_cone__num_11__unit_ft__explicit_distance__unchanged__expanded,1.2,closer_farther_initial_conditions,name_0__obj_cone__num_11__unit_ft__expanded,explicit_distance,name_0__obj_cone__num_11__unit_ft__explicit_distance__unchanged,distance_expanded,expanded,explicit_distance_comparison,unchanged,Target3,name_0,Maya,obj_cone,cone,num_11,feet,unit_ft,abbreviation,name_0__obj_cone__num_11__explicit_distance__unchanged__expanded,32,32,0,0,True,False,person_relative_to_object,closer_farther_same_distance,"Initially, Maya was 32 ft from a cone that remained stationary. The distance between Maya and that cone is now 32 ft.",Maya is now closer to the cone than before.,Maya is now farther from the cone than before.,Maya is now at the same distance from the cone as before.,22,117,25,9,43,11,10,9,46,11,10,12,57,14,13,2798
name_0__obj_cone__num_11__unit_ft__movement_description__closer__compact,1.2,closer_farther_initial_conditions,name_0__obj_cone__num_11__unit_ft__compact,movement_description,name_0__obj_cone__num_11__unit_ft__movement_description__closer,movement_compact,compact,directed_movement_inference,closer,Target1,name_0,Maya,obj_cone,cone,num_11,feet,unit_ft,abbreviation,name_0__obj_cone__num_11__movement_description__closer__compact,32,9,-23,23,True,False,person_relative_to_object,closer_farther_same_distance,"Starting 32 ft from a stationary cone, Maya walked 23 ft directly toward it.",Maya is now closer to the cone than before.,Maya is now farther from the cone than before.,Maya is now at the same distance from the cone as before.,14,76,16,9,43,11,10,9,46,11,10,12,57,14,13,2799
name_0__obj_cone__num_11__unit_ft__movement_description__farther__compact,1.2,closer_farther_initial_conditions,name_0__obj_cone__num_11__unit_ft__compact,movement_description,name_0__obj_cone__num_11__unit_ft__movement_description__farther,movement_compact,compact,directed_movement_inference,farther,Target2,name_0,Maya,obj_cone,cone,num_11,feet,unit_ft,abbreviation,name_0__obj_cone__num_11__movement_description__farther__compact,32,55,23,23,True,False,person_relative_to_object,closer_farther_same_distance,"Starting 32 ft from a stationary cone, Maya walked 23 ft directly away from it.",Maya is now closer to the cone than before.,Maya is now farther from the cone than before.,Maya is now at the same distance from the cone as before.,15,79,17,9,43,11,10,9,46,11,10,12,57,14,13,2800
name_0__obj_cone__num_11__unit_ft__movement_description__closer,1.2,closer_farther_initial_conditions,name_0__obj_cone__num_11__unit_ft,movement_description,name_0__obj_cone__num_11__unit_ft__movement_description__closer,movement_standard,standard,directed_movement_inference,closer,Target1,name_0,Maya,obj_cone,cone,num_11,feet,unit_ft,abbreviation,name_0__obj_cone__num_11__movement_description__closer,32,9,-23,23,True,False,person_relative_to_object,closer_farther_same_distance,Maya was 32 ft from a stationary cone. Maya walked 23 ft directly toward the cone.,Maya is now closer to the cone than before.,Maya is now farther from the cone than before.,Maya is now at the same distance from the cone as before.,16,82,19,9,43,11,10,9,46,11,10,12,57,14,13,2801
name_0__obj_cone__num_11__unit_ft__movement_description__farther,1.2,closer_farther_initial_conditions,name_0__obj_cone__num_11__unit_ft,movement_description,name_0__obj_cone__num_11__unit_ft__movement_description__farther,movement_standard,standard,directed_movement_inference,farther,Target2,name_0,Maya,obj_cone,cone,num_11,feet,unit_ft,abbreviation,name_0__obj_cone__num_11__movement_description__farther,32,55,23,23,True,False,person_relative_to_object,closer_farther_same_distance,Maya was 32 ft from a stationary cone. Maya walked 23 ft directly away from the cone.,Maya is now closer to the cone than before.,Maya is now farther from the cone than before.,Maya is now at the same distance from the cone as before.,17,85,20,9,43,11,10,9,46,11,10,12,57,14,13,2802
name_0__obj_cone__num_11__unit_ft__movement_description__closer__expanded,1.2,closer_farther_initial_conditions,name_0__obj_cone__num_11__unit_ft__expanded,movement_description,name_0__obj_cone__num_11__unit_ft__movement_description__closer,movement_expanded,expanded,directed_movement_inference,closer,Target1,name_0,Maya,obj_cone,cone,num_11,feet,unit_ft,abbreviation,name_0__obj_cone__num_11__movement_description__closer__expanded,32,9,-23,23,True,False,person_relative_to_object,closer_farther_same_distance,"Initially, Maya was 32 ft from a cone that remained stationary. From that starting position, Maya walked 23 ft directly toward the cone.",Maya is now closer to the cone than before.,Maya is now farther from the cone than before.,Maya is now at the same distance from the cone as before.,23,136,27,9,43,11,10,9,46,11,10,12,57,14,13,2803
name_0__obj_cone__num_11__unit_ft__movement_description__farther__expanded,1.2,closer_farther_initial_conditions,name_0__obj_cone__num_11__unit_ft__expanded,movement_description,name_0__obj_cone__num_11__unit_ft__movement_description__farther,movement_expanded,expanded,directed_movement_inference,farther,Target2,name_0,Maya,obj_cone,cone,num_11,feet,unit_ft,abbreviation,name_0__obj_cone__num_11__movement_description__farther__expanded,32,55,23,23,True,False,person_relative_to_object,closer_farther_same_distance,"Initially, Maya was 32 ft from a cone that remained stationary. From that starting position, Maya walked 23 ft directly away from the cone.",Maya is now closer to the cone than before.,Maya is now farther from the cone than before.,Maya is now at the same distance from the cone as before.,24,139,28,9,43,11,10,9,46,11,10,12,57,14,13,2804
name_0__obj_cone__num_11__unit_ft__orientation_control__unchanged__compact,1.2,closer_farther_initial_conditions,name_0__obj_cone__num_11__unit_ft__compact,orientation_control,name_0__obj_cone__num_11__unit_ft__orientation_control__unchanged,orientation_compact,compact,rotation_without_translation_inference,unchanged,Target3,name_0,Maya,obj_cone,cone,num_11,feet,unit_ft,abbreviation,name_0__obj_cone__num_11__orientation_control__unchanged__compact,32,32,0,0,True,False,person_relative_to_object,closer_farther_same_distance,"Maya, 32 ft from a stationary cone, turned around in place.",Maya is now closer to the cone than before.,Maya is now farther from the cone than before.,Maya is now at the same distance from the cone as before.,11,59,15,9,43,11,10,9,46,11,10,12,57,14,13,2805
name_0__obj_cone__num_11__unit_ft__orientation_control__unchanged,1.2,closer_farther_initial_conditions,name_0__obj_cone__num_11__unit_ft,orientation_control,name_0__obj_cone__num_11__unit_ft__orientation_control__unchanged,orientation_standard,standard,rotation_without_translation_inference,unchanged,Target3,name_0,Maya,obj_cone,cone,num_11,feet,unit_ft,abbreviation,name_0__obj_cone__num_11__orientation_control__unchanged,32,32,0,0,True,False,person_relative_to_object,closer_farther_same_distance,Maya was 32 ft from a stationary cone. Maya turned around without changing position.,Maya is now closer to the cone than before.,Maya is now farther from the cone than before.,Maya is now at the same distance from the cone as before.,14,84,17,9,43,11,10,9,46,11,10,12,57,14,13,2806
name_0__obj_cone__num_11__unit_ft__orientation_control__unchanged__expanded,1.2,closer_farther_initial_conditions,name_0__obj_cone__num_11__unit_ft__expanded,orientation_control,name_0__obj_cone__num_11__unit_ft__orientation_control__unchanged,orientation_expanded,expanded,rotation_without_translation_inference,unchanged,Target3,name_0,Maya,obj_cone,cone,num_11,feet,unit_ft,abbreviation,name_0__obj_cone__num_11__orientation_control__unchanged__expanded,32,32,0,0,True,False,person_relative_to_object,closer_farther_same_distance,"Initially, Maya was 32 ft from a cone that remained stationary. Maya then turned to face the opposite direction, keeping both feet in the same place.",Maya is now closer to the cone than before.,Maya is now farther from the cone than before.,Maya is now at the same distance from the cone as before.,26,149,30,9,43,11,10,9,46,11,10,12,57,14,13,2807
name_0__obj_cone__num_00__unit_inches__explicit_distance__closer__compact,1.2,closer_farther_initial_conditions,name_0__obj_cone__num_00__unit_inches__compact,explicit_distance,name_0__obj_cone__num_00__unit_inches__explicit_distance__closer,distance_compact,compact,explicit_distance_comparison,closer,Target1,name_0,Maya,obj_cone,cone,num_00,inches,unit_inches,word,name_0__obj_cone__num_00__explicit_distance__closer__compact,18,13,-5,5,True,False,person_relative_to_object,closer_farther_same_distance,"Maya's distance from the stationary cone: initially 18 inches, now 13 inches.",Maya is now closer to the cone than before.,Maya is now farther from the cone than before.,Maya is now at the same distance from the cone as before.,13,77,17,9,43,11,10,9,46,11,10,12,57,14,13,5184
name_0__obj_cone__num_00__unit_inches__explicit_distance__farther__compact,1.2,closer_farther_initial_conditions,name_0__obj_cone__num_00__unit_inches__compact,explicit_distance,name_0__obj_cone__num_00__unit_inches__explicit_distance__farther,distance_compact,compact,explicit_distance_comparison,farther,Target2,name_0,Maya,obj_cone,cone,num_00,inches,unit_inches,word,name_0__obj_cone__num_00__explicit_distance__farther__compact,18,23,5,5,True,False,person_relative_to_object,closer_farther_same_distance,"Maya's distance from the stationary cone: initially 18 inches, now 23 inches.",Maya is now closer to the cone than before.,Maya is now farther from the cone than before.,Maya is now at the same distance from the cone as before.,13,77,17,9,43,11,10,9,46,11,10,12,57,14,13,5185
name_0__obj_cone__num_00__unit_inches__explicit_distance__unchanged__compact,1.2,closer_farther_initial_conditions,name_0__obj_cone__num_00__unit_inches__compact,explicit_distance,name_0__obj_cone__num_00__unit_inches__explicit_distance__unchanged,distance_compact,compact,explicit_distance_comparison,unchanged,Target3,name_0,Maya,obj_cone,cone,num_00,inches,unit_inches,word,name_0__obj_cone__num_00__explicit_distance__unchanged__compact,18,18,0,0,True,False,person_relative_to_object,closer_farther_same_distance,"Maya's distance from the stationary cone: initially 18 inches, now 18 inches.",Maya is now closer to the cone than before.,Maya is now farther from the cone than before.,Maya is now at the same distance from the cone as before.,13,77,17,9,43,11,10,9,46,11,10,12,57,14,13,5186
name_0__obj_cone__num_00__unit_inches__explicit_distance__closer,1.2,closer_farther_initial_conditions,name_0__obj_cone__num_00__unit_inches,explicit_distance,name_0__obj_cone__num_00__unit_inches__explicit_distance__closer,distance_standard,standard,explicit_distance_comparison,closer,Target1,name_0,Maya,obj_cone,cone,num_00,inches,unit_inches,word,name_0__obj_cone__num_00__explicit_distance__closer,18,13,-5,5,True,False,person_relative_to_object,closer_farther_same_distance,Maya was 18 inches from a stationary cone. Maya is now 13 inches from the cone.,Maya is now closer to the cone than before.,Maya is now farther from the cone than before.,Maya is now at the same distance from the cone as before.,16,79,19,9,43,11,10,9,46,11,10,12,57,14,13,5187
name_0__obj_cone__num_00__unit_inches__explicit_distance__farther,1.2,closer_farther_initial_conditions,name_0__obj_cone__num_00__unit_inches,explicit_distance,name_0__obj_cone__num_00__unit_inches__explicit_distance__farther,distance_standard,standard,explicit_distance_comparison,farther,Target2,name_0,Maya,obj_cone,cone,num_00,inches,unit_inches,word,name_0__obj_cone__num_00__explicit_distance__farther,18,23,5,5,True,False,person_relative_to_object,closer_farther_same_distance,Maya was 18 inches from a stationary cone. Maya is now 23 inches from the cone.,Maya is now closer to the cone than before.,Maya is now farther from the cone than before.,Maya is now at the same distance from the cone as before.,16,79,19,9,43,11,10,9,46,11,10,12,57,14,13,5188
name_0__obj_cone__num_00__unit_inches__explicit_distance__unchanged,1.2,closer_farther_initial_conditions,name_0__obj_cone__num_00__unit_inches,explicit_distance,name_0__obj_cone__num_00__unit_inches__explicit_distance__unchanged,distance_standard,standard,explicit_distance_comparison,unchanged,Target3,name_0,Maya,obj_cone,cone,num_00,inches,unit_inches,word,name_0__obj_cone__num_00__explicit_distance__unchanged,18,18,0,0,True,False,person_relative_to_object,closer_farther_same_distance,Maya was 18 inches from a stationary cone. Maya is now 18 inches from the cone.,Maya is now closer to the cone than before.,Maya is now farther from the cone than before.,Maya is now at the same distance from the cone as before.,16,79,19,9,43,11,10,9,46,11,10,12,57,14,13,5189
name_0__obj_cone__num_00__unit_inches__explicit_distance__closer__expanded,1.2,closer_farther_initial_conditions,name_0__obj_cone__num_00__unit_inches__expanded,explicit_distance,name_0__obj_cone__num_00__unit_inches__explicit_distance__closer,distance_expanded,expanded,explicit_distance_comparison,closer,Target1,name_0,Maya,obj_cone,cone,num_00,inches,unit_inches,word,name_0__obj_cone__num_00__explicit_distance__closer__expanded,18,13,-5,5,True,False,person_relative_to_object,closer_farther_same_distance,"Initially, Maya was 18 inches from a cone that remained stationary. The distance between Maya and that cone is now 13 inches.",Maya is now closer to the cone than before.,Maya is now farther from the cone than before.,Maya is now at the same distance from the cone as before.,22,125,25,9,43,11,10,9,46,11,10,12,57,14,13,5190
name_0__obj_cone__num_00__unit_inches__explicit_distance__farther__expanded,1.2,closer_farther_initial_conditions,name_0__obj_cone__num_00__unit_inches__expanded,explicit_distance,name_0__obj_cone__num_00__unit_inches__explicit_distance__farther,distance_expanded,expanded,explicit_distance_comparison,farther,Target2,name_0,Maya,obj_cone,cone,num_00,inches,unit_inches,word,name_0__obj_cone__num_00__explicit_distance__farther__expanded,18,23,5,5,True,False,person_relative_to_object,closer_farther_same_distance,"Initially, Maya was 18 inches from a cone that remained stationary. The distance between Maya and that cone is now 23 inches.",Maya is now closer to the cone than before.,Maya is now farther from the cone than before.,Maya is now at the same distance from the cone as before.,22,125,25,9,43,11,10,9,46,11,10,12,57,14,13,5191
name_0__obj_cone__num_00__unit_inches__explicit_distance__unchanged__expanded,1.2,closer_farther_initial_conditions,name_0__obj_cone__num_00__unit_inches__expanded,explicit_distance,name_0__obj_cone__num_00__unit_inches__explicit_distance__unchanged,distance_expanded,expanded,explicit_distance_comparison,unchanged,Target3,name_0,Maya,obj_cone,cone,num_00,inches,unit_inches,word,name_0__obj_cone__num_00__explicit_distance__unchanged__expanded,18,18,0,0,True,False,person_relative_to_object,closer_farther_same_distance,"Initially, Maya was 18 inches from a cone that remained stationary. The distance between Maya and that cone is now 18 inches.",Maya is now closer to the cone than before.,Maya is now farther from the cone than before.,Maya is now at the same distance from the cone as before.,22,125,25,9,43,11,10,9,46,11,10,12,57,14,13,5192
name_0__obj_cone__num_00__unit_inches__movement_description__closer__compact,1.2,closer_farther_initial_conditions,name_0__obj_cone__num_00__unit_inches__compact,movement_description,name_0__obj_cone__num_00__unit_inches__movement_description__closer,movement_compact,compact,directed_movement_inference,closer,Target1,name_0,Maya,obj_cone,cone,num_00,inches,unit_inches,word,name_0__obj_cone__num_00__movement_description__closer__compact,18,13,-5,5,True,False,person_relative_to_object,closer_farther_same_distance,"Starting 18 inches from a stationary cone, Maya walked 5 inches directly toward it.",Maya is now closer to the cone than before.,Maya is now farther from the cone than before.,Maya is now at the same distance from the cone as before.,14,83,16,9,43,11,10,9,46,11,10,12,57,14,13,5193
name_0__obj_cone__num_00__unit_inches__movement_description__farther__compact,1.2,closer_farther_initial_conditions,name_0__obj_cone__num_00__unit_inches__compact,movement_description,name_0__obj_cone__num_00__unit_inches__movement_description__farther,movement_compact,compact,directed_movement_inference,farther,Target2,name_0,Maya,obj_cone,cone,num_00,inches,unit_inches,word,name_0__obj_cone__num_00__movement_description__farther__compact,18,23,5,5,True,False,person_relative_to_object,closer_farther_same_distance,"Starting 18 inches from a stationary cone, Maya walked 5 inches directly away from it.",Maya is now closer to the cone than before.,Maya is now farther from the cone than before.,Maya is now at the same distance from the cone as before.,15,86,17,9,43,11,10,9,46,11,10,12,57,14,13,5194
name_0__obj_cone__num_00__unit_inches__movement_description__closer,1.2,closer_farther_initial_conditions,name_0__obj_cone__num_00__unit_inches,movement_description,name_0__obj_cone__num_00__unit_inches__movement_description__closer,movement_standard,standard,directed_movement_inference,closer,Target1,name_0,Maya,obj_cone,cone,num_00,inches,unit_inches,word,name_0__obj_cone__num_00__movement_description__closer,18,13,-5,5,True,False,person_relative_to_object,closer_farther_same_distance,Maya was 18 inches from a stationary cone. Maya walked 5 inches directly toward the cone.,Maya is now closer to the cone than before.,Maya is now farther from the cone than before.,Maya is now at the same distance from the cone as before.,16,89,19,9,43,11,10,9,46,11,10,12,57,14,13,5195
name_0__obj_cone__num_00__unit_inches__movement_description__farther,1.2,closer_farther_initial_conditions,name_0__obj_cone__num_00__unit_inches,movement_description,name_0__obj_cone__num_00__unit_inches__movement_description__farther,movement_standard,standard,directed_movement_inference,farther,Target2,name_0,Maya,obj_cone,cone,num_00,inches,unit_inches,word,name_0__obj_cone__num_00__movement_description__farther,18,23,5,5,True,False,person_relative_to_object,closer_farther_same_distance,Maya was 18 inches from a stationary cone. Maya walked 5 inches directly away from the cone.,Maya is now closer to the cone than before.,Maya is now farther from the cone than before.,Maya is now at the same distance from the cone as before.,17,92,20,9,43,11,10,9,46,11,10,12,57,14,13,5196
name_0__obj_cone__num_00__unit_inches__movement_description__closer__expanded,1.2,closer_farther_initial_conditions,name_0__obj_cone__num_00__unit_inches__expanded,movement_description,name_0__obj_cone__num_00__unit_inches__movement_description__closer,movement_expanded,expanded,directed_movement_inference,closer,Target1,name_0,Maya,obj_cone,cone,num_00,inches,unit_inches,word,name_0__obj_cone__num_00__movement_description__closer__expanded,18,13,-5,5,True,False,person_relative_to_object,closer_farther_same_distance,"Initially, Maya was 18 inches from a cone that remained stationary. From that starting position, Maya walked 5 inches directly toward the cone.",Maya is now closer to the cone than before.,Maya is now farther from the cone than before.,Maya is now at the same distance from the cone as before.,23,143,27,9,43,11,10,9,46,11,10,12,57,14,13,5197
name_0__obj_cone__num_00__unit_inches__movement_description__farther__expanded,1.2,closer_farther_initial_conditions,name_0__obj_cone__num_00__unit_inches__expanded,movement_description,name_0__obj_cone__num_00__unit_inches__movement_description__farther,movement_expanded,expanded,directed_movement_inference,farther,Target2,name_0,Maya,obj_cone,cone,num_00,inches,unit_inches,word,name_0__obj_cone__num_00__movement_description__farther__expanded,18,23,5,5,True,False,person_relative_to_object,closer_farther_same_distance,"Initially, Maya was 18 inches from a cone that remained stationary. From that starting position, Maya walked 5 inches directly away from the cone.",Maya is now closer to the cone than before.,Maya is now farther from the cone than before.,Maya is now at the same distance from the cone as before.,24,146,28,9,43,11,10,9,46,11,10,12,57,14,13,5198
name_0__obj_cone__num_00__unit_inches__orientation_control__unchanged__compact,1.2,closer_farther_initial_conditions,name_0__obj_cone__num_00__unit_inches__compact,orientation_control,name_0__obj_cone__num_00__unit_inches__orientation_control__unchanged,orientation_compact,compact,rotation_without_translation_inference,unchanged,Target3,name_0,Maya,obj_cone,cone,num_00,inches,unit_inches,word,name_0__obj_cone__num_00__orientation_control__unchanged__compact,18,18,0,0,True,False,person_relative_to_object,closer_farther_same_distance,"Maya, 18 inches from a stationary cone, turned around in place.",Maya is now closer to the cone than before.,Maya is now farther from the cone than before.,Maya is now at the same distance from the cone as before.,11,63,15,9,43,11,10,9,46,11,10,12,57,14,13,5199
name_0__obj_cone__num_00__unit_inches__orientation_control__unchanged,1.2,closer_farther_initial_conditions,name_0__obj_cone__num_00__unit_inches,orientation_control,name_0__obj_cone__num_00__unit_inches__orientation_control__unchanged,orientation_standard,standard,rotation_without_translation_inference,unchanged,Target3,name_0,Maya,obj_cone,cone,num_00,inches,unit_inches,word,name_0__obj_cone__num_00__orientation_control__unchanged,18,18,0,0,True,False,person_relative_to_object,closer_farther_same_distance,Maya was 18 inches from a stationary cone. Maya turned around without changing position.,Maya is now closer to the cone than before.,Maya is now farther from the cone than before.,Maya is now at the same distance from the cone as before.,14,88,17,9,43,11,10,9,46,11,10,12,57,14,13,5200
name_0__obj_cone__num_00__unit_inches__orientation_control__unchanged__expanded,1.2,closer_farther_initial_conditions,name_0__obj_cone__num_00__unit_inches__expanded,orientation_control,name_0__obj_cone__num_00__unit_inches__orientation_control__unchanged,orientation_expanded,expanded,rotation_without_translation_inference,unchanged,Target3,name_0,Maya,obj_cone,cone,num_00,inches,unit_inches,word,name_0__obj_cone__num_00__orientation_control__unchanged__expanded,18,18,0,0,True,False,person_relative_to_object,closer_farther_same_distance,"Initially, Maya was 18 inches from a cone that remained stationary. Maya then turned to face the opposite direction, keeping both feet in the same place.",Maya is now closer to the cone than before.,Maya is now farther from the cone than before.,Maya is now at the same distance from the cone as before.,26,153,30,9,43,11,10,9,46,11,10,12,57,14,13,5201
name_0__obj_cone__num_01__unit_inches__explicit_distance__closer__compact,1.2,closer_farther_initial_conditions,name_0__obj_cone__num_01__unit_inches__compact,explicit_distance,name_0__obj_cone__num_01__unit_inches__explicit_distance__closer,distance_compact,compact,explicit_distance_comparison,closer,Target1,name_0,Maya,obj_cone,cone,num_01,inches,unit_inches,word,name_0__obj_cone__num_01__explicit_distance__closer__compact,85,73,-12,12,True,False,person_relative_to_object,closer_farther_same_distance,"Maya's distance from the stationary cone: initially 85 inches, now 73 inches.",Maya is now closer to the cone than before.,Maya is now farther from the cone than before.,Maya is now at the same distance from the cone as before.,13,77,17,9,43,11,10,9,46,11,10,12,57,14,13,5202
name_0__obj_cone__num_01__unit_inches__explicit_distance__farther__compact,1.2,closer_farther_initial_conditions,name_0__obj_cone__num_01__unit_inches__compact,explicit_distance,name_0__obj_cone__num_01__unit_inches__explicit_distance__farther,distance_compact,compact,explicit_distance_comparison,farther,Target2,name_0,Maya,obj_cone,cone,num_01,inches,unit_inches,word,name_0__obj_cone__num_01__explicit_distance__farther__compact,85,97,12,12,True,False,person_relative_to_object,closer_farther_same_distance,"Maya's distance from the stationary cone: initially 85 inches, now 97 inches.",Maya is now closer to the cone than before.,Maya is now farther from the cone than before.,Maya is now at the same distance from the cone as before.,13,77,17,9,43,11,10,9,46,11,10,12,57,14,13,5203
name_0__obj_cone__num_01__unit_inches__explicit_distance__unchanged__compact,1.2,closer_farther_initial_conditions,name_0__obj_cone__num_01__unit_inches__compact,explicit_distance,name_0__obj_cone__num_01__unit_inches__explicit_distance__unchanged,distance_compact,compact,explicit_distance_comparison,unchanged,Target3,name_0,Maya,obj_cone,cone,num_01,inches,unit_inches,word,name_0__obj_cone__num_01__explicit_distance__unchanged__compact,85,85,0,0,True,False,person_relative_to_object,closer_farther_same_distance,"Maya's distance from the stationary cone: initially 85 inches, now 85 inches.",Maya is now closer to the cone than before.,Maya is now farther from the cone than before.,Maya is now at the same distance from the cone as before.,13,77,17,9,43,11,10,9,46,11,10,12,57,14,13,5204
name_0__obj_cone__num_01__unit_inches__explicit_distance__closer,1.2,closer_farther_initial_conditions,name_0__obj_cone__num_01__unit_inches,explicit_distance,name_0__obj_cone__num_01__unit_inches__explicit_distance__closer,distance_standard,standard,explicit_distance_comparison,closer,Target1,name_0,Maya,obj_cone,cone,num_01,inches,unit_inches,word,name_0__obj_cone__num_01__explicit_distance__closer,85,73,-12,12,True,False,person_relative_to_object,closer_farther_same_distance,Maya was 85 inches from a stationary cone. Maya is now 73 inches from the cone.,Maya is now closer to the cone than before.,Maya is now farther from the cone than before.,Maya is now at the same distance from the cone as before.,16,79,19,9,43,11,10,9,46,11,10,12,57,14,13,5205
name_0__obj_cone__num_01__unit_inches__explicit_distance__farther,1.2,closer_farther_initial_conditions,name_0__obj_cone__num_01__unit_inches,explicit_distance,name_0__obj_cone__num_01__unit_inches__explicit_distance__farther,distance_standard,standard,explicit_distance_comparison,farther,Target2,name_0,Maya,obj_cone,cone,num_01,inches,unit_inches,word,name_0__obj_cone__num_01__explicit_distance__farther,85,97,12,12,True,False,person_relative_to_object,closer_farther_same_distance,Maya was 85 inches from a stationary cone. Maya is now 97 inches from the cone.,Maya is now closer to the cone than before.,Maya is now farther from the cone than before.,Maya is now at the same distance from the cone as before.,16,79,19,9,43,11,10,9,46,11,10,12,57,14,13,5206
name_0__obj_cone__num_01__unit_inches__explicit_distance__unchanged,1.2,closer_farther_initial_conditions,name_0__obj_cone__num_01__unit_inches,explicit_distance,name_0__obj_cone__num_01__unit_inches__explicit_distance__unchanged,distance_standard,standard,explicit_distance_comparison,unchanged,Target3,name_0,Maya,obj_cone,cone,num_01,inches,unit_inches,word,name_0__obj_cone__num_01__explicit_distance__unchanged,85,85,0,0,True,False,person_relative_to_object,closer_farther_same_distance,Maya was 85 inches from a stationary cone. Maya is now 85 inches from the cone.,Maya is now closer to the cone than before.,Maya is now farther from the cone than before.,Maya is now at the same distance from the cone as before.,16,79,19,9,43,11,10,9,46,11,10,12,57,14,13,5207
name_0__obj_cone__num_01__unit_inches__explicit_distance__closer__expanded,1.2,closer_farther_initial_conditions,name_0__obj_cone__num_01__unit_inches__expanded,explicit_distance,name_0__obj_cone__num_01__unit_inches__explicit_distance__closer,distance_expanded,expanded,explicit_distance_comparison,closer,Target1,name_0,Maya,obj_cone,cone,num_01,inches,unit_inches,word,name_0__obj_cone__num_01__explicit_distance__closer__expanded,85,73,-12,12,True,False,person_relative_to_object,closer_farther_same_distance,"Initially, Maya was 85 inches from a cone that remained stationary. The distance between Maya and that cone is now 73 inches.",Maya is now closer to the cone than before.,Maya is now farther from the cone than before.,Maya is now at the same distance from the cone as before.,22,125,25,9,43,11,10,9,46,11,10,12,57,14,13,5208
name_0__obj_cone__num_01__unit_inches__explicit_distance__farther__expanded,1.2,closer_farther_initial_conditions,name_0__obj_cone__num_01__unit_inches__expanded,explicit_distance,name_0__obj_cone__num_01__unit_inches__explicit_distance__farther,distance_expanded,expanded,explicit_distance_comparison,farther,Target2,name_0,Maya,obj_cone,cone,num_01,inches,unit_inches,word,name_0__obj_cone__num_01__explicit_distance__farther__expanded,85,97,12,12,True,False,person_relative_to_object,closer_farther_same_distance,"Initially, Maya was 85 inches from a cone that remained stationary. The distance between Maya and that cone is now 97 inches.",Maya is now closer to the cone than before.,Maya is now farther from the cone than before.,Maya is now at the same distance from the cone as before.,22,125,25,9,43,11,10,9,46,11,10,12,57,14,13,5209
name_0__obj_cone__num_01__unit_inches__explicit_distance__unchanged__expanded,1.2,closer_farther_initial_conditions,name_0__obj_cone__num_01__unit_inches__expanded,explicit_distance,name_0__obj_cone__num_01__unit_inches__explicit_distance__unchanged,distance_expanded,expanded,explicit_distance_comparison,unchanged,Target3,name_0,Maya,obj_cone,cone,num_01,inches,unit_inches,word,name_0__obj_cone__num_01__explicit_distance__unchanged__expanded,85,85,0,0,True,False,person_relative_to_object,closer_farther_same_distance,"Initially, Maya was 85 inches from a cone that remained stationary. The distance between Maya and that cone is now 85 inches.",Maya is now closer to the cone than before.,Maya is now farther from the cone than before.,Maya is now at the same distance from the cone as before.,22,125,25,9,43,11,10,9,46,11,10,12,57,14,13,5210
name_0__obj_cone__num_01__unit_inches__movement_description__closer__compact,1.2,closer_farther_initial_conditions,name_0__obj_cone__num_01__unit_inches__compact,movement_description,name_0__obj_cone__num_01__unit_inches__movement_description__closer,movement_compact,compact,directed_movement_inference,closer,Target1,name_0,Maya,obj_cone,cone,num_01,inches,unit_inches,word,name_0__obj_cone__num_01__movement_description__closer__compact,85,73,-12,12,True,False,person_relative_to_object,closer_farther_same_distance,"Starting 85 inches from a stationary cone, Maya walked 12 inches directly toward it.",Maya is now closer to the cone than before.,Maya is now farther from the cone than before.,Maya is now at the same distance from the cone as before.,14,84,16,9,43,11,10,9,46,11,10,12,57,14,13,5211
name_0__obj_cone__num_01__unit_inches__movement_description__farther__compact,1.2,closer_farther_initial_conditions,name_0__obj_cone__num_01__unit_inches__compact,movement_description,name_0__obj_cone__num_01__unit_inches__movement_description__farther,movement_compact,compact,directed_movement_inference,farther,Target2,name_0,Maya,obj_cone,cone,num_01,inches,unit_inches,word,name_0__obj_cone__num_01__movement_description__farther__compact,85,97,12,12,True,False,person_relative_to_object,closer_farther_same_distance,"Starting 85 inches from a stationary cone, Maya walked 12 inches directly away from it.",Maya is now closer to the cone than before.,Maya is now farther from the cone than before.,Maya is now at the same distance from the cone as before.,15,87,17,9,43,11,10,9,46,11,10,12,57,14,13,5212
name_0__obj_cone__num_01__unit_inches__movement_description__closer,1.2,closer_farther_initial_conditions,name_0__obj_cone__num_01__unit_inches,movement_description,name_0__obj_cone__num_01__unit_inches__movement_description__closer,movement_standard,standard,directed_movement_inference,closer,Target1,name_0,Maya,obj_cone,cone,num_01,inches,unit_inches,word,name_0__obj_cone__num_01__movement_description__closer,85,73,-12,12,True,False,person_relative_to_object,closer_farther_same_distance,Maya was 85 inches from a stationary cone. Maya walked 12 inches directly toward the cone.,Maya is now closer to the cone than before.,Maya is now farther from the cone than before.,Maya is now at the same distance from the cone as before.,16,90,19,9,43,11,10,9,46,11,10,12,57,14,13,5213
name_0__obj_cone__num_01__unit_inches__movement_description__farther,1.2,closer_farther_initial_conditions,name_0__obj_cone__num_01__unit_inches,movement_description,name_0__obj_cone__num_01__unit_inches__movement_description__farther,movement_standard,standard,directed_movement_inference,farther,Target2,name_0,Maya,obj_cone,cone,num_01,inches,unit_inches,word,name_0__obj_cone__num_01__movement_description__farther,85,97,12,12,True,False,person_relative_to_object,closer_farther_same_distance,Maya was 85 inches from a stationary cone. Maya walked 12 inches directly away from the cone.,Maya is now closer to the cone than before.,Maya is now farther from the cone than before.,Maya is now at the same distance from the cone as before.,17,93,20,9,43,11,10,9,46,11,10,12,57,14,13,5214
name_0__obj_cone__num_01__unit_inches__movement_description__closer__expanded,1.2,closer_farther_initial_conditions,name_0__obj_cone__num_01__unit_inches__expanded,movement_description,name_0__obj_cone__num_01__unit_inches__movement_description__closer,movement_expanded,expanded,directed_movement_inference,closer,Target1,name_0,Maya,obj_cone,cone,num_01,inches,unit_inches,word,name_0__obj_cone__num_01__movement_description__closer__expanded,85,73,-12,12,True,False,person_relative_to_object,closer_farther_same_distance,"Initially, Maya was 85 inches from a cone that remained stationary. From that starting position, Maya walked 12 inches directly toward the cone.",Maya is now closer to the cone than before.,Maya is now farther from the cone than before.,Maya is now at the same distance from the cone as before.,23,144,27,9,43,11,10,9,46,11,10,12,57,14,13,5215
name_0__obj_cone__num_01__unit_inches__movement_description__farther__expanded,1.2,closer_farther_initial_conditions,name_0__obj_cone__num_01__unit_inches__expanded,movement_description,name_0__obj_cone__num_01__unit_inches__movement_description__farther,movement_expanded,expanded,directed_movement_inference,farther,Target2,name_0,Maya,obj_cone,cone,num_01,inches,unit_inches,word,name_0__obj_cone__num_01__movement_description__farther__expanded,85,97,12,12,True,False,person_relative_to_object,closer_farther_same_distance,"Initially, Maya was 85 inches from a cone that remained stationary. From that starting position, Maya walked 12 inches directly away from the cone.",Maya is now closer to the cone than before.,Maya is now farther from the cone than before.,Maya is now at the same distance from the cone as before.,24,147,28,9,43,11,10,9,46,11,10,12,57,14,13,5216
name_0__obj_cone__num_01__unit_inches__orientation_control__unchanged__compact,1.2,closer_farther_initial_conditions,name_0__obj_cone__num_01__unit_inches__compact,orientation_control,name_0__obj_cone__num_01__unit_inches__orientation_control__unchanged,orientation_compact,compact,rotation_without_translation_inference,unchanged,Target3,name_0,Maya,obj_cone,cone,num_01,inches,unit_inches,word,name_0__obj_cone__num_01__orientation_control__unchanged__compact,85,85,0,0,True,False,person_relative_to_object,closer_farther_same_distance,"Maya, 85 inches from a stationary cone, turned around in place.",Maya is now closer to the cone than before.,Maya is now farther from the cone than before.,Maya is now at the same distance from the cone as before.,11,63,15,9,43,11,10,9,46,11,10,12,57,14,13,5217
name_0__obj_cone__num_01__unit_inches__orientation_control__unchanged,1.2,closer_farther_initial_conditions,name_0__obj_cone__num_01__unit_inches,orientation_control,name_0__obj_cone__num_01__unit_inches__orientation_control__unchanged,orientation_standard,standard,rotation_without_translation_inference,unchanged,Target3,name_0,Maya,obj_cone,cone,num_01,inches,unit_inches,word,name_0__obj_cone__num_01__orientation_control__unchanged,85,85,0,0,True,False,person_relative_to_object,closer_farther_same_distance,Maya was 85 inches from a stationary cone. Maya turned around without changing position.,Maya is now closer to the cone than before.,Maya is now farther from the cone than before.,Maya is now at the same distance from the cone as before.,14,88,17,9,43,11,10,9,46,11,10,12,57,14,13,5218
name_0__obj_cone__num_01__unit_inches__orientation_control__unchanged__expanded,1.2,closer_farther_initial_conditions,name_0__obj_cone__num_01__unit_inches__expanded,orientation_control,name_0__obj_cone__num_01__unit_inches__orientation_control__unchanged,orientation_expanded,expanded,rotation_without_translation_inference,unchanged,Target3,name_0,Maya,obj_cone,cone,num_01,inches,unit_inches,word,name_0__obj_cone__num_01__orientation_control__unchanged__expanded,85,85,0,0,True,False,person_relative_to_object,closer_farther_same_distance,"Initially, Maya was 85 inches from a cone that remained stationary. Maya then turned to face the opposite direction, keeping both feet in the same place.",Maya is now closer to the cone than before.,Maya is now farther from the cone than before.,Maya is now at the same distance from the cone as before.,26,153,30,9,43,11,10,9,46,11,10,12,57,14,13,5219
name_0__obj_cone__num_02__unit_inches__explicit_distance__closer__compact,1.2,closer_farther_initial_conditions,name_0__obj_cone__num_02__unit_inches__compact,explicit_distance,name_0__obj_cone__num_02__unit_inches__explicit_distance__closer,distance_compact,compact,explicit_distance_comparison,closer,Target1,name_0,Maya,obj_cone,cone,num_02,inches,unit_inches,word,name_0__obj_cone__num_02__explicit_distance__closer__compact,30,24,-6,6,True,False,person_relative_to_object,closer_farther_same_distance,"Maya's distance from the stationary cone: initially 30 inches, now 24 inches.",Maya is now closer to the cone than before.,Maya is now farther from the cone than before.,Maya is now at the same distance from the cone as before.,13,77,17,9,43,11,10,9,46,11,10,12,57,14,13,5220
name_0__obj_cone__num_02__unit_inches__explicit_distance__farther__compact,1.2,closer_farther_initial_conditions,name_0__obj_cone__num_02__unit_inches__compact,explicit_distance,name_0__obj_cone__num_02__unit_inches__explicit_distance__farther,distance_compact,compact,explicit_distance_comparison,farther,Target2,name_0,Maya,obj_cone,cone,num_02,inches,unit_inches,word,name_0__obj_cone__num_02__explicit_distance__farther__compact,30,36,6,6,True,False,person_relative_to_object,closer_farther_same_distance,"Maya's distance from the stationary cone: initially 30 inches, now 36 inches.",Maya is now closer to the cone than before.,Maya is now farther from the cone than before.,Maya is now at the same distance from the cone as before.,13,77,17,9,43,11,10,9,46,11,10,12,57,14,13,5221
name_0__obj_cone__num_02__unit_inches__explicit_distance__unchanged__compact,1.2,closer_farther_initial_conditions,name_0__obj_cone__num_02__unit_inches__compact,explicit_distance,name_0__obj_cone__num_02__unit_inches__explicit_distance__unchanged,distance_compact,compact,explicit_distance_comparison,unchanged,Target3,name_0,Maya,obj_cone,cone,num_02,inches,unit_inches,word,name_0__obj_cone__num_02__explicit_distance__unchanged__compact,30,30,0,0,True,False,person_relative_to_object,closer_farther_same_distance,"Maya's distance from the stationary cone: initially 30 inches, now 30 inches.",Maya is now closer to the cone than before.,Maya is now farther from the cone than before.,Maya is now at the same distance from the cone as before.,13,77,17,9,43,11,10,9,46,11,10,12,57,14,13,5222
name_0__obj_cone__num_02__unit_inches__explicit_distance__closer,1.2,closer_farther_initial_conditions,name_0__obj_cone__num_02__unit_inches,explicit_distance,name_0__obj_cone__num_02__unit_inches__explicit_distance__closer,distance_standard,standard,explicit_distance_comparison,closer,Target1,name_0,Maya,obj_cone,cone,num_02,inches,unit_inches,word,name_0__obj_cone__num_02__explicit_distance__closer,30,24,-6,6,True,False,person_relative_to_object,closer_farther_same_distance,Maya was 30 inches from a stationary cone. Maya is now 24 inches from the cone.,Maya is now closer to the cone than before.,Maya is now farther from the cone than before.,Maya is now at the same distance from the cone as before.,16,79,19,9,43,11,10,9,46,11,10,12,57,14,13,5223
name_0__obj_cone__num_02__unit_inches__explicit_distance__farther,1.2,closer_farther_initial_conditions,name_0__obj_cone__num_02__unit_inches,explicit_distance,name_0__obj_cone__num_02__unit_inches__explicit_distance__farther,distance_standard,standard,explicit_distance_comparison,farther,Target2,name_0,Maya,obj_cone,cone,num_02,inches,unit_inches,word,name_0__obj_cone__num_02__explicit_distance__farther,30,36,6,6,True,False,person_relative_to_object,closer_farther_same_distance,Maya was 30 inches from a stationary cone. Maya is now 36 inches from the cone.,Maya is now closer to the cone than before.,Maya is now farther from the cone than before.,Maya is now at the same distance from the cone as before.,16,79,19,9,43,11,10,9,46,11,10,12,57,14,13,5224
name_0__obj_cone__num_02__unit_inches__explicit_distance__unchanged,1.2,closer_farther_initial_conditions,name_0__obj_cone__num_02__unit_inches,explicit_distance,name_0__obj_cone__num_02__unit_inches__explicit_distance__unchanged,distance_standard,standard,explicit_distance_comparison,unchanged,Target3,name_0,Maya,obj_cone,cone,num_02,inches,unit_inches,word,name_0__obj_cone__num_02__explicit_distance__unchanged,30,30,0,0,True,False,person_relative_to_object,closer_farther_same_distance,Maya was 30 inches from a stationary cone. Maya is now 30 inches from the cone.,Maya is now closer to the cone than before.,Maya is now farther from the cone than before.,Maya is now at the same distance from the cone as before.,16,79,19,9,43,11,10,9,46,11,10,12,57,14,13,5225
name_0__obj_cone__num_02__unit_inches__explicit_distance__closer__expanded,1.2,closer_farther_initial_conditions,name_0__obj_cone__num_02__unit_inches__expanded,explicit_distance,name_0__obj_cone__num_02__unit_inches__explicit_distance__closer,distance_expanded,expanded,explicit_distance_comparison,closer,Target1,name_0,Maya,obj_cone,cone,num_02,inches,unit_inches,word,name_0__obj_cone__num_02__explicit_distance__closer__expanded,30,24,-6,6,True,False,person_relative_to_object,closer_farther_same_distance,"Initially, Maya was 30 inches from a cone that remained stationary. The distance between Maya and that cone is now 24 inches.",Maya is now closer to the cone than before.,Maya is now farther from the cone than before.,Maya is now at the same distance from the cone as before.,22,125,25,9,43,11,10,9,46,11,10,12,57,14,13,5226
name_0__obj_cone__num_02__unit_inches__explicit_distance__farther__expanded,1.2,closer_farther_initial_conditions,name_0__obj_cone__num_02__unit_inches__expanded,explicit_distance,name_0__obj_cone__num_02__unit_inches__explicit_distance__farther,distance_expanded,expanded,explicit_distance_comparison,farther,Target2,name_0,Maya,obj_cone,cone,num_02,inches,unit_inches,word,name_0__obj_cone__num_02__explicit_distance__farther__expanded,30,36,6,6,True,False,person_relative_to_object,closer_farther_same_distance,"Initially, Maya was 30 inches from a cone that remained stationary. The distance between Maya and that cone is now 36 inches.",Maya is now closer to the cone than before.,Maya is now farther from the cone than before.,Maya is now at the same distance from the cone as before.,22,125,25,9,43,11,10,9,46,11,10,12,57,14,13,5227
name_0__obj_cone__num_02__unit_inches__explicit_distance__unchanged__expanded,1.2,closer_farther_initial_conditions,name_0__obj_cone__num_02__unit_inches__expanded,explicit_distance,name_0__obj_cone__num_02__unit_inches__explicit_distance__unchanged,distance_expanded,expanded,explicit_distance_comparison,unchanged,Target3,name_0,Maya,obj_cone,cone,num_02,inches,unit_inches,word,name_0__obj_cone__num_02__explicit_distance__unchanged__expanded,30,30,0,0,True,False,person_relative_to_object,closer_farther_same_distance,"Initially, Maya was 30 inches from a cone that remained stationary. The distance between Maya and that cone is now 30 inches.",Maya is now closer to the cone than before.,Maya is now farther from the cone than before.,Maya is now at the same distance from the cone as before.,22,125,25,9,43,11,10,9,46,11,10,12,57,14,13,5228
name_0__obj_cone__num_02__unit_inches__movement_description__closer__compact,1.2,closer_farther_initial_conditions,name_0__obj_cone__num_02__unit_inches__compact,movement_description,name_0__obj_cone__num_02__unit_inches__movement_description__closer,movement_compact,compact,directed_movement_inference,closer,Target1,name_0,Maya,obj_cone,cone,num_02,inches,unit_inches,word,name_0__obj_cone__num_02__movement_description__closer__compact,30,24,-6,6,True,False,person_relative_to_object,closer_farther_same_distance,"Starting 30 inches from a stationary cone, Maya walked 6 inches directly toward it.",Maya is now closer to the cone than before.,Maya is now farther from the cone than before.,Maya is now at the same distance from the cone as before.,14,83,16,9,43,11,10,9,46,11,10,12,57,14,13,5229
name_0__obj_cone__num_02__unit_inches__movement_description__farther__compact,1.2,closer_farther_initial_conditions,name_0__obj_cone__num_02__unit_inches__compact,movement_description,name_0__obj_cone__num_02__unit_inches__movement_description__farther,movement_compact,compact,directed_movement_inference,farther,Target2,name_0,Maya,obj_cone,cone,num_02,inches,unit_inches,word,name_0__obj_cone__num_02__movement_description__farther__compact,30,36,6,6,True,False,person_relative_to_object,closer_farther_same_distance,"Starting 30 inches from a stationary cone, Maya walked 6 inches directly away from it.",Maya is now closer to the cone than before.,Maya is now farther from the cone than before.,Maya is now at the same distance from the cone as before.,15,86,17,9,43,11,10,9,46,11,10,12,57,14,13,5230
name_0__obj_cone__num_02__unit_inches__movement_description__closer,1.2,closer_farther_initial_conditions,name_0__obj_cone__num_02__unit_inches,movement_description,name_0__obj_cone__num_02__unit_inches__movement_description__closer,movement_standard,standard,directed_movement_inference,closer,Target1,name_0,Maya,obj_cone,cone,num_02,inches,unit_inches,word,name_0__obj_cone__num_02__movement_description__closer,30,24,-6,6,True,False,person_relative_to_object,closer_farther_same_distance,Maya was 30 inches from a stationary cone. Maya walked 6 inches directly toward the cone.,Maya is now closer to the cone than before.,Maya is now farther from the cone than before.,Maya is now at the same distance from the cone as before.,16,89,19,9,43,11,10,9,46,11,10,12,57,14,13,5231
name_0__obj_cone__num_02__unit_inches__movement_description__farther,1.2,closer_farther_initial_conditions,name_0__obj_cone__num_02__unit_inches,movement_description,name_0__obj_cone__num_02__unit_inches__movement_description__farther,movement_standard,standard,directed_movement_inference,farther,Target2,name_0,Maya,obj_cone,cone,num_02,inches,unit_inches,word,name_0__obj_cone__num_02__movement_description__farther,30,36,6,6,True,False,person_relative_to_object,closer_farther_same_distance,Maya was 30 inches from a stationary cone. Maya walked 6 inches directly away from the cone.,Maya is now closer to the cone than before.,Maya is now farther from the cone than before.,Maya is now at the same distance from the cone as before.,17,92,20,9,43,11,10,9,46,11,10,12,57,14,13,5232
name_0__obj_cone__num_02__unit_inches__movement_description__closer__expanded,1.2,closer_farther_initial_conditions,name_0__obj_cone__num_02__unit_inches__expanded,movement_description,name_0__obj_cone__num_02__unit_inches__movement_description__closer,movement_expanded,expanded,directed_movement_inference,closer,Target1,name_0,Maya,obj_cone,cone,num_02,inches,unit_inches,word,name_0__obj_cone__num_02__movement_description__closer__expanded,30,24,-6,6,True,False,person_relative_to_object,closer_farther_same_distance,"Initially, Maya was 30 inches from a cone that remained stationary. From that starting position, Maya walked 6 inches directly toward the cone.",Maya is now closer to the cone than before.,Maya is now farther from the cone than before.,Maya is now at the same distance from the cone as before.,23,143,27,9,43,11,10,9,46,11,10,12,57,14,13,5233
name_0__obj_cone__num_02__unit_inches__movement_description__farther__expanded,1.2,closer_farther_initial_conditions,name_0__obj_cone__num_02__unit_inches__expanded,movement_description,name_0__obj_cone__num_02__unit_inches__movement_description__farther,movement_expanded,expanded,directed_movement_inference,farther,Target2,name_0,Maya,obj_cone,cone,num_02,inches,unit_inches,word,name_0__obj_cone__num_02__movement_description__farther__expanded,30,36,6,6,True,False,person_relative_to_object,closer_farther_same_distance,"Initially, Maya was 30 inches from a cone that remained stationary. From that starting position, Maya walked 6 inches directly away from the cone.",Maya is now closer to the cone than before.,Maya is now farther from the cone than before.,Maya is now at the same distance from the cone as before.,24,146,28,9,43,11,10,9,46,11,10,12,57,14,13,5234
name_0__obj_cone__num_02__unit_inches__orientation_control__unchanged__compact,1.2,closer_farther_initial_conditions,name_0__obj_cone__num_02__unit_inches__compact,orientation_control,name_0__obj_cone__num_02__unit_inches__orientation_control__unchanged,orientation_compact,compact,rotation_without_translation_inference,unchanged,Target3,name_0,Maya,obj_cone,cone,num_02,inches,unit_inches,word,name_0__obj_cone__num_02__orientation_control__unchanged__compact,30,30,0,0,True,False,person_relative_to_object,closer_farther_same_distance,"Maya, 30 inches from a stationary cone, turned around in place.",Maya is now closer to the cone than before.,Maya is now farther from the cone than before.,Maya is now at the same distance from the cone as before.,11,63,15,9,43,11,10,9,46,11,10,12,57,14,13,5235
name_0__obj_cone__num_02__unit_inches__orientation_control__unchanged,1.2,closer_farther_initial_conditions,name_0__obj_cone__num_02__unit_inches,orientation_control,name_0__obj_cone__num_02__unit_inches__orientation_control__unchanged,orientation_standard,standard,rotation_without_translation_inference,unchanged,Target3,name_0,Maya,obj_cone,cone,num_02,inches,unit_inches,word,name_0__obj_cone__num_02__orientation_control__unchanged,30,30,0,0,True,False,person_relative_to_object,closer_farther_same_distance,Maya was 30 inches from a stationary cone. Maya turned around without changing position.,Maya is now closer to the cone than before.,Maya is now farther from the cone than before.,Maya is now at the same distance from the cone as before.,14,88,17,9,43,11,10,9,46,11,10,12,57,14,13,5236
name_0__obj_cone__num_02__unit_inches__orientation_control__unchanged__expanded,1.2,closer_farther_initial_conditions,name_0__obj_cone__num_02__unit_inches__expanded,orientation_control,name_0__obj_cone__num_02__unit_inches__orientation_control__unchanged,orientation_expanded,expanded,rotation_without_translation_inference,unchanged,Target3,name_0,Maya,obj_cone,cone,num_02,inches,unit_inches,word,name_0__obj_cone__num_02__orientation_control__unchanged__expanded,30,30,0,0,True,False,person_relative_to_object,closer_farther_same_distance,"Initially, Maya was 30 inches from a cone that remained stationary. Maya then turned to face the opposite direction, keeping both feet in the same place.",Maya is now closer to the cone than before.,Maya is now farther from the cone than before.,Maya is now at the same distance from the cone as before.,26,153,30,9,43,11,10,9,46,11,10,12,57,14,13,5237
name_0__obj_cone__num_03__unit_inches__explicit_distance__closer__compact,1.2,closer_farther_initial_conditions,name_0__obj_cone__num_03__unit_inches__compact,explicit_distance,name_0__obj_cone__num_03__unit_inches__explicit_distance__closer,distance_compact,compact,explicit_distance_comparison,closer,Target1,name_0,Maya,obj_cone,cone,num_03,inches,unit_inches,word,name_0__obj_cone__num_03__explicit_distance__closer__compact,35,31,-4,4,True,False,person_relative_to_object,closer_farther_same_distance,"Maya's distance from the stationary cone: initially 35 inches, now 31 inches.",Maya is now closer to the cone than before.,Maya is now farther from the cone than before.,Maya is now at the same distance from the cone as before.,13,77,17,9,43,11,10,9,46,11,10,12,57,14,13,5238
name_0__obj_cone__num_03__unit_inches__explicit_distance__farther__compact,1.2,closer_farther_initial_conditions,name_0__obj_cone__num_03__unit_inches__compact,explicit_distance,name_0__obj_cone__num_03__unit_inches__explicit_distance__farther,distance_compact,compact,explicit_distance_comparison,farther,Target2,name_0,Maya,obj_cone,cone,num_03,inches,unit_inches,word,name_0__obj_cone__num_03__explicit_distance__farther__compact,35,39,4,4,True,False,person_relative_to_object,closer_farther_same_distance,"Maya's distance from the stationary cone: initially 35 inches, now 39 inches.",Maya is now closer to the cone than before.,Maya is now farther from the cone than before.,Maya is now at the same distance from the cone as before.,13,77,17,9,43,11,10,9,46,11,10,12,57,14,13,5239
name_0__obj_cone__num_03__unit_inches__explicit_distance__unchanged__compact,1.2,closer_farther_initial_conditions,name_0__obj_cone__num_03__unit_inches__compact,explicit_distance,name_0__obj_cone__num_03__unit_inches__explicit_distance__unchanged,distance_compact,compact,explicit_distance_comparison,unchanged,Target3,name_0,Maya,obj_cone,cone,num_03,inches,unit_inches,word,name_0__obj_cone__num_03__explicit_distance__unchanged__compact,35,35,0,0,True,False,person_relative_to_object,closer_farther_same_distance,"Maya's distance from the stationary cone: initially 35 inches, now 35 inches.",Maya is now closer to the cone than before.,Maya is now farther from the cone than before.,Maya is now at the same distance from the cone as before.,13,77,17,9,43,11,10,9,46,11,10,12,57,14,13,5240
name_0__obj_cone__num_03__unit_inches__explicit_distance__closer,1.2,closer_farther_initial_conditions,name_0__obj_cone__num_03__unit_inches,explicit_distance,name_0__obj_cone__num_03__unit_inches__explicit_distance__closer,distance_standard,standard,explicit_distance_comparison,closer,Target1,name_0,Maya,obj_cone,cone,num_03,inches,unit_inches,word,name_0__obj_cone__num_03__explicit_distance__closer,35,31,-4,4,True,False,person_relative_to_object,closer_farther_same_distance,Maya was 35 inches from a stationary cone. Maya is now 31 inches from the cone.,Maya is now closer to the cone than before.,Maya is now farther from the cone than before.,Maya is now at the same distance from the cone as before.,16,79,19,9,43,11,10,9,46,11,10,12,57,14,13,5241
name_0__obj_cone__num_03__unit_inches__explicit_distance__farther,1.2,closer_farther_initial_conditions,name_0__obj_cone__num_03__unit_inches,explicit_distance,name_0__obj_cone__num_03__unit_inches__explicit_distance__farther,distance_standard,standard,explicit_distance_comparison,farther,Target2,name_0,Maya,obj_cone,cone,num_03,inches,unit_inches,word,name_0__obj_cone__num_03__explicit_distance__farther,35,39,4,4,True,False,person_relative_to_object,closer_farther_same_distance,Maya was 35 inches from a stationary cone. Maya is now 39 inches from the cone.,Maya is now closer to the cone than before.,Maya is now farther from the cone than before.,Maya is now at the same distance from the cone as before.,16,79,19,9,43,11,10,9,46,11,10,12,57,14,13,5242
name_0__obj_cone__num_03__unit_inches__explicit_distance__unchanged,1.2,closer_farther_initial_conditions,name_0__obj_cone__num_03__unit_inches,explicit_distance,name_0__obj_cone__num_03__unit_inches__explicit_distance__unchanged,distance_standard,standard,explicit_distance_comparison,unchanged,Target3,name_0,Maya,obj_cone,cone,num_03,inches,unit_inches,word,name_0__obj_cone__num_03__explicit_distance__unchanged,35,35,0,0,True,False,person_relative_to_object,closer_farther_same_distance,Maya was 35 inches from a stationary cone. Maya is now 35 inches from the cone.,Maya is now closer to the cone than before.,Maya is now farther from the cone than before.,Maya is now at the same distance from the cone as before.,16,79,19,9,43,11,10,9,46,11,10,12,57,14,13,5243
name_0__obj_cone__num_03__unit_inches__explicit_distance__closer__expanded,1.2,closer_farther_initial_conditions,name_0__obj_cone__num_03__unit_inches__expanded,explicit_distance,name_0__obj_cone__num_03__unit_inches__explicit_distance__closer,distance_expanded,expanded,explicit_distance_comparison,closer,Target1,name_0,Maya,obj_cone,cone,num_03,inches,unit_inches,word,name_0__obj_cone__num_03__explicit_distance__closer__expanded,35,31,-4,4,True,False,person_relative_to_object,closer_farther_same_distance,"Initially, Maya was 35 inches from a cone that remained stationary. The distance between Maya and that cone is now 31 inches.",Maya is now closer to the cone than before.,Maya is now farther from the cone than before.,Maya is now at the same distance from the cone as before.,22,125,25,9,43,11,10,9,46,11,10,12,57,14,13,5244
name_0__obj_cone__num_03__unit_inches__explicit_distance__farther__expanded,1.2,closer_farther_initial_conditions,name_0__obj_cone__num_03__unit_inches__expanded,explicit_distance,name_0__obj_cone__num_03__unit_inches__explicit_distance__farther,distance_expanded,expanded,explicit_distance_comparison,farther,Target2,name_0,Maya,obj_cone,cone,num_03,inches,unit_inches,word,name_0__obj_cone__num_03__explicit_distance__farther__expanded,35,39,4,4,True,False,person_relative_to_object,closer_farther_same_distance,"Initially, Maya was 35 inches from a cone that remained stationary. The distance between Maya and that cone is now 39 inches.",Maya is now closer to the cone than before.,Maya is now farther from the cone than before.,Maya is now at the same distance from the cone as before.,22,125,25,9,43,11,10,9,46,11,10,12,57,14,13,5245
name_0__obj_cone__num_03__unit_inches__explicit_distance__unchanged__expanded,1.2,closer_farther_initial_conditions,name_0__obj_cone__num_03__unit_inches__expanded,explicit_distance,name_0__obj_cone__num_03__unit_inches__explicit_distance__unchanged,distance_expanded,expanded,explicit_distance_comparison,unchanged,Target3,name_0,Maya,obj_cone,cone,num_03,inches,unit_inches,word,name_0__obj_cone__num_03__explicit_distance__unchanged__expanded,35,35,0,0,True,False,person_relative_to_object,closer_farther_same_distance,"Initially, Maya was 35 inches from a cone that remained stationary. The distance between Maya and that cone is now 35 inches.",Maya is now closer to the cone than before.,Maya is now farther from the cone than before.,Maya is now at the same distance from the cone as before.,22,125,25,9,43,11,10,9,46,11,10,12,57,14,13,5246
name_0__obj_cone__num_03__unit_inches__movement_description__closer__compact,1.2,closer_farther_initial_conditions,name_0__obj_cone__num_03__unit_inches__compact,movement_description,name_0__obj_cone__num_03__unit_inches__movement_description__closer,movement_compact,compact,directed_movement_inference,closer,Target1,name_0,Maya,obj_cone,cone,num_03,inches,unit_inches,word,name_0__obj_cone__num_03__movement_description__closer__compact,35,31,-4,4,True,False,person_relative_to_object,closer_farther_same_distance,"Starting 35 inches from a stationary cone, Maya walked 4 inches directly toward it.",Maya is now closer to the cone than before.,Maya is now farther from the cone than before.,Maya is now at the same distance from the cone as before.,14,83,16,9,43,11,10,9,46,11,10,12,57,14,13,5247
name_0__obj_cone__num_03__unit_inches__movement_description__farther__compact,1.2,closer_farther_initial_conditions,name_0__obj_cone__num_03__unit_inches__compact,movement_description,name_0__obj_cone__num_03__unit_inches__movement_description__farther,movement_compact,compact,directed_movement_inference,farther,Target2,name_0,Maya,obj_cone,cone,num_03,inches,unit_inches,word,name_0__obj_cone__num_03__movement_description__farther__compact,35,39,4,4,True,False,person_relative_to_object,closer_farther_same_distance,"Starting 35 inches from a stationary cone, Maya walked 4 inches directly away from it.",Maya is now closer to the cone than before.,Maya is now farther from the cone than before.,Maya is now at the same distance from the cone as before.,15,86,17,9,43,11,10,9,46,11,10,12,57,14,13,5248
name_0__obj_cone__num_03__unit_inches__movement_description__closer,1.2,closer_farther_initial_conditions,name_0__obj_cone__num_03__unit_inches,movement_description,name_0__obj_cone__num_03__unit_inches__movement_description__closer,movement_standard,standard,directed_movement_inference,closer,Target1,name_0,Maya,obj_cone,cone,num_03,inches,unit_inches,word,name_0__obj_cone__num_03__movement_description__closer,35,31,-4,4,True,False,person_relative_to_object,closer_farther_same_distance,Maya was 35 inches from a stationary cone. Maya walked 4 inches directly toward the cone.,Maya is now closer to the cone than before.,Maya is now farther from the cone than before.,Maya is now at the same distance from the cone as before.,16,89,19,9,43,11,10,9,46,11,10,12,57,14,13,5249
name_0__obj_cone__num_03__unit_inches__movement_description__farther,1.2,closer_farther_initial_conditions,name_0__obj_cone__num_03__unit_inches,movement_description,name_0__obj_cone__num_03__unit_inches__movement_description__farther,movement_standard,standard,directed_movement_inference,farther,Target2,name_0,Maya,obj_cone,cone,num_03,inches,unit_inches,word,name_0__obj_cone__num_03__movement_description__farther,35,39,4,4,True,False,person_relative_to_object,closer_farther_same_distance,Maya was 35 inches from a stationary cone. Maya walked 4 inches directly away from the cone.,Maya is now closer to the cone than before.,Maya is now farther from the cone than before.,Maya is now at the same distance from the cone as before.,17,92,20,9,43,11,10,9,46,11,10,12,57,14,13,5250
name_0__obj_cone__num_03__unit_inches__movement_description__closer__expanded,1.2,closer_farther_initial_conditions,name_0__obj_cone__num_03__unit_inches__expanded,movement_description,name_0__obj_cone__num_03__unit_inches__movement_description__closer,movement_expanded,expanded,directed_movement_inference,closer,Target1,name_0,Maya,obj_cone,cone,num_03,inches,unit_inches,word,name_0__obj_cone__num_03__movement_description__closer__expanded,35,31,-4,4,True,False,person_relative_to_object,closer_farther_same_distance,"Initially, Maya was 35 inches from a cone that remained stationary. From that starting position, Maya walked 4 inches directly toward the cone.",Maya is now closer to the cone than before.,Maya is now farther from the cone than before.,Maya is now at the same distance from the cone as before.,23,143,27,9,43,11,10,9,46,11,10,12,57,14,13,5251
name_0__obj_cone__num_03__unit_inches__movement_description__farther__expanded,1.2,closer_farther_initial_conditions,name_0__obj_cone__num_03__unit_inches__expanded,movement_description,name_0__obj_cone__num_03__unit_inches__movement_description__farther,movement_expanded,expanded,directed_movement_inference,farther,Target2,name_0,Maya,obj_cone,cone,num_03,inches,unit_inches,word,name_0__obj_cone__num_03__movement_description__farther__expanded,35,39,4,4,True,False,person_relative_to_object,closer_farther_same_distance,"Initially, Maya was 35 inches from a cone that remained stationary. From that starting position, Maya walked 4 inches directly away from the cone.",Maya is now closer to the cone than before.,Maya is now farther from the cone than before.,Maya is now at the same distance from the cone as before.,24,146,28,9,43,11,10,9,46,11,10,12,57,14,13,5252
name_0__obj_cone__num_03__unit_inches__orientation_control__unchanged__compact,1.2,closer_farther_initial_conditions,name_0__obj_cone__num_03__unit_inches__compact,orientation_control,name_0__obj_cone__num_03__unit_inches__orientation_control__unchanged,orientation_compact,compact,rotation_without_translation_inference,unchanged,Target3,name_0,Maya,obj_cone,cone,num_03,inches,unit_inches,word,name_0__obj_cone__num_03__orientation_control__unchanged__compact,35,35,0,0,True,False,person_relative_to_object,closer_farther_same_distance,"Maya, 35 inches from a stationary cone, turned around in place.",Maya is now closer to the cone than before.,Maya is now farther from the cone than before.,Maya is now at the same distance from the cone as before.,11,63,15,9,43,11,10,9,46,11,10,12,57,14,13,5253
name_0__obj_cone__num_03__unit_inches__orientation_control__unchanged,1.2,closer_farther_initial_conditions,name_0__obj_cone__num_03__unit_inches,orientation_control,name_0__obj_cone__num_03__unit_inches__orientation_control__unchanged,orientation_standard,standard,rotation_without_translation_inference,unchanged,Target3,name_0,Maya,obj_cone,cone,num_03,inches,unit_inches,word,name_0__obj_cone__num_03__orientation_control__unchanged,35,35,0,0,True,False,person_relative_to_object,closer_farther_same_distance,Maya was 35 inches from a stationary cone. Maya turned around without changing position.,Maya is now closer to the cone than before.,Maya is now farther from the cone than before.,Maya is now at the same distance from the cone as before.,14,88,17,9,43,11,10,9,46,11,10,12,57,14,13,5254
name_0__obj_cone__num_03__unit_inches__orientation_control__unchanged__expanded,1.2,closer_farther_initial_conditions,name_0__obj_cone__num_03__unit_inches__expanded,orientation_control,name_0__obj_cone__num_03__unit_inches__orientation_control__unchanged,orientation_expanded,expanded,rotation_without_translation_inference,unchanged,Target3,name_0,Maya,obj_cone,cone,num_03,inches,unit_inches,word,name_0__obj_cone__num_03__orientation_control__unchanged__expanded,35,35,0,0,True,False,person_relative_to_object,closer_farther_same_distance,"Initially, Maya was 35 inches from a cone that remained stationary. Maya then turned to face the opposite direction, keeping both feet in the same place.",Maya is now closer to the cone than before.,Maya is now farther from the cone than before.,Maya is now at the same distance from the cone as before.,26,153,30,9,43,11,10,9,46,11,10,12,57,14,13,5255
name_0__obj_cone__num_04__unit_inches__explicit_distance__closer__compact,1.2,closer_farther_initial_conditions,name_0__obj_cone__num_04__unit_inches__compact,explicit_distance,name_0__obj_cone__num_04__unit_inches__explicit_distance__closer,distance_compact,compact,explicit_distance_comparison,closer,Target1,name_0,Maya,obj_cone,cone,num_04,inches,unit_inches,word,name_0__obj_cone__num_04__explicit_distance__closer__compact,53,21,-32,32,True,False,person_relative_to_object,closer_farther_same_distance,"Maya's distance from the stationary cone: initially 53 inches, now 21 inches.",Maya is now closer to the cone than before.,Maya is now farther from the cone than before.,Maya is now at the same distance from the cone as before.,13,77,17,9,43,11,10,9,46,11,10,12,57,14,13,5256
name_0__obj_cone__num_04__unit_inches__explicit_distance__farther__compact,1.2,closer_farther_initial_conditions,name_0__obj_cone__num_04__unit_inches__compact,explicit_distance,name_0__obj_cone__num_04__unit_inches__explicit_distance__farther,distance_compact,compact,explicit_distance_comparison,farther,Target2,name_0,Maya,obj_cone,cone,num_04,inches,unit_inches,word,name_0__obj_cone__num_04__explicit_distance__farther__compact,53,85,32,32,True,False,person_relative_to_object,closer_farther_same_distance,"Maya's distance from the stationary cone: initially 53 inches, now 85 inches.",Maya is now closer to the cone than before.,Maya is now farther from the cone than before.,Maya is now at the same distance from the cone as before.,13,77,17,9,43,11,10,9,46,11,10,12,57,14,13,5257
name_0__obj_cone__num_04__unit_inches__explicit_distance__unchanged__compact,1.2,closer_farther_initial_conditions,name_0__obj_cone__num_04__unit_inches__compact,explicit_distance,name_0__obj_cone__num_04__unit_inches__explicit_distance__unchanged,distance_compact,compact,explicit_distance_comparison,unchanged,Target3,name_0,Maya,obj_cone,cone,num_04,inches,unit_inches,word,name_0__obj_cone__num_04__explicit_distance__unchanged__compact,53,53,0,0,True,False,person_relative_to_object,closer_farther_same_distance,"Maya's distance from the stationary cone: initially 53 inches, now 53 inches.",Maya is now closer to the cone than before.,Maya is now farther from the cone than before.,Maya is now at the same distance from the cone as before.,13,77,17,9,43,11,10,9,46,11,10,12,57,14,13,5258
name_0__obj_cone__num_04__unit_inches__explicit_distance__closer,1.2,closer_farther_initial_conditions,name_0__obj_cone__num_04__unit_inches,explicit_distance,name_0__obj_cone__num_04__unit_inches__explicit_distance__closer,distance_standard,standard,explicit_distance_comparison,closer,Target1,name_0,Maya,obj_cone,cone,num_04,inches,unit_inches,word,name_0__obj_cone__num_04__explicit_distance__closer,53,21,-32,32,True,False,person_relative_to_object,closer_farther_same_distance,Maya was 53 inches from a stationary cone. Maya is now 21 inches from the cone.,Maya is now closer to the cone than before.,Maya is now farther from the cone than before.,Maya is now at the same distance from the cone as before.,16,79,19,9,43,11,10,9,46,11,10,12,57,14,13,5259
name_0__obj_cone__num_04__unit_inches__explicit_distance__farther,1.2,closer_farther_initial_conditions,name_0__obj_cone__num_04__unit_inches,explicit_distance,name_0__obj_cone__num_04__unit_inches__explicit_distance__farther,distance_standard,standard,explicit_distance_comparison,farther,Target2,name_0,Maya,obj_cone,cone,num_04,inches,unit_inches,word,name_0__obj_cone__num_04__explicit_distance__farther,53,85,32,32,True,False,person_relative_to_object,closer_farther_same_distance,Maya was 53 inches from a stationary cone. Maya is now 85 inches from the cone.,Maya is now closer to the cone than before.,Maya is now farther from the cone than before.,Maya is now at the same distance from the cone as before.,16,79,19,9,43,11,10,9,46,11,10,12,57,14,13,5260
name_0__obj_cone__num_04__unit_inches__explicit_distance__unchanged,1.2,closer_farther_initial_conditions,name_0__obj_cone__num_04__unit_inches,explicit_distance,name_0__obj_cone__num_04__unit_inches__explicit_distance__unchanged,distance_standard,standard,explicit_distance_comparison,unchanged,Target3,name_0,Maya,obj_cone,cone,num_04,inches,unit_inches,word,name_0__obj_cone__num_04__explicit_distance__unchanged,53,53,0,0,True,False,person_relative_to_object,closer_farther_same_distance,Maya was 53 inches from a stationary cone. Maya is now 53 inches from the cone.,Maya is now closer to the cone than before.,Maya is now farther from the cone than before.,Maya is now at the same distance from the cone as before.,16,79,19,9,43,11,10,9,46,11,10,12,57,14,13,5261
name_0__obj_cone__num_04__unit_inches__explicit_distance__closer__expanded,1.2,closer_farther_initial_conditions,name_0__obj_cone__num_04__unit_inches__expanded,explicit_distance,name_0__obj_cone__num_04__unit_inches__explicit_distance__closer,distance_expanded,expanded,explicit_distance_comparison,closer,Target1,name_0,Maya,obj_cone,cone,num_04,inches,unit_inches,word,name_0__obj_cone__num_04__explicit_distance__closer__expanded,53,21,-32,32,True,False,person_relative_to_object,closer_farther_same_distance,"Initially, Maya was 53 inches from a cone that remained stationary. The distance between Maya and that cone is now 21 inches.",Maya is now closer to the cone than before.,Maya is now farther from the cone than before.,Maya is now at the same distance from the cone as before.,22,125,25,9,43,11,10,9,46,11,10,12,57,14,13,5262
name_0__obj_cone__num_04__unit_inches__explicit_distance__farther__expanded,1.2,closer_farther_initial_conditions,name_0__obj_cone__num_04__unit_inches__expanded,explicit_distance,name_0__obj_cone__num_04__unit_inches__explicit_distance__farther,distance_expanded,expanded,explicit_distance_comparison,farther,Target2,name_0,Maya,obj_cone,cone,num_04,inches,unit_inches,word,name_0__obj_cone__num_04__explicit_distance__farther__expanded,53,85,32,32,True,False,person_relative_to_object,closer_farther_same_distance,"Initially, Maya was 53 inches from a cone that remained stationary. The distance between Maya and that cone is now 85 inches.",Maya is now closer to the cone than before.,Maya is now farther from the cone than before.,Maya is now at the same distance from the cone as before.,22,125,25,9,43,11,10,9,46,11,10,12,57,14,13,5263
name_0__obj_cone__num_04__unit_inches__explicit_distance__unchanged__expanded,1.2,closer_farther_initial_conditions,name_0__obj_cone__num_04__unit_inches__expanded,explicit_distance,name_0__obj_cone__num_04__unit_inches__explicit_distance__unchanged,distance_expanded,expanded,explicit_distance_comparison,unchanged,Target3,name_0,Maya,obj_cone,cone,num_04,inches,unit_inches,word,name_0__obj_cone__num_04__explicit_distance__unchanged__expanded,53,53,0,0,True,False,person_relative_to_object,closer_farther_same_distance,"Initially, Maya was 53 inches from a cone that remained stationary. The distance between Maya and that cone is now 53 inches.",Maya is now closer to the cone than before.,Maya is now farther from the cone than before.,Maya is now at the same distance from the cone as before.,22,125,25,9,43,11,10,9,46,11,10,12,57,14,13,5264
name_0__obj_cone__num_04__unit_inches__movement_description__closer__compact,1.2,closer_farther_initial_conditions,name_0__obj_cone__num_04__unit_inches__compact,movement_description,name_0__obj_cone__num_04__unit_inches__movement_description__closer,movement_compact,compact,directed_movement_inference,closer,Target1,name_0,Maya,obj_cone,cone,num_04,inches,unit_inches,word,name_0__obj_cone__num_04__movement_description__closer__compact,53,21,-32,32,True,False,person_relative_to_object,closer_farther_same_distance,"Starting 53 inches from a stationary cone, Maya walked 32 inches directly toward it.",Maya is now closer to the cone than before.,Maya is now farther from the cone than before.,Maya is now at the same distance from the cone as before.,14,84,16,9,43,11,10,9,46,11,10,12,57,14,13,5265
name_0__obj_cone__num_04__unit_inches__movement_description__farther__compact,1.2,closer_farther_initial_conditions,name_0__obj_cone__num_04__unit_inches__compact,movement_description,name_0__obj_cone__num_04__unit_inches__movement_description__farther,movement_compact,compact,directed_movement_inference,farther,Target2,name_0,Maya,obj_cone,cone,num_04,inches,unit_inches,word,name_0__obj_cone__num_04__movement_description__farther__compact,53,85,32,32,True,False,person_relative_to_object,closer_farther_same_distance,"Starting 53 inches from a stationary cone, Maya walked 32 inches directly away from it.",Maya is now closer to the cone than before.,Maya is now farther from the cone than before.,Maya is now at the same distance from the cone as before.,15,87,17,9,43,11,10,9,46,11,10,12,57,14,13,5266
name_0__obj_cone__num_04__unit_inches__movement_description__closer,1.2,closer_farther_initial_conditions,name_0__obj_cone__num_04__unit_inches,movement_description,name_0__obj_cone__num_04__unit_inches__movement_description__closer,movement_standard,standard,directed_movement_inference,closer,Target1,name_0,Maya,obj_cone,cone,num_04,inches,unit_inches,word,name_0__obj_cone__num_04__movement_description__closer,53,21,-32,32,True,False,person_relative_to_object,closer_farther_same_distance,Maya was 53 inches from a stationary cone. Maya walked 32 inches directly toward the cone.,Maya is now closer to the cone than before.,Maya is now farther from the cone than before.,Maya is now at the same distance from the cone as before.,16,90,19,9,43,11,10,9,46,11,10,12,57,14,13,5267
name_0__obj_cone__num_04__unit_inches__movement_description__farther,1.2,closer_farther_initial_conditions,name_0__obj_cone__num_04__unit_inches,movement_description,name_0__obj_cone__num_04__unit_inches__movement_description__farther,movement_standard,standard,directed_movement_inference,farther,Target2,name_0,Maya,obj_cone,cone,num_04,inches,unit_inches,word,name_0__obj_cone__num_04__movement_description__farther,53,85,32,32,True,False,person_relative_to_object,closer_farther_same_distance,Maya was 53 inches from a stationary cone. Maya walked 32 inches directly away from the cone.,Maya is now closer to the cone than before.,Maya is now farther from the cone than before.,Maya is now at the same distance from the cone as before.,17,93,20,9,43,11,10,9,46,11,10,12,57,14,13,5268
name_0__obj_cone__num_04__unit_inches__movement_description__closer__expanded,1.2,closer_farther_initial_conditions,name_0__obj_cone__num_04__unit_inches__expanded,movement_description,name_0__obj_cone__num_04__unit_inches__movement_description__closer,movement_expanded,expanded,directed_movement_inference,closer,Target1,name_0,Maya,obj_cone,cone,num_04,inches,unit_inches,word,name_0__obj_cone__num_04__movement_description__closer__expanded,53,21,-32,32,True,False,person_relative_to_object,closer_farther_same_distance,"Initially, Maya was 53 inches from a cone that remained stationary. From that starting position, Maya walked 32 inches directly toward the cone.",Maya is now closer to the cone than before.,Maya is now farther from the cone than before.,Maya is now at the same distance from the cone as before.,23,144,27,9,43,11,10,9,46,11,10,12,57,14,13,5269
name_0__obj_cone__num_04__unit_inches__movement_description__farther__expanded,1.2,closer_farther_initial_conditions,name_0__obj_cone__num_04__unit_inches__expanded,movement_description,name_0__obj_cone__num_04__unit_inches__movement_description__farther,movement_expanded,expanded,directed_movement_inference,farther,Target2,name_0,Maya,obj_cone,cone,num_04,inches,unit_inches,word,name_0__obj_cone__num_04__movement_description__farther__expanded,53,85,32,32,True,False,person_relative_to_object,closer_farther_same_distance,"Initially, Maya was 53 inches from a cone that remained stationary. From that starting position, Maya walked 32 inches directly away from the cone.",Maya is now closer to the cone than before.,Maya is now farther from the cone than before.,Maya is now at the same distance from the cone as before.,24,147,28,9,43,11,10,9,46,11,10,12,57,14,13,5270
name_0__obj_cone__num_04__unit_inches__orientation_control__unchanged__compact,1.2,closer_farther_initial_conditions,name_0__obj_cone__num_04__unit_inches__compact,orientation_control,name_0__obj_cone__num_04__unit_inches__orientation_control__unchanged,orientation_compact,compact,rotation_without_translation_inference,unchanged,Target3,name_0,Maya,obj_cone,cone,num_04,inches,unit_inches,word,name_0__obj_cone__num_04__orientation_control__unchanged__compact,53,53,0,0,True,False,person_relative_to_object,closer_farther_same_distance,"Maya, 53 inches from a stationary cone, turned around in place.",Maya is now closer to the cone than before.,Maya is now farther from the cone than before.,Maya is now at the same distance from the cone as before.,11,63,15,9,43,11,10,9,46,11,10,12,57,14,13,5271
name_0__obj_cone__num_04__unit_inches__orientation_control__unchanged,1.2,closer_farther_initial_conditions,name_0__obj_cone__num_04__unit_inches,orientation_control,name_0__obj_cone__num_04__unit_inches__orientation_control__unchanged,orientation_standard,standard,rotation_without_translation_inference,unchanged,Target3,name_0,Maya,obj_cone,cone,num_04,inches,unit_inches,word,name_0__obj_cone__num_04__orientation_control__unchanged,53,53,0,0,True,False,person_relative_to_object,closer_farther_same_distance,Maya was 53 inches from a stationary cone. Maya turned around without changing position.,Maya is now closer to the cone than before.,Maya is now farther from the cone than before.,Maya is now at the same distance from the cone as before.,14,88,17,9,43,11,10,9,46,11,10,12,57,14,13,5272
name_0__obj_cone__num_04__unit_inches__orientation_control__unchanged__expanded,1.2,closer_farther_initial_conditions,name_0__obj_cone__num_04__unit_inches__expanded,orientation_control,name_0__obj_cone__num_04__unit_inches__orientation_control__unchanged,orientation_expanded,expanded,rotation_without_translation_inference,unchanged,Target3,name_0,Maya,obj_cone,cone,num_04,inches,unit_inches,word,name_0__obj_cone__num_04__orientation_control__unchanged__expanded,53,53,0,0,True,False,person_relative_to_object,closer_farther_same_distance,"Initially, Maya was 53 inches from a cone that remained stationary. Maya then turned to face the opposite direction, keeping both feet in the same place.",Maya is now closer to the cone than before.,Maya is now farther from the cone than before.,Maya is now at the same distance from the cone as before.,26,153,30,9,43,11,10,9,46,11,10,12,57,14,13,5273
name_0__obj_cone__num_05__unit_inches__explicit_distance__closer__compact,1.2,closer_farther_initial_conditions,name_0__obj_cone__num_05__unit_inches__compact,explicit_distance,name_0__obj_cone__num_05__unit_inches__explicit_distance__closer,distance_compact,compact,explicit_distance_comparison,closer,Target1,name_0,Maya,obj_cone,cone,num_05,inches,unit_inches,word,name_0__obj_cone__num_05__explicit_distance__closer__compact,54,22,-32,32,True,False,person_relative_to_object,closer_farther_same_distance,"Maya's distance from the stationary cone: initially 54 inches, now 22 inches.",Maya is now closer to the cone than before.,Maya is now farther from the cone than before.,Maya is now at the same distance from the cone as before.,13,77,17,9,43,11,10,9,46,11,10,12,57,14,13,5274
name_0__obj_cone__num_05__unit_inches__explicit_distance__farther__compact,1.2,closer_farther_initial_conditions,name_0__obj_cone__num_05__unit_inches__compact,explicit_distance,name_0__obj_cone__num_05__unit_inches__explicit_distance__farther,distance_compact,compact,explicit_distance_comparison,farther,Target2,name_0,Maya,obj_cone,cone,num_05,inches,unit_inches,word,name_0__obj_cone__num_05__explicit_distance__farther__compact,54,86,32,32,True,False,person_relative_to_object,closer_farther_same_distance,"Maya's distance from the stationary cone: initially 54 inches, now 86 inches.",Maya is now closer to the cone than before.,Maya is now farther from the cone than before.,Maya is now at the same distance from the cone as before.,13,77,17,9,43,11,10,9,46,11,10,12,57,14,13,5275
name_0__obj_cone__num_05__unit_inches__explicit_distance__unchanged__compact,1.2,closer_farther_initial_conditions,name_0__obj_cone__num_05__unit_inches__compact,explicit_distance,name_0__obj_cone__num_05__unit_inches__explicit_distance__unchanged,distance_compact,compact,explicit_distance_comparison,unchanged,Target3,name_0,Maya,obj_cone,cone,num_05,inches,unit_inches,word,name_0__obj_cone__num_05__explicit_distance__unchanged__compact,54,54,0,0,True,False,person_relative_to_object,closer_farther_same_distance,"Maya's distance from the stationary cone: initially 54 inches, now 54 inches.",Maya is now closer to the cone than before.,Maya is now farther from the cone than before.,Maya is now at the same distance from the cone as before.,13,77,17,9,43,11,10,9,46,11,10,12,57,14,13,5276
name_0__obj_cone__num_05__unit_inches__explicit_distance__closer,1.2,closer_farther_initial_conditions,name_0__obj_cone__num_05__unit_inches,explicit_distance,name_0__obj_cone__num_05__unit_inches__explicit_distance__closer,distance_standard,standard,explicit_distance_comparison,closer,Target1,name_0,Maya,obj_cone,cone,num_05,inches,unit_inches,word,name_0__obj_cone__num_05__explicit_distance__closer,54,22,-32,32,True,False,person_relative_to_object,closer_farther_same_distance,Maya was 54 inches from a stationary cone. Maya is now 22 inches from the cone.,Maya is now closer to the cone than before.,Maya is now farther from the cone than before.,Maya is now at the same distance from the cone as before.,16,79,19,9,43,11,10,9,46,11,10,12,57,14,13,5277
name_0__obj_cone__num_05__unit_inches__explicit_distance__farther,1.2,closer_farther_initial_conditions,name_0__obj_cone__num_05__unit_inches,explicit_distance,name_0__obj_cone__num_05__unit_inches__explicit_distance__farther,distance_standard,standard,explicit_distance_comparison,farther,Target2,name_0,Maya,obj_cone,cone,num_05,inches,unit_inches,word,name_0__obj_cone__num_05__explicit_distance__farther,54,86,32,32,True,False,person_relative_to_object,closer_farther_same_distance,Maya was 54 inches from a stationary cone. Maya is now 86 inches from the cone.,Maya is now closer to the cone than before.,Maya is now farther from the cone than before.,Maya is now at the same distance from the cone as before.,16,79,19,9,43,11,10,9,46,11,10,12,57,14,13,5278
name_0__obj_cone__num_05__unit_inches__explicit_distance__unchanged,1.2,closer_farther_initial_conditions,name_0__obj_cone__num_05__unit_inches,explicit_distance,name_0__obj_cone__num_05__unit_inches__explicit_distance__unchanged,distance_standard,standard,explicit_distance_comparison,unchanged,Target3,name_0,Maya,obj_cone,cone,num_05,inches,unit_inches,word,name_0__obj_cone__num_05__explicit_distance__unchanged,54,54,0,0,True,False,person_relative_to_object,closer_farther_same_distance,Maya was 54 inches from a stationary cone. Maya is now 54 inches from the cone.,Maya is now closer to the cone than before.,Maya is now farther from the cone than before.,Maya is now at the same distance from the cone as before.,16,79,19,9,43,11,10,9,46,11,10,12,57,14,13,5279
name_0__obj_cone__num_05__unit_inches__explicit_distance__closer__expanded,1.2,closer_farther_initial_conditions,name_0__obj_cone__num_05__unit_inches__expanded,explicit_distance,name_0__obj_cone__num_05__unit_inches__explicit_distance__closer,distance_expanded,expanded,explicit_distance_comparison,closer,Target1,name_0,Maya,obj_cone,cone,num_05,inches,unit_inches,word,name_0__obj_cone__num_05__explicit_distance__closer__expanded,54,22,-32,32,True,False,person_relative_to_object,closer_farther_same_distance,"Initially, Maya was 54 inches from a cone that remained stationary. The distance between Maya and that cone is now 22 inches.",Maya is now closer to the cone than before.,Maya is now farther from the cone than before.,Maya is now at the same distance from the cone as before.,22,125,25,9,43,11,10,9,46,11,10,12,57,14,13,5280
name_0__obj_cone__num_05__unit_inches__explicit_distance__farther__expanded,1.2,closer_farther_initial_conditions,name_0__obj_cone__num_05__unit_inches__expanded,explicit_distance,name_0__obj_cone__num_05__unit_inches__explicit_distance__farther,distance_expanded,expanded,explicit_distance_comparison,farther,Target2,name_0,Maya,obj_cone,cone,num_05,inches,unit_inches,word,name_0__obj_cone__num_05__explicit_distance__farther__expanded,54,86,32,32,True,False,person_relative_to_object,closer_farther_same_distance,"Initially, Maya was 54 inches from a cone that remained stationary. The distance between Maya and that cone is now 86 inches.",Maya is now closer to the cone than before.,Maya is now farther from the cone than before.,Maya is now at the same distance from the cone as before.,22,125,25,9,43,11,10,9,46,11,10,12,57,14,13,5281
name_0__obj_cone__num_05__unit_inches__explicit_distance__unchanged__expanded,1.2,closer_farther_initial_conditions,name_0__obj_cone__num_05__unit_inches__expanded,explicit_distance,name_0__obj_cone__num_05__unit_inches__explicit_distance__unchanged,distance_expanded,expanded,explicit_distance_comparison,unchanged,Target3,name_0,Maya,obj_cone,cone,num_05,inches,unit_inches,word,name_0__obj_cone__num_05__explicit_distance__unchanged__expanded,54,54,0,0,True,False,person_relative_to_object,closer_farther_same_distance,"Initially, Maya was 54 inches from a cone that remained stationary. The distance between Maya and that cone is now 54 inches.",Maya is now closer to the cone than before.,Maya is now farther from the cone than before.,Maya is now at the same distance from the cone as before.,22,125,25,9,43,11,10,9,46,11,10,12,57,14,13,5282
name_0__obj_cone__num_05__unit_inches__movement_description__closer__compact,1.2,closer_farther_initial_conditions,name_0__obj_cone__num_05__unit_inches__compact,movement_description,name_0__obj_cone__num_05__unit_inches__movement_description__closer,movement_compact,compact,directed_movement_inference,closer,Target1,name_0,Maya,obj_cone,cone,num_05,inches,unit_inches,word,name_0__obj_cone__num_05__movement_description__closer__compact,54,22,-32,32,True,False,person_relative_to_object,closer_farther_same_distance,"Starting 54 inches from a stationary cone, Maya walked 32 inches directly toward it.",Maya is now closer to the cone than before.,Maya is now farther from the cone than before.,Maya is now at the same distance from the cone as before.,14,84,16,9,43,11,10,9,46,11,10,12,57,14,13,5283
name_0__obj_cone__num_05__unit_inches__movement_description__farther__compact,1.2,closer_farther_initial_conditions,name_0__obj_cone__num_05__unit_inches__compact,movement_description,name_0__obj_cone__num_05__unit_inches__movement_description__farther,movement_compact,compact,directed_movement_inference,farther,Target2,name_0,Maya,obj_cone,cone,num_05,inches,unit_inches,word,name_0__obj_cone__num_05__movement_description__farther__compact,54,86,32,32,True,False,person_relative_to_object,closer_farther_same_distance,"Starting 54 inches from a stationary cone, Maya walked 32 inches directly away from it.",Maya is now closer to the cone than before.,Maya is now farther from the cone than before.,Maya is now at the same distance from the cone as before.,15,87,17,9,43,11,10,9,46,11,10,12,57,14,13,5284
name_0__obj_cone__num_05__unit_inches__movement_description__closer,1.2,closer_farther_initial_conditions,name_0__obj_cone__num_05__unit_inches,movement_description,name_0__obj_cone__num_05__unit_inches__movement_description__closer,movement_standard,standard,directed_movement_inference,closer,Target1,name_0,Maya,obj_cone,cone,num_05,inches,unit_inches,word,name_0__obj_cone__num_05__movement_description__closer,54,22,-32,32,True,False,person_relative_to_object,closer_farther_same_distance,Maya was 54 inches from a stationary cone. Maya walked 32 inches directly toward the cone.,Maya is now closer to the cone than before.,Maya is now farther from the cone than before.,Maya is now at the same distance from the cone as before.,16,90,19,9,43,11,10,9,46,11,10,12,57,14,13,5285
name_0__obj_cone__num_05__unit_inches__movement_description__farther,1.2,closer_farther_initial_conditions,name_0__obj_cone__num_05__unit_inches,movement_description,name_0__obj_cone__num_05__unit_inches__movement_description__farther,movement_standard,standard,directed_movement_inference,farther,Target2,name_0,Maya,obj_cone,cone,num_05,inches,unit_inches,word,name_0__obj_cone__num_05__movement_description__farther,54,86,32,32,True,False,person_relative_to_object,closer_farther_same_distance,Maya was 54 inches from a stationary cone. Maya walked 32 inches directly away from the cone.,Maya is now closer to the cone than before.,Maya is now farther from the cone than before.,Maya is now at the same distance from the cone as before.,17,93,20,9,43,11,10,9,46,11,10,12,57,14,13,5286
name_0__obj_cone__num_05__unit_inches__movement_description__closer__expanded,1.2,closer_farther_initial_conditions,name_0__obj_cone__num_05__unit_inches__expanded,movement_description,name_0__obj_cone__num_05__unit_inches__movement_description__closer,movement_expanded,expanded,directed_movement_inference,closer,Target1,name_0,Maya,obj_cone,cone,num_05,inches,unit_inches,word,name_0__obj_cone__num_05__movement_description__closer__expanded,54,22,-32,32,True,False,person_relative_to_object,closer_farther_same_distance,"Initially, Maya was 54 inches from a cone that remained stationary. From that starting position, Maya walked 32 inches directly toward the cone.",Maya is now closer to the cone than before.,Maya is now farther from the cone than before.,Maya is now at the same distance from the cone as before.,23,144,27,9,43,11,10,9,46,11,10,12,57,14,13,5287
name_0__obj_cone__num_05__unit_inches__movement_description__farther__expanded,1.2,closer_farther_initial_conditions,name_0__obj_cone__num_05__unit_inches__expanded,movement_description,name_0__obj_cone__num_05__unit_inches__movement_description__farther,movement_expanded,expanded,directed_movement_inference,farther,Target2,name_0,Maya,obj_cone,cone,num_05,inches,unit_inches,word,name_0__obj_cone__num_05__movement_description__farther__expanded,54,86,32,32,True,False,person_relative_to_object,closer_farther_same_distance,"Initially, Maya was 54 inches from a cone that remained stationary. From that starting position, Maya walked 32 inches directly away from the cone.",Maya is now closer to the cone than before.,Maya is now farther from the cone than before.,Maya is now at the same distance from the cone as before.,24,147,28,9,43,11,10,9,46,11,10,12,57,14,13,5288
name_0__obj_cone__num_05__unit_inches__orientation_control__unchanged__compact,1.2,closer_farther_initial_conditions,name_0__obj_cone__num_05__unit_inches__compact,orientation_control,name_0__obj_cone__num_05__unit_inches__orientation_control__unchanged,orientation_compact,compact,rotation_without_translation_inference,unchanged,Target3,name_0,Maya,obj_cone,cone,num_05,inches,unit_inches,word,name_0__obj_cone__num_05__orientation_control__unchanged__compact,54,54,0,0,True,False,person_relative_to_object,closer_farther_same_distance,"Maya, 54 inches from a stationary cone, turned around in place.",Maya is now closer to the cone than before.,Maya is now farther from the cone than before.,Maya is now at the same distance from the cone as before.,11,63,15,9,43,11,10,9,46,11,10,12,57,14,13,5289
name_0__obj_cone__num_05__unit_inches__orientation_control__unchanged,1.2,closer_farther_initial_conditions,name_0__obj_cone__num_05__unit_inches,orientation_control,name_0__obj_cone__num_05__unit_inches__orientation_control__unchanged,orientation_standard,standard,rotation_without_translation_inference,unchanged,Target3,name_0,Maya,obj_cone,cone,num_05,inches,unit_inches,word,name_0__obj_cone__num_05__orientation_control__unchanged,54,54,0,0,True,False,person_relative_to_object,closer_farther_same_distance,Maya was 54 inches from a stationary cone. Maya turned around without changing position.,Maya is now closer to the cone than before.,Maya is now farther from the cone than before.,Maya is now at the same distance from the cone as before.,14,88,17,9,43,11,10,9,46,11,10,12,57,14,13,5290
name_0__obj_cone__num_05__unit_inches__orientation_control__unchanged__expanded,1.2,closer_farther_initial_conditions,name_0__obj_cone__num_05__unit_inches__expanded,orientation_control,name_0__obj_cone__num_05__unit_inches__orientation_control__unchanged,orientation_expanded,expanded,rotation_without_translation_inference,unchanged,Target3,name_0,Maya,obj_cone,cone,num_05,inches,unit_inches,word,name_0__obj_cone__num_05__orientation_control__unchanged__expanded,54,54,0,0,True,False,person_relative_to_object,closer_farther_same_distance,"Initially, Maya was 54 inches from a cone that remained stationary. Maya then turned to face the opposite direction, keeping both feet in the same place.",Maya is now closer to the cone than before.,Maya is now farther from the cone than before.,Maya is now at the same distance from the cone as before.,26,153,30,9,43,11,10,9,46,11,10,12,57,14,13,5291
name_0__obj_cone__num_06__unit_inches__explicit_distance__closer__compact,1.2,closer_farther_initial_conditions,name_0__obj_cone__num_06__unit_inches__compact,explicit_distance,name_0__obj_cone__num_06__unit_inches__explicit_distance__closer,distance_compact,compact,explicit_distance_comparison,closer,Target1,name_0,Maya,obj_cone,cone,num_06,inches,unit_inches,word,name_0__obj_cone__num_06__explicit_distance__closer__compact,59,49,-10,10,True,False,person_relative_to_object,closer_farther_same_distance,"Maya's distance from the stationary cone: initially 59 inches, now 49 inches.",Maya is now closer to the cone than before.,Maya is now farther from the cone than before.,Maya is now at the same distance from the cone as before.,13,77,17,9,43,11,10,9,46,11,10,12,57,14,13,5292
name_0__obj_cone__num_06__unit_inches__explicit_distance__farther__compact,1.2,closer_farther_initial_conditions,name_0__obj_cone__num_06__unit_inches__compact,explicit_distance,name_0__obj_cone__num_06__unit_inches__explicit_distance__farther,distance_compact,compact,explicit_distance_comparison,farther,Target2,name_0,Maya,obj_cone,cone,num_06,inches,unit_inches,word,name_0__obj_cone__num_06__explicit_distance__farther__compact,59,69,10,10,True,False,person_relative_to_object,closer_farther_same_distance,"Maya's distance from the stationary cone: initially 59 inches, now 69 inches.",Maya is now closer to the cone than before.,Maya is now farther from the cone than before.,Maya is now at the same distance from the cone as before.,13,77,17,9,43,11,10,9,46,11,10,12,57,14,13,5293
name_0__obj_cone__num_06__unit_inches__explicit_distance__unchanged__compact,1.2,closer_farther_initial_conditions,name_0__obj_cone__num_06__unit_inches__compact,explicit_distance,name_0__obj_cone__num_06__unit_inches__explicit_distance__unchanged,distance_compact,compact,explicit_distance_comparison,unchanged,Target3,name_0,Maya,obj_cone,cone,num_06,inches,unit_inches,word,name_0__obj_cone__num_06__explicit_distance__unchanged__compact,59,59,0,0,True,False,person_relative_to_object,closer_farther_same_distance,"Maya's distance from the stationary cone: initially 59 inches, now 59 inches.",Maya is now closer to the cone than before.,Maya is now farther from the cone than before.,Maya is now at the same distance from the cone as before.,13,77,17,9,43,11,10,9,46,11,10,12,57,14,13,5294
name_0__obj_cone__num_06__unit_inches__explicit_distance__closer,1.2,closer_farther_initial_conditions,name_0__obj_cone__num_06__unit_inches,explicit_distance,name_0__obj_cone__num_06__unit_inches__explicit_distance__closer,distance_standard,standard,explicit_distance_comparison,closer,Target1,name_0,Maya,obj_cone,cone,num_06,inches,unit_inches,word,name_0__obj_cone__num_06__explicit_distance__closer,59,49,-10,10,True,False,person_relative_to_object,closer_farther_same_distance,Maya was 59 inches from a stationary cone. Maya is now 49 inches from the cone.,Maya is now closer to the cone than before.,Maya is now farther from the cone than before.,Maya is now at the same distance from the cone as before.,16,79,19,9,43,11,10,9,46,11,10,12,57,14,13,5295
name_0__obj_cone__num_06__unit_inches__explicit_distance__farther,1.2,closer_farther_initial_conditions,name_0__obj_cone__num_06__unit_inches,explicit_distance,name_0__obj_cone__num_06__unit_inches__explicit_distance__farther,distance_standard,standard,explicit_distance_comparison,farther,Target2,name_0,Maya,obj_cone,cone,num_06,inches,unit_inches,word,name_0__obj_cone__num_06__explicit_distance__farther,59,69,10,10,True,False,person_relative_to_object,closer_farther_same_distance,Maya was 59 inches from a stationary cone. Maya is now 69 inches from the cone.,Maya is now closer to the cone than before.,Maya is now farther from the cone than before.,Maya is now at the same distance from the cone as before.,16,79,19,9,43,11,10,9,46,11,10,12,57,14,13,5296
name_0__obj_cone__num_06__unit_inches__explicit_distance__unchanged,1.2,closer_farther_initial_conditions,name_0__obj_cone__num_06__unit_inches,explicit_distance,name_0__obj_cone__num_06__unit_inches__explicit_distance__unchanged,distance_standard,standard,explicit_distance_comparison,unchanged,Target3,name_0,Maya,obj_cone,cone,num_06,inches,unit_inches,word,name_0__obj_cone__num_06__explicit_distance__unchanged,59,59,0,0,True,False,person_relative_to_object,closer_farther_same_distance,Maya was 59 inches from a stationary cone. Maya is now 59 inches from the cone.,Maya is now closer to the cone than before.,Maya is now farther from the cone than before.,Maya is now at the same distance from the cone as before.,16,79,19,9,43,11,10,9,46,11,10,12,57,14,13,5297
name_0__obj_cone__num_06__unit_inches__explicit_distance__closer__expanded,1.2,closer_farther_initial_conditions,name_0__obj_cone__num_06__unit_inches__expanded,explicit_distance,name_0__obj_cone__num_06__unit_inches__explicit_distance__closer,distance_expanded,expanded,explicit_distance_comparison,closer,Target1,name_0,Maya,obj_cone,cone,num_06,inches,unit_inches,word,name_0__obj_cone__num_06__explicit_distance__closer__expanded,59,49,-10,10,True,False,person_relative_to_object,closer_farther_same_distance,"Initially, Maya was 59 inches from a cone that remained stationary. The distance between Maya and that cone is now 49 inches.",Maya is now closer to the cone than before.,Maya is now farther from the cone than before.,Maya is now at the same distance from the cone as before.,22,125,25,9,43,11,10,9,46,11,10,12,57,14,13,5298
name_0__obj_cone__num_06__unit_inches__explicit_distance__farther__expanded,1.2,closer_farther_initial_conditions,name_0__obj_cone__num_06__unit_inches__expanded,explicit_distance,name_0__obj_cone__num_06__unit_inches__explicit_distance__farther,distance_expanded,expanded,explicit_distance_comparison,farther,Target2,name_0,Maya,obj_cone,cone,num_06,inches,unit_inches,word,name_0__obj_cone__num_06__explicit_distance__farther__expanded,59,69,10,10,True,False,person_relative_to_object,closer_farther_same_distance,"Initially, Maya was 59 inches from a cone that remained stationary. The distance between Maya and that cone is now 69 inches.",Maya is now closer to the cone than before.,Maya is now farther from the cone than before.,Maya is now at the same distance from the cone as before.,22,125,25,9,43,11,10,9,46,11,10,12,57,14,13,5299
name_0__obj_cone__num_06__unit_inches__explicit_distance__unchanged__expanded,1.2,closer_farther_initial_conditions,name_0__obj_cone__num_06__unit_inches__expanded,explicit_distance,name_0__obj_cone__num_06__unit_inches__explicit_distance__unchanged,distance_expanded,expanded,explicit_distance_comparison,unchanged,Target3,name_0,Maya,obj_cone,cone,num_06,inches,unit_inches,word,name_0__obj_cone__num_06__explicit_distance__unchanged__expanded,59,59,0,0,True,False,person_relative_to_object,closer_farther_same_distance,"Initially, Maya was 59 inches from a cone that remained stationary. The distance between Maya and that cone is now 59 inches.",Maya is now closer to the cone than before.,Maya is now farther from the cone than before.,Maya is now at the same distance from the cone as before.,22,125,25,9,43,11,10,9,46,11,10,12,57,14,13,5300
name_0__obj_cone__num_06__unit_inches__movement_description__closer__compact,1.2,closer_farther_initial_conditions,name_0__obj_cone__num_06__unit_inches__compact,movement_description,name_0__obj_cone__num_06__unit_inches__movement_description__closer,movement_compact,compact,directed_movement_inference,closer,Target1,name_0,Maya,obj_cone,cone,num_06,inches,unit_inches,word,name_0__obj_cone__num_06__movement_description__closer__compact,59,49,-10,10,True,False,person_relative_to_object,closer_farther_same_distance,"Starting 59 inches from a stationary cone, Maya walked 10 inches directly toward it.",Maya is now closer to the cone than before.,Maya is now farther from the cone than before.,Maya is now at the same distance from the cone as before.,14,84,16,9,43,11,10,9,46,11,10,12,57,14,13,5301
name_0__obj_cone__num_06__unit_inches__movement_description__farther__compact,1.2,closer_farther_initial_conditions,name_0__obj_cone__num_06__unit_inches__compact,movement_description,name_0__obj_cone__num_06__unit_inches__movement_description__farther,movement_compact,compact,directed_movement_inference,farther,Target2,name_0,Maya,obj_cone,cone,num_06,inches,unit_inches,word,name_0__obj_cone__num_06__movement_description__farther__compact,59,69,10,10,True,False,person_relative_to_object,closer_farther_same_distance,"Starting 59 inches from a stationary cone, Maya walked 10 inches directly away from it.",Maya is now closer to the cone than before.,Maya is now farther from the cone than before.,Maya is now at the same distance from the cone as before.,15,87,17,9,43,11,10,9,46,11,10,12,57,14,13,5302
name_0__obj_cone__num_06__unit_inches__movement_description__closer,1.2,closer_farther_initial_conditions,name_0__obj_cone__num_06__unit_inches,movement_description,name_0__obj_cone__num_06__unit_inches__movement_description__closer,movement_standard,standard,directed_movement_inference,closer,Target1,name_0,Maya,obj_cone,cone,num_06,inches,unit_inches,word,name_0__obj_cone__num_06__movement_description__closer,59,49,-10,10,True,False,person_relative_to_object,closer_farther_same_distance,Maya was 59 inches from a stationary cone. Maya walked 10 inches directly toward the cone.,Maya is now closer to the cone than before.,Maya is now farther from the cone than before.,Maya is now at the same distance from the cone as before.,16,90,19,9,43,11,10,9,46,11,10,12,57,14,13,5303
name_0__obj_cone__num_06__unit_inches__movement_description__farther,1.2,closer_farther_initial_conditions,name_0__obj_cone__num_06__unit_inches,movement_description,name_0__obj_cone__num_06__unit_inches__movement_description__farther,movement_standard,standard,directed_movement_inference,farther,Target2,name_0,Maya,obj_cone,cone,num_06,inches,unit_inches,word,name_0__obj_cone__num_06__movement_description__farther,59,69,10,10,True,False,person_relative_to_object,closer_farther_same_distance,Maya was 59 inches from a stationary cone. Maya walked 10 inches directly away from the cone.,Maya is now closer to the cone than before.,Maya is now farther from the cone than before.,Maya is now at the same distance from the cone as before.,17,93,20,9,43,11,10,9,46,11,10,12,57,14,13,5304
name_0__obj_cone__num_06__unit_inches__movement_description__closer__expanded,1.2,closer_farther_initial_conditions,name_0__obj_cone__num_06__unit_inches__expanded,movement_description,name_0__obj_cone__num_06__unit_inches__movement_description__closer,movement_expanded,expanded,directed_movement_inference,closer,Target1,name_0,Maya,obj_cone,cone,num_06,inches,unit_inches,word,name_0__obj_cone__num_06__movement_description__closer__expanded,59,49,-10,10,True,False,person_relative_to_object,closer_farther_same_distance,"Initially, Maya was 59 inches from a cone that remained stationary. From that starting position, Maya walked 10 inches directly toward the cone.",Maya is now closer to the cone than before.,Maya is now farther from the cone than before.,Maya is now at the same distance from the cone as before.,23,144,27,9,43,11,10,9,46,11,10,12,57,14,13,5305
name_0__obj_cone__num_06__unit_inches__movement_description__farther__expanded,1.2,closer_farther_initial_conditions,name_0__obj_cone__num_06__unit_inches__expanded,movement_description,name_0__obj_cone__num_06__unit_inches__movement_description__farther,movement_expanded,expanded,directed_movement_inference,farther,Target2,name_0,Maya,obj_cone,cone,num_06,inches,unit_inches,word,name_0__obj_cone__num_06__movement_description__farther__expanded,59,69,10,10,True,False,person_relative_to_object,closer_farther_same_distance,"Initially, Maya was 59 inches from a cone that remained stationary. From that starting position, Maya walked 10 inches directly away from the cone.",Maya is now closer to the cone than before.,Maya is now farther from the cone than before.,Maya is now at the same distance from the cone as before.,24,147,28,9,43,11,10,9,46,11,10,12,57,14,13,5306
name_0__obj_cone__num_06__unit_inches__orientation_control__unchanged__compact,1.2,closer_farther_initial_conditions,name_0__obj_cone__num_06__unit_inches__compact,orientation_control,name_0__obj_cone__num_06__unit_inches__orientation_control__unchanged,orientation_compact,compact,rotation_without_translation_inference,unchanged,Target3,name_0,Maya,obj_cone,cone,num_06,inches,unit_inches,word,name_0__obj_cone__num_06__orientation_control__unchanged__compact,59,59,0,0,True,False,person_relative_to_object,closer_farther_same_distance,"Maya, 59 inches from a stationary cone, turned around in place.",Maya is now closer to the cone than before.,Maya is now farther from the cone than before.,Maya is now at the same distance from the cone as before.,11,63,15,9,43,11,10,9,46,11,10,12,57,14,13,5307
name_0__obj_cone__num_06__unit_inches__orientation_control__unchanged,1.2,closer_farther_initial_conditions,name_0__obj_cone__num_06__unit_inches,orientation_control,name_0__obj_cone__num_06__unit_inches__orientation_control__unchanged,orientation_standard,standard,rotation_without_translation_inference,unchanged,Target3,name_0,Maya,obj_cone,cone,num_06,inches,unit_inches,word,name_0__obj_cone__num_06__orientation_control__unchanged,59,59,0,0,True,False,person_relative_to_object,closer_farther_same_distance,Maya was 59 inches from a stationary cone. Maya turned around without changing position.,Maya is now closer to the cone than before.,Maya is now farther from the cone than before.,Maya is now at the same distance from the cone as before.,14,88,17,9,43,11,10,9,46,11,10,12,57,14,13,5308
name_0__obj_cone__num_06__unit_inches__orientation_control__unchanged__expanded,1.2,closer_farther_initial_conditions,name_0__obj_cone__num_06__unit_inches__expanded,orientation_control,name_0__obj_cone__num_06__unit_inches__orientation_control__unchanged,orientation_expanded,expanded,rotation_without_translation_inference,unchanged,Target3,name_0,Maya,obj_cone,cone,num_06,inches,unit_inches,word,name_0__obj_cone__num_06__orientation_control__unchanged__expanded,59,59,0,0,True,False,person_relative_to_object,closer_farther_same_distance,"Initially, Maya was 59 inches from a cone that remained stationary. Maya then turned to face the opposite direction, keeping both feet in the same place.",Maya is now closer to the cone than before.,Maya is now farther from the cone than before.,Maya is now at the same distance from the cone as before.,26,153,30,9,43,11,10,9,46,11,10,12,57,14,13,5309
name_0__obj_cone__num_07__unit_inches__explicit_distance__closer__compact,1.2,closer_farther_initial_conditions,name_0__obj_cone__num_07__unit_inches__compact,explicit_distance,name_0__obj_cone__num_07__unit_inches__explicit_distance__closer,distance_compact,compact,explicit_distance_comparison,closer,Target1,name_0,Maya,obj_cone,cone,num_07,inches,unit_inches,word,name_0__obj_cone__num_07__explicit_distance__closer__compact,48,22,-26,26,True,False,person_relative_to_object,closer_farther_same_distance,"Maya's distance from the stationary cone: initially 48 inches, now 22 inches.",Maya is now closer to the cone than before.,Maya is now farther from the cone than before.,Maya is now at the same distance from the cone as before.,13,77,17,9,43,11,10,9,46,11,10,12,57,14,13,5310
name_0__obj_cone__num_07__unit_inches__explicit_distance__farther__compact,1.2,closer_farther_initial_conditions,name_0__obj_cone__num_07__unit_inches__compact,explicit_distance,name_0__obj_cone__num_07__unit_inches__explicit_distance__farther,distance_compact,compact,explicit_distance_comparison,farther,Target2,name_0,Maya,obj_cone,cone,num_07,inches,unit_inches,word,name_0__obj_cone__num_07__explicit_distance__farther__compact,48,74,26,26,True,False,person_relative_to_object,closer_farther_same_distance,"Maya's distance from the stationary cone: initially 48 inches, now 74 inches.",Maya is now closer to the cone than before.,Maya is now farther from the cone than before.,Maya is now at the same distance from the cone as before.,13,77,17,9,43,11,10,9,46,11,10,12,57,14,13,5311
name_0__obj_cone__num_07__unit_inches__explicit_distance__unchanged__compact,1.2,closer_farther_initial_conditions,name_0__obj_cone__num_07__unit_inches__compact,explicit_distance,name_0__obj_cone__num_07__unit_inches__explicit_distance__unchanged,distance_compact,compact,explicit_distance_comparison,unchanged,Target3,name_0,Maya,obj_cone,cone,num_07,inches,unit_inches,word,name_0__obj_cone__num_07__explicit_distance__unchanged__compact,48,48,0,0,True,False,person_relative_to_object,closer_farther_same_distance,"Maya's distance from the stationary cone: initially 48 inches, now 48 inches.",Maya is now closer to the cone than before.,Maya is now farther from the cone than before.,Maya is now at the same distance from the cone as before.,13,77,17,9,43,11,10,9,46,11,10,12,57,14,13,5312
name_0__obj_cone__num_07__unit_inches__explicit_distance__closer,1.2,closer_farther_initial_conditions,name_0__obj_cone__num_07__unit_inches,explicit_distance,name_0__obj_cone__num_07__unit_inches__explicit_distance__closer,distance_standard,standard,explicit_distance_comparison,closer,Target1,name_0,Maya,obj_cone,cone,num_07,inches,unit_inches,word,name_0__obj_cone__num_07__explicit_distance__closer,48,22,-26,26,True,False,person_relative_to_object,closer_farther_same_distance,Maya was 48 inches from a stationary cone. Maya is now 22 inches from the cone.,Maya is now closer to the cone than before.,Maya is now farther from the cone than before.,Maya is now at the same distance from the cone as before.,16,79,19,9,43,11,10,9,46,11,10,12,57,14,13,5313
name_0__obj_cone__num_07__unit_inches__explicit_distance__farther,1.2,closer_farther_initial_conditions,name_0__obj_cone__num_07__unit_inches,explicit_distance,name_0__obj_cone__num_07__unit_inches__explicit_distance__farther,distance_standard,standard,explicit_distance_comparison,farther,Target2,name_0,Maya,obj_cone,cone,num_07,inches,unit_inches,word,name_0__obj_cone__num_07__explicit_distance__farther,48,74,26,26,True,False,person_relative_to_object,closer_farther_same_distance,Maya was 48 inches from a stationary cone. Maya is now 74 inches from the cone.,Maya is now closer to the cone than before.,Maya is now farther from the cone than before.,Maya is now at the same distance from the cone as before.,16,79,19,9,43,11,10,9,46,11,10,12,57,14,13,5314
name_0__obj_cone__num_07__unit_inches__explicit_distance__unchanged,1.2,closer_farther_initial_conditions,name_0__obj_cone__num_07__unit_inches,explicit_distance,name_0__obj_cone__num_07__unit_inches__explicit_distance__unchanged,distance_standard,standard,explicit_distance_comparison,unchanged,Target3,name_0,Maya,obj_cone,cone,num_07,inches,unit_inches,word,name_0__obj_cone__num_07__explicit_distance__unchanged,48,48,0,0,True,False,person_relative_to_object,closer_farther_same_distance,Maya was 48 inches from a stationary cone. Maya is now 48 inches from the cone.,Maya is now closer to the cone than before.,Maya is now farther from the cone than before.,Maya is now at the same distance from the cone as before.,16,79,19,9,43,11,10,9,46,11,10,12,57,14,13,5315
name_0__obj_cone__num_07__unit_inches__explicit_distance__closer__expanded,1.2,closer_farther_initial_conditions,name_0__obj_cone__num_07__unit_inches__expanded,explicit_distance,name_0__obj_cone__num_07__unit_inches__explicit_distance__closer,distance_expanded,expanded,explicit_distance_comparison,closer,Target1,name_0,Maya,obj_cone,cone,num_07,inches,unit_inches,word,name_0__obj_cone__num_07__explicit_distance__closer__expanded,48,22,-26,26,True,False,person_relative_to_object,closer_farther_same_distance,"Initially, Maya was 48 inches from a cone that remained stationary. The distance between Maya and that cone is now 22 inches.",Maya is now closer to the cone than before.,Maya is now farther from the cone than before.,Maya is now at the same distance from the cone as before.,22,125,25,9,43,11,10,9,46,11,10,12,57,14,13,5316
name_0__obj_cone__num_07__unit_inches__explicit_distance__farther__expanded,1.2,closer_farther_initial_conditions,name_0__obj_cone__num_07__unit_inches__expanded,explicit_distance,name_0__obj_cone__num_07__unit_inches__explicit_distance__farther,distance_expanded,expanded,explicit_distance_comparison,farther,Target2,name_0,Maya,obj_cone,cone,num_07,inches,unit_inches,word,name_0__obj_cone__num_07__explicit_distance__farther__expanded,48,74,26,26,True,False,person_relative_to_object,closer_farther_same_distance,"Initially, Maya was 48 inches from a cone that remained stationary. The distance between Maya and that cone is now 74 inches.",Maya is now closer to the cone than before.,Maya is now farther from the cone than before.,Maya is now at the same distance from the cone as before.,22,125,25,9,43,11,10,9,46,11,10,12,57,14,13,5317
name_0__obj_cone__num_07__unit_inches__explicit_distance__unchanged__expanded,1.2,closer_farther_initial_conditions,name_0__obj_cone__num_07__unit_inches__expanded,explicit_distance,name_0__obj_cone__num_07__unit_inches__explicit_distance__unchanged,distance_expanded,expanded,explicit_distance_comparison,unchanged,Target3,name_0,Maya,obj_cone,cone,num_07,inches,unit_inches,word,name_0__obj_cone__num_07__explicit_distance__unchanged__expanded,48,48,0,0,True,False,person_relative_to_object,closer_farther_same_distance,"Initially, Maya was 48 inches from a cone that remained stationary. The distance between Maya and that cone is now 48 inches.",Maya is now closer to the cone than before.,Maya is now farther from the cone than before.,Maya is now at the same distance from the cone as before.,22,125,25,9,43,11,10,9,46,11,10,12,57,14,13,5318
name_0__obj_cone__num_07__unit_inches__movement_description__closer__compact,1.2,closer_farther_initial_conditions,name_0__obj_cone__num_07__unit_inches__compact,movement_description,name_0__obj_cone__num_07__unit_inches__movement_description__closer,movement_compact,compact,directed_movement_inference,closer,Target1,name_0,Maya,obj_cone,cone,num_07,inches,unit_inches,word,name_0__obj_cone__num_07__movement_description__closer__compact,48,22,-26,26,True,False,person_relative_to_object,closer_farther_same_distance,"Starting 48 inches from a stationary cone, Maya walked 26 inches directly toward it.",Maya is now closer to the cone than before.,Maya is now farther from the cone than before.,Maya is now at the same distance from the cone as before.,14,84,16,9,43,11,10,9,46,11,10,12,57,14,13,5319
name_0__obj_cone__num_07__unit_inches__movement_description__farther__compact,1.2,closer_farther_initial_conditions,name_0__obj_cone__num_07__unit_inches__compact,movement_description,name_0__obj_cone__num_07__unit_inches__movement_description__farther,movement_compact,compact,directed_movement_inference,farther,Target2,name_0,Maya,obj_cone,cone,num_07,inches,unit_inches,word,name_0__obj_cone__num_07__movement_description__farther__compact,48,74,26,26,True,False,person_relative_to_object,closer_farther_same_distance,"Starting 48 inches from a stationary cone, Maya walked 26 inches directly away from it.",Maya is now closer to the cone than before.,Maya is now farther from the cone than before.,Maya is now at the same distance from the cone as before.,15,87,17,9,43,11,10,9,46,11,10,12,57,14,13,5320
name_0__obj_cone__num_07__unit_inches__movement_description__closer,1.2,closer_farther_initial_conditions,name_0__obj_cone__num_07__unit_inches,movement_description,name_0__obj_cone__num_07__unit_inches__movement_description__closer,movement_standard,standard,directed_movement_inference,closer,Target1,name_0,Maya,obj_cone,cone,num_07,inches,unit_inches,word,name_0__obj_cone__num_07__movement_description__closer,48,22,-26,26,True,False,person_relative_to_object,closer_farther_same_distance,Maya was 48 inches from a stationary cone. Maya walked 26 inches directly toward the cone.,Maya is now closer to the cone than before.,Maya is now farther from the cone than before.,Maya is now at the same distance from the cone as before.,16,90,19,9,43,11,10,9,46,11,10,12,57,14,13,5321
name_0__obj_cone__num_07__unit_inches__movement_description__farther,1.2,closer_farther_initial_conditions,name_0__obj_cone__num_07__unit_inches,movement_description,name_0__obj_cone__num_07__unit_inches__movement_description__farther,movement_standard,standard,directed_movement_inference,farther,Target2,name_0,Maya,obj_cone,cone,num_07,inches,unit_inches,word,name_0__obj_cone__num_07__movement_description__farther,48,74,26,26,True,False,person_relative_to_object,closer_farther_same_distance,Maya was 48 inches from a stationary cone. Maya walked 26 inches directly away from the cone.,Maya is now closer to the cone than before.,Maya is now farther from the cone than before.,Maya is now at the same distance from the cone as before.,17,93,20,9,43,11,10,9,46,11,10,12,57,14,13,5322
name_0__obj_cone__num_07__unit_inches__movement_description__closer__expanded,1.2,closer_farther_initial_conditions,name_0__obj_cone__num_07__unit_inches__expanded,movement_description,name_0__obj_cone__num_07__unit_inches__movement_description__closer,movement_expanded,expanded,directed_movement_inference,closer,Target1,name_0,Maya,obj_cone,cone,num_07,inches,unit_inches,word,name_0__obj_cone__num_07__movement_description__closer__expanded,48,22,-26,26,True,False,person_relative_to_object,closer_farther_same_distance,"Initially, Maya was 48 inches from a cone that remained stationary. From that starting position, Maya walked 26 inches directly toward the cone.",Maya is now closer to the cone than before.,Maya is now farther from the cone than before.,Maya is now at the same distance from the cone as before.,23,144,27,9,43,11,10,9,46,11,10,12,57,14,13,5323
name_0__obj_cone__num_07__unit_inches__movement_description__farther__expanded,1.2,closer_farther_initial_conditions,name_0__obj_cone__num_07__unit_inches__expanded,movement_description,name_0__obj_cone__num_07__unit_inches__movement_description__farther,movement_expanded,expanded,directed_movement_inference,farther,Target2,name_0,Maya,obj_cone,cone,num_07,inches,unit_inches,word,name_0__obj_cone__num_07__movement_description__farther__expanded,48,74,26,26,True,False,person_relative_to_object,closer_farther_same_distance,"Initially, Maya was 48 inches from a cone that remained stationary. From that starting position, Maya walked 26 inches directly away from the cone.",Maya is now closer to the cone than before.,Maya is now farther from the cone than before.,Maya is now at the same distance from the cone as before.,24,147,28,9,43,11,10,9,46,11,10,12,57,14,13,5324
name_0__obj_cone__num_07__unit_inches__orientation_control__unchanged__compact,1.2,closer_farther_initial_conditions,name_0__obj_cone__num_07__unit_inches__compact,orientation_control,name_0__obj_cone__num_07__unit_inches__orientation_control__unchanged,orientation_compact,compact,rotation_without_translation_inference,unchanged,Target3,name_0,Maya,obj_cone,cone,num_07,inches,unit_inches,word,name_0__obj_cone__num_07__orientation_control__unchanged__compact,48,48,0,0,True,False,person_relative_to_object,closer_farther_same_distance,"Maya, 48 inches from a stationary cone, turned around in place.",Maya is now closer to the cone than before.,Maya is now farther from the cone than before.,Maya is now at the same distance from the cone as before.,11,63,15,9,43,11,10,9,46,11,10,12,57,14,13,5325
name_0__obj_cone__num_07__unit_inches__orientation_control__unchanged,1.2,closer_farther_initial_conditions,name_0__obj_cone__num_07__unit_inches,orientation_control,name_0__obj_cone__num_07__unit_inches__orientation_control__unchanged,orientation_standard,standard,rotation_without_translation_inference,unchanged,Target3,name_0,Maya,obj_cone,cone,num_07,inches,unit_inches,word,name_0__obj_cone__num_07__orientation_control__unchanged,48,48,0,0,True,False,person_relative_to_object,closer_farther_same_distance,Maya was 48 inches from a stationary cone. Maya turned around without changing position.,Maya is now closer to the cone than before.,Maya is now farther from the cone than before.,Maya is now at the same distance from the cone as before.,14,88,17,9,43,11,10,9,46,11,10,12,57,14,13,5326
name_0__obj_cone__num_07__unit_inches__orientation_control__unchanged__expanded,1.2,closer_farther_initial_conditions,name_0__obj_cone__num_07__unit_inches__expanded,orientation_control,name_0__obj_cone__num_07__unit_inches__orientation_control__unchanged,orientation_expanded,expanded,rotation_without_translation_inference,unchanged,Target3,name_0,Maya,obj_cone,cone,num_07,inches,unit_inches,word,name_0__obj_cone__num_07__orientation_control__unchanged__expanded,48,48,0,0,True,False,person_relative_to_object,closer_farther_same_distance,"Initially, Maya was 48 inches from a cone that remained stationary. Maya then turned to face the opposite direction, keeping both feet in the same place.",Maya is now closer to the cone than before.,Maya is now farther from the cone than before.,Maya is now at the same distance from the cone as before.,26,153,30,9,43,11,10,9,46,11,10,12,57,14,13,5327
name_0__obj_cone__num_08__unit_inches__explicit_distance__closer__compact,1.2,closer_farther_initial_conditions,name_0__obj_cone__num_08__unit_inches__compact,explicit_distance,name_0__obj_cone__num_08__unit_inches__explicit_distance__closer,distance_compact,compact,explicit_distance_comparison,closer,Target1,name_0,Maya,obj_cone,cone,num_08,inches,unit_inches,word,name_0__obj_cone__num_08__explicit_distance__closer__compact,12,4,-8,8,True,False,person_relative_to_object,closer_farther_same_distance,"Maya's distance from the stationary cone: initially 12 inches, now 4 inches.",Maya is now closer to the cone than before.,Maya is now farther from the cone than before.,Maya is now at the same distance from the cone as before.,13,76,17,9,43,11,10,9,46,11,10,12,57,14,13,5328
name_0__obj_cone__num_08__unit_inches__explicit_distance__farther__compact,1.2,closer_farther_initial_conditions,name_0__obj_cone__num_08__unit_inches__compact,explicit_distance,name_0__obj_cone__num_08__unit_inches__explicit_distance__farther,distance_compact,compact,explicit_distance_comparison,farther,Target2,name_0,Maya,obj_cone,cone,num_08,inches,unit_inches,word,name_0__obj_cone__num_08__explicit_distance__farther__compact,12,20,8,8,True,False,person_relative_to_object,closer_farther_same_distance,"Maya's distance from the stationary cone: initially 12 inches, now 20 inches.",Maya is now closer to the cone than before.,Maya is now farther from the cone than before.,Maya is now at the same distance from the cone as before.,13,77,17,9,43,11,10,9,46,11,10,12,57,14,13,5329
name_0__obj_cone__num_08__unit_inches__explicit_distance__unchanged__compact,1.2,closer_farther_initial_conditions,name_0__obj_cone__num_08__unit_inches__compact,explicit_distance,name_0__obj_cone__num_08__unit_inches__explicit_distance__unchanged,distance_compact,compact,explicit_distance_comparison,unchanged,Target3,name_0,Maya,obj_cone,cone,num_08,inches,unit_inches,word,name_0__obj_cone__num_08__explicit_distance__unchanged__compact,12,12,0,0,True,False,person_relative_to_object,closer_farther_same_distance,"Maya's distance from the stationary cone: initially 12 inches, now 12 inches.",Maya is now closer to the cone than before.,Maya is now farther from the cone than before.,Maya is now at the same distance from the cone as before.,13,77,17,9,43,11,10,9,46,11,10,12,57,14,13,5330
name_0__obj_cone__num_08__unit_inches__explicit_distance__closer,1.2,closer_farther_initial_conditions,name_0__obj_cone__num_08__unit_inches,explicit_distance,name_0__obj_cone__num_08__unit_inches__explicit_distance__closer,distance_standard,standard,explicit_distance_comparison,closer,Target1,name_0,Maya,obj_cone,cone,num_08,inches,unit_inches,word,name_0__obj_cone__num_08__explicit_distance__closer,12,4,-8,8,True,False,person_relative_to_object,closer_farther_same_distance,Maya was 12 inches from a stationary cone. Maya is now 4 inches from the cone.,Maya is now closer to the cone than before.,Maya is now farther from the cone than before.,Maya is now at the same distance from the cone as before.,16,78,19,9,43,11,10,9,46,11,10,12,57,14,13,5331
name_0__obj_cone__num_08__unit_inches__explicit_distance__farther,1.2,closer_farther_initial_conditions,name_0__obj_cone__num_08__unit_inches,explicit_distance,name_0__obj_cone__num_08__unit_inches__explicit_distance__farther,distance_standard,standard,explicit_distance_comparison,farther,Target2,name_0,Maya,obj_cone,cone,num_08,inches,unit_inches,word,name_0__obj_cone__num_08__explicit_distance__farther,12,20,8,8,True,False,person_relative_to_object,closer_farther_same_distance,Maya was 12 inches from a stationary cone. Maya is now 20 inches from the cone.,Maya is now closer to the cone than before.,Maya is now farther from the cone than before.,Maya is now at the same distance from the cone as before.,16,79,19,9,43,11,10,9,46,11,10,12,57,14,13,5332
name_0__obj_cone__num_08__unit_inches__explicit_distance__unchanged,1.2,closer_farther_initial_conditions,name_0__obj_cone__num_08__unit_inches,explicit_distance,name_0__obj_cone__num_08__unit_inches__explicit_distance__unchanged,distance_standard,standard,explicit_distance_comparison,unchanged,Target3,name_0,Maya,obj_cone,cone,num_08,inches,unit_inches,word,name_0__obj_cone__num_08__explicit_distance__unchanged,12,12,0,0,True,False,person_relative_to_object,closer_farther_same_distance,Maya was 12 inches from a stationary cone. Maya is now 12 inches from the cone.,Maya is now closer to the cone than before.,Maya is now farther from the cone than before.,Maya is now at the same distance from the cone as before.,16,79,19,9,43,11,10,9,46,11,10,12,57,14,13,5333
name_0__obj_cone__num_08__unit_inches__explicit_distance__closer__expanded,1.2,closer_farther_initial_conditions,name_0__obj_cone__num_08__unit_inches__expanded,explicit_distance,name_0__obj_cone__num_08__unit_inches__explicit_distance__closer,distance_expanded,expanded,explicit_distance_comparison,closer,Target1,name_0,Maya,obj_cone,cone,num_08,inches,unit_inches,word,name_0__obj_cone__num_08__explicit_distance__closer__expanded,12,4,-8,8,True,False,person_relative_to_object,closer_farther_same_distance,"Initially, Maya was 12 inches from a cone that remained stationary. The distance between Maya and that cone is now 4 inches.",Maya is now closer to the cone than before.,Maya is now farther from the cone than before.,Maya is now at the same distance from the cone as before.,22,124,25,9,43,11,10,9,46,11,10,12,57,14,13,5334
name_0__obj_cone__num_08__unit_inches__explicit_distance__farther__expanded,1.2,closer_farther_initial_conditions,name_0__obj_cone__num_08__unit_inches__expanded,explicit_distance,name_0__obj_cone__num_08__unit_inches__explicit_distance__farther,distance_expanded,expanded,explicit_distance_comparison,farther,Target2,name_0,Maya,obj_cone,cone,num_08,inches,unit_inches,word,name_0__obj_cone__num_08__explicit_distance__farther__expanded,12,20,8,8,True,False,person_relative_to_object,closer_farther_same_distance,"Initially, Maya was 12 inches from a cone that remained stationary. The distance between Maya and that cone is now 20 inches.",Maya is now closer to the cone than before.,Maya is now farther from the cone than before.,Maya is now at the same distance from the cone as before.,22,125,25,9,43,11,10,9,46,11,10,12,57,14,13,5335
name_0__obj_cone__num_08__unit_inches__explicit_distance__unchanged__expanded,1.2,closer_farther_initial_conditions,name_0__obj_cone__num_08__unit_inches__expanded,explicit_distance,name_0__obj_cone__num_08__unit_inches__explicit_distance__unchanged,distance_expanded,expanded,explicit_distance_comparison,unchanged,Target3,name_0,Maya,obj_cone,cone,num_08,inches,unit_inches,word,name_0__obj_cone__num_08__explicit_distance__unchanged__expanded,12,12,0,0,True,False,person_relative_to_object,closer_farther_same_distance,"Initially, Maya was 12 inches from a cone that remained stationary. The distance between Maya and that cone is now 12 inches.",Maya is now closer to the cone than before.,Maya is now farther from the cone than before.,Maya is now at the same distance from the cone as before.,22,125,25,9,43,11,10,9,46,11,10,12,57,14,13,5336
name_0__obj_cone__num_08__unit_inches__movement_description__closer__compact,1.2,closer_farther_initial_conditions,name_0__obj_cone__num_08__unit_inches__compact,movement_description,name_0__obj_cone__num_08__unit_inches__movement_description__closer,movement_compact,compact,directed_movement_inference,closer,Target1,name_0,Maya,obj_cone,cone,num_08,inches,unit_inches,word,name_0__obj_cone__num_08__movement_description__closer__compact,12,4,-8,8,True,False,person_relative_to_object,closer_farther_same_distance,"Starting 12 inches from a stationary cone, Maya walked 8 inches directly toward it.",Maya is now closer to the cone than before.,Maya is now farther from the cone than before.,Maya is now at the same distance from the cone as before.,14,83,16,9,43,11,10,9,46,11,10,12,57,14,13,5337
name_0__obj_cone__num_08__unit_inches__movement_description__farther__compact,1.2,closer_farther_initial_conditions,name_0__obj_cone__num_08__unit_inches__compact,movement_description,name_0__obj_cone__num_08__unit_inches__movement_description__farther,movement_compact,compact,directed_movement_inference,farther,Target2,name_0,Maya,obj_cone,cone,num_08,inches,unit_inches,word,name_0__obj_cone__num_08__movement_description__farther__compact,12,20,8,8,True,False,person_relative_to_object,closer_farther_same_distance,"Starting 12 inches from a stationary cone, Maya walked 8 inches directly away from it.",Maya is now closer to the cone than before.,Maya is now farther from the cone than before.,Maya is now at the same distance from the cone as before.,15,86,17,9,43,11,10,9,46,11,10,12,57,14,13,5338
name_0__obj_cone__num_08__unit_inches__movement_description__closer,1.2,closer_farther_initial_conditions,name_0__obj_cone__num_08__unit_inches,movement_description,name_0__obj_cone__num_08__unit_inches__movement_description__closer,movement_standard,standard,directed_movement_inference,closer,Target1,name_0,Maya,obj_cone,cone,num_08,inches,unit_inches,word,name_0__obj_cone__num_08__movement_description__closer,12,4,-8,8,True,False,person_relative_to_object,closer_farther_same_distance,Maya was 12 inches from a stationary cone. Maya walked 8 inches directly toward the cone.,Maya is now closer to the cone than before.,Maya is now farther from the cone than before.,Maya is now at the same distance from the cone as before.,16,89,19,9,43,11,10,9,46,11,10,12,57,14,13,5339
name_0__obj_cone__num_08__unit_inches__movement_description__farther,1.2,closer_farther_initial_conditions,name_0__obj_cone__num_08__unit_inches,movement_description,name_0__obj_cone__num_08__unit_inches__movement_description__farther,movement_standard,standard,directed_movement_inference,farther,Target2,name_0,Maya,obj_cone,cone,num_08,inches,unit_inches,word,name_0__obj_cone__num_08__movement_description__farther,12,20,8,8,True,False,person_relative_to_object,closer_farther_same_distance,Maya was 12 inches from a stationary cone. Maya walked 8 inches directly away from the cone.,Maya is now closer to the cone than before.,Maya is now farther from the cone than before.,Maya is now at the same distance from the cone as before.,17,92,20,9,43,11,10,9,46,11,10,12,57,14,13,5340
name_0__obj_cone__num_08__unit_inches__movement_description__closer__expanded,1.2,closer_farther_initial_conditions,name_0__obj_cone__num_08__unit_inches__expanded,movement_description,name_0__obj_cone__num_08__unit_inches__movement_description__closer,movement_expanded,expanded,directed_movement_inference,closer,Target1,name_0,Maya,obj_cone,cone,num_08,inches,unit_inches,word,name_0__obj_cone__num_08__movement_description__closer__expanded,12,4,-8,8,True,False,person_relative_to_object,closer_farther_same_distance,"Initially, Maya was 12 inches from a cone that remained stationary. From that starting position, Maya walked 8 inches directly toward the cone.",Maya is now closer to the cone than before.,Maya is now farther from the cone than before.,Maya is now at the same distance from the cone as before.,23,143,27,9,43,11,10,9,46,11,10,12,57,14,13,5341
name_0__obj_cone__num_08__unit_inches__movement_description__farther__expanded,1.2,closer_farther_initial_conditions,name_0__obj_cone__num_08__unit_inches__expanded,movement_description,name_0__obj_cone__num_08__unit_inches__movement_description__farther,movement_expanded,expanded,directed_movement_inference,farther,Target2,name_0,Maya,obj_cone,cone,num_08,inches,unit_inches,word,name_0__obj_cone__num_08__movement_description__farther__expanded,12,20,8,8,True,False,person_relative_to_object,closer_farther_same_distance,"Initially, Maya was 12 inches from a cone that remained stationary. From that starting position, Maya walked 8 inches directly away from the cone.",Maya is now closer to the cone than before.,Maya is now farther from the cone than before.,Maya is now at the same distance from the cone as before.,24,146,28,9,43,11,10,9,46,11,10,12,57,14,13,5342
name_0__obj_cone__num_08__unit_inches__orientation_control__unchanged__compact,1.2,closer_farther_initial_conditions,name_0__obj_cone__num_08__unit_inches__compact,orientation_control,name_0__obj_cone__num_08__unit_inches__orientation_control__unchanged,orientation_compact,compact,rotation_without_translation_inference,unchanged,Target3,name_0,Maya,obj_cone,cone,num_08,inches,unit_inches,word,name_0__obj_cone__num_08__orientation_control__unchanged__compact,12,12,0,0,True,False,person_relative_to_object,closer_farther_same_distance,"Maya, 12 inches from a stationary cone, turned around in place.",Maya is now closer to the cone than before.,Maya is now farther from the cone than before.,Maya is now at the same distance from the cone as before.,11,63,15,9,43,11,10,9,46,11,10,12,57,14,13,5343
name_0__obj_cone__num_08__unit_inches__orientation_control__unchanged,1.2,closer_farther_initial_conditions,name_0__obj_cone__num_08__unit_inches,orientation_control,name_0__obj_cone__num_08__unit_inches__orientation_control__unchanged,orientation_standard,standard,rotation_without_translation_inference,unchanged,Target3,name_0,Maya,obj_cone,cone,num_08,inches,unit_inches,word,name_0__obj_cone__num_08__orientation_control__unchanged,12,12,0,0,True,False,person_relative_to_object,closer_farther_same_distance,Maya was 12 inches from a stationary cone. Maya turned around without changing position.,Maya is now closer to the cone than before.,Maya is now farther from the cone than before.,Maya is now at the same distance from the cone as before.,14,88,17,9,43,11,10,9,46,11,10,12,57,14,13,5344
name_0__obj_cone__num_08__unit_inches__orientation_control__unchanged__expanded,1.2,closer_farther_initial_conditions,name_0__obj_cone__num_08__unit_inches__expanded,orientation_control,name_0__obj_cone__num_08__unit_inches__orientation_control__unchanged,orientation_expanded,expanded,rotation_without_translation_inference,unchanged,Target3,name_0,Maya,obj_cone,cone,num_08,inches,unit_inches,word,name_0__obj_cone__num_08__orientation_control__unchanged__expanded,12,12,0,0,True,False,person_relative_to_object,closer_farther_same_distance,"Initially, Maya was 12 inches from a cone that remained stationary. Maya then turned to face the opposite direction, keeping both feet in the same place.",Maya is now closer to the cone than before.,Maya is now farther from the cone than before.,Maya is now at the same distance from the cone as before.,26,153,30,9,43,11,10,9,46,11,10,12,57,14,13,5345
name_0__obj_cone__num_09__unit_inches__explicit_distance__closer__compact,1.2,closer_farther_initial_conditions,name_0__obj_cone__num_09__unit_inches__compact,explicit_distance,name_0__obj_cone__num_09__unit_inches__explicit_distance__closer,distance_compact,compact,explicit_distance_comparison,closer,Target1,name_0,Maya,obj_cone,cone,num_09,inches,unit_inches,word,name_0__obj_cone__num_09__explicit_distance__closer__compact,52,24,-28,28,True,False,person_relative_to_object,closer_farther_same_distance,"Maya's distance from the stationary cone: initially 52 inches, now 24 inches.",Maya is now closer to the cone than before.,Maya is now farther from the cone than before.,Maya is now at the same distance from the cone as before.,13,77,17,9,43,11,10,9,46,11,10,12,57,14,13,5346
name_0__obj_cone__num_09__unit_inches__explicit_distance__farther__compact,1.2,closer_farther_initial_conditions,name_0__obj_cone__num_09__unit_inches__compact,explicit_distance,name_0__obj_cone__num_09__unit_inches__explicit_distance__farther,distance_compact,compact,explicit_distance_comparison,farther,Target2,name_0,Maya,obj_cone,cone,num_09,inches,unit_inches,word,name_0__obj_cone__num_09__explicit_distance__farther__compact,52,80,28,28,True,False,person_relative_to_object,closer_farther_same_distance,"Maya's distance from the stationary cone: initially 52 inches, now 80 inches.",Maya is now closer to the cone than before.,Maya is now farther from the cone than before.,Maya is now at the same distance from the cone as before.,13,77,17,9,43,11,10,9,46,11,10,12,57,14,13,5347
name_0__obj_cone__num_09__unit_inches__explicit_distance__unchanged__compact,1.2,closer_farther_initial_conditions,name_0__obj_cone__num_09__unit_inches__compact,explicit_distance,name_0__obj_cone__num_09__unit_inches__explicit_distance__unchanged,distance_compact,compact,explicit_distance_comparison,unchanged,Target3,name_0,Maya,obj_cone,cone,num_09,inches,unit_inches,word,name_0__obj_cone__num_09__explicit_distance__unchanged__compact,52,52,0,0,True,False,person_relative_to_object,closer_farther_same_distance,"Maya's distance from the stationary cone: initially 52 inches, now 52 inches.",Maya is now closer to the cone than before.,Maya is now farther from the cone than before.,Maya is now at the same distance from the cone as before.,13,77,17,9,43,11,10,9,46,11,10,12,57,14,13,5348
name_0__obj_cone__num_09__unit_inches__explicit_distance__closer,1.2,closer_farther_initial_conditions,name_0__obj_cone__num_09__unit_inches,explicit_distance,name_0__obj_cone__num_09__unit_inches__explicit_distance__closer,distance_standard,standard,explicit_distance_comparison,closer,Target1,name_0,Maya,obj_cone,cone,num_09,inches,unit_inches,word,name_0__obj_cone__num_09__explicit_distance__closer,52,24,-28,28,True,False,person_relative_to_object,closer_farther_same_distance,Maya was 52 inches from a stationary cone. Maya is now 24 inches from the cone.,Maya is now closer to the cone than before.,Maya is now farther from the cone than before.,Maya is now at the same distance from the cone as before.,16,79,19,9,43,11,10,9,46,11,10,12,57,14,13,5349
name_0__obj_cone__num_09__unit_inches__explicit_distance__farther,1.2,closer_farther_initial_conditions,name_0__obj_cone__num_09__unit_inches,explicit_distance,name_0__obj_cone__num_09__unit_inches__explicit_distance__farther,distance_standard,standard,explicit_distance_comparison,farther,Target2,name_0,Maya,obj_cone,cone,num_09,inches,unit_inches,word,name_0__obj_cone__num_09__explicit_distance__farther,52,80,28,28,True,False,person_relative_to_object,closer_farther_same_distance,Maya was 52 inches from a stationary cone. Maya is now 80 inches from the cone.,Maya is now closer to the cone than before.,Maya is now farther from the cone than before.,Maya is now at the same distance from the cone as before.,16,79,19,9,43,11,10,9,46,11,10,12,57,14,13,5350
name_0__obj_cone__num_09__unit_inches__explicit_distance__unchanged,1.2,closer_farther_initial_conditions,name_0__obj_cone__num_09__unit_inches,explicit_distance,name_0__obj_cone__num_09__unit_inches__explicit_distance__unchanged,distance_standard,standard,explicit_distance_comparison,unchanged,Target3,name_0,Maya,obj_cone,cone,num_09,inches,unit_inches,word,name_0__obj_cone__num_09__explicit_distance__unchanged,52,52,0,0,True,False,person_relative_to_object,closer_farther_same_distance,Maya was 52 inches from a stationary cone. Maya is now 52 inches from the cone.,Maya is now closer to the cone than before.,Maya is now farther from the cone than before.,Maya is now at the same distance from the cone as before.,16,79,19,9,43,11,10,9,46,11,10,12,57,14,13,5351
name_0__obj_cone__num_09__unit_inches__explicit_distance__closer__expanded,1.2,closer_farther_initial_conditions,name_0__obj_cone__num_09__unit_inches__expanded,explicit_distance,name_0__obj_cone__num_09__unit_inches__explicit_distance__closer,distance_expanded,expanded,explicit_distance_comparison,closer,Target1,name_0,Maya,obj_cone,cone,num_09,inches,unit_inches,word,name_0__obj_cone__num_09__explicit_distance__closer__expanded,52,24,-28,28,True,False,person_relative_to_object,closer_farther_same_distance,"Initially, Maya was 52 inches from a cone that remained stationary. The distance between Maya and that cone is now 24 inches.",Maya is now closer to the cone than before.,Maya is now farther from the cone than before.,Maya is now at the same distance from the cone as before.,22,125,25,9,43,11,10,9,46,11,10,12,57,14,13,5352
name_0__obj_cone__num_09__unit_inches__explicit_distance__farther__expanded,1.2,closer_farther_initial_conditions,name_0__obj_cone__num_09__unit_inches__expanded,explicit_distance,name_0__obj_cone__num_09__unit_inches__explicit_distance__farther,distance_expanded,expanded,explicit_distance_comparison,farther,Target2,name_0,Maya,obj_cone,cone,num_09,inches,unit_inches,word,name_0__obj_cone__num_09__explicit_distance__farther__expanded,52,80,28,28,True,False,person_relative_to_object,closer_farther_same_distance,"Initially, Maya was 52 inches from a cone that remained stationary. The distance between Maya and that cone is now 80 inches.",Maya is now closer to the cone than before.,Maya is now farther from the cone than before.,Maya is now at the same distance from the cone as before.,22,125,25,9,43,11,10,9,46,11,10,12,57,14,13,5353
name_0__obj_cone__num_09__unit_inches__explicit_distance__unchanged__expanded,1.2,closer_farther_initial_conditions,name_0__obj_cone__num_09__unit_inches__expanded,explicit_distance,name_0__obj_cone__num_09__unit_inches__explicit_distance__unchanged,distance_expanded,expanded,explicit_distance_comparison,unchanged,Target3,name_0,Maya,obj_cone,cone,num_09,inches,unit_inches,word,name_0__obj_cone__num_09__explicit_distance__unchanged__expanded,52,52,0,0,True,False,person_relative_to_object,closer_farther_same_distance,"Initially, Maya was 52 inches from a cone that remained stationary. The distance between Maya and that cone is now 52 inches.",Maya is now closer to the cone than before.,Maya is now farther from the cone than before.,Maya is now at the same distance from the cone as before.,22,125,25,9,43,11,10,9,46,11,10,12,57,14,13,5354
name_0__obj_cone__num_09__unit_inches__movement_description__closer__compact,1.2,closer_farther_initial_conditions,name_0__obj_cone__num_09__unit_inches__compact,movement_description,name_0__obj_cone__num_09__unit_inches__movement_description__closer,movement_compact,compact,directed_movement_inference,closer,Target1,name_0,Maya,obj_cone,cone,num_09,inches,unit_inches,word,name_0__obj_cone__num_09__movement_description__closer__compact,52,24,-28,28,True,False,person_relative_to_object,closer_farther_same_distance,"Starting 52 inches from a stationary cone, Maya walked 28 inches directly toward it.",Maya is now closer to the cone than before.,Maya is now farther from the cone than before.,Maya is now at the same distance from the cone as before.,14,84,16,9,43,11,10,9,46,11,10,12,57,14,13,5355
name_0__obj_cone__num_09__unit_inches__movement_description__farther__compact,1.2,closer_farther_initial_conditions,name_0__obj_cone__num_09__unit_inches__compact,movement_description,name_0__obj_cone__num_09__unit_inches__movement_description__farther,movement_compact,compact,directed_movement_inference,farther,Target2,name_0,Maya,obj_cone,cone,num_09,inches,unit_inches,word,name_0__obj_cone__num_09__movement_description__farther__compact,52,80,28,28,True,False,person_relative_to_object,closer_farther_same_distance,"Starting 52 inches from a stationary cone, Maya walked 28 inches directly away from it.",Maya is now closer to the cone than before.,Maya is now farther from the cone than before.,Maya is now at the same distance from the cone as before.,15,87,17,9,43,11,10,9,46,11,10,12,57,14,13,5356
name_0__obj_cone__num_09__unit_inches__movement_description__closer,1.2,closer_farther_initial_conditions,name_0__obj_cone__num_09__unit_inches,movement_description,name_0__obj_cone__num_09__unit_inches__movement_description__closer,movement_standard,standard,directed_movement_inference,closer,Target1,name_0,Maya,obj_cone,cone,num_09,inches,unit_inches,word,name_0__obj_cone__num_09__movement_description__closer,52,24,-28,28,True,False,person_relative_to_object,closer_farther_same_distance,Maya was 52 inches from a stationary cone. Maya walked 28 inches directly toward the cone.,Maya is now closer to the cone than before.,Maya is now farther from the cone than before.,Maya is now at the same distance from the cone as before.,16,90,19,9,43,11,10,9,46,11,10,12,57,14,13,5357
name_0__obj_cone__num_09__unit_inches__movement_description__farther,1.2,closer_farther_initial_conditions,name_0__obj_cone__num_09__unit_inches,movement_description,name_0__obj_cone__num_09__unit_inches__movement_description__farther,movement_standard,standard,directed_movement_inference,farther,Target2,name_0,Maya,obj_cone,cone,num_09,inches,unit_inches,word,name_0__obj_cone__num_09__movement_description__farther,52,80,28,28,True,False,person_relative_to_object,closer_farther_same_distance,Maya was 52 inches from a stationary cone. Maya walked 28 inches directly away from the cone.,Maya is now closer to the cone than before.,Maya is now farther from the cone than before.,Maya is now at the same distance from the cone as before.,17,93,20,9,43,11,10,9,46,11,10,12,57,14,13,5358
name_0__obj_cone__num_09__unit_inches__movement_description__closer__expanded,1.2,closer_farther_initial_conditions,name_0__obj_cone__num_09__unit_inches__expanded,movement_description,name_0__obj_cone__num_09__unit_inches__movement_description__closer,movement_expanded,expanded,directed_movement_inference,closer,Target1,name_0,Maya,obj_cone,cone,num_09,inches,unit_inches,word,name_0__obj_cone__num_09__movement_description__closer__expanded,52,24,-28,28,True,False,person_relative_to_object,closer_farther_same_distance,"Initially, Maya was 52 inches from a cone that remained stationary. From that starting position, Maya walked 28 inches directly toward the cone.",Maya is now closer to the cone than before.,Maya is now farther from the cone than before.,Maya is now at the same distance from the cone as before.,23,144,27,9,43,11,10,9,46,11,10,12,57,14,13,5359
name_0__obj_cone__num_09__unit_inches__movement_description__farther__expanded,1.2,closer_farther_initial_conditions,name_0__obj_cone__num_09__unit_inches__expanded,movement_description,name_0__obj_cone__num_09__unit_inches__movement_description__farther,movement_expanded,expanded,directed_movement_inference,farther,Target2,name_0,Maya,obj_cone,cone,num_09,inches,unit_inches,word,name_0__obj_cone__num_09__movement_description__farther__expanded,52,80,28,28,True,False,person_relative_to_object,closer_farther_same_distance,"Initially, Maya was 52 inches from a cone that remained stationary. From that starting position, Maya walked 28 inches directly away from the cone.",Maya is now closer to the cone than before.,Maya is now farther from the cone than before.,Maya is now at the same distance from the cone as before.,24,147,28,9,43,11,10,9,46,11,10,12,57,14,13,5360
name_0__obj_cone__num_09__unit_inches__orientation_control__unchanged__compact,1.2,closer_farther_initial_conditions,name_0__obj_cone__num_09__unit_inches__compact,orientation_control,name_0__obj_cone__num_09__unit_inches__orientation_control__unchanged,orientation_compact,compact,rotation_without_translation_inference,unchanged,Target3,name_0,Maya,obj_cone,cone,num_09,inches,unit_inches,word,name_0__obj_cone__num_09__orientation_control__unchanged__compact,52,52,0,0,True,False,person_relative_to_object,closer_farther_same_distance,"Maya, 52 inches from a stationary cone, turned around in place.",Maya is now closer to the cone than before.,Maya is now farther from the cone than before.,Maya is now at the same distance from the cone as before.,11,63,15,9,43,11,10,9,46,11,10,12,57,14,13,5361
name_0__obj_cone__num_09__unit_inches__orientation_control__unchanged,1.2,closer_farther_initial_conditions,name_0__obj_cone__num_09__unit_inches,orientation_control,name_0__obj_cone__num_09__unit_inches__orientation_control__unchanged,orientation_standard,standard,rotation_without_translation_inference,unchanged,Target3,name_0,Maya,obj_cone,cone,num_09,inches,unit_inches,word,name_0__obj_cone__num_09__orientation_control__unchanged,52,52,0,0,True,False,person_relative_to_object,closer_farther_same_distance,Maya was 52 inches from a stationary cone. Maya turned around without changing position.,Maya is now closer to the cone than before.,Maya is now farther from the cone than before.,Maya is now at the same distance from the cone as before.,14,88,17,9,43,11,10,9,46,11,10,12,57,14,13,5362
name_0__obj_cone__num_09__unit_inches__orientation_control__unchanged__expanded,1.2,closer_farther_initial_conditions,name_0__obj_cone__num_09__unit_inches__expanded,orientation_control,name_0__obj_cone__num_09__unit_inches__orientation_control__unchanged,orientation_expanded,expanded,rotation_without_translation_inference,unchanged,Target3,name_0,Maya,obj_cone,cone,num_09,inches,unit_inches,word,name_0__obj_cone__num_09__orientation_control__unchanged__expanded,52,52,0,0,True,False,person_relative_to_object,closer_farther_same_distance,"Initially, Maya was 52 inches from a cone that remained stationary. Maya then turned to face the opposite direction, keeping both feet in the same place.",Maya is now closer to the cone than before.,Maya is now farther from the cone than before.,Maya is now at the same distance from the cone as before.,26,153,30,9,43,11,10,9,46,11,10,12,57,14,13,5363
name_0__obj_cone__num_10__unit_inches__explicit_distance__closer__compact,1.2,closer_farther_initial_conditions,name_0__obj_cone__num_10__unit_inches__compact,explicit_distance,name_0__obj_cone__num_10__unit_inches__explicit_distance__closer,distance_compact,compact,explicit_distance_comparison,closer,Target1,name_0,Maya,obj_cone,cone,num_10,inches,unit_inches,word,name_0__obj_cone__num_10__explicit_distance__closer__compact,56,48,-8,8,True,False,person_relative_to_object,closer_farther_same_distance,"Maya's distance from the stationary cone: initially 56 inches, now 48 inches.",Maya is now closer to the cone than before.,Maya is now farther from the cone than before.,Maya is now at the same distance from the cone as before.,13,77,17,9,43,11,10,9,46,11,10,12,57,14,13,5364
name_0__obj_cone__num_10__unit_inches__explicit_distance__farther__compact,1.2,closer_farther_initial_conditions,name_0__obj_cone__num_10__unit_inches__compact,explicit_distance,name_0__obj_cone__num_10__unit_inches__explicit_distance__farther,distance_compact,compact,explicit_distance_comparison,farther,Target2,name_0,Maya,obj_cone,cone,num_10,inches,unit_inches,word,name_0__obj_cone__num_10__explicit_distance__farther__compact,56,64,8,8,True,False,person_relative_to_object,closer_farther_same_distance,"Maya's distance from the stationary cone: initially 56 inches, now 64 inches.",Maya is now closer to the cone than before.,Maya is now farther from the cone than before.,Maya is now at the same distance from the cone as before.,13,77,17,9,43,11,10,9,46,11,10,12,57,14,13,5365
name_0__obj_cone__num_10__unit_inches__explicit_distance__unchanged__compact,1.2,closer_farther_initial_conditions,name_0__obj_cone__num_10__unit_inches__compact,explicit_distance,name_0__obj_cone__num_10__unit_inches__explicit_distance__unchanged,distance_compact,compact,explicit_distance_comparison,unchanged,Target3,name_0,Maya,obj_cone,cone,num_10,inches,unit_inches,word,name_0__obj_cone__num_10__explicit_distance__unchanged__compact,56,56,0,0,True,False,person_relative_to_object,closer_farther_same_distance,"Maya's distance from the stationary cone: initially 56 inches, now 56 inches.",Maya is now closer to the cone than before.,Maya is now farther from the cone than before.,Maya is now at the same distance from the cone as before.,13,77,17,9,43,11,10,9,46,11,10,12,57,14,13,5366
name_0__obj_cone__num_10__unit_inches__explicit_distance__closer,1.2,closer_farther_initial_conditions,name_0__obj_cone__num_10__unit_inches,explicit_distance,name_0__obj_cone__num_10__unit_inches__explicit_distance__closer,distance_standard,standard,explicit_distance_comparison,closer,Target1,name_0,Maya,obj_cone,cone,num_10,inches,unit_inches,word,name_0__obj_cone__num_10__explicit_distance__closer,56,48,-8,8,True,False,person_relative_to_object,closer_farther_same_distance,Maya was 56 inches from a stationary cone. Maya is now 48 inches from the cone.,Maya is now closer to the cone than before.,Maya is now farther from the cone than before.,Maya is now at the same distance from the cone as before.,16,79,19,9,43,11,10,9,46,11,10,12,57,14,13,5367
name_0__obj_cone__num_10__unit_inches__explicit_distance__farther,1.2,closer_farther_initial_conditions,name_0__obj_cone__num_10__unit_inches,explicit_distance,name_0__obj_cone__num_10__unit_inches__explicit_distance__farther,distance_standard,standard,explicit_distance_comparison,farther,Target2,name_0,Maya,obj_cone,cone,num_10,inches,unit_inches,word,name_0__obj_cone__num_10__explicit_distance__farther,56,64,8,8,True,False,person_relative_to_object,closer_farther_same_distance,Maya was 56 inches from a stationary cone. Maya is now 64 inches from the cone.,Maya is now closer to the cone than before.,Maya is now farther from the cone than before.,Maya is now at the same distance from the cone as before.,16,79,19,9,43,11,10,9,46,11,10,12,57,14,13,5368
name_0__obj_cone__num_10__unit_inches__explicit_distance__unchanged,1.2,closer_farther_initial_conditions,name_0__obj_cone__num_10__unit_inches,explicit_distance,name_0__obj_cone__num_10__unit_inches__explicit_distance__unchanged,distance_standard,standard,explicit_distance_comparison,unchanged,Target3,name_0,Maya,obj_cone,cone,num_10,inches,unit_inches,word,name_0__obj_cone__num_10__explicit_distance__unchanged,56,56,0,0,True,False,person_relative_to_object,closer_farther_same_distance,Maya was 56 inches from a stationary cone. Maya is now 56 inches from the cone.,Maya is now closer to the cone than before.,Maya is now farther from the cone than before.,Maya is now at the same distance from the cone as before.,16,79,19,9,43,11,10,9,46,11,10,12,57,14,13,5369
name_0__obj_cone__num_10__unit_inches__explicit_distance__closer__expanded,1.2,closer_farther_initial_conditions,name_0__obj_cone__num_10__unit_inches__expanded,explicit_distance,name_0__obj_cone__num_10__unit_inches__explicit_distance__closer,distance_expanded,expanded,explicit_distance_comparison,closer,Target1,name_0,Maya,obj_cone,cone,num_10,inches,unit_inches,word,name_0__obj_cone__num_10__explicit_distance__closer__expanded,56,48,-8,8,True,False,person_relative_to_object,closer_farther_same_distance,"Initially, Maya was 56 inches from a cone that remained stationary. The distance between Maya and that cone is now 48 inches.",Maya is now closer to the cone than before.,Maya is now farther from the cone than before.,Maya is now at the same distance from the cone as before.,22,125,25,9,43,11,10,9,46,11,10,12,57,14,13,5370
name_0__obj_cone__num_10__unit_inches__explicit_distance__farther__expanded,1.2,closer_farther_initial_conditions,name_0__obj_cone__num_10__unit_inches__expanded,explicit_distance,name_0__obj_cone__num_10__unit_inches__explicit_distance__farther,distance_expanded,expanded,explicit_distance_comparison,farther,Target2,name_0,Maya,obj_cone,cone,num_10,inches,unit_inches,word,name_0__obj_cone__num_10__explicit_distance__farther__expanded,56,64,8,8,True,False,person_relative_to_object,closer_farther_same_distance,"Initially, Maya was 56 inches from a cone that remained stationary. The distance between Maya and that cone is now 64 inches.",Maya is now closer to the cone than before.,Maya is now farther from the cone than before.,Maya is now at the same distance from the cone as before.,22,125,25,9,43,11,10,9,46,11,10,12,57,14,13,5371
name_0__obj_cone__num_10__unit_inches__explicit_distance__unchanged__expanded,1.2,closer_farther_initial_conditions,name_0__obj_cone__num_10__unit_inches__expanded,explicit_distance,name_0__obj_cone__num_10__unit_inches__explicit_distance__unchanged,distance_expanded,expanded,explicit_distance_comparison,unchanged,Target3,name_0,Maya,obj_cone,cone,num_10,inches,unit_inches,word,name_0__obj_cone__num_10__explicit_distance__unchanged__expanded,56,56,0,0,True,False,person_relative_to_object,closer_farther_same_distance,"Initially, Maya was 56 inches from a cone that remained stationary. The distance between Maya and that cone is now 56 inches.",Maya is now closer to the cone than before.,Maya is now farther from the cone than before.,Maya is now at the same distance from the cone as before.,22,125,25,9,43,11,10,9,46,11,10,12,57,14,13,5372
name_0__obj_cone__num_10__unit_inches__movement_description__closer__compact,1.2,closer_farther_initial_conditions,name_0__obj_cone__num_10__unit_inches__compact,movement_description,name_0__obj_cone__num_10__unit_inches__movement_description__closer,movement_compact,compact,directed_movement_inference,closer,Target1,name_0,Maya,obj_cone,cone,num_10,inches,unit_inches,word,name_0__obj_cone__num_10__movement_description__closer__compact,56,48,-8,8,True,False,person_relative_to_object,closer_farther_same_distance,"Starting 56 inches from a stationary cone, Maya walked 8 inches directly toward it.",Maya is now closer to the cone than before.,Maya is now farther from the cone than before.,Maya is now at the same distance from the cone as before.,14,83,16,9,43,11,10,9,46,11,10,12,57,14,13,5373
name_0__obj_cone__num_10__unit_inches__movement_description__farther__compact,1.2,closer_farther_initial_conditions,name_0__obj_cone__num_10__unit_inches__compact,movement_description,name_0__obj_cone__num_10__unit_inches__movement_description__farther,movement_compact,compact,directed_movement_inference,farther,Target2,name_0,Maya,obj_cone,cone,num_10,inches,unit_inches,word,name_0__obj_cone__num_10__movement_description__farther__compact,56,64,8,8,True,False,person_relative_to_object,closer_farther_same_distance,"Starting 56 inches from a stationary cone, Maya walked 8 inches directly away from it.",Maya is now closer to the cone than before.,Maya is now farther from the cone than before.,Maya is now at the same distance from the cone as before.,15,86,17,9,43,11,10,9,46,11,10,12,57,14,13,5374
name_0__obj_cone__num_10__unit_inches__movement_description__closer,1.2,closer_farther_initial_conditions,name_0__obj_cone__num_10__unit_inches,movement_description,name_0__obj_cone__num_10__unit_inches__movement_description__closer,movement_standard,standard,directed_movement_inference,closer,Target1,name_0,Maya,obj_cone,cone,num_10,inches,unit_inches,word,name_0__obj_cone__num_10__movement_description__closer,56,48,-8,8,True,False,person_relative_to_object,closer_farther_same_distance,Maya was 56 inches from a stationary cone. Maya walked 8 inches directly toward the cone.,Maya is now closer to the cone than before.,Maya is now farther from the cone than before.,Maya is now at the same distance from the cone as before.,16,89,19,9,43,11,10,9,46,11,10,12,57,14,13,5375
name_0__obj_cone__num_10__unit_inches__movement_description__farther,1.2,closer_farther_initial_conditions,name_0__obj_cone__num_10__unit_inches,movement_description,name_0__obj_cone__num_10__unit_inches__movement_description__farther,movement_standard,standard,directed_movement_inference,farther,Target2,name_0,Maya,obj_cone,cone,num_10,inches,unit_inches,word,name_0__obj_cone__num_10__movement_description__farther,56,64,8,8,True,False,person_relative_to_object,closer_farther_same_distance,Maya was 56 inches from a stationary cone. Maya walked 8 inches directly away from the cone.,Maya is now closer to the cone than before.,Maya is now farther from the cone than before.,Maya is now at the same distance from the cone as before.,17,92,20,9,43,11,10,9,46,11,10,12,57,14,13,5376
name_0__obj_cone__num_10__unit_inches__movement_description__closer__expanded,1.2,closer_farther_initial_conditions,name_0__obj_cone__num_10__unit_inches__expanded,movement_description,name_0__obj_cone__num_10__unit_inches__movement_description__closer,movement_expanded,expanded,directed_movement_inference,closer,Target1,name_0,Maya,obj_cone,cone,num_10,inches,unit_inches,word,name_0__obj_cone__num_10__movement_description__closer__expanded,56,48,-8,8,True,False,person_relative_to_object,closer_farther_same_distance,"Initially, Maya was 56 inches from a cone that remained stationary. From that starting position, Maya walked 8 inches directly toward the cone.",Maya is now closer to the cone than before.,Maya is now farther from the cone than before.,Maya is now at the same distance from the cone as before.,23,143,27,9,43,11,10,9,46,11,10,12,57,14,13,5377
name_0__obj_cone__num_10__unit_inches__movement_description__farther__expanded,1.2,closer_farther_initial_conditions,name_0__obj_cone__num_10__unit_inches__expanded,movement_description,name_0__obj_cone__num_10__unit_inches__movement_description__farther,movement_expanded,expanded,directed_movement_inference,farther,Target2,name_0,Maya,obj_cone,cone,num_10,inches,unit_inches,word,name_0__obj_cone__num_10__movement_description__farther__expanded,56,64,8,8,True,False,person_relative_to_object,closer_farther_same_distance,"Initially, Maya was 56 inches from a cone that remained stationary. From that starting position, Maya walked 8 inches directly away from the cone.",Maya is now closer to the cone than before.,Maya is now farther from the cone than before.,Maya is now at the same distance from the cone as before.,24,146,28,9,43,11,10,9,46,11,10,12,57,14,13,5378
name_0__obj_cone__num_10__unit_inches__orientation_control__unchanged__compact,1.2,closer_farther_initial_conditions,name_0__obj_cone__num_10__unit_inches__compact,orientation_control,name_0__obj_cone__num_10__unit_inches__orientation_control__unchanged,orientation_compact,compact,rotation_without_translation_inference,unchanged,Target3,name_0,Maya,obj_cone,cone,num_10,inches,unit_inches,word,name_0__obj_cone__num_10__orientation_control__unchanged__compact,56,56,0,0,True,False,person_relative_to_object,closer_farther_same_distance,"Maya, 56 inches from a stationary cone, turned around in place.",Maya is now closer to the cone than before.,Maya is now farther from the cone than before.,Maya is now at the same distance from the cone as before.,11,63,15,9,43,11,10,9,46,11,10,12,57,14,13,5379
name_0__obj_cone__num_10__unit_inches__orientation_control__unchanged,1.2,closer_farther_initial_conditions,name_0__obj_cone__num_10__unit_inches,orientation_control,name_0__obj_cone__num_10__unit_inches__orientation_control__unchanged,orientation_standard,standard,rotation_without_translation_inference,unchanged,Target3,name_0,Maya,obj_cone,cone,num_10,inches,unit_inches,word,name_0__obj_cone__num_10__orientation_control__unchanged,56,56,0,0,True,False,person_relative_to_object,closer_farther_same_distance,Maya was 56 inches from a stationary cone. Maya turned around without changing position.,Maya is now closer to the cone than before.,Maya is now farther from the cone than before.,Maya is now at the same distance from the cone as before.,14,88,17,9,43,11,10,9,46,11,10,12,57,14,13,5380
name_0__obj_cone__num_10__unit_inches__orientation_control__unchanged__expanded,1.2,closer_farther_initial_conditions,name_0__obj_cone__num_10__unit_inches__expanded,orientation_control,name_0__obj_cone__num_10__unit_inches__orientation_control__unchanged,orientation_expanded,expanded,rotation_without_translation_inference,unchanged,Target3,name_0,Maya,obj_cone,cone,num_10,inches,unit_inches,word,name_0__obj_cone__num_10__orientation_control__unchanged__expanded,56,56,0,0,True,False,person_relative_to_object,closer_farther_same_distance,"Initially, Maya was 56 inches from a cone that remained stationary. Maya then turned to face the opposite direction, keeping both feet in the same place.",Maya is now closer to the cone than before.,Maya is now farther from the cone than before.,Maya is now at the same distance from the cone as before.,26,153,30,9,43,11,10,9,46,11,10,12,57,14,13,5381
name_0__obj_cone__num_11__unit_inches__explicit_distance__closer__compact,1.2,closer_farther_initial_conditions,name_0__obj_cone__num_11__unit_inches__compact,explicit_distance,name_0__obj_cone__num_11__unit_inches__explicit_distance__closer,distance_compact,compact,explicit_distance_comparison,closer,Target1,name_0,Maya,obj_cone,cone,num_11,inches,unit_inches,word,name_0__obj_cone__num_11__explicit_distance__closer__compact,32,9,-23,23,True,False,person_relative_to_object,closer_farther_same_distance,"Maya's distance from the stationary cone: initially 32 inches, now 9 inches.",Maya is now closer to the cone than before.,Maya is now farther from the cone than before.,Maya is now at the same distance from the cone as before.,13,76,17,9,43,11,10,9,46,11,10,12,57,14,13,5382
name_0__obj_cone__num_11__unit_inches__explicit_distance__farther__compact,1.2,closer_farther_initial_conditions,name_0__obj_cone__num_11__unit_inches__compact,explicit_distance,name_0__obj_cone__num_11__unit_inches__explicit_distance__farther,distance_compact,compact,explicit_distance_comparison,farther,Target2,name_0,Maya,obj_cone,cone,num_11,inches,unit_inches,word,name_0__obj_cone__num_11__explicit_distance__farther__compact,32,55,23,23,True,False,person_relative_to_object,closer_farther_same_distance,"Maya's distance from the stationary cone: initially 32 inches, now 55 inches.",Maya is now closer to the cone than before.,Maya is now farther from the cone than before.,Maya is now at the same distance from the cone as before.,13,77,17,9,43,11,10,9,46,11,10,12,57,14,13,5383
name_0__obj_cone__num_11__unit_inches__explicit_distance__unchanged__compact,1.2,closer_farther_initial_conditions,name_0__obj_cone__num_11__unit_inches__compact,explicit_distance,name_0__obj_cone__num_11__unit_inches__explicit_distance__unchanged,distance_compact,compact,explicit_distance_comparison,unchanged,Target3,name_0,Maya,obj_cone,cone,num_11,inches,unit_inches,word,name_0__obj_cone__num_11__explicit_distance__unchanged__compact,32,32,0,0,True,False,person_relative_to_object,closer_farther_same_distance,"Maya's distance from the stationary cone: initially 32 inches, now 32 inches.",Maya is now closer to the cone than before.,Maya is now farther from the cone than before.,Maya is now at the same distance from the cone as before.,13,77,17,9,43,11,10,9,46,11,10,12,57,14,13,5384
name_0__obj_cone__num_11__unit_inches__explicit_distance__closer,1.2,closer_farther_initial_conditions,name_0__obj_cone__num_11__unit_inches,explicit_distance,name_0__obj_cone__num_11__unit_inches__explicit_distance__closer,distance_standard,standard,explicit_distance_comparison,closer,Target1,name_0,Maya,obj_cone,cone,num_11,inches,unit_inches,word,name_0__obj_cone__num_11__explicit_distance__closer,32,9,-23,23,True,False,person_relative_to_object,closer_farther_same_distance,Maya was 32 inches from a stationary cone. Maya is now 9 inches from the cone.,Maya is now closer to the cone than before.,Maya is now farther from the cone than before.,Maya is now at the same distance from the cone as before.,16,78,19,9,43,11,10,9,46,11,10,12,57,14,13,5385
name_0__obj_cone__num_11__unit_inches__explicit_distance__farther,1.2,closer_farther_initial_conditions,name_0__obj_cone__num_11__unit_inches,explicit_distance,name_0__obj_cone__num_11__unit_inches__explicit_distance__farther,distance_standard,standard,explicit_distance_comparison,farther,Target2,name_0,Maya,obj_cone,cone,num_11,inches,unit_inches,word,name_0__obj_cone__num_11__explicit_distance__farther,32,55,23,23,True,False,person_relative_to_object,closer_farther_same_distance,Maya was 32 inches from a stationary cone. Maya is now 55 inches from the cone.,Maya is now closer to the cone than before.,Maya is now farther from the cone than before.,Maya is now at the same distance from the cone as before.,16,79,19,9,43,11,10,9,46,11,10,12,57,14,13,5386
name_0__obj_cone__num_11__unit_inches__explicit_distance__unchanged,1.2,closer_farther_initial_conditions,name_0__obj_cone__num_11__unit_inches,explicit_distance,name_0__obj_cone__num_11__unit_inches__explicit_distance__unchanged,distance_standard,standard,explicit_distance_comparison,unchanged,Target3,name_0,Maya,obj_cone,cone,num_11,inches,unit_inches,word,name_0__obj_cone__num_11__explicit_distance__unchanged,32,32,0,0,True,False,person_relative_to_object,closer_farther_same_distance,Maya was 32 inches from a stationary cone. Maya is now 32 inches from the cone.,Maya is now closer to the cone than before.,Maya is now farther from the cone than before.,Maya is now at the same distance from the cone as before.,16,79,19,9,43,11,10,9,46,11,10,12,57,14,13,5387
name_0__obj_cone__num_11__unit_inches__explicit_distance__closer__expanded,1.2,closer_farther_initial_conditions,name_0__obj_cone__num_11__unit_inches__expanded,explicit_distance,name_0__obj_cone__num_11__unit_inches__explicit_distance__closer,distance_expanded,expanded,explicit_distance_comparison,closer,Target1,name_0,Maya,obj_cone,cone,num_11,inches,unit_inches,word,name_0__obj_cone__num_11__explicit_distance__closer__expanded,32,9,-23,23,True,False,person_relative_to_object,closer_farther_same_distance,"Initially, Maya was 32 inches from a cone that remained stationary. The distance between Maya and that cone is now 9 inches.",Maya is now closer to the cone than before.,Maya is now farther from the cone than before.,Maya is now at the same distance from the cone as before.,22,124,25,9,43,11,10,9,46,11,10,12,57,14,13,5388
name_0__obj_cone__num_11__unit_inches__explicit_distance__farther__expanded,1.2,closer_farther_initial_conditions,name_0__obj_cone__num_11__unit_inches__expanded,explicit_distance,name_0__obj_cone__num_11__unit_inches__explicit_distance__farther,distance_expanded,expanded,explicit_distance_comparison,farther,Target2,name_0,Maya,obj_cone,cone,num_11,inches,unit_inches,word,name_0__obj_cone__num_11__explicit_distance__farther__expanded,32,55,23,23,True,False,person_relative_to_object,closer_farther_same_distance,"Initially, Maya was 32 inches from a cone that remained stationary. The distance between Maya and that cone is now 55 inches.",Maya is now closer to the cone than before.,Maya is now farther from the cone than before.,Maya is now at the same distance from the cone as before.,22,125,25,9,43,11,10,9,46,11,10,12,57,14,13,5389
name_0__obj_cone__num_11__unit_inches__explicit_distance__unchanged__expanded,1.2,closer_farther_initial_conditions,name_0__obj_cone__num_11__unit_inches__expanded,explicit_distance,name_0__obj_cone__num_11__unit_inches__explicit_distance__unchanged,distance_expanded,expanded,explicit_distance_comparison,unchanged,Target3,name_0,Maya,obj_cone,cone,num_11,inches,unit_inches,word,name_0__obj_cone__num_11__explicit_distance__unchanged__expanded,32,32,0,0,True,False,person_relative_to_object,closer_farther_same_distance,"Initially, Maya was 32 inches from a cone that remained stationary. The distance between Maya and that cone is now 32 inches.",Maya is now closer to the cone than before.,Maya is now farther from the cone than before.,Maya is now at the same distance from the cone as before.,22,125,25,9,43,11,10,9,46,11,10,12,57,14,13,5390
name_0__obj_cone__num_11__unit_inches__movement_description__closer__compact,1.2,closer_farther_initial_conditions,name_0__obj_cone__num_11__unit_inches__compact,movement_description,name_0__obj_cone__num_11__unit_inches__movement_description__closer,movement_compact,compact,directed_movement_inference,closer,Target1,name_0,Maya,obj_cone,cone,num_11,inches,unit_inches,word,name_0__obj_cone__num_11__movement_description__closer__compact,32,9,-23,23,True,False,person_relative_to_object,closer_farther_same_distance,"Starting 32 inches from a stationary cone, Maya walked 23 inches directly toward it.",Maya is now closer to the cone than before.,Maya is now farther from the cone than before.,Maya is now at the same distance from the cone as before.,14,84,16,9,43,11,10,9,46,11,10,12,57,14,13,5391
name_0__obj_cone__num_11__unit_inches__movement_description__farther__compact,1.2,closer_farther_initial_conditions,name_0__obj_cone__num_11__unit_inches__compact,movement_description,name_0__obj_cone__num_11__unit_inches__movement_description__farther,movement_compact,compact,directed_movement_inference,farther,Target2,name_0,Maya,obj_cone,cone,num_11,inches,unit_inches,word,name_0__obj_cone__num_11__movement_description__farther__compact,32,55,23,23,True,False,person_relative_to_object,closer_farther_same_distance,"Starting 32 inches from a stationary cone, Maya walked 23 inches directly away from it.",Maya is now closer to the cone than before.,Maya is now farther from the cone than before.,Maya is now at the same distance from the cone as before.,15,87,17,9,43,11,10,9,46,11,10,12,57,14,13,5392
name_0__obj_cone__num_11__unit_inches__movement_description__closer,1.2,closer_farther_initial_conditions,name_0__obj_cone__num_11__unit_inches,movement_description,name_0__obj_cone__num_11__unit_inches__movement_description__closer,movement_standard,standard,directed_movement_inference,closer,Target1,name_0,Maya,obj_cone,cone,num_11,inches,unit_inches,word,name_0__obj_cone__num_11__movement_description__closer,32,9,-23,23,True,False,person_relative_to_object,closer_farther_same_distance,Maya was 32 inches from a stationary cone. Maya walked 23 inches directly toward the cone.,Maya is now closer to the cone than before.,Maya is now farther from the cone than before.,Maya is now at the same distance from the cone as before.,16,90,19,9,43,11,10,9,46,11,10,12,57,14,13,5393
name_0__obj_cone__num_11__unit_inches__movement_description__farther,1.2,closer_farther_initial_conditions,name_0__obj_cone__num_11__unit_inches,movement_description,name_0__obj_cone__num_11__unit_inches__movement_description__farther,movement_standard,standard,directed_movement_inference,farther,Target2,name_0,Maya,obj_cone,cone,num_11,inches,unit_inches,word,name_0__obj_cone__num_11__movement_description__farther,32,55,23,23,True,False,person_relative_to_object,closer_farther_same_distance,Maya was 32 inches from a stationary cone. Maya walked 23 inches directly away from the cone.,Maya is now closer to the cone than before.,Maya is now farther from the cone than before.,Maya is now at the same distance from the cone as before.,17,93,20,9,43,11,10,9,46,11,10,12,57,14,13,5394
name_0__obj_cone__num_11__unit_inches__movement_description__closer__expanded,1.2,closer_farther_initial_conditions,name_0__obj_cone__num_11__unit_inches__expanded,movement_description,name_0__obj_cone__num_11__unit_inches__movement_description__closer,movement_expanded,expanded,directed_movement_inference,closer,Target1,name_0,Maya,obj_cone,cone,num_11,inches,unit_inches,word,name_0__obj_cone__num_11__movement_description__closer__expanded,32,9,-23,23,True,False,person_relative_to_object,closer_farther_same_distance,"Initially, Maya was 32 inches from a cone that remained stationary. From that starting position, Maya walked 23 inches directly toward the cone.",Maya is now closer to the cone than before.,Maya is now farther from the cone than before.,Maya is now at the same distance from the cone as before.,23,144,27,9,43,11,10,9,46,11,10,12,57,14,13,5395
name_0__obj_cone__num_11__unit_inches__movement_description__farther__expanded,1.2,closer_farther_initial_conditions,name_0__obj_cone__num_11__unit_inches__expanded,movement_description,name_0__obj_cone__num_11__unit_inches__movement_description__farther,movement_expanded,expanded,directed_movement_inference,farther,Target2,name_0,Maya,obj_cone,cone,num_11,inches,unit_inches,word,name_0__obj_cone__num_11__movement_description__farther__expanded,32,55,23,23,True,False,person_relative_to_object,closer_farther_same_distance,"Initially, Maya was 32 inches from a cone that remained stationary. From that starting position, Maya walked 23 inches directly away from the cone.",Maya is now closer to the cone than before.,Maya is now farther from the cone than before.,Maya is now at the same distance from the cone as before.,24,147,28,9,43,11,10,9,46,11,10,12,57,14,13,5396
name_0__obj_cone__num_11__unit_inches__orientation_control__unchanged__compact,1.2,closer_farther_initial_conditions,name_0__obj_cone__num_11__unit_inches__compact,orientation_control,name_0__obj_cone__num_11__unit_inches__orientation_control__unchanged,orientation_compact,compact,rotation_without_translation_inference,unchanged,Target3,name_0,Maya,obj_cone,cone,num_11,inches,unit_inches,word,name_0__obj_cone__num_11__orientation_control__unchanged__compact,32,32,0,0,True,False,person_relative_to_object,closer_farther_same_distance,"Maya, 32 inches from a stationary cone, turned around in place.",Maya is now closer to the cone than before.,Maya is now farther from the cone than before.,Maya is now at the same distance from the cone as before.,11,63,15,9,43,11,10,9,46,11,10,12,57,14,13,5397
name_0__obj_cone__num_11__unit_inches__orientation_control__unchanged,1.2,closer_farther_initial_conditions,name_0__obj_cone__num_11__unit_inches,orientation_control,name_0__obj_cone__num_11__unit_inches__orientation_control__unchanged,orientation_standard,standard,rotation_without_translation_inference,unchanged,Target3,name_0,Maya,obj_cone,cone,num_11,inches,unit_inches,word,name_0__obj_cone__num_11__orientation_control__unchanged,32,32,0,0,True,False,person_relative_to_object,closer_farther_same_distance,Maya was 32 inches from a stationary cone. Maya turned around without changing position.,Maya is now closer to the cone than before.,Maya is now farther from the cone than before.,Maya is now at the same distance from the cone as before.,14,88,17,9,43,11,10,9,46,11,10,12,57,14,13,5398
name_0__obj_cone__num_11__unit_inches__orientation_control__unchanged__expanded,1.2,closer_farther_initial_conditions,name_0__obj_cone__num_11__unit_inches__expanded,orientation_control,name_0__obj_cone__num_11__unit_inches__orientation_control__unchanged,orientation_expanded,expanded,rotation_without_translation_inference,unchanged,Target3,name_0,Maya,obj_cone,cone,num_11,inches,unit_inches,word,name_0__obj_cone__num_11__orientation_control__unchanged__expanded,32,32,0,0,True,False,person_relative_to_object,closer_farther_same_distance,"Initially, Maya was 32 inches from a cone that remained stationary. Maya then turned to face the opposite direction, keeping both feet in the same place.",Maya is now closer to the cone than before.,Maya is now farther from the cone than before.,Maya is now at the same distance from the cone as before.,26,153,30,9,43,11,10,9,46,11,10,12,57,14,13,5399
