reference_probe_id,variant_probe_id,control,scene_id,context_structure,target_order
shared_control__name_0__obj_ball__direct_label__person_first,between_feet__name_0__obj_ball__physical_placement__person_first,evidence_from_direct_label,between_feet,object_subject,person_first
shared_control__name_0__obj_ball__proximity_paraphrase__person_first,between_feet__name_0__obj_ball__physical_placement__person_first,evidence_from_proximity_paraphrase,between_feet,object_subject,person_first
shared_control__name_0__obj_ball__direct_label__object_first,between_feet__name_0__obj_ball__physical_placement__object_first,evidence_from_direct_label,between_feet,object_subject,object_first
shared_control__name_0__obj_ball__proximity_paraphrase__object_first,between_feet__name_0__obj_ball__physical_placement__object_first,evidence_from_proximity_paraphrase,between_feet,object_subject,object_first
between_feet__name_0__obj_ball__physical_placement__person_first,between_feet__name_0__obj_ball__physical_placement__object_first,target_order,between_feet,object_subject,object_first
shared_control__name_0__obj_ball__direct_label__person_first,between_feet__name_0__obj_ball__physical_placement_fronted__person_first,evidence_from_direct_label,between_feet,fronted_location,person_first
shared_control__name_0__obj_ball__proximity_paraphrase__person_first,between_feet__name_0__obj_ball__physical_placement_fronted__person_first,evidence_from_proximity_paraphrase,between_feet,fronted_location,person_first
between_feet__name_0__obj_ball__physical_placement__person_first,between_feet__name_0__obj_ball__physical_placement_fronted__person_first,context_order,between_feet,fronted_location,person_first
shared_control__name_0__obj_ball__direct_label__object_first,between_feet__name_0__obj_ball__physical_placement_fronted__object_first,evidence_from_direct_label,between_feet,fronted_location,object_first
shared_control__name_0__obj_ball__proximity_paraphrase__object_first,between_feet__name_0__obj_ball__physical_placement_fronted__object_first,evidence_from_proximity_paraphrase,between_feet,fronted_location,object_first
between_feet__name_0__obj_ball__physical_placement__object_first,between_feet__name_0__obj_ball__physical_placement_fronted__object_first,context_order,between_feet,fronted_location,object_first
between_feet__name_0__obj_ball__physical_placement_fronted__person_first,between_feet__name_0__obj_ball__physical_placement_fronted__object_first,target_order,between_feet,fronted_location,object_first
shared_control__name_0__obj_ball__direct_label__person_first,between_feet__name_0__obj_ball__physical_placement_person_subject__person_first,evidence_from_direct_label,between_feet,person_subject,person_first
shared_control__name_0__obj_ball__proximity_paraphrase__person_first,between_feet__name_0__obj_ball__physical_placement_person_subject__person_first,evidence_from_proximity_paraphrase,between_feet,person_subject,person_first
between_feet__name_0__obj_ball__physical_placement__person_first,between_feet__name_0__obj_ball__physical_placement_person_subject__person_first,context_order,between_feet,person_subject,person_first
shared_control__name_0__obj_ball__direct_label__object_first,between_feet__name_0__obj_ball__physical_placement_person_subject__object_first,evidence_from_direct_label,between_feet,person_subject,object_first
shared_control__name_0__obj_ball__proximity_paraphrase__object_first,between_feet__name_0__obj_ball__physical_placement_person_subject__object_first,evidence_from_proximity_paraphrase,between_feet,person_subject,object_first
between_feet__name_0__obj_ball__physical_placement__object_first,between_feet__name_0__obj_ball__physical_placement_person_subject__object_first,context_order,between_feet,person_subject,object_first
between_feet__name_0__obj_ball__physical_placement_person_subject__person_first,between_feet__name_0__obj_ball__physical_placement_person_subject__object_first,target_order,between_feet,person_subject,object_first
shared_control__name_0__obj_bag__direct_label__person_first,between_feet__name_0__obj_bag__physical_placement__person_first,evidence_from_direct_label,between_feet,object_subject,person_first
shared_control__name_0__obj_bag__proximity_paraphrase__person_first,between_feet__name_0__obj_bag__physical_placement__person_first,evidence_from_proximity_paraphrase,between_feet,object_subject,person_first
shared_control__name_0__obj_bag__direct_label__object_first,between_feet__name_0__obj_bag__physical_placement__object_first,evidence_from_direct_label,between_feet,object_subject,object_first
shared_control__name_0__obj_bag__proximity_paraphrase__object_first,between_feet__name_0__obj_bag__physical_placement__object_first,evidence_from_proximity_paraphrase,between_feet,object_subject,object_first
between_feet__name_0__obj_bag__physical_placement__person_first,between_feet__name_0__obj_bag__physical_placement__object_first,target_order,between_feet,object_subject,object_first
shared_control__name_0__obj_bag__direct_label__person_first,between_feet__name_0__obj_bag__physical_placement_fronted__person_first,evidence_from_direct_label,between_feet,fronted_location,person_first
shared_control__name_0__obj_bag__proximity_paraphrase__person_first,between_feet__name_0__obj_bag__physical_placement_fronted__person_first,evidence_from_proximity_paraphrase,between_feet,fronted_location,person_first
between_feet__name_0__obj_bag__physical_placement__person_first,between_feet__name_0__obj_bag__physical_placement_fronted__person_first,context_order,between_feet,fronted_location,person_first
shared_control__name_0__obj_bag__direct_label__object_first,between_feet__name_0__obj_bag__physical_placement_fronted__object_first,evidence_from_direct_label,between_feet,fronted_location,object_first
shared_control__name_0__obj_bag__proximity_paraphrase__object_first,between_feet__name_0__obj_bag__physical_placement_fronted__object_first,evidence_from_proximity_paraphrase,between_feet,fronted_location,object_first
between_feet__name_0__obj_bag__physical_placement__object_first,between_feet__name_0__obj_bag__physical_placement_fronted__object_first,context_order,between_feet,fronted_location,object_first
between_feet__name_0__obj_bag__physical_placement_fronted__person_first,between_feet__name_0__obj_bag__physical_placement_fronted__object_first,target_order,between_feet,fronted_location,object_first
shared_control__name_0__obj_bag__direct_label__person_first,between_feet__name_0__obj_bag__physical_placement_person_subject__person_first,evidence_from_direct_label,between_feet,person_subject,person_first
shared_control__name_0__obj_bag__proximity_paraphrase__person_first,between_feet__name_0__obj_bag__physical_placement_person_subject__person_first,evidence_from_proximity_paraphrase,between_feet,person_subject,person_first
between_feet__name_0__obj_bag__physical_placement__person_first,between_feet__name_0__obj_bag__physical_placement_person_subject__person_first,context_order,between_feet,person_subject,person_first
shared_control__name_0__obj_bag__direct_label__object_first,between_feet__name_0__obj_bag__physical_placement_person_subject__object_first,evidence_from_direct_label,between_feet,person_subject,object_first
shared_control__name_0__obj_bag__proximity_paraphrase__object_first,between_feet__name_0__obj_bag__physical_placement_person_subject__object_first,evidence_from_proximity_paraphrase,between_feet,person_subject,object_first
between_feet__name_0__obj_bag__physical_placement__object_first,between_feet__name_0__obj_bag__physical_placement_person_subject__object_first,context_order,between_feet,person_subject,object_first
between_feet__name_0__obj_bag__physical_placement_person_subject__person_first,between_feet__name_0__obj_bag__physical_placement_person_subject__object_first,target_order,between_feet,person_subject,object_first
shared_control__name_0__obj_book__direct_label__person_first,between_feet__name_0__obj_book__physical_placement__person_first,evidence_from_direct_label,between_feet,object_subject,person_first
shared_control__name_0__obj_book__proximity_paraphrase__person_first,between_feet__name_0__obj_book__physical_placement__person_first,evidence_from_proximity_paraphrase,between_feet,object_subject,person_first
shared_control__name_0__obj_book__direct_label__object_first,between_feet__name_0__obj_book__physical_placement__object_first,evidence_from_direct_label,between_feet,object_subject,object_first
shared_control__name_0__obj_book__proximity_paraphrase__object_first,between_feet__name_0__obj_book__physical_placement__object_first,evidence_from_proximity_paraphrase,between_feet,object_subject,object_first
between_feet__name_0__obj_book__physical_placement__person_first,between_feet__name_0__obj_book__physical_placement__object_first,target_order,between_feet,object_subject,object_first
shared_control__name_0__obj_book__direct_label__person_first,between_feet__name_0__obj_book__physical_placement_fronted__person_first,evidence_from_direct_label,between_feet,fronted_location,person_first
shared_control__name_0__obj_book__proximity_paraphrase__person_first,between_feet__name_0__obj_book__physical_placement_fronted__person_first,evidence_from_proximity_paraphrase,between_feet,fronted_location,person_first
between_feet__name_0__obj_book__physical_placement__person_first,between_feet__name_0__obj_book__physical_placement_fronted__person_first,context_order,between_feet,fronted_location,person_first
shared_control__name_0__obj_book__direct_label__object_first,between_feet__name_0__obj_book__physical_placement_fronted__object_first,evidence_from_direct_label,between_feet,fronted_location,object_first
shared_control__name_0__obj_book__proximity_paraphrase__object_first,between_feet__name_0__obj_book__physical_placement_fronted__object_first,evidence_from_proximity_paraphrase,between_feet,fronted_location,object_first
between_feet__name_0__obj_book__physical_placement__object_first,between_feet__name_0__obj_book__physical_placement_fronted__object_first,context_order,between_feet,fronted_location,object_first
between_feet__name_0__obj_book__physical_placement_fronted__person_first,between_feet__name_0__obj_book__physical_placement_fronted__object_first,target_order,between_feet,fronted_location,object_first
shared_control__name_0__obj_book__direct_label__person_first,between_feet__name_0__obj_book__physical_placement_person_subject__person_first,evidence_from_direct_label,between_feet,person_subject,person_first
shared_control__name_0__obj_book__proximity_paraphrase__person_first,between_feet__name_0__obj_book__physical_placement_person_subject__person_first,evidence_from_proximity_paraphrase,between_feet,person_subject,person_first
between_feet__name_0__obj_book__physical_placement__person_first,between_feet__name_0__obj_book__physical_placement_person_subject__person_first,context_order,between_feet,person_subject,person_first
shared_control__name_0__obj_book__direct_label__object_first,between_feet__name_0__obj_book__physical_placement_person_subject__object_first,evidence_from_direct_label,between_feet,person_subject,object_first
shared_control__name_0__obj_book__proximity_paraphrase__object_first,between_feet__name_0__obj_book__physical_placement_person_subject__object_first,evidence_from_proximity_paraphrase,between_feet,person_subject,object_first
between_feet__name_0__obj_book__physical_placement__object_first,between_feet__name_0__obj_book__physical_placement_person_subject__object_first,context_order,between_feet,person_subject,object_first
between_feet__name_0__obj_book__physical_placement_person_subject__person_first,between_feet__name_0__obj_book__physical_placement_person_subject__object_first,target_order,between_feet,person_subject,object_first
shared_control__name_0__obj_cone__direct_label__person_first,between_feet__name_0__obj_cone__physical_placement__person_first,evidence_from_direct_label,between_feet,object_subject,person_first
shared_control__name_0__obj_cone__proximity_paraphrase__person_first,between_feet__name_0__obj_cone__physical_placement__person_first,evidence_from_proximity_paraphrase,between_feet,object_subject,person_first
shared_control__name_0__obj_cone__direct_label__object_first,between_feet__name_0__obj_cone__physical_placement__object_first,evidence_from_direct_label,between_feet,object_subject,object_first
shared_control__name_0__obj_cone__proximity_paraphrase__object_first,between_feet__name_0__obj_cone__physical_placement__object_first,evidence_from_proximity_paraphrase,between_feet,object_subject,object_first
between_feet__name_0__obj_cone__physical_placement__person_first,between_feet__name_0__obj_cone__physical_placement__object_first,target_order,between_feet,object_subject,object_first
shared_control__name_0__obj_cone__direct_label__person_first,between_feet__name_0__obj_cone__physical_placement_fronted__person_first,evidence_from_direct_label,between_feet,fronted_location,person_first
shared_control__name_0__obj_cone__proximity_paraphrase__person_first,between_feet__name_0__obj_cone__physical_placement_fronted__person_first,evidence_from_proximity_paraphrase,between_feet,fronted_location,person_first
between_feet__name_0__obj_cone__physical_placement__person_first,between_feet__name_0__obj_cone__physical_placement_fronted__person_first,context_order,between_feet,fronted_location,person_first
shared_control__name_0__obj_cone__direct_label__object_first,between_feet__name_0__obj_cone__physical_placement_fronted__object_first,evidence_from_direct_label,between_feet,fronted_location,object_first
shared_control__name_0__obj_cone__proximity_paraphrase__object_first,between_feet__name_0__obj_cone__physical_placement_fronted__object_first,evidence_from_proximity_paraphrase,between_feet,fronted_location,object_first
between_feet__name_0__obj_cone__physical_placement__object_first,between_feet__name_0__obj_cone__physical_placement_fronted__object_first,context_order,between_feet,fronted_location,object_first
between_feet__name_0__obj_cone__physical_placement_fronted__person_first,between_feet__name_0__obj_cone__physical_placement_fronted__object_first,target_order,between_feet,fronted_location,object_first
shared_control__name_0__obj_cone__direct_label__person_first,between_feet__name_0__obj_cone__physical_placement_person_subject__person_first,evidence_from_direct_label,between_feet,person_subject,person_first
shared_control__name_0__obj_cone__proximity_paraphrase__person_first,between_feet__name_0__obj_cone__physical_placement_person_subject__person_first,evidence_from_proximity_paraphrase,between_feet,person_subject,person_first
between_feet__name_0__obj_cone__physical_placement__person_first,between_feet__name_0__obj_cone__physical_placement_person_subject__person_first,context_order,between_feet,person_subject,person_first
shared_control__name_0__obj_cone__direct_label__object_first,between_feet__name_0__obj_cone__physical_placement_person_subject__object_first,evidence_from_direct_label,between_feet,person_subject,object_first
shared_control__name_0__obj_cone__proximity_paraphrase__object_first,between_feet__name_0__obj_cone__physical_placement_person_subject__object_first,evidence_from_proximity_paraphrase,between_feet,person_subject,object_first
between_feet__name_0__obj_cone__physical_placement__object_first,between_feet__name_0__obj_cone__physical_placement_person_subject__object_first,context_order,between_feet,person_subject,object_first
between_feet__name_0__obj_cone__physical_placement_person_subject__person_first,between_feet__name_0__obj_cone__physical_placement_person_subject__object_first,target_order,between_feet,person_subject,object_first
shared_control__name_1__obj_ball__direct_label__person_first,between_feet__name_1__obj_ball__physical_placement__person_first,evidence_from_direct_label,between_feet,object_subject,person_first
shared_control__name_1__obj_ball__proximity_paraphrase__person_first,between_feet__name_1__obj_ball__physical_placement__person_first,evidence_from_proximity_paraphrase,between_feet,object_subject,person_first
shared_control__name_1__obj_ball__direct_label__object_first,between_feet__name_1__obj_ball__physical_placement__object_first,evidence_from_direct_label,between_feet,object_subject,object_first
shared_control__name_1__obj_ball__proximity_paraphrase__object_first,between_feet__name_1__obj_ball__physical_placement__object_first,evidence_from_proximity_paraphrase,between_feet,object_subject,object_first
between_feet__name_1__obj_ball__physical_placement__person_first,between_feet__name_1__obj_ball__physical_placement__object_first,target_order,between_feet,object_subject,object_first
shared_control__name_1__obj_ball__direct_label__person_first,between_feet__name_1__obj_ball__physical_placement_fronted__person_first,evidence_from_direct_label,between_feet,fronted_location,person_first
shared_control__name_1__obj_ball__proximity_paraphrase__person_first,between_feet__name_1__obj_ball__physical_placement_fronted__person_first,evidence_from_proximity_paraphrase,between_feet,fronted_location,person_first
between_feet__name_1__obj_ball__physical_placement__person_first,between_feet__name_1__obj_ball__physical_placement_fronted__person_first,context_order,between_feet,fronted_location,person_first
shared_control__name_1__obj_ball__direct_label__object_first,between_feet__name_1__obj_ball__physical_placement_fronted__object_first,evidence_from_direct_label,between_feet,fronted_location,object_first
shared_control__name_1__obj_ball__proximity_paraphrase__object_first,between_feet__name_1__obj_ball__physical_placement_fronted__object_first,evidence_from_proximity_paraphrase,between_feet,fronted_location,object_first
between_feet__name_1__obj_ball__physical_placement__object_first,between_feet__name_1__obj_ball__physical_placement_fronted__object_first,context_order,between_feet,fronted_location,object_first
between_feet__name_1__obj_ball__physical_placement_fronted__person_first,between_feet__name_1__obj_ball__physical_placement_fronted__object_first,target_order,between_feet,fronted_location,object_first
shared_control__name_1__obj_ball__direct_label__person_first,between_feet__name_1__obj_ball__physical_placement_person_subject__person_first,evidence_from_direct_label,between_feet,person_subject,person_first
shared_control__name_1__obj_ball__proximity_paraphrase__person_first,between_feet__name_1__obj_ball__physical_placement_person_subject__person_first,evidence_from_proximity_paraphrase,between_feet,person_subject,person_first
between_feet__name_1__obj_ball__physical_placement__person_first,between_feet__name_1__obj_ball__physical_placement_person_subject__person_first,context_order,between_feet,person_subject,person_first
shared_control__name_1__obj_ball__direct_label__object_first,between_feet__name_1__obj_ball__physical_placement_person_subject__object_first,evidence_from_direct_label,between_feet,person_subject,object_first
shared_control__name_1__obj_ball__proximity_paraphrase__object_first,between_feet__name_1__obj_ball__physical_placement_person_subject__object_first,evidence_from_proximity_paraphrase,between_feet,person_subject,object_first
between_feet__name_1__obj_ball__physical_placement__object_first,between_feet__name_1__obj_ball__physical_placement_person_subject__object_first,context_order,between_feet,person_subject,object_first
between_feet__name_1__obj_ball__physical_placement_person_subject__person_first,between_feet__name_1__obj_ball__physical_placement_person_subject__object_first,target_order,between_feet,person_subject,object_first
shared_control__name_1__obj_bag__direct_label__person_first,between_feet__name_1__obj_bag__physical_placement__person_first,evidence_from_direct_label,between_feet,object_subject,person_first
shared_control__name_1__obj_bag__proximity_paraphrase__person_first,between_feet__name_1__obj_bag__physical_placement__person_first,evidence_from_proximity_paraphrase,between_feet,object_subject,person_first
shared_control__name_1__obj_bag__direct_label__object_first,between_feet__name_1__obj_bag__physical_placement__object_first,evidence_from_direct_label,between_feet,object_subject,object_first
shared_control__name_1__obj_bag__proximity_paraphrase__object_first,between_feet__name_1__obj_bag__physical_placement__object_first,evidence_from_proximity_paraphrase,between_feet,object_subject,object_first
between_feet__name_1__obj_bag__physical_placement__person_first,between_feet__name_1__obj_bag__physical_placement__object_first,target_order,between_feet,object_subject,object_first
shared_control__name_1__obj_bag__direct_label__person_first,between_feet__name_1__obj_bag__physical_placement_fronted__person_first,evidence_from_direct_label,between_feet,fronted_location,person_first
shared_control__name_1__obj_bag__proximity_paraphrase__person_first,between_feet__name_1__obj_bag__physical_placement_fronted__person_first,evidence_from_proximity_paraphrase,between_feet,fronted_location,person_first
between_feet__name_1__obj_bag__physical_placement__person_first,between_feet__name_1__obj_bag__physical_placement_fronted__person_first,context_order,between_feet,fronted_location,person_first
shared_control__name_1__obj_bag__direct_label__object_first,between_feet__name_1__obj_bag__physical_placement_fronted__object_first,evidence_from_direct_label,between_feet,fronted_location,object_first
shared_control__name_1__obj_bag__proximity_paraphrase__object_first,between_feet__name_1__obj_bag__physical_placement_fronted__object_first,evidence_from_proximity_paraphrase,between_feet,fronted_location,object_first
between_feet__name_1__obj_bag__physical_placement__object_first,between_feet__name_1__obj_bag__physical_placement_fronted__object_first,context_order,between_feet,fronted_location,object_first
between_feet__name_1__obj_bag__physical_placement_fronted__person_first,between_feet__name_1__obj_bag__physical_placement_fronted__object_first,target_order,between_feet,fronted_location,object_first
shared_control__name_1__obj_bag__direct_label__person_first,between_feet__name_1__obj_bag__physical_placement_person_subject__person_first,evidence_from_direct_label,between_feet,person_subject,person_first
shared_control__name_1__obj_bag__proximity_paraphrase__person_first,between_feet__name_1__obj_bag__physical_placement_person_subject__person_first,evidence_from_proximity_paraphrase,between_feet,person_subject,person_first
between_feet__name_1__obj_bag__physical_placement__person_first,between_feet__name_1__obj_bag__physical_placement_person_subject__person_first,context_order,between_feet,person_subject,person_first
shared_control__name_1__obj_bag__direct_label__object_first,between_feet__name_1__obj_bag__physical_placement_person_subject__object_first,evidence_from_direct_label,between_feet,person_subject,object_first
shared_control__name_1__obj_bag__proximity_paraphrase__object_first,between_feet__name_1__obj_bag__physical_placement_person_subject__object_first,evidence_from_proximity_paraphrase,between_feet,person_subject,object_first
between_feet__name_1__obj_bag__physical_placement__object_first,between_feet__name_1__obj_bag__physical_placement_person_subject__object_first,context_order,between_feet,person_subject,object_first
between_feet__name_1__obj_bag__physical_placement_person_subject__person_first,between_feet__name_1__obj_bag__physical_placement_person_subject__object_first,target_order,between_feet,person_subject,object_first
shared_control__name_1__obj_book__direct_label__person_first,between_feet__name_1__obj_book__physical_placement__person_first,evidence_from_direct_label,between_feet,object_subject,person_first
shared_control__name_1__obj_book__proximity_paraphrase__person_first,between_feet__name_1__obj_book__physical_placement__person_first,evidence_from_proximity_paraphrase,between_feet,object_subject,person_first
shared_control__name_1__obj_book__direct_label__object_first,between_feet__name_1__obj_book__physical_placement__object_first,evidence_from_direct_label,between_feet,object_subject,object_first
shared_control__name_1__obj_book__proximity_paraphrase__object_first,between_feet__name_1__obj_book__physical_placement__object_first,evidence_from_proximity_paraphrase,between_feet,object_subject,object_first
between_feet__name_1__obj_book__physical_placement__person_first,between_feet__name_1__obj_book__physical_placement__object_first,target_order,between_feet,object_subject,object_first
shared_control__name_1__obj_book__direct_label__person_first,between_feet__name_1__obj_book__physical_placement_fronted__person_first,evidence_from_direct_label,between_feet,fronted_location,person_first
shared_control__name_1__obj_book__proximity_paraphrase__person_first,between_feet__name_1__obj_book__physical_placement_fronted__person_first,evidence_from_proximity_paraphrase,between_feet,fronted_location,person_first
between_feet__name_1__obj_book__physical_placement__person_first,between_feet__name_1__obj_book__physical_placement_fronted__person_first,context_order,between_feet,fronted_location,person_first
shared_control__name_1__obj_book__direct_label__object_first,between_feet__name_1__obj_book__physical_placement_fronted__object_first,evidence_from_direct_label,between_feet,fronted_location,object_first
shared_control__name_1__obj_book__proximity_paraphrase__object_first,between_feet__name_1__obj_book__physical_placement_fronted__object_first,evidence_from_proximity_paraphrase,between_feet,fronted_location,object_first
between_feet__name_1__obj_book__physical_placement__object_first,between_feet__name_1__obj_book__physical_placement_fronted__object_first,context_order,between_feet,fronted_location,object_first
between_feet__name_1__obj_book__physical_placement_fronted__person_first,between_feet__name_1__obj_book__physical_placement_fronted__object_first,target_order,between_feet,fronted_location,object_first
shared_control__name_1__obj_book__direct_label__person_first,between_feet__name_1__obj_book__physical_placement_person_subject__person_first,evidence_from_direct_label,between_feet,person_subject,person_first
shared_control__name_1__obj_book__proximity_paraphrase__person_first,between_feet__name_1__obj_book__physical_placement_person_subject__person_first,evidence_from_proximity_paraphrase,between_feet,person_subject,person_first
between_feet__name_1__obj_book__physical_placement__person_first,between_feet__name_1__obj_book__physical_placement_person_subject__person_first,context_order,between_feet,person_subject,person_first
shared_control__name_1__obj_book__direct_label__object_first,between_feet__name_1__obj_book__physical_placement_person_subject__object_first,evidence_from_direct_label,between_feet,person_subject,object_first
shared_control__name_1__obj_book__proximity_paraphrase__object_first,between_feet__name_1__obj_book__physical_placement_person_subject__object_first,evidence_from_proximity_paraphrase,between_feet,person_subject,object_first
between_feet__name_1__obj_book__physical_placement__object_first,between_feet__name_1__obj_book__physical_placement_person_subject__object_first,context_order,between_feet,person_subject,object_first
between_feet__name_1__obj_book__physical_placement_person_subject__person_first,between_feet__name_1__obj_book__physical_placement_person_subject__object_first,target_order,between_feet,person_subject,object_first
shared_control__name_1__obj_cone__direct_label__person_first,between_feet__name_1__obj_cone__physical_placement__person_first,evidence_from_direct_label,between_feet,object_subject,person_first
shared_control__name_1__obj_cone__proximity_paraphrase__person_first,between_feet__name_1__obj_cone__physical_placement__person_first,evidence_from_proximity_paraphrase,between_feet,object_subject,person_first
shared_control__name_1__obj_cone__direct_label__object_first,between_feet__name_1__obj_cone__physical_placement__object_first,evidence_from_direct_label,between_feet,object_subject,object_first
shared_control__name_1__obj_cone__proximity_paraphrase__object_first,between_feet__name_1__obj_cone__physical_placement__object_first,evidence_from_proximity_paraphrase,between_feet,object_subject,object_first
between_feet__name_1__obj_cone__physical_placement__person_first,between_feet__name_1__obj_cone__physical_placement__object_first,target_order,between_feet,object_subject,object_first
shared_control__name_1__obj_cone__direct_label__person_first,between_feet__name_1__obj_cone__physical_placement_fronted__person_first,evidence_from_direct_label,between_feet,fronted_location,person_first
shared_control__name_1__obj_cone__proximity_paraphrase__person_first,between_feet__name_1__obj_cone__physical_placement_fronted__person_first,evidence_from_proximity_paraphrase,between_feet,fronted_location,person_first
between_feet__name_1__obj_cone__physical_placement__person_first,between_feet__name_1__obj_cone__physical_placement_fronted__person_first,context_order,between_feet,fronted_location,person_first
shared_control__name_1__obj_cone__direct_label__object_first,between_feet__name_1__obj_cone__physical_placement_fronted__object_first,evidence_from_direct_label,between_feet,fronted_location,object_first
shared_control__name_1__obj_cone__proximity_paraphrase__object_first,between_feet__name_1__obj_cone__physical_placement_fronted__object_first,evidence_from_proximity_paraphrase,between_feet,fronted_location,object_first
between_feet__name_1__obj_cone__physical_placement__object_first,between_feet__name_1__obj_cone__physical_placement_fronted__object_first,context_order,between_feet,fronted_location,object_first
between_feet__name_1__obj_cone__physical_placement_fronted__person_first,between_feet__name_1__obj_cone__physical_placement_fronted__object_first,target_order,between_feet,fronted_location,object_first
shared_control__name_1__obj_cone__direct_label__person_first,between_feet__name_1__obj_cone__physical_placement_person_subject__person_first,evidence_from_direct_label,between_feet,person_subject,person_first
shared_control__name_1__obj_cone__proximity_paraphrase__person_first,between_feet__name_1__obj_cone__physical_placement_person_subject__person_first,evidence_from_proximity_paraphrase,between_feet,person_subject,person_first
between_feet__name_1__obj_cone__physical_placement__person_first,between_feet__name_1__obj_cone__physical_placement_person_subject__person_first,context_order,between_feet,person_subject,person_first
shared_control__name_1__obj_cone__direct_label__object_first,between_feet__name_1__obj_cone__physical_placement_person_subject__object_first,evidence_from_direct_label,between_feet,person_subject,object_first
shared_control__name_1__obj_cone__proximity_paraphrase__object_first,between_feet__name_1__obj_cone__physical_placement_person_subject__object_first,evidence_from_proximity_paraphrase,between_feet,person_subject,object_first
between_feet__name_1__obj_cone__physical_placement__object_first,between_feet__name_1__obj_cone__physical_placement_person_subject__object_first,context_order,between_feet,person_subject,object_first
between_feet__name_1__obj_cone__physical_placement_person_subject__person_first,between_feet__name_1__obj_cone__physical_placement_person_subject__object_first,target_order,between_feet,person_subject,object_first
shared_control__name_2__obj_ball__direct_label__person_first,between_feet__name_2__obj_ball__physical_placement__person_first,evidence_from_direct_label,between_feet,object_subject,person_first
shared_control__name_2__obj_ball__proximity_paraphrase__person_first,between_feet__name_2__obj_ball__physical_placement__person_first,evidence_from_proximity_paraphrase,between_feet,object_subject,person_first
shared_control__name_2__obj_ball__direct_label__object_first,between_feet__name_2__obj_ball__physical_placement__object_first,evidence_from_direct_label,between_feet,object_subject,object_first
shared_control__name_2__obj_ball__proximity_paraphrase__object_first,between_feet__name_2__obj_ball__physical_placement__object_first,evidence_from_proximity_paraphrase,between_feet,object_subject,object_first
between_feet__name_2__obj_ball__physical_placement__person_first,between_feet__name_2__obj_ball__physical_placement__object_first,target_order,between_feet,object_subject,object_first
shared_control__name_2__obj_ball__direct_label__person_first,between_feet__name_2__obj_ball__physical_placement_fronted__person_first,evidence_from_direct_label,between_feet,fronted_location,person_first
shared_control__name_2__obj_ball__proximity_paraphrase__person_first,between_feet__name_2__obj_ball__physical_placement_fronted__person_first,evidence_from_proximity_paraphrase,between_feet,fronted_location,person_first
between_feet__name_2__obj_ball__physical_placement__person_first,between_feet__name_2__obj_ball__physical_placement_fronted__person_first,context_order,between_feet,fronted_location,person_first
shared_control__name_2__obj_ball__direct_label__object_first,between_feet__name_2__obj_ball__physical_placement_fronted__object_first,evidence_from_direct_label,between_feet,fronted_location,object_first
shared_control__name_2__obj_ball__proximity_paraphrase__object_first,between_feet__name_2__obj_ball__physical_placement_fronted__object_first,evidence_from_proximity_paraphrase,between_feet,fronted_location,object_first
between_feet__name_2__obj_ball__physical_placement__object_first,between_feet__name_2__obj_ball__physical_placement_fronted__object_first,context_order,between_feet,fronted_location,object_first
between_feet__name_2__obj_ball__physical_placement_fronted__person_first,between_feet__name_2__obj_ball__physical_placement_fronted__object_first,target_order,between_feet,fronted_location,object_first
shared_control__name_2__obj_ball__direct_label__person_first,between_feet__name_2__obj_ball__physical_placement_person_subject__person_first,evidence_from_direct_label,between_feet,person_subject,person_first
shared_control__name_2__obj_ball__proximity_paraphrase__person_first,between_feet__name_2__obj_ball__physical_placement_person_subject__person_first,evidence_from_proximity_paraphrase,between_feet,person_subject,person_first
between_feet__name_2__obj_ball__physical_placement__person_first,between_feet__name_2__obj_ball__physical_placement_person_subject__person_first,context_order,between_feet,person_subject,person_first
shared_control__name_2__obj_ball__direct_label__object_first,between_feet__name_2__obj_ball__physical_placement_person_subject__object_first,evidence_from_direct_label,between_feet,person_subject,object_first
shared_control__name_2__obj_ball__proximity_paraphrase__object_first,between_feet__name_2__obj_ball__physical_placement_person_subject__object_first,evidence_from_proximity_paraphrase,between_feet,person_subject,object_first
between_feet__name_2__obj_ball__physical_placement__object_first,between_feet__name_2__obj_ball__physical_placement_person_subject__object_first,context_order,between_feet,person_subject,object_first
between_feet__name_2__obj_ball__physical_placement_person_subject__person_first,between_feet__name_2__obj_ball__physical_placement_person_subject__object_first,target_order,between_feet,person_subject,object_first
shared_control__name_2__obj_bag__direct_label__person_first,between_feet__name_2__obj_bag__physical_placement__person_first,evidence_from_direct_label,between_feet,object_subject,person_first
shared_control__name_2__obj_bag__proximity_paraphrase__person_first,between_feet__name_2__obj_bag__physical_placement__person_first,evidence_from_proximity_paraphrase,between_feet,object_subject,person_first
shared_control__name_2__obj_bag__direct_label__object_first,between_feet__name_2__obj_bag__physical_placement__object_first,evidence_from_direct_label,between_feet,object_subject,object_first
shared_control__name_2__obj_bag__proximity_paraphrase__object_first,between_feet__name_2__obj_bag__physical_placement__object_first,evidence_from_proximity_paraphrase,between_feet,object_subject,object_first
between_feet__name_2__obj_bag__physical_placement__person_first,between_feet__name_2__obj_bag__physical_placement__object_first,target_order,between_feet,object_subject,object_first
shared_control__name_2__obj_bag__direct_label__person_first,between_feet__name_2__obj_bag__physical_placement_fronted__person_first,evidence_from_direct_label,between_feet,fronted_location,person_first
shared_control__name_2__obj_bag__proximity_paraphrase__person_first,between_feet__name_2__obj_bag__physical_placement_fronted__person_first,evidence_from_proximity_paraphrase,between_feet,fronted_location,person_first
between_feet__name_2__obj_bag__physical_placement__person_first,between_feet__name_2__obj_bag__physical_placement_fronted__person_first,context_order,between_feet,fronted_location,person_first
shared_control__name_2__obj_bag__direct_label__object_first,between_feet__name_2__obj_bag__physical_placement_fronted__object_first,evidence_from_direct_label,between_feet,fronted_location,object_first
shared_control__name_2__obj_bag__proximity_paraphrase__object_first,between_feet__name_2__obj_bag__physical_placement_fronted__object_first,evidence_from_proximity_paraphrase,between_feet,fronted_location,object_first
between_feet__name_2__obj_bag__physical_placement__object_first,between_feet__name_2__obj_bag__physical_placement_fronted__object_first,context_order,between_feet,fronted_location,object_first
between_feet__name_2__obj_bag__physical_placement_fronted__person_first,between_feet__name_2__obj_bag__physical_placement_fronted__object_first,target_order,between_feet,fronted_location,object_first
shared_control__name_2__obj_bag__direct_label__person_first,between_feet__name_2__obj_bag__physical_placement_person_subject__person_first,evidence_from_direct_label,between_feet,person_subject,person_first
shared_control__name_2__obj_bag__proximity_paraphrase__person_first,between_feet__name_2__obj_bag__physical_placement_person_subject__person_first,evidence_from_proximity_paraphrase,between_feet,person_subject,person_first
between_feet__name_2__obj_bag__physical_placement__person_first,between_feet__name_2__obj_bag__physical_placement_person_subject__person_first,context_order,between_feet,person_subject,person_first
shared_control__name_2__obj_bag__direct_label__object_first,between_feet__name_2__obj_bag__physical_placement_person_subject__object_first,evidence_from_direct_label,between_feet,person_subject,object_first
shared_control__name_2__obj_bag__proximity_paraphrase__object_first,between_feet__name_2__obj_bag__physical_placement_person_subject__object_first,evidence_from_proximity_paraphrase,between_feet,person_subject,object_first
between_feet__name_2__obj_bag__physical_placement__object_first,between_feet__name_2__obj_bag__physical_placement_person_subject__object_first,context_order,between_feet,person_subject,object_first
between_feet__name_2__obj_bag__physical_placement_person_subject__person_first,between_feet__name_2__obj_bag__physical_placement_person_subject__object_first,target_order,between_feet,person_subject,object_first
shared_control__name_2__obj_book__direct_label__person_first,between_feet__name_2__obj_book__physical_placement__person_first,evidence_from_direct_label,between_feet,object_subject,person_first
shared_control__name_2__obj_book__proximity_paraphrase__person_first,between_feet__name_2__obj_book__physical_placement__person_first,evidence_from_proximity_paraphrase,between_feet,object_subject,person_first
shared_control__name_2__obj_book__direct_label__object_first,between_feet__name_2__obj_book__physical_placement__object_first,evidence_from_direct_label,between_feet,object_subject,object_first
shared_control__name_2__obj_book__proximity_paraphrase__object_first,between_feet__name_2__obj_book__physical_placement__object_first,evidence_from_proximity_paraphrase,between_feet,object_subject,object_first
between_feet__name_2__obj_book__physical_placement__person_first,between_feet__name_2__obj_book__physical_placement__object_first,target_order,between_feet,object_subject,object_first
shared_control__name_2__obj_book__direct_label__person_first,between_feet__name_2__obj_book__physical_placement_fronted__person_first,evidence_from_direct_label,between_feet,fronted_location,person_first
shared_control__name_2__obj_book__proximity_paraphrase__person_first,between_feet__name_2__obj_book__physical_placement_fronted__person_first,evidence_from_proximity_paraphrase,between_feet,fronted_location,person_first
between_feet__name_2__obj_book__physical_placement__person_first,between_feet__name_2__obj_book__physical_placement_fronted__person_first,context_order,between_feet,fronted_location,person_first
shared_control__name_2__obj_book__direct_label__object_first,between_feet__name_2__obj_book__physical_placement_fronted__object_first,evidence_from_direct_label,between_feet,fronted_location,object_first
shared_control__name_2__obj_book__proximity_paraphrase__object_first,between_feet__name_2__obj_book__physical_placement_fronted__object_first,evidence_from_proximity_paraphrase,between_feet,fronted_location,object_first
between_feet__name_2__obj_book__physical_placement__object_first,between_feet__name_2__obj_book__physical_placement_fronted__object_first,context_order,between_feet,fronted_location,object_first
between_feet__name_2__obj_book__physical_placement_fronted__person_first,between_feet__name_2__obj_book__physical_placement_fronted__object_first,target_order,between_feet,fronted_location,object_first
shared_control__name_2__obj_book__direct_label__person_first,between_feet__name_2__obj_book__physical_placement_person_subject__person_first,evidence_from_direct_label,between_feet,person_subject,person_first
shared_control__name_2__obj_book__proximity_paraphrase__person_first,between_feet__name_2__obj_book__physical_placement_person_subject__person_first,evidence_from_proximity_paraphrase,between_feet,person_subject,person_first
between_feet__name_2__obj_book__physical_placement__person_first,between_feet__name_2__obj_book__physical_placement_person_subject__person_first,context_order,between_feet,person_subject,person_first
shared_control__name_2__obj_book__direct_label__object_first,between_feet__name_2__obj_book__physical_placement_person_subject__object_first,evidence_from_direct_label,between_feet,person_subject,object_first
shared_control__name_2__obj_book__proximity_paraphrase__object_first,between_feet__name_2__obj_book__physical_placement_person_subject__object_first,evidence_from_proximity_paraphrase,between_feet,person_subject,object_first
between_feet__name_2__obj_book__physical_placement__object_first,between_feet__name_2__obj_book__physical_placement_person_subject__object_first,context_order,between_feet,person_subject,object_first
between_feet__name_2__obj_book__physical_placement_person_subject__person_first,between_feet__name_2__obj_book__physical_placement_person_subject__object_first,target_order,between_feet,person_subject,object_first
shared_control__name_2__obj_cone__direct_label__person_first,between_feet__name_2__obj_cone__physical_placement__person_first,evidence_from_direct_label,between_feet,object_subject,person_first
shared_control__name_2__obj_cone__proximity_paraphrase__person_first,between_feet__name_2__obj_cone__physical_placement__person_first,evidence_from_proximity_paraphrase,between_feet,object_subject,person_first
shared_control__name_2__obj_cone__direct_label__object_first,between_feet__name_2__obj_cone__physical_placement__object_first,evidence_from_direct_label,between_feet,object_subject,object_first
shared_control__name_2__obj_cone__proximity_paraphrase__object_first,between_feet__name_2__obj_cone__physical_placement__object_first,evidence_from_proximity_paraphrase,between_feet,object_subject,object_first
between_feet__name_2__obj_cone__physical_placement__person_first,between_feet__name_2__obj_cone__physical_placement__object_first,target_order,between_feet,object_subject,object_first
shared_control__name_2__obj_cone__direct_label__person_first,between_feet__name_2__obj_cone__physical_placement_fronted__person_first,evidence_from_direct_label,between_feet,fronted_location,person_first
shared_control__name_2__obj_cone__proximity_paraphrase__person_first,between_feet__name_2__obj_cone__physical_placement_fronted__person_first,evidence_from_proximity_paraphrase,between_feet,fronted_location,person_first
between_feet__name_2__obj_cone__physical_placement__person_first,between_feet__name_2__obj_cone__physical_placement_fronted__person_first,context_order,between_feet,fronted_location,person_first
shared_control__name_2__obj_cone__direct_label__object_first,between_feet__name_2__obj_cone__physical_placement_fronted__object_first,evidence_from_direct_label,between_feet,fronted_location,object_first
shared_control__name_2__obj_cone__proximity_paraphrase__object_first,between_feet__name_2__obj_cone__physical_placement_fronted__object_first,evidence_from_proximity_paraphrase,between_feet,fronted_location,object_first
between_feet__name_2__obj_cone__physical_placement__object_first,between_feet__name_2__obj_cone__physical_placement_fronted__object_first,context_order,between_feet,fronted_location,object_first
between_feet__name_2__obj_cone__physical_placement_fronted__person_first,between_feet__name_2__obj_cone__physical_placement_fronted__object_first,target_order,between_feet,fronted_location,object_first
shared_control__name_2__obj_cone__direct_label__person_first,between_feet__name_2__obj_cone__physical_placement_person_subject__person_first,evidence_from_direct_label,between_feet,person_subject,person_first
shared_control__name_2__obj_cone__proximity_paraphrase__person_first,between_feet__name_2__obj_cone__physical_placement_person_subject__person_first,evidence_from_proximity_paraphrase,between_feet,person_subject,person_first
between_feet__name_2__obj_cone__physical_placement__person_first,between_feet__name_2__obj_cone__physical_placement_person_subject__person_first,context_order,between_feet,person_subject,person_first
shared_control__name_2__obj_cone__direct_label__object_first,between_feet__name_2__obj_cone__physical_placement_person_subject__object_first,evidence_from_direct_label,between_feet,person_subject,object_first
shared_control__name_2__obj_cone__proximity_paraphrase__object_first,between_feet__name_2__obj_cone__physical_placement_person_subject__object_first,evidence_from_proximity_paraphrase,between_feet,person_subject,object_first
between_feet__name_2__obj_cone__physical_placement__object_first,between_feet__name_2__obj_cone__physical_placement_person_subject__object_first,context_order,between_feet,person_subject,object_first
between_feet__name_2__obj_cone__physical_placement_person_subject__person_first,between_feet__name_2__obj_cone__physical_placement_person_subject__object_first,target_order,between_feet,person_subject,object_first
shared_control__name_3__obj_ball__direct_label__person_first,between_feet__name_3__obj_ball__physical_placement__person_first,evidence_from_direct_label,between_feet,object_subject,person_first
shared_control__name_3__obj_ball__proximity_paraphrase__person_first,between_feet__name_3__obj_ball__physical_placement__person_first,evidence_from_proximity_paraphrase,between_feet,object_subject,person_first
shared_control__name_3__obj_ball__direct_label__object_first,between_feet__name_3__obj_ball__physical_placement__object_first,evidence_from_direct_label,between_feet,object_subject,object_first
shared_control__name_3__obj_ball__proximity_paraphrase__object_first,between_feet__name_3__obj_ball__physical_placement__object_first,evidence_from_proximity_paraphrase,between_feet,object_subject,object_first
between_feet__name_3__obj_ball__physical_placement__person_first,between_feet__name_3__obj_ball__physical_placement__object_first,target_order,between_feet,object_subject,object_first
shared_control__name_3__obj_ball__direct_label__person_first,between_feet__name_3__obj_ball__physical_placement_fronted__person_first,evidence_from_direct_label,between_feet,fronted_location,person_first
shared_control__name_3__obj_ball__proximity_paraphrase__person_first,between_feet__name_3__obj_ball__physical_placement_fronted__person_first,evidence_from_proximity_paraphrase,between_feet,fronted_location,person_first
between_feet__name_3__obj_ball__physical_placement__person_first,between_feet__name_3__obj_ball__physical_placement_fronted__person_first,context_order,between_feet,fronted_location,person_first
shared_control__name_3__obj_ball__direct_label__object_first,between_feet__name_3__obj_ball__physical_placement_fronted__object_first,evidence_from_direct_label,between_feet,fronted_location,object_first
shared_control__name_3__obj_ball__proximity_paraphrase__object_first,between_feet__name_3__obj_ball__physical_placement_fronted__object_first,evidence_from_proximity_paraphrase,between_feet,fronted_location,object_first
between_feet__name_3__obj_ball__physical_placement__object_first,between_feet__name_3__obj_ball__physical_placement_fronted__object_first,context_order,between_feet,fronted_location,object_first
between_feet__name_3__obj_ball__physical_placement_fronted__person_first,between_feet__name_3__obj_ball__physical_placement_fronted__object_first,target_order,between_feet,fronted_location,object_first
shared_control__name_3__obj_ball__direct_label__person_first,between_feet__name_3__obj_ball__physical_placement_person_subject__person_first,evidence_from_direct_label,between_feet,person_subject,person_first
shared_control__name_3__obj_ball__proximity_paraphrase__person_first,between_feet__name_3__obj_ball__physical_placement_person_subject__person_first,evidence_from_proximity_paraphrase,between_feet,person_subject,person_first
between_feet__name_3__obj_ball__physical_placement__person_first,between_feet__name_3__obj_ball__physical_placement_person_subject__person_first,context_order,between_feet,person_subject,person_first
shared_control__name_3__obj_ball__direct_label__object_first,between_feet__name_3__obj_ball__physical_placement_person_subject__object_first,evidence_from_direct_label,between_feet,person_subject,object_first
shared_control__name_3__obj_ball__proximity_paraphrase__object_first,between_feet__name_3__obj_ball__physical_placement_person_subject__object_first,evidence_from_proximity_paraphrase,between_feet,person_subject,object_first
between_feet__name_3__obj_ball__physical_placement__object_first,between_feet__name_3__obj_ball__physical_placement_person_subject__object_first,context_order,between_feet,person_subject,object_first
between_feet__name_3__obj_ball__physical_placement_person_subject__person_first,between_feet__name_3__obj_ball__physical_placement_person_subject__object_first,target_order,between_feet,person_subject,object_first
shared_control__name_3__obj_bag__direct_label__person_first,between_feet__name_3__obj_bag__physical_placement__person_first,evidence_from_direct_label,between_feet,object_subject,person_first
shared_control__name_3__obj_bag__proximity_paraphrase__person_first,between_feet__name_3__obj_bag__physical_placement__person_first,evidence_from_proximity_paraphrase,between_feet,object_subject,person_first
shared_control__name_3__obj_bag__direct_label__object_first,between_feet__name_3__obj_bag__physical_placement__object_first,evidence_from_direct_label,between_feet,object_subject,object_first
shared_control__name_3__obj_bag__proximity_paraphrase__object_first,between_feet__name_3__obj_bag__physical_placement__object_first,evidence_from_proximity_paraphrase,between_feet,object_subject,object_first
between_feet__name_3__obj_bag__physical_placement__person_first,between_feet__name_3__obj_bag__physical_placement__object_first,target_order,between_feet,object_subject,object_first
shared_control__name_3__obj_bag__direct_label__person_first,between_feet__name_3__obj_bag__physical_placement_fronted__person_first,evidence_from_direct_label,between_feet,fronted_location,person_first
shared_control__name_3__obj_bag__proximity_paraphrase__person_first,between_feet__name_3__obj_bag__physical_placement_fronted__person_first,evidence_from_proximity_paraphrase,between_feet,fronted_location,person_first
between_feet__name_3__obj_bag__physical_placement__person_first,between_feet__name_3__obj_bag__physical_placement_fronted__person_first,context_order,between_feet,fronted_location,person_first
shared_control__name_3__obj_bag__direct_label__object_first,between_feet__name_3__obj_bag__physical_placement_fronted__object_first,evidence_from_direct_label,between_feet,fronted_location,object_first
shared_control__name_3__obj_bag__proximity_paraphrase__object_first,between_feet__name_3__obj_bag__physical_placement_fronted__object_first,evidence_from_proximity_paraphrase,between_feet,fronted_location,object_first
between_feet__name_3__obj_bag__physical_placement__object_first,between_feet__name_3__obj_bag__physical_placement_fronted__object_first,context_order,between_feet,fronted_location,object_first
between_feet__name_3__obj_bag__physical_placement_fronted__person_first,between_feet__name_3__obj_bag__physical_placement_fronted__object_first,target_order,between_feet,fronted_location,object_first
shared_control__name_3__obj_bag__direct_label__person_first,between_feet__name_3__obj_bag__physical_placement_person_subject__person_first,evidence_from_direct_label,between_feet,person_subject,person_first
shared_control__name_3__obj_bag__proximity_paraphrase__person_first,between_feet__name_3__obj_bag__physical_placement_person_subject__person_first,evidence_from_proximity_paraphrase,between_feet,person_subject,person_first
between_feet__name_3__obj_bag__physical_placement__person_first,between_feet__name_3__obj_bag__physical_placement_person_subject__person_first,context_order,between_feet,person_subject,person_first
shared_control__name_3__obj_bag__direct_label__object_first,between_feet__name_3__obj_bag__physical_placement_person_subject__object_first,evidence_from_direct_label,between_feet,person_subject,object_first
shared_control__name_3__obj_bag__proximity_paraphrase__object_first,between_feet__name_3__obj_bag__physical_placement_person_subject__object_first,evidence_from_proximity_paraphrase,between_feet,person_subject,object_first
between_feet__name_3__obj_bag__physical_placement__object_first,between_feet__name_3__obj_bag__physical_placement_person_subject__object_first,context_order,between_feet,person_subject,object_first
between_feet__name_3__obj_bag__physical_placement_person_subject__person_first,between_feet__name_3__obj_bag__physical_placement_person_subject__object_first,target_order,between_feet,person_subject,object_first
shared_control__name_3__obj_book__direct_label__person_first,between_feet__name_3__obj_book__physical_placement__person_first,evidence_from_direct_label,between_feet,object_subject,person_first
shared_control__name_3__obj_book__proximity_paraphrase__person_first,between_feet__name_3__obj_book__physical_placement__person_first,evidence_from_proximity_paraphrase,between_feet,object_subject,person_first
shared_control__name_3__obj_book__direct_label__object_first,between_feet__name_3__obj_book__physical_placement__object_first,evidence_from_direct_label,between_feet,object_subject,object_first
shared_control__name_3__obj_book__proximity_paraphrase__object_first,between_feet__name_3__obj_book__physical_placement__object_first,evidence_from_proximity_paraphrase,between_feet,object_subject,object_first
between_feet__name_3__obj_book__physical_placement__person_first,between_feet__name_3__obj_book__physical_placement__object_first,target_order,between_feet,object_subject,object_first
shared_control__name_3__obj_book__direct_label__person_first,between_feet__name_3__obj_book__physical_placement_fronted__person_first,evidence_from_direct_label,between_feet,fronted_location,person_first
shared_control__name_3__obj_book__proximity_paraphrase__person_first,between_feet__name_3__obj_book__physical_placement_fronted__person_first,evidence_from_proximity_paraphrase,between_feet,fronted_location,person_first
between_feet__name_3__obj_book__physical_placement__person_first,between_feet__name_3__obj_book__physical_placement_fronted__person_first,context_order,between_feet,fronted_location,person_first
shared_control__name_3__obj_book__direct_label__object_first,between_feet__name_3__obj_book__physical_placement_fronted__object_first,evidence_from_direct_label,between_feet,fronted_location,object_first
shared_control__name_3__obj_book__proximity_paraphrase__object_first,between_feet__name_3__obj_book__physical_placement_fronted__object_first,evidence_from_proximity_paraphrase,between_feet,fronted_location,object_first
between_feet__name_3__obj_book__physical_placement__object_first,between_feet__name_3__obj_book__physical_placement_fronted__object_first,context_order,between_feet,fronted_location,object_first
between_feet__name_3__obj_book__physical_placement_fronted__person_first,between_feet__name_3__obj_book__physical_placement_fronted__object_first,target_order,between_feet,fronted_location,object_first
shared_control__name_3__obj_book__direct_label__person_first,between_feet__name_3__obj_book__physical_placement_person_subject__person_first,evidence_from_direct_label,between_feet,person_subject,person_first
shared_control__name_3__obj_book__proximity_paraphrase__person_first,between_feet__name_3__obj_book__physical_placement_person_subject__person_first,evidence_from_proximity_paraphrase,between_feet,person_subject,person_first
between_feet__name_3__obj_book__physical_placement__person_first,between_feet__name_3__obj_book__physical_placement_person_subject__person_first,context_order,between_feet,person_subject,person_first
shared_control__name_3__obj_book__direct_label__object_first,between_feet__name_3__obj_book__physical_placement_person_subject__object_first,evidence_from_direct_label,between_feet,person_subject,object_first
shared_control__name_3__obj_book__proximity_paraphrase__object_first,between_feet__name_3__obj_book__physical_placement_person_subject__object_first,evidence_from_proximity_paraphrase,between_feet,person_subject,object_first
between_feet__name_3__obj_book__physical_placement__object_first,between_feet__name_3__obj_book__physical_placement_person_subject__object_first,context_order,between_feet,person_subject,object_first
between_feet__name_3__obj_book__physical_placement_person_subject__person_first,between_feet__name_3__obj_book__physical_placement_person_subject__object_first,target_order,between_feet,person_subject,object_first
shared_control__name_3__obj_cone__direct_label__person_first,between_feet__name_3__obj_cone__physical_placement__person_first,evidence_from_direct_label,between_feet,object_subject,person_first
shared_control__name_3__obj_cone__proximity_paraphrase__person_first,between_feet__name_3__obj_cone__physical_placement__person_first,evidence_from_proximity_paraphrase,between_feet,object_subject,person_first
shared_control__name_3__obj_cone__direct_label__object_first,between_feet__name_3__obj_cone__physical_placement__object_first,evidence_from_direct_label,between_feet,object_subject,object_first
shared_control__name_3__obj_cone__proximity_paraphrase__object_first,between_feet__name_3__obj_cone__physical_placement__object_first,evidence_from_proximity_paraphrase,between_feet,object_subject,object_first
between_feet__name_3__obj_cone__physical_placement__person_first,between_feet__name_3__obj_cone__physical_placement__object_first,target_order,between_feet,object_subject,object_first
shared_control__name_3__obj_cone__direct_label__person_first,between_feet__name_3__obj_cone__physical_placement_fronted__person_first,evidence_from_direct_label,between_feet,fronted_location,person_first
shared_control__name_3__obj_cone__proximity_paraphrase__person_first,between_feet__name_3__obj_cone__physical_placement_fronted__person_first,evidence_from_proximity_paraphrase,between_feet,fronted_location,person_first
between_feet__name_3__obj_cone__physical_placement__person_first,between_feet__name_3__obj_cone__physical_placement_fronted__person_first,context_order,between_feet,fronted_location,person_first
shared_control__name_3__obj_cone__direct_label__object_first,between_feet__name_3__obj_cone__physical_placement_fronted__object_first,evidence_from_direct_label,between_feet,fronted_location,object_first
shared_control__name_3__obj_cone__proximity_paraphrase__object_first,between_feet__name_3__obj_cone__physical_placement_fronted__object_first,evidence_from_proximity_paraphrase,between_feet,fronted_location,object_first
between_feet__name_3__obj_cone__physical_placement__object_first,between_feet__name_3__obj_cone__physical_placement_fronted__object_first,context_order,between_feet,fronted_location,object_first
between_feet__name_3__obj_cone__physical_placement_fronted__person_first,between_feet__name_3__obj_cone__physical_placement_fronted__object_first,target_order,between_feet,fronted_location,object_first
shared_control__name_3__obj_cone__direct_label__person_first,between_feet__name_3__obj_cone__physical_placement_person_subject__person_first,evidence_from_direct_label,between_feet,person_subject,person_first
shared_control__name_3__obj_cone__proximity_paraphrase__person_first,between_feet__name_3__obj_cone__physical_placement_person_subject__person_first,evidence_from_proximity_paraphrase,between_feet,person_subject,person_first
between_feet__name_3__obj_cone__physical_placement__person_first,between_feet__name_3__obj_cone__physical_placement_person_subject__person_first,context_order,between_feet,person_subject,person_first
shared_control__name_3__obj_cone__direct_label__object_first,between_feet__name_3__obj_cone__physical_placement_person_subject__object_first,evidence_from_direct_label,between_feet,person_subject,object_first
shared_control__name_3__obj_cone__proximity_paraphrase__object_first,between_feet__name_3__obj_cone__physical_placement_person_subject__object_first,evidence_from_proximity_paraphrase,between_feet,person_subject,object_first
between_feet__name_3__obj_cone__physical_placement__object_first,between_feet__name_3__obj_cone__physical_placement_person_subject__object_first,context_order,between_feet,person_subject,object_first
between_feet__name_3__obj_cone__physical_placement_person_subject__person_first,between_feet__name_3__obj_cone__physical_placement_person_subject__object_first,target_order,between_feet,person_subject,object_first
shared_control__name_0__obj_ball__direct_label__person_first,in_hand__name_0__obj_ball__physical_placement__person_first,evidence_from_direct_label,in_hand,object_subject,person_first
shared_control__name_0__obj_ball__proximity_paraphrase__person_first,in_hand__name_0__obj_ball__physical_placement__person_first,evidence_from_proximity_paraphrase,in_hand,object_subject,person_first
shared_control__name_0__obj_ball__direct_label__object_first,in_hand__name_0__obj_ball__physical_placement__object_first,evidence_from_direct_label,in_hand,object_subject,object_first
shared_control__name_0__obj_ball__proximity_paraphrase__object_first,in_hand__name_0__obj_ball__physical_placement__object_first,evidence_from_proximity_paraphrase,in_hand,object_subject,object_first
in_hand__name_0__obj_ball__physical_placement__person_first,in_hand__name_0__obj_ball__physical_placement__object_first,target_order,in_hand,object_subject,object_first
shared_control__name_0__obj_ball__direct_label__person_first,in_hand__name_0__obj_ball__physical_placement_fronted__person_first,evidence_from_direct_label,in_hand,fronted_location,person_first
shared_control__name_0__obj_ball__proximity_paraphrase__person_first,in_hand__name_0__obj_ball__physical_placement_fronted__person_first,evidence_from_proximity_paraphrase,in_hand,fronted_location,person_first
in_hand__name_0__obj_ball__physical_placement__person_first,in_hand__name_0__obj_ball__physical_placement_fronted__person_first,context_order,in_hand,fronted_location,person_first
shared_control__name_0__obj_ball__direct_label__object_first,in_hand__name_0__obj_ball__physical_placement_fronted__object_first,evidence_from_direct_label,in_hand,fronted_location,object_first
shared_control__name_0__obj_ball__proximity_paraphrase__object_first,in_hand__name_0__obj_ball__physical_placement_fronted__object_first,evidence_from_proximity_paraphrase,in_hand,fronted_location,object_first
in_hand__name_0__obj_ball__physical_placement__object_first,in_hand__name_0__obj_ball__physical_placement_fronted__object_first,context_order,in_hand,fronted_location,object_first
in_hand__name_0__obj_ball__physical_placement_fronted__person_first,in_hand__name_0__obj_ball__physical_placement_fronted__object_first,target_order,in_hand,fronted_location,object_first
shared_control__name_0__obj_ball__direct_label__person_first,in_hand__name_0__obj_ball__physical_placement_person_subject__person_first,evidence_from_direct_label,in_hand,person_subject,person_first
shared_control__name_0__obj_ball__proximity_paraphrase__person_first,in_hand__name_0__obj_ball__physical_placement_person_subject__person_first,evidence_from_proximity_paraphrase,in_hand,person_subject,person_first
in_hand__name_0__obj_ball__physical_placement__person_first,in_hand__name_0__obj_ball__physical_placement_person_subject__person_first,context_order,in_hand,person_subject,person_first
shared_control__name_0__obj_ball__direct_label__object_first,in_hand__name_0__obj_ball__physical_placement_person_subject__object_first,evidence_from_direct_label,in_hand,person_subject,object_first
shared_control__name_0__obj_ball__proximity_paraphrase__object_first,in_hand__name_0__obj_ball__physical_placement_person_subject__object_first,evidence_from_proximity_paraphrase,in_hand,person_subject,object_first
in_hand__name_0__obj_ball__physical_placement__object_first,in_hand__name_0__obj_ball__physical_placement_person_subject__object_first,context_order,in_hand,person_subject,object_first
in_hand__name_0__obj_ball__physical_placement_person_subject__person_first,in_hand__name_0__obj_ball__physical_placement_person_subject__object_first,target_order,in_hand,person_subject,object_first
shared_control__name_0__obj_cup__direct_label__person_first,in_hand__name_0__obj_cup__physical_placement__person_first,evidence_from_direct_label,in_hand,object_subject,person_first
shared_control__name_0__obj_cup__proximity_paraphrase__person_first,in_hand__name_0__obj_cup__physical_placement__person_first,evidence_from_proximity_paraphrase,in_hand,object_subject,person_first
shared_control__name_0__obj_cup__direct_label__object_first,in_hand__name_0__obj_cup__physical_placement__object_first,evidence_from_direct_label,in_hand,object_subject,object_first
shared_control__name_0__obj_cup__proximity_paraphrase__object_first,in_hand__name_0__obj_cup__physical_placement__object_first,evidence_from_proximity_paraphrase,in_hand,object_subject,object_first
in_hand__name_0__obj_cup__physical_placement__person_first,in_hand__name_0__obj_cup__physical_placement__object_first,target_order,in_hand,object_subject,object_first
shared_control__name_0__obj_cup__direct_label__person_first,in_hand__name_0__obj_cup__physical_placement_fronted__person_first,evidence_from_direct_label,in_hand,fronted_location,person_first
shared_control__name_0__obj_cup__proximity_paraphrase__person_first,in_hand__name_0__obj_cup__physical_placement_fronted__person_first,evidence_from_proximity_paraphrase,in_hand,fronted_location,person_first
in_hand__name_0__obj_cup__physical_placement__person_first,in_hand__name_0__obj_cup__physical_placement_fronted__person_first,context_order,in_hand,fronted_location,person_first
shared_control__name_0__obj_cup__direct_label__object_first,in_hand__name_0__obj_cup__physical_placement_fronted__object_first,evidence_from_direct_label,in_hand,fronted_location,object_first
shared_control__name_0__obj_cup__proximity_paraphrase__object_first,in_hand__name_0__obj_cup__physical_placement_fronted__object_first,evidence_from_proximity_paraphrase,in_hand,fronted_location,object_first
in_hand__name_0__obj_cup__physical_placement__object_first,in_hand__name_0__obj_cup__physical_placement_fronted__object_first,context_order,in_hand,fronted_location,object_first
in_hand__name_0__obj_cup__physical_placement_fronted__person_first,in_hand__name_0__obj_cup__physical_placement_fronted__object_first,target_order,in_hand,fronted_location,object_first
shared_control__name_0__obj_cup__direct_label__person_first,in_hand__name_0__obj_cup__physical_placement_person_subject__person_first,evidence_from_direct_label,in_hand,person_subject,person_first
shared_control__name_0__obj_cup__proximity_paraphrase__person_first,in_hand__name_0__obj_cup__physical_placement_person_subject__person_first,evidence_from_proximity_paraphrase,in_hand,person_subject,person_first
in_hand__name_0__obj_cup__physical_placement__person_first,in_hand__name_0__obj_cup__physical_placement_person_subject__person_first,context_order,in_hand,person_subject,person_first
shared_control__name_0__obj_cup__direct_label__object_first,in_hand__name_0__obj_cup__physical_placement_person_subject__object_first,evidence_from_direct_label,in_hand,person_subject,object_first
shared_control__name_0__obj_cup__proximity_paraphrase__object_first,in_hand__name_0__obj_cup__physical_placement_person_subject__object_first,evidence_from_proximity_paraphrase,in_hand,person_subject,object_first
in_hand__name_0__obj_cup__physical_placement__object_first,in_hand__name_0__obj_cup__physical_placement_person_subject__object_first,context_order,in_hand,person_subject,object_first
in_hand__name_0__obj_cup__physical_placement_person_subject__person_first,in_hand__name_0__obj_cup__physical_placement_person_subject__object_first,target_order,in_hand,person_subject,object_first
shared_control__name_0__obj_key__direct_label__person_first,in_hand__name_0__obj_key__physical_placement__person_first,evidence_from_direct_label,in_hand,object_subject,person_first
shared_control__name_0__obj_key__proximity_paraphrase__person_first,in_hand__name_0__obj_key__physical_placement__person_first,evidence_from_proximity_paraphrase,in_hand,object_subject,person_first
shared_control__name_0__obj_key__direct_label__object_first,in_hand__name_0__obj_key__physical_placement__object_first,evidence_from_direct_label,in_hand,object_subject,object_first
shared_control__name_0__obj_key__proximity_paraphrase__object_first,in_hand__name_0__obj_key__physical_placement__object_first,evidence_from_proximity_paraphrase,in_hand,object_subject,object_first
in_hand__name_0__obj_key__physical_placement__person_first,in_hand__name_0__obj_key__physical_placement__object_first,target_order,in_hand,object_subject,object_first
shared_control__name_0__obj_key__direct_label__person_first,in_hand__name_0__obj_key__physical_placement_fronted__person_first,evidence_from_direct_label,in_hand,fronted_location,person_first
shared_control__name_0__obj_key__proximity_paraphrase__person_first,in_hand__name_0__obj_key__physical_placement_fronted__person_first,evidence_from_proximity_paraphrase,in_hand,fronted_location,person_first
in_hand__name_0__obj_key__physical_placement__person_first,in_hand__name_0__obj_key__physical_placement_fronted__person_first,context_order,in_hand,fronted_location,person_first
shared_control__name_0__obj_key__direct_label__object_first,in_hand__name_0__obj_key__physical_placement_fronted__object_first,evidence_from_direct_label,in_hand,fronted_location,object_first
shared_control__name_0__obj_key__proximity_paraphrase__object_first,in_hand__name_0__obj_key__physical_placement_fronted__object_first,evidence_from_proximity_paraphrase,in_hand,fronted_location,object_first
in_hand__name_0__obj_key__physical_placement__object_first,in_hand__name_0__obj_key__physical_placement_fronted__object_first,context_order,in_hand,fronted_location,object_first
in_hand__name_0__obj_key__physical_placement_fronted__person_first,in_hand__name_0__obj_key__physical_placement_fronted__object_first,target_order,in_hand,fronted_location,object_first
shared_control__name_0__obj_key__direct_label__person_first,in_hand__name_0__obj_key__physical_placement_person_subject__person_first,evidence_from_direct_label,in_hand,person_subject,person_first
shared_control__name_0__obj_key__proximity_paraphrase__person_first,in_hand__name_0__obj_key__physical_placement_person_subject__person_first,evidence_from_proximity_paraphrase,in_hand,person_subject,person_first
in_hand__name_0__obj_key__physical_placement__person_first,in_hand__name_0__obj_key__physical_placement_person_subject__person_first,context_order,in_hand,person_subject,person_first
shared_control__name_0__obj_key__direct_label__object_first,in_hand__name_0__obj_key__physical_placement_person_subject__object_first,evidence_from_direct_label,in_hand,person_subject,object_first
shared_control__name_0__obj_key__proximity_paraphrase__object_first,in_hand__name_0__obj_key__physical_placement_person_subject__object_first,evidence_from_proximity_paraphrase,in_hand,person_subject,object_first
in_hand__name_0__obj_key__physical_placement__object_first,in_hand__name_0__obj_key__physical_placement_person_subject__object_first,context_order,in_hand,person_subject,object_first
in_hand__name_0__obj_key__physical_placement_person_subject__person_first,in_hand__name_0__obj_key__physical_placement_person_subject__object_first,target_order,in_hand,person_subject,object_first
shared_control__name_0__obj_book__direct_label__person_first,in_hand__name_0__obj_book__physical_placement__person_first,evidence_from_direct_label,in_hand,object_subject,person_first
shared_control__name_0__obj_book__proximity_paraphrase__person_first,in_hand__name_0__obj_book__physical_placement__person_first,evidence_from_proximity_paraphrase,in_hand,object_subject,person_first
shared_control__name_0__obj_book__direct_label__object_first,in_hand__name_0__obj_book__physical_placement__object_first,evidence_from_direct_label,in_hand,object_subject,object_first
shared_control__name_0__obj_book__proximity_paraphrase__object_first,in_hand__name_0__obj_book__physical_placement__object_first,evidence_from_proximity_paraphrase,in_hand,object_subject,object_first
in_hand__name_0__obj_book__physical_placement__person_first,in_hand__name_0__obj_book__physical_placement__object_first,target_order,in_hand,object_subject,object_first
shared_control__name_0__obj_book__direct_label__person_first,in_hand__name_0__obj_book__physical_placement_fronted__person_first,evidence_from_direct_label,in_hand,fronted_location,person_first
shared_control__name_0__obj_book__proximity_paraphrase__person_first,in_hand__name_0__obj_book__physical_placement_fronted__person_first,evidence_from_proximity_paraphrase,in_hand,fronted_location,person_first
in_hand__name_0__obj_book__physical_placement__person_first,in_hand__name_0__obj_book__physical_placement_fronted__person_first,context_order,in_hand,fronted_location,person_first
shared_control__name_0__obj_book__direct_label__object_first,in_hand__name_0__obj_book__physical_placement_fronted__object_first,evidence_from_direct_label,in_hand,fronted_location,object_first
shared_control__name_0__obj_book__proximity_paraphrase__object_first,in_hand__name_0__obj_book__physical_placement_fronted__object_first,evidence_from_proximity_paraphrase,in_hand,fronted_location,object_first
in_hand__name_0__obj_book__physical_placement__object_first,in_hand__name_0__obj_book__physical_placement_fronted__object_first,context_order,in_hand,fronted_location,object_first
in_hand__name_0__obj_book__physical_placement_fronted__person_first,in_hand__name_0__obj_book__physical_placement_fronted__object_first,target_order,in_hand,fronted_location,object_first
shared_control__name_0__obj_book__direct_label__person_first,in_hand__name_0__obj_book__physical_placement_person_subject__person_first,evidence_from_direct_label,in_hand,person_subject,person_first
shared_control__name_0__obj_book__proximity_paraphrase__person_first,in_hand__name_0__obj_book__physical_placement_person_subject__person_first,evidence_from_proximity_paraphrase,in_hand,person_subject,person_first
in_hand__name_0__obj_book__physical_placement__person_first,in_hand__name_0__obj_book__physical_placement_person_subject__person_first,context_order,in_hand,person_subject,person_first
shared_control__name_0__obj_book__direct_label__object_first,in_hand__name_0__obj_book__physical_placement_person_subject__object_first,evidence_from_direct_label,in_hand,person_subject,object_first
shared_control__name_0__obj_book__proximity_paraphrase__object_first,in_hand__name_0__obj_book__physical_placement_person_subject__object_first,evidence_from_proximity_paraphrase,in_hand,person_subject,object_first
in_hand__name_0__obj_book__physical_placement__object_first,in_hand__name_0__obj_book__physical_placement_person_subject__object_first,context_order,in_hand,person_subject,object_first
in_hand__name_0__obj_book__physical_placement_person_subject__person_first,in_hand__name_0__obj_book__physical_placement_person_subject__object_first,target_order,in_hand,person_subject,object_first
shared_control__name_1__obj_ball__direct_label__person_first,in_hand__name_1__obj_ball__physical_placement__person_first,evidence_from_direct_label,in_hand,object_subject,person_first
shared_control__name_1__obj_ball__proximity_paraphrase__person_first,in_hand__name_1__obj_ball__physical_placement__person_first,evidence_from_proximity_paraphrase,in_hand,object_subject,person_first
shared_control__name_1__obj_ball__direct_label__object_first,in_hand__name_1__obj_ball__physical_placement__object_first,evidence_from_direct_label,in_hand,object_subject,object_first
shared_control__name_1__obj_ball__proximity_paraphrase__object_first,in_hand__name_1__obj_ball__physical_placement__object_first,evidence_from_proximity_paraphrase,in_hand,object_subject,object_first
in_hand__name_1__obj_ball__physical_placement__person_first,in_hand__name_1__obj_ball__physical_placement__object_first,target_order,in_hand,object_subject,object_first
shared_control__name_1__obj_ball__direct_label__person_first,in_hand__name_1__obj_ball__physical_placement_fronted__person_first,evidence_from_direct_label,in_hand,fronted_location,person_first
shared_control__name_1__obj_ball__proximity_paraphrase__person_first,in_hand__name_1__obj_ball__physical_placement_fronted__person_first,evidence_from_proximity_paraphrase,in_hand,fronted_location,person_first
in_hand__name_1__obj_ball__physical_placement__person_first,in_hand__name_1__obj_ball__physical_placement_fronted__person_first,context_order,in_hand,fronted_location,person_first
shared_control__name_1__obj_ball__direct_label__object_first,in_hand__name_1__obj_ball__physical_placement_fronted__object_first,evidence_from_direct_label,in_hand,fronted_location,object_first
shared_control__name_1__obj_ball__proximity_paraphrase__object_first,in_hand__name_1__obj_ball__physical_placement_fronted__object_first,evidence_from_proximity_paraphrase,in_hand,fronted_location,object_first
in_hand__name_1__obj_ball__physical_placement__object_first,in_hand__name_1__obj_ball__physical_placement_fronted__object_first,context_order,in_hand,fronted_location,object_first
in_hand__name_1__obj_ball__physical_placement_fronted__person_first,in_hand__name_1__obj_ball__physical_placement_fronted__object_first,target_order,in_hand,fronted_location,object_first
shared_control__name_1__obj_ball__direct_label__person_first,in_hand__name_1__obj_ball__physical_placement_person_subject__person_first,evidence_from_direct_label,in_hand,person_subject,person_first
shared_control__name_1__obj_ball__proximity_paraphrase__person_first,in_hand__name_1__obj_ball__physical_placement_person_subject__person_first,evidence_from_proximity_paraphrase,in_hand,person_subject,person_first
in_hand__name_1__obj_ball__physical_placement__person_first,in_hand__name_1__obj_ball__physical_placement_person_subject__person_first,context_order,in_hand,person_subject,person_first
shared_control__name_1__obj_ball__direct_label__object_first,in_hand__name_1__obj_ball__physical_placement_person_subject__object_first,evidence_from_direct_label,in_hand,person_subject,object_first
shared_control__name_1__obj_ball__proximity_paraphrase__object_first,in_hand__name_1__obj_ball__physical_placement_person_subject__object_first,evidence_from_proximity_paraphrase,in_hand,person_subject,object_first
in_hand__name_1__obj_ball__physical_placement__object_first,in_hand__name_1__obj_ball__physical_placement_person_subject__object_first,context_order,in_hand,person_subject,object_first
in_hand__name_1__obj_ball__physical_placement_person_subject__person_first,in_hand__name_1__obj_ball__physical_placement_person_subject__object_first,target_order,in_hand,person_subject,object_first
shared_control__name_1__obj_cup__direct_label__person_first,in_hand__name_1__obj_cup__physical_placement__person_first,evidence_from_direct_label,in_hand,object_subject,person_first
shared_control__name_1__obj_cup__proximity_paraphrase__person_first,in_hand__name_1__obj_cup__physical_placement__person_first,evidence_from_proximity_paraphrase,in_hand,object_subject,person_first
shared_control__name_1__obj_cup__direct_label__object_first,in_hand__name_1__obj_cup__physical_placement__object_first,evidence_from_direct_label,in_hand,object_subject,object_first
shared_control__name_1__obj_cup__proximity_paraphrase__object_first,in_hand__name_1__obj_cup__physical_placement__object_first,evidence_from_proximity_paraphrase,in_hand,object_subject,object_first
in_hand__name_1__obj_cup__physical_placement__person_first,in_hand__name_1__obj_cup__physical_placement__object_first,target_order,in_hand,object_subject,object_first
shared_control__name_1__obj_cup__direct_label__person_first,in_hand__name_1__obj_cup__physical_placement_fronted__person_first,evidence_from_direct_label,in_hand,fronted_location,person_first
shared_control__name_1__obj_cup__proximity_paraphrase__person_first,in_hand__name_1__obj_cup__physical_placement_fronted__person_first,evidence_from_proximity_paraphrase,in_hand,fronted_location,person_first
in_hand__name_1__obj_cup__physical_placement__person_first,in_hand__name_1__obj_cup__physical_placement_fronted__person_first,context_order,in_hand,fronted_location,person_first
shared_control__name_1__obj_cup__direct_label__object_first,in_hand__name_1__obj_cup__physical_placement_fronted__object_first,evidence_from_direct_label,in_hand,fronted_location,object_first
shared_control__name_1__obj_cup__proximity_paraphrase__object_first,in_hand__name_1__obj_cup__physical_placement_fronted__object_first,evidence_from_proximity_paraphrase,in_hand,fronted_location,object_first
in_hand__name_1__obj_cup__physical_placement__object_first,in_hand__name_1__obj_cup__physical_placement_fronted__object_first,context_order,in_hand,fronted_location,object_first
in_hand__name_1__obj_cup__physical_placement_fronted__person_first,in_hand__name_1__obj_cup__physical_placement_fronted__object_first,target_order,in_hand,fronted_location,object_first
shared_control__name_1__obj_cup__direct_label__person_first,in_hand__name_1__obj_cup__physical_placement_person_subject__person_first,evidence_from_direct_label,in_hand,person_subject,person_first
shared_control__name_1__obj_cup__proximity_paraphrase__person_first,in_hand__name_1__obj_cup__physical_placement_person_subject__person_first,evidence_from_proximity_paraphrase,in_hand,person_subject,person_first
in_hand__name_1__obj_cup__physical_placement__person_first,in_hand__name_1__obj_cup__physical_placement_person_subject__person_first,context_order,in_hand,person_subject,person_first
shared_control__name_1__obj_cup__direct_label__object_first,in_hand__name_1__obj_cup__physical_placement_person_subject__object_first,evidence_from_direct_label,in_hand,person_subject,object_first
shared_control__name_1__obj_cup__proximity_paraphrase__object_first,in_hand__name_1__obj_cup__physical_placement_person_subject__object_first,evidence_from_proximity_paraphrase,in_hand,person_subject,object_first
in_hand__name_1__obj_cup__physical_placement__object_first,in_hand__name_1__obj_cup__physical_placement_person_subject__object_first,context_order,in_hand,person_subject,object_first
in_hand__name_1__obj_cup__physical_placement_person_subject__person_first,in_hand__name_1__obj_cup__physical_placement_person_subject__object_first,target_order,in_hand,person_subject,object_first
shared_control__name_1__obj_key__direct_label__person_first,in_hand__name_1__obj_key__physical_placement__person_first,evidence_from_direct_label,in_hand,object_subject,person_first
shared_control__name_1__obj_key__proximity_paraphrase__person_first,in_hand__name_1__obj_key__physical_placement__person_first,evidence_from_proximity_paraphrase,in_hand,object_subject,person_first
shared_control__name_1__obj_key__direct_label__object_first,in_hand__name_1__obj_key__physical_placement__object_first,evidence_from_direct_label,in_hand,object_subject,object_first
shared_control__name_1__obj_key__proximity_paraphrase__object_first,in_hand__name_1__obj_key__physical_placement__object_first,evidence_from_proximity_paraphrase,in_hand,object_subject,object_first
in_hand__name_1__obj_key__physical_placement__person_first,in_hand__name_1__obj_key__physical_placement__object_first,target_order,in_hand,object_subject,object_first
shared_control__name_1__obj_key__direct_label__person_first,in_hand__name_1__obj_key__physical_placement_fronted__person_first,evidence_from_direct_label,in_hand,fronted_location,person_first
shared_control__name_1__obj_key__proximity_paraphrase__person_first,in_hand__name_1__obj_key__physical_placement_fronted__person_first,evidence_from_proximity_paraphrase,in_hand,fronted_location,person_first
in_hand__name_1__obj_key__physical_placement__person_first,in_hand__name_1__obj_key__physical_placement_fronted__person_first,context_order,in_hand,fronted_location,person_first
shared_control__name_1__obj_key__direct_label__object_first,in_hand__name_1__obj_key__physical_placement_fronted__object_first,evidence_from_direct_label,in_hand,fronted_location,object_first
shared_control__name_1__obj_key__proximity_paraphrase__object_first,in_hand__name_1__obj_key__physical_placement_fronted__object_first,evidence_from_proximity_paraphrase,in_hand,fronted_location,object_first
in_hand__name_1__obj_key__physical_placement__object_first,in_hand__name_1__obj_key__physical_placement_fronted__object_first,context_order,in_hand,fronted_location,object_first
in_hand__name_1__obj_key__physical_placement_fronted__person_first,in_hand__name_1__obj_key__physical_placement_fronted__object_first,target_order,in_hand,fronted_location,object_first
shared_control__name_1__obj_key__direct_label__person_first,in_hand__name_1__obj_key__physical_placement_person_subject__person_first,evidence_from_direct_label,in_hand,person_subject,person_first
shared_control__name_1__obj_key__proximity_paraphrase__person_first,in_hand__name_1__obj_key__physical_placement_person_subject__person_first,evidence_from_proximity_paraphrase,in_hand,person_subject,person_first
in_hand__name_1__obj_key__physical_placement__person_first,in_hand__name_1__obj_key__physical_placement_person_subject__person_first,context_order,in_hand,person_subject,person_first
shared_control__name_1__obj_key__direct_label__object_first,in_hand__name_1__obj_key__physical_placement_person_subject__object_first,evidence_from_direct_label,in_hand,person_subject,object_first
shared_control__name_1__obj_key__proximity_paraphrase__object_first,in_hand__name_1__obj_key__physical_placement_person_subject__object_first,evidence_from_proximity_paraphrase,in_hand,person_subject,object_first
in_hand__name_1__obj_key__physical_placement__object_first,in_hand__name_1__obj_key__physical_placement_person_subject__object_first,context_order,in_hand,person_subject,object_first
in_hand__name_1__obj_key__physical_placement_person_subject__person_first,in_hand__name_1__obj_key__physical_placement_person_subject__object_first,target_order,in_hand,person_subject,object_first
shared_control__name_1__obj_book__direct_label__person_first,in_hand__name_1__obj_book__physical_placement__person_first,evidence_from_direct_label,in_hand,object_subject,person_first
shared_control__name_1__obj_book__proximity_paraphrase__person_first,in_hand__name_1__obj_book__physical_placement__person_first,evidence_from_proximity_paraphrase,in_hand,object_subject,person_first
shared_control__name_1__obj_book__direct_label__object_first,in_hand__name_1__obj_book__physical_placement__object_first,evidence_from_direct_label,in_hand,object_subject,object_first
shared_control__name_1__obj_book__proximity_paraphrase__object_first,in_hand__name_1__obj_book__physical_placement__object_first,evidence_from_proximity_paraphrase,in_hand,object_subject,object_first
in_hand__name_1__obj_book__physical_placement__person_first,in_hand__name_1__obj_book__physical_placement__object_first,target_order,in_hand,object_subject,object_first
shared_control__name_1__obj_book__direct_label__person_first,in_hand__name_1__obj_book__physical_placement_fronted__person_first,evidence_from_direct_label,in_hand,fronted_location,person_first
shared_control__name_1__obj_book__proximity_paraphrase__person_first,in_hand__name_1__obj_book__physical_placement_fronted__person_first,evidence_from_proximity_paraphrase,in_hand,fronted_location,person_first
in_hand__name_1__obj_book__physical_placement__person_first,in_hand__name_1__obj_book__physical_placement_fronted__person_first,context_order,in_hand,fronted_location,person_first
shared_control__name_1__obj_book__direct_label__object_first,in_hand__name_1__obj_book__physical_placement_fronted__object_first,evidence_from_direct_label,in_hand,fronted_location,object_first
shared_control__name_1__obj_book__proximity_paraphrase__object_first,in_hand__name_1__obj_book__physical_placement_fronted__object_first,evidence_from_proximity_paraphrase,in_hand,fronted_location,object_first
in_hand__name_1__obj_book__physical_placement__object_first,in_hand__name_1__obj_book__physical_placement_fronted__object_first,context_order,in_hand,fronted_location,object_first
in_hand__name_1__obj_book__physical_placement_fronted__person_first,in_hand__name_1__obj_book__physical_placement_fronted__object_first,target_order,in_hand,fronted_location,object_first
shared_control__name_1__obj_book__direct_label__person_first,in_hand__name_1__obj_book__physical_placement_person_subject__person_first,evidence_from_direct_label,in_hand,person_subject,person_first
shared_control__name_1__obj_book__proximity_paraphrase__person_first,in_hand__name_1__obj_book__physical_placement_person_subject__person_first,evidence_from_proximity_paraphrase,in_hand,person_subject,person_first
in_hand__name_1__obj_book__physical_placement__person_first,in_hand__name_1__obj_book__physical_placement_person_subject__person_first,context_order,in_hand,person_subject,person_first
shared_control__name_1__obj_book__direct_label__object_first,in_hand__name_1__obj_book__physical_placement_person_subject__object_first,evidence_from_direct_label,in_hand,person_subject,object_first
shared_control__name_1__obj_book__proximity_paraphrase__object_first,in_hand__name_1__obj_book__physical_placement_person_subject__object_first,evidence_from_proximity_paraphrase,in_hand,person_subject,object_first
in_hand__name_1__obj_book__physical_placement__object_first,in_hand__name_1__obj_book__physical_placement_person_subject__object_first,context_order,in_hand,person_subject,object_first
in_hand__name_1__obj_book__physical_placement_person_subject__person_first,in_hand__name_1__obj_book__physical_placement_person_subject__object_first,target_order,in_hand,person_subject,object_first
shared_control__name_2__obj_ball__direct_label__person_first,in_hand__name_2__obj_ball__physical_placement__person_first,evidence_from_direct_label,in_hand,object_subject,person_first
shared_control__name_2__obj_ball__proximity_paraphrase__person_first,in_hand__name_2__obj_ball__physical_placement__person_first,evidence_from_proximity_paraphrase,in_hand,object_subject,person_first
shared_control__name_2__obj_ball__direct_label__object_first,in_hand__name_2__obj_ball__physical_placement__object_first,evidence_from_direct_label,in_hand,object_subject,object_first
shared_control__name_2__obj_ball__proximity_paraphrase__object_first,in_hand__name_2__obj_ball__physical_placement__object_first,evidence_from_proximity_paraphrase,in_hand,object_subject,object_first
in_hand__name_2__obj_ball__physical_placement__person_first,in_hand__name_2__obj_ball__physical_placement__object_first,target_order,in_hand,object_subject,object_first
shared_control__name_2__obj_ball__direct_label__person_first,in_hand__name_2__obj_ball__physical_placement_fronted__person_first,evidence_from_direct_label,in_hand,fronted_location,person_first
shared_control__name_2__obj_ball__proximity_paraphrase__person_first,in_hand__name_2__obj_ball__physical_placement_fronted__person_first,evidence_from_proximity_paraphrase,in_hand,fronted_location,person_first
in_hand__name_2__obj_ball__physical_placement__person_first,in_hand__name_2__obj_ball__physical_placement_fronted__person_first,context_order,in_hand,fronted_location,person_first
shared_control__name_2__obj_ball__direct_label__object_first,in_hand__name_2__obj_ball__physical_placement_fronted__object_first,evidence_from_direct_label,in_hand,fronted_location,object_first
shared_control__name_2__obj_ball__proximity_paraphrase__object_first,in_hand__name_2__obj_ball__physical_placement_fronted__object_first,evidence_from_proximity_paraphrase,in_hand,fronted_location,object_first
in_hand__name_2__obj_ball__physical_placement__object_first,in_hand__name_2__obj_ball__physical_placement_fronted__object_first,context_order,in_hand,fronted_location,object_first
in_hand__name_2__obj_ball__physical_placement_fronted__person_first,in_hand__name_2__obj_ball__physical_placement_fronted__object_first,target_order,in_hand,fronted_location,object_first
shared_control__name_2__obj_ball__direct_label__person_first,in_hand__name_2__obj_ball__physical_placement_person_subject__person_first,evidence_from_direct_label,in_hand,person_subject,person_first
shared_control__name_2__obj_ball__proximity_paraphrase__person_first,in_hand__name_2__obj_ball__physical_placement_person_subject__person_first,evidence_from_proximity_paraphrase,in_hand,person_subject,person_first
in_hand__name_2__obj_ball__physical_placement__person_first,in_hand__name_2__obj_ball__physical_placement_person_subject__person_first,context_order,in_hand,person_subject,person_first
shared_control__name_2__obj_ball__direct_label__object_first,in_hand__name_2__obj_ball__physical_placement_person_subject__object_first,evidence_from_direct_label,in_hand,person_subject,object_first
shared_control__name_2__obj_ball__proximity_paraphrase__object_first,in_hand__name_2__obj_ball__physical_placement_person_subject__object_first,evidence_from_proximity_paraphrase,in_hand,person_subject,object_first
in_hand__name_2__obj_ball__physical_placement__object_first,in_hand__name_2__obj_ball__physical_placement_person_subject__object_first,context_order,in_hand,person_subject,object_first
in_hand__name_2__obj_ball__physical_placement_person_subject__person_first,in_hand__name_2__obj_ball__physical_placement_person_subject__object_first,target_order,in_hand,person_subject,object_first
shared_control__name_2__obj_cup__direct_label__person_first,in_hand__name_2__obj_cup__physical_placement__person_first,evidence_from_direct_label,in_hand,object_subject,person_first
shared_control__name_2__obj_cup__proximity_paraphrase__person_first,in_hand__name_2__obj_cup__physical_placement__person_first,evidence_from_proximity_paraphrase,in_hand,object_subject,person_first
shared_control__name_2__obj_cup__direct_label__object_first,in_hand__name_2__obj_cup__physical_placement__object_first,evidence_from_direct_label,in_hand,object_subject,object_first
shared_control__name_2__obj_cup__proximity_paraphrase__object_first,in_hand__name_2__obj_cup__physical_placement__object_first,evidence_from_proximity_paraphrase,in_hand,object_subject,object_first
in_hand__name_2__obj_cup__physical_placement__person_first,in_hand__name_2__obj_cup__physical_placement__object_first,target_order,in_hand,object_subject,object_first
shared_control__name_2__obj_cup__direct_label__person_first,in_hand__name_2__obj_cup__physical_placement_fronted__person_first,evidence_from_direct_label,in_hand,fronted_location,person_first
shared_control__name_2__obj_cup__proximity_paraphrase__person_first,in_hand__name_2__obj_cup__physical_placement_fronted__person_first,evidence_from_proximity_paraphrase,in_hand,fronted_location,person_first
in_hand__name_2__obj_cup__physical_placement__person_first,in_hand__name_2__obj_cup__physical_placement_fronted__person_first,context_order,in_hand,fronted_location,person_first
shared_control__name_2__obj_cup__direct_label__object_first,in_hand__name_2__obj_cup__physical_placement_fronted__object_first,evidence_from_direct_label,in_hand,fronted_location,object_first
shared_control__name_2__obj_cup__proximity_paraphrase__object_first,in_hand__name_2__obj_cup__physical_placement_fronted__object_first,evidence_from_proximity_paraphrase,in_hand,fronted_location,object_first
in_hand__name_2__obj_cup__physical_placement__object_first,in_hand__name_2__obj_cup__physical_placement_fronted__object_first,context_order,in_hand,fronted_location,object_first
in_hand__name_2__obj_cup__physical_placement_fronted__person_first,in_hand__name_2__obj_cup__physical_placement_fronted__object_first,target_order,in_hand,fronted_location,object_first
shared_control__name_2__obj_cup__direct_label__person_first,in_hand__name_2__obj_cup__physical_placement_person_subject__person_first,evidence_from_direct_label,in_hand,person_subject,person_first
shared_control__name_2__obj_cup__proximity_paraphrase__person_first,in_hand__name_2__obj_cup__physical_placement_person_subject__person_first,evidence_from_proximity_paraphrase,in_hand,person_subject,person_first
in_hand__name_2__obj_cup__physical_placement__person_first,in_hand__name_2__obj_cup__physical_placement_person_subject__person_first,context_order,in_hand,person_subject,person_first
shared_control__name_2__obj_cup__direct_label__object_first,in_hand__name_2__obj_cup__physical_placement_person_subject__object_first,evidence_from_direct_label,in_hand,person_subject,object_first
shared_control__name_2__obj_cup__proximity_paraphrase__object_first,in_hand__name_2__obj_cup__physical_placement_person_subject__object_first,evidence_from_proximity_paraphrase,in_hand,person_subject,object_first
in_hand__name_2__obj_cup__physical_placement__object_first,in_hand__name_2__obj_cup__physical_placement_person_subject__object_first,context_order,in_hand,person_subject,object_first
in_hand__name_2__obj_cup__physical_placement_person_subject__person_first,in_hand__name_2__obj_cup__physical_placement_person_subject__object_first,target_order,in_hand,person_subject,object_first
shared_control__name_2__obj_key__direct_label__person_first,in_hand__name_2__obj_key__physical_placement__person_first,evidence_from_direct_label,in_hand,object_subject,person_first
shared_control__name_2__obj_key__proximity_paraphrase__person_first,in_hand__name_2__obj_key__physical_placement__person_first,evidence_from_proximity_paraphrase,in_hand,object_subject,person_first
shared_control__name_2__obj_key__direct_label__object_first,in_hand__name_2__obj_key__physical_placement__object_first,evidence_from_direct_label,in_hand,object_subject,object_first
shared_control__name_2__obj_key__proximity_paraphrase__object_first,in_hand__name_2__obj_key__physical_placement__object_first,evidence_from_proximity_paraphrase,in_hand,object_subject,object_first
in_hand__name_2__obj_key__physical_placement__person_first,in_hand__name_2__obj_key__physical_placement__object_first,target_order,in_hand,object_subject,object_first
shared_control__name_2__obj_key__direct_label__person_first,in_hand__name_2__obj_key__physical_placement_fronted__person_first,evidence_from_direct_label,in_hand,fronted_location,person_first
shared_control__name_2__obj_key__proximity_paraphrase__person_first,in_hand__name_2__obj_key__physical_placement_fronted__person_first,evidence_from_proximity_paraphrase,in_hand,fronted_location,person_first
in_hand__name_2__obj_key__physical_placement__person_first,in_hand__name_2__obj_key__physical_placement_fronted__person_first,context_order,in_hand,fronted_location,person_first
shared_control__name_2__obj_key__direct_label__object_first,in_hand__name_2__obj_key__physical_placement_fronted__object_first,evidence_from_direct_label,in_hand,fronted_location,object_first
shared_control__name_2__obj_key__proximity_paraphrase__object_first,in_hand__name_2__obj_key__physical_placement_fronted__object_first,evidence_from_proximity_paraphrase,in_hand,fronted_location,object_first
in_hand__name_2__obj_key__physical_placement__object_first,in_hand__name_2__obj_key__physical_placement_fronted__object_first,context_order,in_hand,fronted_location,object_first
in_hand__name_2__obj_key__physical_placement_fronted__person_first,in_hand__name_2__obj_key__physical_placement_fronted__object_first,target_order,in_hand,fronted_location,object_first
shared_control__name_2__obj_key__direct_label__person_first,in_hand__name_2__obj_key__physical_placement_person_subject__person_first,evidence_from_direct_label,in_hand,person_subject,person_first
shared_control__name_2__obj_key__proximity_paraphrase__person_first,in_hand__name_2__obj_key__physical_placement_person_subject__person_first,evidence_from_proximity_paraphrase,in_hand,person_subject,person_first
in_hand__name_2__obj_key__physical_placement__person_first,in_hand__name_2__obj_key__physical_placement_person_subject__person_first,context_order,in_hand,person_subject,person_first
shared_control__name_2__obj_key__direct_label__object_first,in_hand__name_2__obj_key__physical_placement_person_subject__object_first,evidence_from_direct_label,in_hand,person_subject,object_first
shared_control__name_2__obj_key__proximity_paraphrase__object_first,in_hand__name_2__obj_key__physical_placement_person_subject__object_first,evidence_from_proximity_paraphrase,in_hand,person_subject,object_first
in_hand__name_2__obj_key__physical_placement__object_first,in_hand__name_2__obj_key__physical_placement_person_subject__object_first,context_order,in_hand,person_subject,object_first
in_hand__name_2__obj_key__physical_placement_person_subject__person_first,in_hand__name_2__obj_key__physical_placement_person_subject__object_first,target_order,in_hand,person_subject,object_first
shared_control__name_2__obj_book__direct_label__person_first,in_hand__name_2__obj_book__physical_placement__person_first,evidence_from_direct_label,in_hand,object_subject,person_first
shared_control__name_2__obj_book__proximity_paraphrase__person_first,in_hand__name_2__obj_book__physical_placement__person_first,evidence_from_proximity_paraphrase,in_hand,object_subject,person_first
shared_control__name_2__obj_book__direct_label__object_first,in_hand__name_2__obj_book__physical_placement__object_first,evidence_from_direct_label,in_hand,object_subject,object_first
shared_control__name_2__obj_book__proximity_paraphrase__object_first,in_hand__name_2__obj_book__physical_placement__object_first,evidence_from_proximity_paraphrase,in_hand,object_subject,object_first
in_hand__name_2__obj_book__physical_placement__person_first,in_hand__name_2__obj_book__physical_placement__object_first,target_order,in_hand,object_subject,object_first
shared_control__name_2__obj_book__direct_label__person_first,in_hand__name_2__obj_book__physical_placement_fronted__person_first,evidence_from_direct_label,in_hand,fronted_location,person_first
shared_control__name_2__obj_book__proximity_paraphrase__person_first,in_hand__name_2__obj_book__physical_placement_fronted__person_first,evidence_from_proximity_paraphrase,in_hand,fronted_location,person_first
in_hand__name_2__obj_book__physical_placement__person_first,in_hand__name_2__obj_book__physical_placement_fronted__person_first,context_order,in_hand,fronted_location,person_first
shared_control__name_2__obj_book__direct_label__object_first,in_hand__name_2__obj_book__physical_placement_fronted__object_first,evidence_from_direct_label,in_hand,fronted_location,object_first
shared_control__name_2__obj_book__proximity_paraphrase__object_first,in_hand__name_2__obj_book__physical_placement_fronted__object_first,evidence_from_proximity_paraphrase,in_hand,fronted_location,object_first
in_hand__name_2__obj_book__physical_placement__object_first,in_hand__name_2__obj_book__physical_placement_fronted__object_first,context_order,in_hand,fronted_location,object_first
in_hand__name_2__obj_book__physical_placement_fronted__person_first,in_hand__name_2__obj_book__physical_placement_fronted__object_first,target_order,in_hand,fronted_location,object_first
shared_control__name_2__obj_book__direct_label__person_first,in_hand__name_2__obj_book__physical_placement_person_subject__person_first,evidence_from_direct_label,in_hand,person_subject,person_first
shared_control__name_2__obj_book__proximity_paraphrase__person_first,in_hand__name_2__obj_book__physical_placement_person_subject__person_first,evidence_from_proximity_paraphrase,in_hand,person_subject,person_first
in_hand__name_2__obj_book__physical_placement__person_first,in_hand__name_2__obj_book__physical_placement_person_subject__person_first,context_order,in_hand,person_subject,person_first
shared_control__name_2__obj_book__direct_label__object_first,in_hand__name_2__obj_book__physical_placement_person_subject__object_first,evidence_from_direct_label,in_hand,person_subject,object_first
shared_control__name_2__obj_book__proximity_paraphrase__object_first,in_hand__name_2__obj_book__physical_placement_person_subject__object_first,evidence_from_proximity_paraphrase,in_hand,person_subject,object_first
in_hand__name_2__obj_book__physical_placement__object_first,in_hand__name_2__obj_book__physical_placement_person_subject__object_first,context_order,in_hand,person_subject,object_first
in_hand__name_2__obj_book__physical_placement_person_subject__person_first,in_hand__name_2__obj_book__physical_placement_person_subject__object_first,target_order,in_hand,person_subject,object_first
shared_control__name_3__obj_ball__direct_label__person_first,in_hand__name_3__obj_ball__physical_placement__person_first,evidence_from_direct_label,in_hand,object_subject,person_first
shared_control__name_3__obj_ball__proximity_paraphrase__person_first,in_hand__name_3__obj_ball__physical_placement__person_first,evidence_from_proximity_paraphrase,in_hand,object_subject,person_first
shared_control__name_3__obj_ball__direct_label__object_first,in_hand__name_3__obj_ball__physical_placement__object_first,evidence_from_direct_label,in_hand,object_subject,object_first
shared_control__name_3__obj_ball__proximity_paraphrase__object_first,in_hand__name_3__obj_ball__physical_placement__object_first,evidence_from_proximity_paraphrase,in_hand,object_subject,object_first
in_hand__name_3__obj_ball__physical_placement__person_first,in_hand__name_3__obj_ball__physical_placement__object_first,target_order,in_hand,object_subject,object_first
shared_control__name_3__obj_ball__direct_label__person_first,in_hand__name_3__obj_ball__physical_placement_fronted__person_first,evidence_from_direct_label,in_hand,fronted_location,person_first
shared_control__name_3__obj_ball__proximity_paraphrase__person_first,in_hand__name_3__obj_ball__physical_placement_fronted__person_first,evidence_from_proximity_paraphrase,in_hand,fronted_location,person_first
in_hand__name_3__obj_ball__physical_placement__person_first,in_hand__name_3__obj_ball__physical_placement_fronted__person_first,context_order,in_hand,fronted_location,person_first
shared_control__name_3__obj_ball__direct_label__object_first,in_hand__name_3__obj_ball__physical_placement_fronted__object_first,evidence_from_direct_label,in_hand,fronted_location,object_first
shared_control__name_3__obj_ball__proximity_paraphrase__object_first,in_hand__name_3__obj_ball__physical_placement_fronted__object_first,evidence_from_proximity_paraphrase,in_hand,fronted_location,object_first
in_hand__name_3__obj_ball__physical_placement__object_first,in_hand__name_3__obj_ball__physical_placement_fronted__object_first,context_order,in_hand,fronted_location,object_first
in_hand__name_3__obj_ball__physical_placement_fronted__person_first,in_hand__name_3__obj_ball__physical_placement_fronted__object_first,target_order,in_hand,fronted_location,object_first
shared_control__name_3__obj_ball__direct_label__person_first,in_hand__name_3__obj_ball__physical_placement_person_subject__person_first,evidence_from_direct_label,in_hand,person_subject,person_first
shared_control__name_3__obj_ball__proximity_paraphrase__person_first,in_hand__name_3__obj_ball__physical_placement_person_subject__person_first,evidence_from_proximity_paraphrase,in_hand,person_subject,person_first
in_hand__name_3__obj_ball__physical_placement__person_first,in_hand__name_3__obj_ball__physical_placement_person_subject__person_first,context_order,in_hand,person_subject,person_first
shared_control__name_3__obj_ball__direct_label__object_first,in_hand__name_3__obj_ball__physical_placement_person_subject__object_first,evidence_from_direct_label,in_hand,person_subject,object_first
shared_control__name_3__obj_ball__proximity_paraphrase__object_first,in_hand__name_3__obj_ball__physical_placement_person_subject__object_first,evidence_from_proximity_paraphrase,in_hand,person_subject,object_first
in_hand__name_3__obj_ball__physical_placement__object_first,in_hand__name_3__obj_ball__physical_placement_person_subject__object_first,context_order,in_hand,person_subject,object_first
in_hand__name_3__obj_ball__physical_placement_person_subject__person_first,in_hand__name_3__obj_ball__physical_placement_person_subject__object_first,target_order,in_hand,person_subject,object_first
shared_control__name_3__obj_cup__direct_label__person_first,in_hand__name_3__obj_cup__physical_placement__person_first,evidence_from_direct_label,in_hand,object_subject,person_first
shared_control__name_3__obj_cup__proximity_paraphrase__person_first,in_hand__name_3__obj_cup__physical_placement__person_first,evidence_from_proximity_paraphrase,in_hand,object_subject,person_first
shared_control__name_3__obj_cup__direct_label__object_first,in_hand__name_3__obj_cup__physical_placement__object_first,evidence_from_direct_label,in_hand,object_subject,object_first
shared_control__name_3__obj_cup__proximity_paraphrase__object_first,in_hand__name_3__obj_cup__physical_placement__object_first,evidence_from_proximity_paraphrase,in_hand,object_subject,object_first
in_hand__name_3__obj_cup__physical_placement__person_first,in_hand__name_3__obj_cup__physical_placement__object_first,target_order,in_hand,object_subject,object_first
shared_control__name_3__obj_cup__direct_label__person_first,in_hand__name_3__obj_cup__physical_placement_fronted__person_first,evidence_from_direct_label,in_hand,fronted_location,person_first
shared_control__name_3__obj_cup__proximity_paraphrase__person_first,in_hand__name_3__obj_cup__physical_placement_fronted__person_first,evidence_from_proximity_paraphrase,in_hand,fronted_location,person_first
in_hand__name_3__obj_cup__physical_placement__person_first,in_hand__name_3__obj_cup__physical_placement_fronted__person_first,context_order,in_hand,fronted_location,person_first
shared_control__name_3__obj_cup__direct_label__object_first,in_hand__name_3__obj_cup__physical_placement_fronted__object_first,evidence_from_direct_label,in_hand,fronted_location,object_first
shared_control__name_3__obj_cup__proximity_paraphrase__object_first,in_hand__name_3__obj_cup__physical_placement_fronted__object_first,evidence_from_proximity_paraphrase,in_hand,fronted_location,object_first
in_hand__name_3__obj_cup__physical_placement__object_first,in_hand__name_3__obj_cup__physical_placement_fronted__object_first,context_order,in_hand,fronted_location,object_first
in_hand__name_3__obj_cup__physical_placement_fronted__person_first,in_hand__name_3__obj_cup__physical_placement_fronted__object_first,target_order,in_hand,fronted_location,object_first
shared_control__name_3__obj_cup__direct_label__person_first,in_hand__name_3__obj_cup__physical_placement_person_subject__person_first,evidence_from_direct_label,in_hand,person_subject,person_first
shared_control__name_3__obj_cup__proximity_paraphrase__person_first,in_hand__name_3__obj_cup__physical_placement_person_subject__person_first,evidence_from_proximity_paraphrase,in_hand,person_subject,person_first
in_hand__name_3__obj_cup__physical_placement__person_first,in_hand__name_3__obj_cup__physical_placement_person_subject__person_first,context_order,in_hand,person_subject,person_first
shared_control__name_3__obj_cup__direct_label__object_first,in_hand__name_3__obj_cup__physical_placement_person_subject__object_first,evidence_from_direct_label,in_hand,person_subject,object_first
shared_control__name_3__obj_cup__proximity_paraphrase__object_first,in_hand__name_3__obj_cup__physical_placement_person_subject__object_first,evidence_from_proximity_paraphrase,in_hand,person_subject,object_first
in_hand__name_3__obj_cup__physical_placement__object_first,in_hand__name_3__obj_cup__physical_placement_person_subject__object_first,context_order,in_hand,person_subject,object_first
in_hand__name_3__obj_cup__physical_placement_person_subject__person_first,in_hand__name_3__obj_cup__physical_placement_person_subject__object_first,target_order,in_hand,person_subject,object_first
shared_control__name_3__obj_key__direct_label__person_first,in_hand__name_3__obj_key__physical_placement__person_first,evidence_from_direct_label,in_hand,object_subject,person_first
shared_control__name_3__obj_key__proximity_paraphrase__person_first,in_hand__name_3__obj_key__physical_placement__person_first,evidence_from_proximity_paraphrase,in_hand,object_subject,person_first
shared_control__name_3__obj_key__direct_label__object_first,in_hand__name_3__obj_key__physical_placement__object_first,evidence_from_direct_label,in_hand,object_subject,object_first
shared_control__name_3__obj_key__proximity_paraphrase__object_first,in_hand__name_3__obj_key__physical_placement__object_first,evidence_from_proximity_paraphrase,in_hand,object_subject,object_first
in_hand__name_3__obj_key__physical_placement__person_first,in_hand__name_3__obj_key__physical_placement__object_first,target_order,in_hand,object_subject,object_first
shared_control__name_3__obj_key__direct_label__person_first,in_hand__name_3__obj_key__physical_placement_fronted__person_first,evidence_from_direct_label,in_hand,fronted_location,person_first
shared_control__name_3__obj_key__proximity_paraphrase__person_first,in_hand__name_3__obj_key__physical_placement_fronted__person_first,evidence_from_proximity_paraphrase,in_hand,fronted_location,person_first
in_hand__name_3__obj_key__physical_placement__person_first,in_hand__name_3__obj_key__physical_placement_fronted__person_first,context_order,in_hand,fronted_location,person_first
shared_control__name_3__obj_key__direct_label__object_first,in_hand__name_3__obj_key__physical_placement_fronted__object_first,evidence_from_direct_label,in_hand,fronted_location,object_first
shared_control__name_3__obj_key__proximity_paraphrase__object_first,in_hand__name_3__obj_key__physical_placement_fronted__object_first,evidence_from_proximity_paraphrase,in_hand,fronted_location,object_first
in_hand__name_3__obj_key__physical_placement__object_first,in_hand__name_3__obj_key__physical_placement_fronted__object_first,context_order,in_hand,fronted_location,object_first
in_hand__name_3__obj_key__physical_placement_fronted__person_first,in_hand__name_3__obj_key__physical_placement_fronted__object_first,target_order,in_hand,fronted_location,object_first
shared_control__name_3__obj_key__direct_label__person_first,in_hand__name_3__obj_key__physical_placement_person_subject__person_first,evidence_from_direct_label,in_hand,person_subject,person_first
shared_control__name_3__obj_key__proximity_paraphrase__person_first,in_hand__name_3__obj_key__physical_placement_person_subject__person_first,evidence_from_proximity_paraphrase,in_hand,person_subject,person_first
in_hand__name_3__obj_key__physical_placement__person_first,in_hand__name_3__obj_key__physical_placement_person_subject__person_first,context_order,in_hand,person_subject,person_first
shared_control__name_3__obj_key__direct_label__object_first,in_hand__name_3__obj_key__physical_placement_person_subject__object_first,evidence_from_direct_label,in_hand,person_subject,object_first
shared_control__name_3__obj_key__proximity_paraphrase__object_first,in_hand__name_3__obj_key__physical_placement_person_subject__object_first,evidence_from_proximity_paraphrase,in_hand,person_subject,object_first
in_hand__name_3__obj_key__physical_placement__object_first,in_hand__name_3__obj_key__physical_placement_person_subject__object_first,context_order,in_hand,person_subject,object_first
in_hand__name_3__obj_key__physical_placement_person_subject__person_first,in_hand__name_3__obj_key__physical_placement_person_subject__object_first,target_order,in_hand,person_subject,object_first
shared_control__name_3__obj_book__direct_label__person_first,in_hand__name_3__obj_book__physical_placement__person_first,evidence_from_direct_label,in_hand,object_subject,person_first
shared_control__name_3__obj_book__proximity_paraphrase__person_first,in_hand__name_3__obj_book__physical_placement__person_first,evidence_from_proximity_paraphrase,in_hand,object_subject,person_first
shared_control__name_3__obj_book__direct_label__object_first,in_hand__name_3__obj_book__physical_placement__object_first,evidence_from_direct_label,in_hand,object_subject,object_first
shared_control__name_3__obj_book__proximity_paraphrase__object_first,in_hand__name_3__obj_book__physical_placement__object_first,evidence_from_proximity_paraphrase,in_hand,object_subject,object_first
in_hand__name_3__obj_book__physical_placement__person_first,in_hand__name_3__obj_book__physical_placement__object_first,target_order,in_hand,object_subject,object_first
shared_control__name_3__obj_book__direct_label__person_first,in_hand__name_3__obj_book__physical_placement_fronted__person_first,evidence_from_direct_label,in_hand,fronted_location,person_first
shared_control__name_3__obj_book__proximity_paraphrase__person_first,in_hand__name_3__obj_book__physical_placement_fronted__person_first,evidence_from_proximity_paraphrase,in_hand,fronted_location,person_first
in_hand__name_3__obj_book__physical_placement__person_first,in_hand__name_3__obj_book__physical_placement_fronted__person_first,context_order,in_hand,fronted_location,person_first
shared_control__name_3__obj_book__direct_label__object_first,in_hand__name_3__obj_book__physical_placement_fronted__object_first,evidence_from_direct_label,in_hand,fronted_location,object_first
shared_control__name_3__obj_book__proximity_paraphrase__object_first,in_hand__name_3__obj_book__physical_placement_fronted__object_first,evidence_from_proximity_paraphrase,in_hand,fronted_location,object_first
in_hand__name_3__obj_book__physical_placement__object_first,in_hand__name_3__obj_book__physical_placement_fronted__object_first,context_order,in_hand,fronted_location,object_first
in_hand__name_3__obj_book__physical_placement_fronted__person_first,in_hand__name_3__obj_book__physical_placement_fronted__object_first,target_order,in_hand,fronted_location,object_first
shared_control__name_3__obj_book__direct_label__person_first,in_hand__name_3__obj_book__physical_placement_person_subject__person_first,evidence_from_direct_label,in_hand,person_subject,person_first
shared_control__name_3__obj_book__proximity_paraphrase__person_first,in_hand__name_3__obj_book__physical_placement_person_subject__person_first,evidence_from_proximity_paraphrase,in_hand,person_subject,person_first
in_hand__name_3__obj_book__physical_placement__person_first,in_hand__name_3__obj_book__physical_placement_person_subject__person_first,context_order,in_hand,person_subject,person_first
shared_control__name_3__obj_book__direct_label__object_first,in_hand__name_3__obj_book__physical_placement_person_subject__object_first,evidence_from_direct_label,in_hand,person_subject,object_first
shared_control__name_3__obj_book__proximity_paraphrase__object_first,in_hand__name_3__obj_book__physical_placement_person_subject__object_first,evidence_from_proximity_paraphrase,in_hand,person_subject,object_first
in_hand__name_3__obj_book__physical_placement__object_first,in_hand__name_3__obj_book__physical_placement_person_subject__object_first,context_order,in_hand,person_subject,object_first
in_hand__name_3__obj_book__physical_placement_person_subject__person_first,in_hand__name_3__obj_book__physical_placement_person_subject__object_first,target_order,in_hand,person_subject,object_first
shared_control__name_0__obj_book__direct_label__person_first,on_lap__name_0__obj_book__physical_placement__person_first,evidence_from_direct_label,on_lap,object_subject,person_first
shared_control__name_0__obj_book__proximity_paraphrase__person_first,on_lap__name_0__obj_book__physical_placement__person_first,evidence_from_proximity_paraphrase,on_lap,object_subject,person_first
shared_control__name_0__obj_book__direct_label__object_first,on_lap__name_0__obj_book__physical_placement__object_first,evidence_from_direct_label,on_lap,object_subject,object_first
shared_control__name_0__obj_book__proximity_paraphrase__object_first,on_lap__name_0__obj_book__physical_placement__object_first,evidence_from_proximity_paraphrase,on_lap,object_subject,object_first
on_lap__name_0__obj_book__physical_placement__person_first,on_lap__name_0__obj_book__physical_placement__object_first,target_order,on_lap,object_subject,object_first
shared_control__name_0__obj_book__direct_label__person_first,on_lap__name_0__obj_book__physical_placement_fronted__person_first,evidence_from_direct_label,on_lap,fronted_location,person_first
shared_control__name_0__obj_book__proximity_paraphrase__person_first,on_lap__name_0__obj_book__physical_placement_fronted__person_first,evidence_from_proximity_paraphrase,on_lap,fronted_location,person_first
on_lap__name_0__obj_book__physical_placement__person_first,on_lap__name_0__obj_book__physical_placement_fronted__person_first,context_order,on_lap,fronted_location,person_first
shared_control__name_0__obj_book__direct_label__object_first,on_lap__name_0__obj_book__physical_placement_fronted__object_first,evidence_from_direct_label,on_lap,fronted_location,object_first
shared_control__name_0__obj_book__proximity_paraphrase__object_first,on_lap__name_0__obj_book__physical_placement_fronted__object_first,evidence_from_proximity_paraphrase,on_lap,fronted_location,object_first
on_lap__name_0__obj_book__physical_placement__object_first,on_lap__name_0__obj_book__physical_placement_fronted__object_first,context_order,on_lap,fronted_location,object_first
on_lap__name_0__obj_book__physical_placement_fronted__person_first,on_lap__name_0__obj_book__physical_placement_fronted__object_first,target_order,on_lap,fronted_location,object_first
shared_control__name_0__obj_book__direct_label__person_first,on_lap__name_0__obj_book__physical_placement_person_subject__person_first,evidence_from_direct_label,on_lap,person_subject,person_first
shared_control__name_0__obj_book__proximity_paraphrase__person_first,on_lap__name_0__obj_book__physical_placement_person_subject__person_first,evidence_from_proximity_paraphrase,on_lap,person_subject,person_first
on_lap__name_0__obj_book__physical_placement__person_first,on_lap__name_0__obj_book__physical_placement_person_subject__person_first,context_order,on_lap,person_subject,person_first
shared_control__name_0__obj_book__direct_label__object_first,on_lap__name_0__obj_book__physical_placement_person_subject__object_first,evidence_from_direct_label,on_lap,person_subject,object_first
shared_control__name_0__obj_book__proximity_paraphrase__object_first,on_lap__name_0__obj_book__physical_placement_person_subject__object_first,evidence_from_proximity_paraphrase,on_lap,person_subject,object_first
on_lap__name_0__obj_book__physical_placement__object_first,on_lap__name_0__obj_book__physical_placement_person_subject__object_first,context_order,on_lap,person_subject,object_first
on_lap__name_0__obj_book__physical_placement_person_subject__person_first,on_lap__name_0__obj_book__physical_placement_person_subject__object_first,target_order,on_lap,person_subject,object_first
shared_control__name_0__obj_bag__direct_label__person_first,on_lap__name_0__obj_bag__physical_placement__person_first,evidence_from_direct_label,on_lap,object_subject,person_first
shared_control__name_0__obj_bag__proximity_paraphrase__person_first,on_lap__name_0__obj_bag__physical_placement__person_first,evidence_from_proximity_paraphrase,on_lap,object_subject,person_first
shared_control__name_0__obj_bag__direct_label__object_first,on_lap__name_0__obj_bag__physical_placement__object_first,evidence_from_direct_label,on_lap,object_subject,object_first
shared_control__name_0__obj_bag__proximity_paraphrase__object_first,on_lap__name_0__obj_bag__physical_placement__object_first,evidence_from_proximity_paraphrase,on_lap,object_subject,object_first
on_lap__name_0__obj_bag__physical_placement__person_first,on_lap__name_0__obj_bag__physical_placement__object_first,target_order,on_lap,object_subject,object_first
shared_control__name_0__obj_bag__direct_label__person_first,on_lap__name_0__obj_bag__physical_placement_fronted__person_first,evidence_from_direct_label,on_lap,fronted_location,person_first
shared_control__name_0__obj_bag__proximity_paraphrase__person_first,on_lap__name_0__obj_bag__physical_placement_fronted__person_first,evidence_from_proximity_paraphrase,on_lap,fronted_location,person_first
on_lap__name_0__obj_bag__physical_placement__person_first,on_lap__name_0__obj_bag__physical_placement_fronted__person_first,context_order,on_lap,fronted_location,person_first
shared_control__name_0__obj_bag__direct_label__object_first,on_lap__name_0__obj_bag__physical_placement_fronted__object_first,evidence_from_direct_label,on_lap,fronted_location,object_first
shared_control__name_0__obj_bag__proximity_paraphrase__object_first,on_lap__name_0__obj_bag__physical_placement_fronted__object_first,evidence_from_proximity_paraphrase,on_lap,fronted_location,object_first
on_lap__name_0__obj_bag__physical_placement__object_first,on_lap__name_0__obj_bag__physical_placement_fronted__object_first,context_order,on_lap,fronted_location,object_first
on_lap__name_0__obj_bag__physical_placement_fronted__person_first,on_lap__name_0__obj_bag__physical_placement_fronted__object_first,target_order,on_lap,fronted_location,object_first
shared_control__name_0__obj_bag__direct_label__person_first,on_lap__name_0__obj_bag__physical_placement_person_subject__person_first,evidence_from_direct_label,on_lap,person_subject,person_first
shared_control__name_0__obj_bag__proximity_paraphrase__person_first,on_lap__name_0__obj_bag__physical_placement_person_subject__person_first,evidence_from_proximity_paraphrase,on_lap,person_subject,person_first
on_lap__name_0__obj_bag__physical_placement__person_first,on_lap__name_0__obj_bag__physical_placement_person_subject__person_first,context_order,on_lap,person_subject,person_first
shared_control__name_0__obj_bag__direct_label__object_first,on_lap__name_0__obj_bag__physical_placement_person_subject__object_first,evidence_from_direct_label,on_lap,person_subject,object_first
shared_control__name_0__obj_bag__proximity_paraphrase__object_first,on_lap__name_0__obj_bag__physical_placement_person_subject__object_first,evidence_from_proximity_paraphrase,on_lap,person_subject,object_first
on_lap__name_0__obj_bag__physical_placement__object_first,on_lap__name_0__obj_bag__physical_placement_person_subject__object_first,context_order,on_lap,person_subject,object_first
on_lap__name_0__obj_bag__physical_placement_person_subject__person_first,on_lap__name_0__obj_bag__physical_placement_person_subject__object_first,target_order,on_lap,person_subject,object_first
shared_control__name_0__obj_ball__direct_label__person_first,on_lap__name_0__obj_ball__physical_placement__person_first,evidence_from_direct_label,on_lap,object_subject,person_first
shared_control__name_0__obj_ball__proximity_paraphrase__person_first,on_lap__name_0__obj_ball__physical_placement__person_first,evidence_from_proximity_paraphrase,on_lap,object_subject,person_first
shared_control__name_0__obj_ball__direct_label__object_first,on_lap__name_0__obj_ball__physical_placement__object_first,evidence_from_direct_label,on_lap,object_subject,object_first
shared_control__name_0__obj_ball__proximity_paraphrase__object_first,on_lap__name_0__obj_ball__physical_placement__object_first,evidence_from_proximity_paraphrase,on_lap,object_subject,object_first
on_lap__name_0__obj_ball__physical_placement__person_first,on_lap__name_0__obj_ball__physical_placement__object_first,target_order,on_lap,object_subject,object_first
shared_control__name_0__obj_ball__direct_label__person_first,on_lap__name_0__obj_ball__physical_placement_fronted__person_first,evidence_from_direct_label,on_lap,fronted_location,person_first
shared_control__name_0__obj_ball__proximity_paraphrase__person_first,on_lap__name_0__obj_ball__physical_placement_fronted__person_first,evidence_from_proximity_paraphrase,on_lap,fronted_location,person_first
on_lap__name_0__obj_ball__physical_placement__person_first,on_lap__name_0__obj_ball__physical_placement_fronted__person_first,context_order,on_lap,fronted_location,person_first
shared_control__name_0__obj_ball__direct_label__object_first,on_lap__name_0__obj_ball__physical_placement_fronted__object_first,evidence_from_direct_label,on_lap,fronted_location,object_first
shared_control__name_0__obj_ball__proximity_paraphrase__object_first,on_lap__name_0__obj_ball__physical_placement_fronted__object_first,evidence_from_proximity_paraphrase,on_lap,fronted_location,object_first
on_lap__name_0__obj_ball__physical_placement__object_first,on_lap__name_0__obj_ball__physical_placement_fronted__object_first,context_order,on_lap,fronted_location,object_first
on_lap__name_0__obj_ball__physical_placement_fronted__person_first,on_lap__name_0__obj_ball__physical_placement_fronted__object_first,target_order,on_lap,fronted_location,object_first
shared_control__name_0__obj_ball__direct_label__person_first,on_lap__name_0__obj_ball__physical_placement_person_subject__person_first,evidence_from_direct_label,on_lap,person_subject,person_first
shared_control__name_0__obj_ball__proximity_paraphrase__person_first,on_lap__name_0__obj_ball__physical_placement_person_subject__person_first,evidence_from_proximity_paraphrase,on_lap,person_subject,person_first
on_lap__name_0__obj_ball__physical_placement__person_first,on_lap__name_0__obj_ball__physical_placement_person_subject__person_first,context_order,on_lap,person_subject,person_first
shared_control__name_0__obj_ball__direct_label__object_first,on_lap__name_0__obj_ball__physical_placement_person_subject__object_first,evidence_from_direct_label,on_lap,person_subject,object_first
shared_control__name_0__obj_ball__proximity_paraphrase__object_first,on_lap__name_0__obj_ball__physical_placement_person_subject__object_first,evidence_from_proximity_paraphrase,on_lap,person_subject,object_first
on_lap__name_0__obj_ball__physical_placement__object_first,on_lap__name_0__obj_ball__physical_placement_person_subject__object_first,context_order,on_lap,person_subject,object_first
on_lap__name_0__obj_ball__physical_placement_person_subject__person_first,on_lap__name_0__obj_ball__physical_placement_person_subject__object_first,target_order,on_lap,person_subject,object_first
shared_control__name_0__obj_helmet__direct_label__person_first,on_lap__name_0__obj_helmet__physical_placement__person_first,evidence_from_direct_label,on_lap,object_subject,person_first
shared_control__name_0__obj_helmet__proximity_paraphrase__person_first,on_lap__name_0__obj_helmet__physical_placement__person_first,evidence_from_proximity_paraphrase,on_lap,object_subject,person_first
shared_control__name_0__obj_helmet__direct_label__object_first,on_lap__name_0__obj_helmet__physical_placement__object_first,evidence_from_direct_label,on_lap,object_subject,object_first
shared_control__name_0__obj_helmet__proximity_paraphrase__object_first,on_lap__name_0__obj_helmet__physical_placement__object_first,evidence_from_proximity_paraphrase,on_lap,object_subject,object_first
on_lap__name_0__obj_helmet__physical_placement__person_first,on_lap__name_0__obj_helmet__physical_placement__object_first,target_order,on_lap,object_subject,object_first
shared_control__name_0__obj_helmet__direct_label__person_first,on_lap__name_0__obj_helmet__physical_placement_fronted__person_first,evidence_from_direct_label,on_lap,fronted_location,person_first
shared_control__name_0__obj_helmet__proximity_paraphrase__person_first,on_lap__name_0__obj_helmet__physical_placement_fronted__person_first,evidence_from_proximity_paraphrase,on_lap,fronted_location,person_first
on_lap__name_0__obj_helmet__physical_placement__person_first,on_lap__name_0__obj_helmet__physical_placement_fronted__person_first,context_order,on_lap,fronted_location,person_first
shared_control__name_0__obj_helmet__direct_label__object_first,on_lap__name_0__obj_helmet__physical_placement_fronted__object_first,evidence_from_direct_label,on_lap,fronted_location,object_first
shared_control__name_0__obj_helmet__proximity_paraphrase__object_first,on_lap__name_0__obj_helmet__physical_placement_fronted__object_first,evidence_from_proximity_paraphrase,on_lap,fronted_location,object_first
on_lap__name_0__obj_helmet__physical_placement__object_first,on_lap__name_0__obj_helmet__physical_placement_fronted__object_first,context_order,on_lap,fronted_location,object_first
on_lap__name_0__obj_helmet__physical_placement_fronted__person_first,on_lap__name_0__obj_helmet__physical_placement_fronted__object_first,target_order,on_lap,fronted_location,object_first
shared_control__name_0__obj_helmet__direct_label__person_first,on_lap__name_0__obj_helmet__physical_placement_person_subject__person_first,evidence_from_direct_label,on_lap,person_subject,person_first
shared_control__name_0__obj_helmet__proximity_paraphrase__person_first,on_lap__name_0__obj_helmet__physical_placement_person_subject__person_first,evidence_from_proximity_paraphrase,on_lap,person_subject,person_first
on_lap__name_0__obj_helmet__physical_placement__person_first,on_lap__name_0__obj_helmet__physical_placement_person_subject__person_first,context_order,on_lap,person_subject,person_first
shared_control__name_0__obj_helmet__direct_label__object_first,on_lap__name_0__obj_helmet__physical_placement_person_subject__object_first,evidence_from_direct_label,on_lap,person_subject,object_first
shared_control__name_0__obj_helmet__proximity_paraphrase__object_first,on_lap__name_0__obj_helmet__physical_placement_person_subject__object_first,evidence_from_proximity_paraphrase,on_lap,person_subject,object_first
on_lap__name_0__obj_helmet__physical_placement__object_first,on_lap__name_0__obj_helmet__physical_placement_person_subject__object_first,context_order,on_lap,person_subject,object_first
on_lap__name_0__obj_helmet__physical_placement_person_subject__person_first,on_lap__name_0__obj_helmet__physical_placement_person_subject__object_first,target_order,on_lap,person_subject,object_first
shared_control__name_1__obj_book__direct_label__person_first,on_lap__name_1__obj_book__physical_placement__person_first,evidence_from_direct_label,on_lap,object_subject,person_first
shared_control__name_1__obj_book__proximity_paraphrase__person_first,on_lap__name_1__obj_book__physical_placement__person_first,evidence_from_proximity_paraphrase,on_lap,object_subject,person_first
shared_control__name_1__obj_book__direct_label__object_first,on_lap__name_1__obj_book__physical_placement__object_first,evidence_from_direct_label,on_lap,object_subject,object_first
shared_control__name_1__obj_book__proximity_paraphrase__object_first,on_lap__name_1__obj_book__physical_placement__object_first,evidence_from_proximity_paraphrase,on_lap,object_subject,object_first
on_lap__name_1__obj_book__physical_placement__person_first,on_lap__name_1__obj_book__physical_placement__object_first,target_order,on_lap,object_subject,object_first
shared_control__name_1__obj_book__direct_label__person_first,on_lap__name_1__obj_book__physical_placement_fronted__person_first,evidence_from_direct_label,on_lap,fronted_location,person_first
shared_control__name_1__obj_book__proximity_paraphrase__person_first,on_lap__name_1__obj_book__physical_placement_fronted__person_first,evidence_from_proximity_paraphrase,on_lap,fronted_location,person_first
on_lap__name_1__obj_book__physical_placement__person_first,on_lap__name_1__obj_book__physical_placement_fronted__person_first,context_order,on_lap,fronted_location,person_first
shared_control__name_1__obj_book__direct_label__object_first,on_lap__name_1__obj_book__physical_placement_fronted__object_first,evidence_from_direct_label,on_lap,fronted_location,object_first
shared_control__name_1__obj_book__proximity_paraphrase__object_first,on_lap__name_1__obj_book__physical_placement_fronted__object_first,evidence_from_proximity_paraphrase,on_lap,fronted_location,object_first
on_lap__name_1__obj_book__physical_placement__object_first,on_lap__name_1__obj_book__physical_placement_fronted__object_first,context_order,on_lap,fronted_location,object_first
on_lap__name_1__obj_book__physical_placement_fronted__person_first,on_lap__name_1__obj_book__physical_placement_fronted__object_first,target_order,on_lap,fronted_location,object_first
shared_control__name_1__obj_book__direct_label__person_first,on_lap__name_1__obj_book__physical_placement_person_subject__person_first,evidence_from_direct_label,on_lap,person_subject,person_first
shared_control__name_1__obj_book__proximity_paraphrase__person_first,on_lap__name_1__obj_book__physical_placement_person_subject__person_first,evidence_from_proximity_paraphrase,on_lap,person_subject,person_first
on_lap__name_1__obj_book__physical_placement__person_first,on_lap__name_1__obj_book__physical_placement_person_subject__person_first,context_order,on_lap,person_subject,person_first
shared_control__name_1__obj_book__direct_label__object_first,on_lap__name_1__obj_book__physical_placement_person_subject__object_first,evidence_from_direct_label,on_lap,person_subject,object_first
shared_control__name_1__obj_book__proximity_paraphrase__object_first,on_lap__name_1__obj_book__physical_placement_person_subject__object_first,evidence_from_proximity_paraphrase,on_lap,person_subject,object_first
on_lap__name_1__obj_book__physical_placement__object_first,on_lap__name_1__obj_book__physical_placement_person_subject__object_first,context_order,on_lap,person_subject,object_first
on_lap__name_1__obj_book__physical_placement_person_subject__person_first,on_lap__name_1__obj_book__physical_placement_person_subject__object_first,target_order,on_lap,person_subject,object_first
shared_control__name_1__obj_bag__direct_label__person_first,on_lap__name_1__obj_bag__physical_placement__person_first,evidence_from_direct_label,on_lap,object_subject,person_first
shared_control__name_1__obj_bag__proximity_paraphrase__person_first,on_lap__name_1__obj_bag__physical_placement__person_first,evidence_from_proximity_paraphrase,on_lap,object_subject,person_first
shared_control__name_1__obj_bag__direct_label__object_first,on_lap__name_1__obj_bag__physical_placement__object_first,evidence_from_direct_label,on_lap,object_subject,object_first
shared_control__name_1__obj_bag__proximity_paraphrase__object_first,on_lap__name_1__obj_bag__physical_placement__object_first,evidence_from_proximity_paraphrase,on_lap,object_subject,object_first
on_lap__name_1__obj_bag__physical_placement__person_first,on_lap__name_1__obj_bag__physical_placement__object_first,target_order,on_lap,object_subject,object_first
shared_control__name_1__obj_bag__direct_label__person_first,on_lap__name_1__obj_bag__physical_placement_fronted__person_first,evidence_from_direct_label,on_lap,fronted_location,person_first
shared_control__name_1__obj_bag__proximity_paraphrase__person_first,on_lap__name_1__obj_bag__physical_placement_fronted__person_first,evidence_from_proximity_paraphrase,on_lap,fronted_location,person_first
on_lap__name_1__obj_bag__physical_placement__person_first,on_lap__name_1__obj_bag__physical_placement_fronted__person_first,context_order,on_lap,fronted_location,person_first
shared_control__name_1__obj_bag__direct_label__object_first,on_lap__name_1__obj_bag__physical_placement_fronted__object_first,evidence_from_direct_label,on_lap,fronted_location,object_first
shared_control__name_1__obj_bag__proximity_paraphrase__object_first,on_lap__name_1__obj_bag__physical_placement_fronted__object_first,evidence_from_proximity_paraphrase,on_lap,fronted_location,object_first
on_lap__name_1__obj_bag__physical_placement__object_first,on_lap__name_1__obj_bag__physical_placement_fronted__object_first,context_order,on_lap,fronted_location,object_first
on_lap__name_1__obj_bag__physical_placement_fronted__person_first,on_lap__name_1__obj_bag__physical_placement_fronted__object_first,target_order,on_lap,fronted_location,object_first
shared_control__name_1__obj_bag__direct_label__person_first,on_lap__name_1__obj_bag__physical_placement_person_subject__person_first,evidence_from_direct_label,on_lap,person_subject,person_first
shared_control__name_1__obj_bag__proximity_paraphrase__person_first,on_lap__name_1__obj_bag__physical_placement_person_subject__person_first,evidence_from_proximity_paraphrase,on_lap,person_subject,person_first
on_lap__name_1__obj_bag__physical_placement__person_first,on_lap__name_1__obj_bag__physical_placement_person_subject__person_first,context_order,on_lap,person_subject,person_first
shared_control__name_1__obj_bag__direct_label__object_first,on_lap__name_1__obj_bag__physical_placement_person_subject__object_first,evidence_from_direct_label,on_lap,person_subject,object_first
shared_control__name_1__obj_bag__proximity_paraphrase__object_first,on_lap__name_1__obj_bag__physical_placement_person_subject__object_first,evidence_from_proximity_paraphrase,on_lap,person_subject,object_first
on_lap__name_1__obj_bag__physical_placement__object_first,on_lap__name_1__obj_bag__physical_placement_person_subject__object_first,context_order,on_lap,person_subject,object_first
on_lap__name_1__obj_bag__physical_placement_person_subject__person_first,on_lap__name_1__obj_bag__physical_placement_person_subject__object_first,target_order,on_lap,person_subject,object_first
shared_control__name_1__obj_ball__direct_label__person_first,on_lap__name_1__obj_ball__physical_placement__person_first,evidence_from_direct_label,on_lap,object_subject,person_first
shared_control__name_1__obj_ball__proximity_paraphrase__person_first,on_lap__name_1__obj_ball__physical_placement__person_first,evidence_from_proximity_paraphrase,on_lap,object_subject,person_first
shared_control__name_1__obj_ball__direct_label__object_first,on_lap__name_1__obj_ball__physical_placement__object_first,evidence_from_direct_label,on_lap,object_subject,object_first
shared_control__name_1__obj_ball__proximity_paraphrase__object_first,on_lap__name_1__obj_ball__physical_placement__object_first,evidence_from_proximity_paraphrase,on_lap,object_subject,object_first
on_lap__name_1__obj_ball__physical_placement__person_first,on_lap__name_1__obj_ball__physical_placement__object_first,target_order,on_lap,object_subject,object_first
shared_control__name_1__obj_ball__direct_label__person_first,on_lap__name_1__obj_ball__physical_placement_fronted__person_first,evidence_from_direct_label,on_lap,fronted_location,person_first
shared_control__name_1__obj_ball__proximity_paraphrase__person_first,on_lap__name_1__obj_ball__physical_placement_fronted__person_first,evidence_from_proximity_paraphrase,on_lap,fronted_location,person_first
on_lap__name_1__obj_ball__physical_placement__person_first,on_lap__name_1__obj_ball__physical_placement_fronted__person_first,context_order,on_lap,fronted_location,person_first
shared_control__name_1__obj_ball__direct_label__object_first,on_lap__name_1__obj_ball__physical_placement_fronted__object_first,evidence_from_direct_label,on_lap,fronted_location,object_first
shared_control__name_1__obj_ball__proximity_paraphrase__object_first,on_lap__name_1__obj_ball__physical_placement_fronted__object_first,evidence_from_proximity_paraphrase,on_lap,fronted_location,object_first
on_lap__name_1__obj_ball__physical_placement__object_first,on_lap__name_1__obj_ball__physical_placement_fronted__object_first,context_order,on_lap,fronted_location,object_first
on_lap__name_1__obj_ball__physical_placement_fronted__person_first,on_lap__name_1__obj_ball__physical_placement_fronted__object_first,target_order,on_lap,fronted_location,object_first
shared_control__name_1__obj_ball__direct_label__person_first,on_lap__name_1__obj_ball__physical_placement_person_subject__person_first,evidence_from_direct_label,on_lap,person_subject,person_first
shared_control__name_1__obj_ball__proximity_paraphrase__person_first,on_lap__name_1__obj_ball__physical_placement_person_subject__person_first,evidence_from_proximity_paraphrase,on_lap,person_subject,person_first
on_lap__name_1__obj_ball__physical_placement__person_first,on_lap__name_1__obj_ball__physical_placement_person_subject__person_first,context_order,on_lap,person_subject,person_first
shared_control__name_1__obj_ball__direct_label__object_first,on_lap__name_1__obj_ball__physical_placement_person_subject__object_first,evidence_from_direct_label,on_lap,person_subject,object_first
shared_control__name_1__obj_ball__proximity_paraphrase__object_first,on_lap__name_1__obj_ball__physical_placement_person_subject__object_first,evidence_from_proximity_paraphrase,on_lap,person_subject,object_first
on_lap__name_1__obj_ball__physical_placement__object_first,on_lap__name_1__obj_ball__physical_placement_person_subject__object_first,context_order,on_lap,person_subject,object_first
on_lap__name_1__obj_ball__physical_placement_person_subject__person_first,on_lap__name_1__obj_ball__physical_placement_person_subject__object_first,target_order,on_lap,person_subject,object_first
shared_control__name_1__obj_helmet__direct_label__person_first,on_lap__name_1__obj_helmet__physical_placement__person_first,evidence_from_direct_label,on_lap,object_subject,person_first
shared_control__name_1__obj_helmet__proximity_paraphrase__person_first,on_lap__name_1__obj_helmet__physical_placement__person_first,evidence_from_proximity_paraphrase,on_lap,object_subject,person_first
shared_control__name_1__obj_helmet__direct_label__object_first,on_lap__name_1__obj_helmet__physical_placement__object_first,evidence_from_direct_label,on_lap,object_subject,object_first
shared_control__name_1__obj_helmet__proximity_paraphrase__object_first,on_lap__name_1__obj_helmet__physical_placement__object_first,evidence_from_proximity_paraphrase,on_lap,object_subject,object_first
on_lap__name_1__obj_helmet__physical_placement__person_first,on_lap__name_1__obj_helmet__physical_placement__object_first,target_order,on_lap,object_subject,object_first
shared_control__name_1__obj_helmet__direct_label__person_first,on_lap__name_1__obj_helmet__physical_placement_fronted__person_first,evidence_from_direct_label,on_lap,fronted_location,person_first
shared_control__name_1__obj_helmet__proximity_paraphrase__person_first,on_lap__name_1__obj_helmet__physical_placement_fronted__person_first,evidence_from_proximity_paraphrase,on_lap,fronted_location,person_first
on_lap__name_1__obj_helmet__physical_placement__person_first,on_lap__name_1__obj_helmet__physical_placement_fronted__person_first,context_order,on_lap,fronted_location,person_first
shared_control__name_1__obj_helmet__direct_label__object_first,on_lap__name_1__obj_helmet__physical_placement_fronted__object_first,evidence_from_direct_label,on_lap,fronted_location,object_first
shared_control__name_1__obj_helmet__proximity_paraphrase__object_first,on_lap__name_1__obj_helmet__physical_placement_fronted__object_first,evidence_from_proximity_paraphrase,on_lap,fronted_location,object_first
on_lap__name_1__obj_helmet__physical_placement__object_first,on_lap__name_1__obj_helmet__physical_placement_fronted__object_first,context_order,on_lap,fronted_location,object_first
on_lap__name_1__obj_helmet__physical_placement_fronted__person_first,on_lap__name_1__obj_helmet__physical_placement_fronted__object_first,target_order,on_lap,fronted_location,object_first
shared_control__name_1__obj_helmet__direct_label__person_first,on_lap__name_1__obj_helmet__physical_placement_person_subject__person_first,evidence_from_direct_label,on_lap,person_subject,person_first
shared_control__name_1__obj_helmet__proximity_paraphrase__person_first,on_lap__name_1__obj_helmet__physical_placement_person_subject__person_first,evidence_from_proximity_paraphrase,on_lap,person_subject,person_first
on_lap__name_1__obj_helmet__physical_placement__person_first,on_lap__name_1__obj_helmet__physical_placement_person_subject__person_first,context_order,on_lap,person_subject,person_first
shared_control__name_1__obj_helmet__direct_label__object_first,on_lap__name_1__obj_helmet__physical_placement_person_subject__object_first,evidence_from_direct_label,on_lap,person_subject,object_first
shared_control__name_1__obj_helmet__proximity_paraphrase__object_first,on_lap__name_1__obj_helmet__physical_placement_person_subject__object_first,evidence_from_proximity_paraphrase,on_lap,person_subject,object_first
on_lap__name_1__obj_helmet__physical_placement__object_first,on_lap__name_1__obj_helmet__physical_placement_person_subject__object_first,context_order,on_lap,person_subject,object_first
on_lap__name_1__obj_helmet__physical_placement_person_subject__person_first,on_lap__name_1__obj_helmet__physical_placement_person_subject__object_first,target_order,on_lap,person_subject,object_first
shared_control__name_2__obj_book__direct_label__person_first,on_lap__name_2__obj_book__physical_placement__person_first,evidence_from_direct_label,on_lap,object_subject,person_first
shared_control__name_2__obj_book__proximity_paraphrase__person_first,on_lap__name_2__obj_book__physical_placement__person_first,evidence_from_proximity_paraphrase,on_lap,object_subject,person_first
shared_control__name_2__obj_book__direct_label__object_first,on_lap__name_2__obj_book__physical_placement__object_first,evidence_from_direct_label,on_lap,object_subject,object_first
shared_control__name_2__obj_book__proximity_paraphrase__object_first,on_lap__name_2__obj_book__physical_placement__object_first,evidence_from_proximity_paraphrase,on_lap,object_subject,object_first
on_lap__name_2__obj_book__physical_placement__person_first,on_lap__name_2__obj_book__physical_placement__object_first,target_order,on_lap,object_subject,object_first
shared_control__name_2__obj_book__direct_label__person_first,on_lap__name_2__obj_book__physical_placement_fronted__person_first,evidence_from_direct_label,on_lap,fronted_location,person_first
shared_control__name_2__obj_book__proximity_paraphrase__person_first,on_lap__name_2__obj_book__physical_placement_fronted__person_first,evidence_from_proximity_paraphrase,on_lap,fronted_location,person_first
on_lap__name_2__obj_book__physical_placement__person_first,on_lap__name_2__obj_book__physical_placement_fronted__person_first,context_order,on_lap,fronted_location,person_first
shared_control__name_2__obj_book__direct_label__object_first,on_lap__name_2__obj_book__physical_placement_fronted__object_first,evidence_from_direct_label,on_lap,fronted_location,object_first
shared_control__name_2__obj_book__proximity_paraphrase__object_first,on_lap__name_2__obj_book__physical_placement_fronted__object_first,evidence_from_proximity_paraphrase,on_lap,fronted_location,object_first
on_lap__name_2__obj_book__physical_placement__object_first,on_lap__name_2__obj_book__physical_placement_fronted__object_first,context_order,on_lap,fronted_location,object_first
on_lap__name_2__obj_book__physical_placement_fronted__person_first,on_lap__name_2__obj_book__physical_placement_fronted__object_first,target_order,on_lap,fronted_location,object_first
shared_control__name_2__obj_book__direct_label__person_first,on_lap__name_2__obj_book__physical_placement_person_subject__person_first,evidence_from_direct_label,on_lap,person_subject,person_first
shared_control__name_2__obj_book__proximity_paraphrase__person_first,on_lap__name_2__obj_book__physical_placement_person_subject__person_first,evidence_from_proximity_paraphrase,on_lap,person_subject,person_first
on_lap__name_2__obj_book__physical_placement__person_first,on_lap__name_2__obj_book__physical_placement_person_subject__person_first,context_order,on_lap,person_subject,person_first
shared_control__name_2__obj_book__direct_label__object_first,on_lap__name_2__obj_book__physical_placement_person_subject__object_first,evidence_from_direct_label,on_lap,person_subject,object_first
shared_control__name_2__obj_book__proximity_paraphrase__object_first,on_lap__name_2__obj_book__physical_placement_person_subject__object_first,evidence_from_proximity_paraphrase,on_lap,person_subject,object_first
on_lap__name_2__obj_book__physical_placement__object_first,on_lap__name_2__obj_book__physical_placement_person_subject__object_first,context_order,on_lap,person_subject,object_first
on_lap__name_2__obj_book__physical_placement_person_subject__person_first,on_lap__name_2__obj_book__physical_placement_person_subject__object_first,target_order,on_lap,person_subject,object_first
shared_control__name_2__obj_bag__direct_label__person_first,on_lap__name_2__obj_bag__physical_placement__person_first,evidence_from_direct_label,on_lap,object_subject,person_first
shared_control__name_2__obj_bag__proximity_paraphrase__person_first,on_lap__name_2__obj_bag__physical_placement__person_first,evidence_from_proximity_paraphrase,on_lap,object_subject,person_first
shared_control__name_2__obj_bag__direct_label__object_first,on_lap__name_2__obj_bag__physical_placement__object_first,evidence_from_direct_label,on_lap,object_subject,object_first
shared_control__name_2__obj_bag__proximity_paraphrase__object_first,on_lap__name_2__obj_bag__physical_placement__object_first,evidence_from_proximity_paraphrase,on_lap,object_subject,object_first
on_lap__name_2__obj_bag__physical_placement__person_first,on_lap__name_2__obj_bag__physical_placement__object_first,target_order,on_lap,object_subject,object_first
shared_control__name_2__obj_bag__direct_label__person_first,on_lap__name_2__obj_bag__physical_placement_fronted__person_first,evidence_from_direct_label,on_lap,fronted_location,person_first
shared_control__name_2__obj_bag__proximity_paraphrase__person_first,on_lap__name_2__obj_bag__physical_placement_fronted__person_first,evidence_from_proximity_paraphrase,on_lap,fronted_location,person_first
on_lap__name_2__obj_bag__physical_placement__person_first,on_lap__name_2__obj_bag__physical_placement_fronted__person_first,context_order,on_lap,fronted_location,person_first
shared_control__name_2__obj_bag__direct_label__object_first,on_lap__name_2__obj_bag__physical_placement_fronted__object_first,evidence_from_direct_label,on_lap,fronted_location,object_first
shared_control__name_2__obj_bag__proximity_paraphrase__object_first,on_lap__name_2__obj_bag__physical_placement_fronted__object_first,evidence_from_proximity_paraphrase,on_lap,fronted_location,object_first
on_lap__name_2__obj_bag__physical_placement__object_first,on_lap__name_2__obj_bag__physical_placement_fronted__object_first,context_order,on_lap,fronted_location,object_first
on_lap__name_2__obj_bag__physical_placement_fronted__person_first,on_lap__name_2__obj_bag__physical_placement_fronted__object_first,target_order,on_lap,fronted_location,object_first
shared_control__name_2__obj_bag__direct_label__person_first,on_lap__name_2__obj_bag__physical_placement_person_subject__person_first,evidence_from_direct_label,on_lap,person_subject,person_first
shared_control__name_2__obj_bag__proximity_paraphrase__person_first,on_lap__name_2__obj_bag__physical_placement_person_subject__person_first,evidence_from_proximity_paraphrase,on_lap,person_subject,person_first
on_lap__name_2__obj_bag__physical_placement__person_first,on_lap__name_2__obj_bag__physical_placement_person_subject__person_first,context_order,on_lap,person_subject,person_first
shared_control__name_2__obj_bag__direct_label__object_first,on_lap__name_2__obj_bag__physical_placement_person_subject__object_first,evidence_from_direct_label,on_lap,person_subject,object_first
shared_control__name_2__obj_bag__proximity_paraphrase__object_first,on_lap__name_2__obj_bag__physical_placement_person_subject__object_first,evidence_from_proximity_paraphrase,on_lap,person_subject,object_first
on_lap__name_2__obj_bag__physical_placement__object_first,on_lap__name_2__obj_bag__physical_placement_person_subject__object_first,context_order,on_lap,person_subject,object_first
on_lap__name_2__obj_bag__physical_placement_person_subject__person_first,on_lap__name_2__obj_bag__physical_placement_person_subject__object_first,target_order,on_lap,person_subject,object_first
shared_control__name_2__obj_ball__direct_label__person_first,on_lap__name_2__obj_ball__physical_placement__person_first,evidence_from_direct_label,on_lap,object_subject,person_first
shared_control__name_2__obj_ball__proximity_paraphrase__person_first,on_lap__name_2__obj_ball__physical_placement__person_first,evidence_from_proximity_paraphrase,on_lap,object_subject,person_first
shared_control__name_2__obj_ball__direct_label__object_first,on_lap__name_2__obj_ball__physical_placement__object_first,evidence_from_direct_label,on_lap,object_subject,object_first
shared_control__name_2__obj_ball__proximity_paraphrase__object_first,on_lap__name_2__obj_ball__physical_placement__object_first,evidence_from_proximity_paraphrase,on_lap,object_subject,object_first
on_lap__name_2__obj_ball__physical_placement__person_first,on_lap__name_2__obj_ball__physical_placement__object_first,target_order,on_lap,object_subject,object_first
shared_control__name_2__obj_ball__direct_label__person_first,on_lap__name_2__obj_ball__physical_placement_fronted__person_first,evidence_from_direct_label,on_lap,fronted_location,person_first
shared_control__name_2__obj_ball__proximity_paraphrase__person_first,on_lap__name_2__obj_ball__physical_placement_fronted__person_first,evidence_from_proximity_paraphrase,on_lap,fronted_location,person_first
on_lap__name_2__obj_ball__physical_placement__person_first,on_lap__name_2__obj_ball__physical_placement_fronted__person_first,context_order,on_lap,fronted_location,person_first
shared_control__name_2__obj_ball__direct_label__object_first,on_lap__name_2__obj_ball__physical_placement_fronted__object_first,evidence_from_direct_label,on_lap,fronted_location,object_first
shared_control__name_2__obj_ball__proximity_paraphrase__object_first,on_lap__name_2__obj_ball__physical_placement_fronted__object_first,evidence_from_proximity_paraphrase,on_lap,fronted_location,object_first
on_lap__name_2__obj_ball__physical_placement__object_first,on_lap__name_2__obj_ball__physical_placement_fronted__object_first,context_order,on_lap,fronted_location,object_first
on_lap__name_2__obj_ball__physical_placement_fronted__person_first,on_lap__name_2__obj_ball__physical_placement_fronted__object_first,target_order,on_lap,fronted_location,object_first
shared_control__name_2__obj_ball__direct_label__person_first,on_lap__name_2__obj_ball__physical_placement_person_subject__person_first,evidence_from_direct_label,on_lap,person_subject,person_first
shared_control__name_2__obj_ball__proximity_paraphrase__person_first,on_lap__name_2__obj_ball__physical_placement_person_subject__person_first,evidence_from_proximity_paraphrase,on_lap,person_subject,person_first
on_lap__name_2__obj_ball__physical_placement__person_first,on_lap__name_2__obj_ball__physical_placement_person_subject__person_first,context_order,on_lap,person_subject,person_first
shared_control__name_2__obj_ball__direct_label__object_first,on_lap__name_2__obj_ball__physical_placement_person_subject__object_first,evidence_from_direct_label,on_lap,person_subject,object_first
shared_control__name_2__obj_ball__proximity_paraphrase__object_first,on_lap__name_2__obj_ball__physical_placement_person_subject__object_first,evidence_from_proximity_paraphrase,on_lap,person_subject,object_first
on_lap__name_2__obj_ball__physical_placement__object_first,on_lap__name_2__obj_ball__physical_placement_person_subject__object_first,context_order,on_lap,person_subject,object_first
on_lap__name_2__obj_ball__physical_placement_person_subject__person_first,on_lap__name_2__obj_ball__physical_placement_person_subject__object_first,target_order,on_lap,person_subject,object_first
shared_control__name_2__obj_helmet__direct_label__person_first,on_lap__name_2__obj_helmet__physical_placement__person_first,evidence_from_direct_label,on_lap,object_subject,person_first
shared_control__name_2__obj_helmet__proximity_paraphrase__person_first,on_lap__name_2__obj_helmet__physical_placement__person_first,evidence_from_proximity_paraphrase,on_lap,object_subject,person_first
shared_control__name_2__obj_helmet__direct_label__object_first,on_lap__name_2__obj_helmet__physical_placement__object_first,evidence_from_direct_label,on_lap,object_subject,object_first
shared_control__name_2__obj_helmet__proximity_paraphrase__object_first,on_lap__name_2__obj_helmet__physical_placement__object_first,evidence_from_proximity_paraphrase,on_lap,object_subject,object_first
on_lap__name_2__obj_helmet__physical_placement__person_first,on_lap__name_2__obj_helmet__physical_placement__object_first,target_order,on_lap,object_subject,object_first
shared_control__name_2__obj_helmet__direct_label__person_first,on_lap__name_2__obj_helmet__physical_placement_fronted__person_first,evidence_from_direct_label,on_lap,fronted_location,person_first
shared_control__name_2__obj_helmet__proximity_paraphrase__person_first,on_lap__name_2__obj_helmet__physical_placement_fronted__person_first,evidence_from_proximity_paraphrase,on_lap,fronted_location,person_first
on_lap__name_2__obj_helmet__physical_placement__person_first,on_lap__name_2__obj_helmet__physical_placement_fronted__person_first,context_order,on_lap,fronted_location,person_first
shared_control__name_2__obj_helmet__direct_label__object_first,on_lap__name_2__obj_helmet__physical_placement_fronted__object_first,evidence_from_direct_label,on_lap,fronted_location,object_first
shared_control__name_2__obj_helmet__proximity_paraphrase__object_first,on_lap__name_2__obj_helmet__physical_placement_fronted__object_first,evidence_from_proximity_paraphrase,on_lap,fronted_location,object_first
on_lap__name_2__obj_helmet__physical_placement__object_first,on_lap__name_2__obj_helmet__physical_placement_fronted__object_first,context_order,on_lap,fronted_location,object_first
on_lap__name_2__obj_helmet__physical_placement_fronted__person_first,on_lap__name_2__obj_helmet__physical_placement_fronted__object_first,target_order,on_lap,fronted_location,object_first
shared_control__name_2__obj_helmet__direct_label__person_first,on_lap__name_2__obj_helmet__physical_placement_person_subject__person_first,evidence_from_direct_label,on_lap,person_subject,person_first
shared_control__name_2__obj_helmet__proximity_paraphrase__person_first,on_lap__name_2__obj_helmet__physical_placement_person_subject__person_first,evidence_from_proximity_paraphrase,on_lap,person_subject,person_first
on_lap__name_2__obj_helmet__physical_placement__person_first,on_lap__name_2__obj_helmet__physical_placement_person_subject__person_first,context_order,on_lap,person_subject,person_first
shared_control__name_2__obj_helmet__direct_label__object_first,on_lap__name_2__obj_helmet__physical_placement_person_subject__object_first,evidence_from_direct_label,on_lap,person_subject,object_first
shared_control__name_2__obj_helmet__proximity_paraphrase__object_first,on_lap__name_2__obj_helmet__physical_placement_person_subject__object_first,evidence_from_proximity_paraphrase,on_lap,person_subject,object_first
on_lap__name_2__obj_helmet__physical_placement__object_first,on_lap__name_2__obj_helmet__physical_placement_person_subject__object_first,context_order,on_lap,person_subject,object_first
on_lap__name_2__obj_helmet__physical_placement_person_subject__person_first,on_lap__name_2__obj_helmet__physical_placement_person_subject__object_first,target_order,on_lap,person_subject,object_first
shared_control__name_3__obj_book__direct_label__person_first,on_lap__name_3__obj_book__physical_placement__person_first,evidence_from_direct_label,on_lap,object_subject,person_first
shared_control__name_3__obj_book__proximity_paraphrase__person_first,on_lap__name_3__obj_book__physical_placement__person_first,evidence_from_proximity_paraphrase,on_lap,object_subject,person_first
shared_control__name_3__obj_book__direct_label__object_first,on_lap__name_3__obj_book__physical_placement__object_first,evidence_from_direct_label,on_lap,object_subject,object_first
shared_control__name_3__obj_book__proximity_paraphrase__object_first,on_lap__name_3__obj_book__physical_placement__object_first,evidence_from_proximity_paraphrase,on_lap,object_subject,object_first
on_lap__name_3__obj_book__physical_placement__person_first,on_lap__name_3__obj_book__physical_placement__object_first,target_order,on_lap,object_subject,object_first
shared_control__name_3__obj_book__direct_label__person_first,on_lap__name_3__obj_book__physical_placement_fronted__person_first,evidence_from_direct_label,on_lap,fronted_location,person_first
shared_control__name_3__obj_book__proximity_paraphrase__person_first,on_lap__name_3__obj_book__physical_placement_fronted__person_first,evidence_from_proximity_paraphrase,on_lap,fronted_location,person_first
on_lap__name_3__obj_book__physical_placement__person_first,on_lap__name_3__obj_book__physical_placement_fronted__person_first,context_order,on_lap,fronted_location,person_first
shared_control__name_3__obj_book__direct_label__object_first,on_lap__name_3__obj_book__physical_placement_fronted__object_first,evidence_from_direct_label,on_lap,fronted_location,object_first
shared_control__name_3__obj_book__proximity_paraphrase__object_first,on_lap__name_3__obj_book__physical_placement_fronted__object_first,evidence_from_proximity_paraphrase,on_lap,fronted_location,object_first
on_lap__name_3__obj_book__physical_placement__object_first,on_lap__name_3__obj_book__physical_placement_fronted__object_first,context_order,on_lap,fronted_location,object_first
on_lap__name_3__obj_book__physical_placement_fronted__person_first,on_lap__name_3__obj_book__physical_placement_fronted__object_first,target_order,on_lap,fronted_location,object_first
shared_control__name_3__obj_book__direct_label__person_first,on_lap__name_3__obj_book__physical_placement_person_subject__person_first,evidence_from_direct_label,on_lap,person_subject,person_first
shared_control__name_3__obj_book__proximity_paraphrase__person_first,on_lap__name_3__obj_book__physical_placement_person_subject__person_first,evidence_from_proximity_paraphrase,on_lap,person_subject,person_first
on_lap__name_3__obj_book__physical_placement__person_first,on_lap__name_3__obj_book__physical_placement_person_subject__person_first,context_order,on_lap,person_subject,person_first
shared_control__name_3__obj_book__direct_label__object_first,on_lap__name_3__obj_book__physical_placement_person_subject__object_first,evidence_from_direct_label,on_lap,person_subject,object_first
shared_control__name_3__obj_book__proximity_paraphrase__object_first,on_lap__name_3__obj_book__physical_placement_person_subject__object_first,evidence_from_proximity_paraphrase,on_lap,person_subject,object_first
on_lap__name_3__obj_book__physical_placement__object_first,on_lap__name_3__obj_book__physical_placement_person_subject__object_first,context_order,on_lap,person_subject,object_first
on_lap__name_3__obj_book__physical_placement_person_subject__person_first,on_lap__name_3__obj_book__physical_placement_person_subject__object_first,target_order,on_lap,person_subject,object_first
shared_control__name_3__obj_bag__direct_label__person_first,on_lap__name_3__obj_bag__physical_placement__person_first,evidence_from_direct_label,on_lap,object_subject,person_first
shared_control__name_3__obj_bag__proximity_paraphrase__person_first,on_lap__name_3__obj_bag__physical_placement__person_first,evidence_from_proximity_paraphrase,on_lap,object_subject,person_first
shared_control__name_3__obj_bag__direct_label__object_first,on_lap__name_3__obj_bag__physical_placement__object_first,evidence_from_direct_label,on_lap,object_subject,object_first
shared_control__name_3__obj_bag__proximity_paraphrase__object_first,on_lap__name_3__obj_bag__physical_placement__object_first,evidence_from_proximity_paraphrase,on_lap,object_subject,object_first
on_lap__name_3__obj_bag__physical_placement__person_first,on_lap__name_3__obj_bag__physical_placement__object_first,target_order,on_lap,object_subject,object_first
shared_control__name_3__obj_bag__direct_label__person_first,on_lap__name_3__obj_bag__physical_placement_fronted__person_first,evidence_from_direct_label,on_lap,fronted_location,person_first
shared_control__name_3__obj_bag__proximity_paraphrase__person_first,on_lap__name_3__obj_bag__physical_placement_fronted__person_first,evidence_from_proximity_paraphrase,on_lap,fronted_location,person_first
on_lap__name_3__obj_bag__physical_placement__person_first,on_lap__name_3__obj_bag__physical_placement_fronted__person_first,context_order,on_lap,fronted_location,person_first
shared_control__name_3__obj_bag__direct_label__object_first,on_lap__name_3__obj_bag__physical_placement_fronted__object_first,evidence_from_direct_label,on_lap,fronted_location,object_first
shared_control__name_3__obj_bag__proximity_paraphrase__object_first,on_lap__name_3__obj_bag__physical_placement_fronted__object_first,evidence_from_proximity_paraphrase,on_lap,fronted_location,object_first
on_lap__name_3__obj_bag__physical_placement__object_first,on_lap__name_3__obj_bag__physical_placement_fronted__object_first,context_order,on_lap,fronted_location,object_first
on_lap__name_3__obj_bag__physical_placement_fronted__person_first,on_lap__name_3__obj_bag__physical_placement_fronted__object_first,target_order,on_lap,fronted_location,object_first
shared_control__name_3__obj_bag__direct_label__person_first,on_lap__name_3__obj_bag__physical_placement_person_subject__person_first,evidence_from_direct_label,on_lap,person_subject,person_first
shared_control__name_3__obj_bag__proximity_paraphrase__person_first,on_lap__name_3__obj_bag__physical_placement_person_subject__person_first,evidence_from_proximity_paraphrase,on_lap,person_subject,person_first
on_lap__name_3__obj_bag__physical_placement__person_first,on_lap__name_3__obj_bag__physical_placement_person_subject__person_first,context_order,on_lap,person_subject,person_first
shared_control__name_3__obj_bag__direct_label__object_first,on_lap__name_3__obj_bag__physical_placement_person_subject__object_first,evidence_from_direct_label,on_lap,person_subject,object_first
shared_control__name_3__obj_bag__proximity_paraphrase__object_first,on_lap__name_3__obj_bag__physical_placement_person_subject__object_first,evidence_from_proximity_paraphrase,on_lap,person_subject,object_first
on_lap__name_3__obj_bag__physical_placement__object_first,on_lap__name_3__obj_bag__physical_placement_person_subject__object_first,context_order,on_lap,person_subject,object_first
on_lap__name_3__obj_bag__physical_placement_person_subject__person_first,on_lap__name_3__obj_bag__physical_placement_person_subject__object_first,target_order,on_lap,person_subject,object_first
shared_control__name_3__obj_ball__direct_label__person_first,on_lap__name_3__obj_ball__physical_placement__person_first,evidence_from_direct_label,on_lap,object_subject,person_first
shared_control__name_3__obj_ball__proximity_paraphrase__person_first,on_lap__name_3__obj_ball__physical_placement__person_first,evidence_from_proximity_paraphrase,on_lap,object_subject,person_first
shared_control__name_3__obj_ball__direct_label__object_first,on_lap__name_3__obj_ball__physical_placement__object_first,evidence_from_direct_label,on_lap,object_subject,object_first
shared_control__name_3__obj_ball__proximity_paraphrase__object_first,on_lap__name_3__obj_ball__physical_placement__object_first,evidence_from_proximity_paraphrase,on_lap,object_subject,object_first
on_lap__name_3__obj_ball__physical_placement__person_first,on_lap__name_3__obj_ball__physical_placement__object_first,target_order,on_lap,object_subject,object_first
shared_control__name_3__obj_ball__direct_label__person_first,on_lap__name_3__obj_ball__physical_placement_fronted__person_first,evidence_from_direct_label,on_lap,fronted_location,person_first
shared_control__name_3__obj_ball__proximity_paraphrase__person_first,on_lap__name_3__obj_ball__physical_placement_fronted__person_first,evidence_from_proximity_paraphrase,on_lap,fronted_location,person_first
on_lap__name_3__obj_ball__physical_placement__person_first,on_lap__name_3__obj_ball__physical_placement_fronted__person_first,context_order,on_lap,fronted_location,person_first
shared_control__name_3__obj_ball__direct_label__object_first,on_lap__name_3__obj_ball__physical_placement_fronted__object_first,evidence_from_direct_label,on_lap,fronted_location,object_first
shared_control__name_3__obj_ball__proximity_paraphrase__object_first,on_lap__name_3__obj_ball__physical_placement_fronted__object_first,evidence_from_proximity_paraphrase,on_lap,fronted_location,object_first
on_lap__name_3__obj_ball__physical_placement__object_first,on_lap__name_3__obj_ball__physical_placement_fronted__object_first,context_order,on_lap,fronted_location,object_first
on_lap__name_3__obj_ball__physical_placement_fronted__person_first,on_lap__name_3__obj_ball__physical_placement_fronted__object_first,target_order,on_lap,fronted_location,object_first
shared_control__name_3__obj_ball__direct_label__person_first,on_lap__name_3__obj_ball__physical_placement_person_subject__person_first,evidence_from_direct_label,on_lap,person_subject,person_first
shared_control__name_3__obj_ball__proximity_paraphrase__person_first,on_lap__name_3__obj_ball__physical_placement_person_subject__person_first,evidence_from_proximity_paraphrase,on_lap,person_subject,person_first
on_lap__name_3__obj_ball__physical_placement__person_first,on_lap__name_3__obj_ball__physical_placement_person_subject__person_first,context_order,on_lap,person_subject,person_first
shared_control__name_3__obj_ball__direct_label__object_first,on_lap__name_3__obj_ball__physical_placement_person_subject__object_first,evidence_from_direct_label,on_lap,person_subject,object_first
shared_control__name_3__obj_ball__proximity_paraphrase__object_first,on_lap__name_3__obj_ball__physical_placement_person_subject__object_first,evidence_from_proximity_paraphrase,on_lap,person_subject,object_first
on_lap__name_3__obj_ball__physical_placement__object_first,on_lap__name_3__obj_ball__physical_placement_person_subject__object_first,context_order,on_lap,person_subject,object_first
on_lap__name_3__obj_ball__physical_placement_person_subject__person_first,on_lap__name_3__obj_ball__physical_placement_person_subject__object_first,target_order,on_lap,person_subject,object_first
shared_control__name_3__obj_helmet__direct_label__person_first,on_lap__name_3__obj_helmet__physical_placement__person_first,evidence_from_direct_label,on_lap,object_subject,person_first
shared_control__name_3__obj_helmet__proximity_paraphrase__person_first,on_lap__name_3__obj_helmet__physical_placement__person_first,evidence_from_proximity_paraphrase,on_lap,object_subject,person_first
shared_control__name_3__obj_helmet__direct_label__object_first,on_lap__name_3__obj_helmet__physical_placement__object_first,evidence_from_direct_label,on_lap,object_subject,object_first
shared_control__name_3__obj_helmet__proximity_paraphrase__object_first,on_lap__name_3__obj_helmet__physical_placement__object_first,evidence_from_proximity_paraphrase,on_lap,object_subject,object_first
on_lap__name_3__obj_helmet__physical_placement__person_first,on_lap__name_3__obj_helmet__physical_placement__object_first,target_order,on_lap,object_subject,object_first
shared_control__name_3__obj_helmet__direct_label__person_first,on_lap__name_3__obj_helmet__physical_placement_fronted__person_first,evidence_from_direct_label,on_lap,fronted_location,person_first
shared_control__name_3__obj_helmet__proximity_paraphrase__person_first,on_lap__name_3__obj_helmet__physical_placement_fronted__person_first,evidence_from_proximity_paraphrase,on_lap,fronted_location,person_first
on_lap__name_3__obj_helmet__physical_placement__person_first,on_lap__name_3__obj_helmet__physical_placement_fronted__person_first,context_order,on_lap,fronted_location,person_first
shared_control__name_3__obj_helmet__direct_label__object_first,on_lap__name_3__obj_helmet__physical_placement_fronted__object_first,evidence_from_direct_label,on_lap,fronted_location,object_first
shared_control__name_3__obj_helmet__proximity_paraphrase__object_first,on_lap__name_3__obj_helmet__physical_placement_fronted__object_first,evidence_from_proximity_paraphrase,on_lap,fronted_location,object_first
on_lap__name_3__obj_helmet__physical_placement__object_first,on_lap__name_3__obj_helmet__physical_placement_fronted__object_first,context_order,on_lap,fronted_location,object_first
on_lap__name_3__obj_helmet__physical_placement_fronted__person_first,on_lap__name_3__obj_helmet__physical_placement_fronted__object_first,target_order,on_lap,fronted_location,object_first
shared_control__name_3__obj_helmet__direct_label__person_first,on_lap__name_3__obj_helmet__physical_placement_person_subject__person_first,evidence_from_direct_label,on_lap,person_subject,person_first
shared_control__name_3__obj_helmet__proximity_paraphrase__person_first,on_lap__name_3__obj_helmet__physical_placement_person_subject__person_first,evidence_from_proximity_paraphrase,on_lap,person_subject,person_first
on_lap__name_3__obj_helmet__physical_placement__person_first,on_lap__name_3__obj_helmet__physical_placement_person_subject__person_first,context_order,on_lap,person_subject,person_first
shared_control__name_3__obj_helmet__direct_label__object_first,on_lap__name_3__obj_helmet__physical_placement_person_subject__object_first,evidence_from_direct_label,on_lap,person_subject,object_first
shared_control__name_3__obj_helmet__proximity_paraphrase__object_first,on_lap__name_3__obj_helmet__physical_placement_person_subject__object_first,evidence_from_proximity_paraphrase,on_lap,person_subject,object_first
on_lap__name_3__obj_helmet__physical_placement__object_first,on_lap__name_3__obj_helmet__physical_placement_person_subject__object_first,context_order,on_lap,person_subject,object_first
on_lap__name_3__obj_helmet__physical_placement_person_subject__person_first,on_lap__name_3__obj_helmet__physical_placement_person_subject__object_first,target_order,on_lap,person_subject,object_first
shared_control__name_0__obj_ball__direct_label__person_first,against_elbow__name_0__obj_ball__physical_placement__person_first,evidence_from_direct_label,against_elbow,object_subject,person_first
shared_control__name_0__obj_ball__proximity_paraphrase__person_first,against_elbow__name_0__obj_ball__physical_placement__person_first,evidence_from_proximity_paraphrase,against_elbow,object_subject,person_first
shared_control__name_0__obj_ball__direct_label__object_first,against_elbow__name_0__obj_ball__physical_placement__object_first,evidence_from_direct_label,against_elbow,object_subject,object_first
shared_control__name_0__obj_ball__proximity_paraphrase__object_first,against_elbow__name_0__obj_ball__physical_placement__object_first,evidence_from_proximity_paraphrase,against_elbow,object_subject,object_first
against_elbow__name_0__obj_ball__physical_placement__person_first,against_elbow__name_0__obj_ball__physical_placement__object_first,target_order,against_elbow,object_subject,object_first
shared_control__name_0__obj_ball__direct_label__person_first,against_elbow__name_0__obj_ball__physical_placement_fronted__person_first,evidence_from_direct_label,against_elbow,fronted_location,person_first
shared_control__name_0__obj_ball__proximity_paraphrase__person_first,against_elbow__name_0__obj_ball__physical_placement_fronted__person_first,evidence_from_proximity_paraphrase,against_elbow,fronted_location,person_first
against_elbow__name_0__obj_ball__physical_placement__person_first,against_elbow__name_0__obj_ball__physical_placement_fronted__person_first,context_order,against_elbow,fronted_location,person_first
shared_control__name_0__obj_ball__direct_label__object_first,against_elbow__name_0__obj_ball__physical_placement_fronted__object_first,evidence_from_direct_label,against_elbow,fronted_location,object_first
shared_control__name_0__obj_ball__proximity_paraphrase__object_first,against_elbow__name_0__obj_ball__physical_placement_fronted__object_first,evidence_from_proximity_paraphrase,against_elbow,fronted_location,object_first
against_elbow__name_0__obj_ball__physical_placement__object_first,against_elbow__name_0__obj_ball__physical_placement_fronted__object_first,context_order,against_elbow,fronted_location,object_first
against_elbow__name_0__obj_ball__physical_placement_fronted__person_first,against_elbow__name_0__obj_ball__physical_placement_fronted__object_first,target_order,against_elbow,fronted_location,object_first
shared_control__name_0__obj_ball__direct_label__person_first,against_elbow__name_0__obj_ball__physical_placement_person_subject__person_first,evidence_from_direct_label,against_elbow,person_subject,person_first
shared_control__name_0__obj_ball__proximity_paraphrase__person_first,against_elbow__name_0__obj_ball__physical_placement_person_subject__person_first,evidence_from_proximity_paraphrase,against_elbow,person_subject,person_first
against_elbow__name_0__obj_ball__physical_placement__person_first,against_elbow__name_0__obj_ball__physical_placement_person_subject__person_first,context_order,against_elbow,person_subject,person_first
shared_control__name_0__obj_ball__direct_label__object_first,against_elbow__name_0__obj_ball__physical_placement_person_subject__object_first,evidence_from_direct_label,against_elbow,person_subject,object_first
shared_control__name_0__obj_ball__proximity_paraphrase__object_first,against_elbow__name_0__obj_ball__physical_placement_person_subject__object_first,evidence_from_proximity_paraphrase,against_elbow,person_subject,object_first
against_elbow__name_0__obj_ball__physical_placement__object_first,against_elbow__name_0__obj_ball__physical_placement_person_subject__object_first,context_order,against_elbow,person_subject,object_first
against_elbow__name_0__obj_ball__physical_placement_person_subject__person_first,against_elbow__name_0__obj_ball__physical_placement_person_subject__object_first,target_order,against_elbow,person_subject,object_first
shared_control__name_0__obj_book__direct_label__person_first,against_elbow__name_0__obj_book__physical_placement__person_first,evidence_from_direct_label,against_elbow,object_subject,person_first
shared_control__name_0__obj_book__proximity_paraphrase__person_first,against_elbow__name_0__obj_book__physical_placement__person_first,evidence_from_proximity_paraphrase,against_elbow,object_subject,person_first
shared_control__name_0__obj_book__direct_label__object_first,against_elbow__name_0__obj_book__physical_placement__object_first,evidence_from_direct_label,against_elbow,object_subject,object_first
shared_control__name_0__obj_book__proximity_paraphrase__object_first,against_elbow__name_0__obj_book__physical_placement__object_first,evidence_from_proximity_paraphrase,against_elbow,object_subject,object_first
against_elbow__name_0__obj_book__physical_placement__person_first,against_elbow__name_0__obj_book__physical_placement__object_first,target_order,against_elbow,object_subject,object_first
shared_control__name_0__obj_book__direct_label__person_first,against_elbow__name_0__obj_book__physical_placement_fronted__person_first,evidence_from_direct_label,against_elbow,fronted_location,person_first
shared_control__name_0__obj_book__proximity_paraphrase__person_first,against_elbow__name_0__obj_book__physical_placement_fronted__person_first,evidence_from_proximity_paraphrase,against_elbow,fronted_location,person_first
against_elbow__name_0__obj_book__physical_placement__person_first,against_elbow__name_0__obj_book__physical_placement_fronted__person_first,context_order,against_elbow,fronted_location,person_first
shared_control__name_0__obj_book__direct_label__object_first,against_elbow__name_0__obj_book__physical_placement_fronted__object_first,evidence_from_direct_label,against_elbow,fronted_location,object_first
shared_control__name_0__obj_book__proximity_paraphrase__object_first,against_elbow__name_0__obj_book__physical_placement_fronted__object_first,evidence_from_proximity_paraphrase,against_elbow,fronted_location,object_first
against_elbow__name_0__obj_book__physical_placement__object_first,against_elbow__name_0__obj_book__physical_placement_fronted__object_first,context_order,against_elbow,fronted_location,object_first
against_elbow__name_0__obj_book__physical_placement_fronted__person_first,against_elbow__name_0__obj_book__physical_placement_fronted__object_first,target_order,against_elbow,fronted_location,object_first
shared_control__name_0__obj_book__direct_label__person_first,against_elbow__name_0__obj_book__physical_placement_person_subject__person_first,evidence_from_direct_label,against_elbow,person_subject,person_first
shared_control__name_0__obj_book__proximity_paraphrase__person_first,against_elbow__name_0__obj_book__physical_placement_person_subject__person_first,evidence_from_proximity_paraphrase,against_elbow,person_subject,person_first
against_elbow__name_0__obj_book__physical_placement__person_first,against_elbow__name_0__obj_book__physical_placement_person_subject__person_first,context_order,against_elbow,person_subject,person_first
shared_control__name_0__obj_book__direct_label__object_first,against_elbow__name_0__obj_book__physical_placement_person_subject__object_first,evidence_from_direct_label,against_elbow,person_subject,object_first
shared_control__name_0__obj_book__proximity_paraphrase__object_first,against_elbow__name_0__obj_book__physical_placement_person_subject__object_first,evidence_from_proximity_paraphrase,against_elbow,person_subject,object_first
against_elbow__name_0__obj_book__physical_placement__object_first,against_elbow__name_0__obj_book__physical_placement_person_subject__object_first,context_order,against_elbow,person_subject,object_first
against_elbow__name_0__obj_book__physical_placement_person_subject__person_first,against_elbow__name_0__obj_book__physical_placement_person_subject__object_first,target_order,against_elbow,person_subject,object_first
shared_control__name_0__obj_cup__direct_label__person_first,against_elbow__name_0__obj_cup__physical_placement__person_first,evidence_from_direct_label,against_elbow,object_subject,person_first
shared_control__name_0__obj_cup__proximity_paraphrase__person_first,against_elbow__name_0__obj_cup__physical_placement__person_first,evidence_from_proximity_paraphrase,against_elbow,object_subject,person_first
shared_control__name_0__obj_cup__direct_label__object_first,against_elbow__name_0__obj_cup__physical_placement__object_first,evidence_from_direct_label,against_elbow,object_subject,object_first
shared_control__name_0__obj_cup__proximity_paraphrase__object_first,against_elbow__name_0__obj_cup__physical_placement__object_first,evidence_from_proximity_paraphrase,against_elbow,object_subject,object_first
against_elbow__name_0__obj_cup__physical_placement__person_first,against_elbow__name_0__obj_cup__physical_placement__object_first,target_order,against_elbow,object_subject,object_first
shared_control__name_0__obj_cup__direct_label__person_first,against_elbow__name_0__obj_cup__physical_placement_fronted__person_first,evidence_from_direct_label,against_elbow,fronted_location,person_first
shared_control__name_0__obj_cup__proximity_paraphrase__person_first,against_elbow__name_0__obj_cup__physical_placement_fronted__person_first,evidence_from_proximity_paraphrase,against_elbow,fronted_location,person_first
against_elbow__name_0__obj_cup__physical_placement__person_first,against_elbow__name_0__obj_cup__physical_placement_fronted__person_first,context_order,against_elbow,fronted_location,person_first
shared_control__name_0__obj_cup__direct_label__object_first,against_elbow__name_0__obj_cup__physical_placement_fronted__object_first,evidence_from_direct_label,against_elbow,fronted_location,object_first
shared_control__name_0__obj_cup__proximity_paraphrase__object_first,against_elbow__name_0__obj_cup__physical_placement_fronted__object_first,evidence_from_proximity_paraphrase,against_elbow,fronted_location,object_first
against_elbow__name_0__obj_cup__physical_placement__object_first,against_elbow__name_0__obj_cup__physical_placement_fronted__object_first,context_order,against_elbow,fronted_location,object_first
against_elbow__name_0__obj_cup__physical_placement_fronted__person_first,against_elbow__name_0__obj_cup__physical_placement_fronted__object_first,target_order,against_elbow,fronted_location,object_first
shared_control__name_0__obj_cup__direct_label__person_first,against_elbow__name_0__obj_cup__physical_placement_person_subject__person_first,evidence_from_direct_label,against_elbow,person_subject,person_first
shared_control__name_0__obj_cup__proximity_paraphrase__person_first,against_elbow__name_0__obj_cup__physical_placement_person_subject__person_first,evidence_from_proximity_paraphrase,against_elbow,person_subject,person_first
against_elbow__name_0__obj_cup__physical_placement__person_first,against_elbow__name_0__obj_cup__physical_placement_person_subject__person_first,context_order,against_elbow,person_subject,person_first
shared_control__name_0__obj_cup__direct_label__object_first,against_elbow__name_0__obj_cup__physical_placement_person_subject__object_first,evidence_from_direct_label,against_elbow,person_subject,object_first
shared_control__name_0__obj_cup__proximity_paraphrase__object_first,against_elbow__name_0__obj_cup__physical_placement_person_subject__object_first,evidence_from_proximity_paraphrase,against_elbow,person_subject,object_first
against_elbow__name_0__obj_cup__physical_placement__object_first,against_elbow__name_0__obj_cup__physical_placement_person_subject__object_first,context_order,against_elbow,person_subject,object_first
against_elbow__name_0__obj_cup__physical_placement_person_subject__person_first,against_elbow__name_0__obj_cup__physical_placement_person_subject__object_first,target_order,against_elbow,person_subject,object_first
shared_control__name_0__obj_bag__direct_label__person_first,against_elbow__name_0__obj_bag__physical_placement__person_first,evidence_from_direct_label,against_elbow,object_subject,person_first
shared_control__name_0__obj_bag__proximity_paraphrase__person_first,against_elbow__name_0__obj_bag__physical_placement__person_first,evidence_from_proximity_paraphrase,against_elbow,object_subject,person_first
shared_control__name_0__obj_bag__direct_label__object_first,against_elbow__name_0__obj_bag__physical_placement__object_first,evidence_from_direct_label,against_elbow,object_subject,object_first
shared_control__name_0__obj_bag__proximity_paraphrase__object_first,against_elbow__name_0__obj_bag__physical_placement__object_first,evidence_from_proximity_paraphrase,against_elbow,object_subject,object_first
against_elbow__name_0__obj_bag__physical_placement__person_first,against_elbow__name_0__obj_bag__physical_placement__object_first,target_order,against_elbow,object_subject,object_first
shared_control__name_0__obj_bag__direct_label__person_first,against_elbow__name_0__obj_bag__physical_placement_fronted__person_first,evidence_from_direct_label,against_elbow,fronted_location,person_first
shared_control__name_0__obj_bag__proximity_paraphrase__person_first,against_elbow__name_0__obj_bag__physical_placement_fronted__person_first,evidence_from_proximity_paraphrase,against_elbow,fronted_location,person_first
against_elbow__name_0__obj_bag__physical_placement__person_first,against_elbow__name_0__obj_bag__physical_placement_fronted__person_first,context_order,against_elbow,fronted_location,person_first
shared_control__name_0__obj_bag__direct_label__object_first,against_elbow__name_0__obj_bag__physical_placement_fronted__object_first,evidence_from_direct_label,against_elbow,fronted_location,object_first
shared_control__name_0__obj_bag__proximity_paraphrase__object_first,against_elbow__name_0__obj_bag__physical_placement_fronted__object_first,evidence_from_proximity_paraphrase,against_elbow,fronted_location,object_first
against_elbow__name_0__obj_bag__physical_placement__object_first,against_elbow__name_0__obj_bag__physical_placement_fronted__object_first,context_order,against_elbow,fronted_location,object_first
against_elbow__name_0__obj_bag__physical_placement_fronted__person_first,against_elbow__name_0__obj_bag__physical_placement_fronted__object_first,target_order,against_elbow,fronted_location,object_first
shared_control__name_0__obj_bag__direct_label__person_first,against_elbow__name_0__obj_bag__physical_placement_person_subject__person_first,evidence_from_direct_label,against_elbow,person_subject,person_first
shared_control__name_0__obj_bag__proximity_paraphrase__person_first,against_elbow__name_0__obj_bag__physical_placement_person_subject__person_first,evidence_from_proximity_paraphrase,against_elbow,person_subject,person_first
against_elbow__name_0__obj_bag__physical_placement__person_first,against_elbow__name_0__obj_bag__physical_placement_person_subject__person_first,context_order,against_elbow,person_subject,person_first
shared_control__name_0__obj_bag__direct_label__object_first,against_elbow__name_0__obj_bag__physical_placement_person_subject__object_first,evidence_from_direct_label,against_elbow,person_subject,object_first
shared_control__name_0__obj_bag__proximity_paraphrase__object_first,against_elbow__name_0__obj_bag__physical_placement_person_subject__object_first,evidence_from_proximity_paraphrase,against_elbow,person_subject,object_first
against_elbow__name_0__obj_bag__physical_placement__object_first,against_elbow__name_0__obj_bag__physical_placement_person_subject__object_first,context_order,against_elbow,person_subject,object_first
against_elbow__name_0__obj_bag__physical_placement_person_subject__person_first,against_elbow__name_0__obj_bag__physical_placement_person_subject__object_first,target_order,against_elbow,person_subject,object_first
shared_control__name_1__obj_ball__direct_label__person_first,against_elbow__name_1__obj_ball__physical_placement__person_first,evidence_from_direct_label,against_elbow,object_subject,person_first
shared_control__name_1__obj_ball__proximity_paraphrase__person_first,against_elbow__name_1__obj_ball__physical_placement__person_first,evidence_from_proximity_paraphrase,against_elbow,object_subject,person_first
shared_control__name_1__obj_ball__direct_label__object_first,against_elbow__name_1__obj_ball__physical_placement__object_first,evidence_from_direct_label,against_elbow,object_subject,object_first
shared_control__name_1__obj_ball__proximity_paraphrase__object_first,against_elbow__name_1__obj_ball__physical_placement__object_first,evidence_from_proximity_paraphrase,against_elbow,object_subject,object_first
against_elbow__name_1__obj_ball__physical_placement__person_first,against_elbow__name_1__obj_ball__physical_placement__object_first,target_order,against_elbow,object_subject,object_first
shared_control__name_1__obj_ball__direct_label__person_first,against_elbow__name_1__obj_ball__physical_placement_fronted__person_first,evidence_from_direct_label,against_elbow,fronted_location,person_first
shared_control__name_1__obj_ball__proximity_paraphrase__person_first,against_elbow__name_1__obj_ball__physical_placement_fronted__person_first,evidence_from_proximity_paraphrase,against_elbow,fronted_location,person_first
against_elbow__name_1__obj_ball__physical_placement__person_first,against_elbow__name_1__obj_ball__physical_placement_fronted__person_first,context_order,against_elbow,fronted_location,person_first
shared_control__name_1__obj_ball__direct_label__object_first,against_elbow__name_1__obj_ball__physical_placement_fronted__object_first,evidence_from_direct_label,against_elbow,fronted_location,object_first
shared_control__name_1__obj_ball__proximity_paraphrase__object_first,against_elbow__name_1__obj_ball__physical_placement_fronted__object_first,evidence_from_proximity_paraphrase,against_elbow,fronted_location,object_first
against_elbow__name_1__obj_ball__physical_placement__object_first,against_elbow__name_1__obj_ball__physical_placement_fronted__object_first,context_order,against_elbow,fronted_location,object_first
against_elbow__name_1__obj_ball__physical_placement_fronted__person_first,against_elbow__name_1__obj_ball__physical_placement_fronted__object_first,target_order,against_elbow,fronted_location,object_first
shared_control__name_1__obj_ball__direct_label__person_first,against_elbow__name_1__obj_ball__physical_placement_person_subject__person_first,evidence_from_direct_label,against_elbow,person_subject,person_first
shared_control__name_1__obj_ball__proximity_paraphrase__person_first,against_elbow__name_1__obj_ball__physical_placement_person_subject__person_first,evidence_from_proximity_paraphrase,against_elbow,person_subject,person_first
against_elbow__name_1__obj_ball__physical_placement__person_first,against_elbow__name_1__obj_ball__physical_placement_person_subject__person_first,context_order,against_elbow,person_subject,person_first
shared_control__name_1__obj_ball__direct_label__object_first,against_elbow__name_1__obj_ball__physical_placement_person_subject__object_first,evidence_from_direct_label,against_elbow,person_subject,object_first
shared_control__name_1__obj_ball__proximity_paraphrase__object_first,against_elbow__name_1__obj_ball__physical_placement_person_subject__object_first,evidence_from_proximity_paraphrase,against_elbow,person_subject,object_first
against_elbow__name_1__obj_ball__physical_placement__object_first,against_elbow__name_1__obj_ball__physical_placement_person_subject__object_first,context_order,against_elbow,person_subject,object_first
against_elbow__name_1__obj_ball__physical_placement_person_subject__person_first,against_elbow__name_1__obj_ball__physical_placement_person_subject__object_first,target_order,against_elbow,person_subject,object_first
shared_control__name_1__obj_book__direct_label__person_first,against_elbow__name_1__obj_book__physical_placement__person_first,evidence_from_direct_label,against_elbow,object_subject,person_first
shared_control__name_1__obj_book__proximity_paraphrase__person_first,against_elbow__name_1__obj_book__physical_placement__person_first,evidence_from_proximity_paraphrase,against_elbow,object_subject,person_first
shared_control__name_1__obj_book__direct_label__object_first,against_elbow__name_1__obj_book__physical_placement__object_first,evidence_from_direct_label,against_elbow,object_subject,object_first
shared_control__name_1__obj_book__proximity_paraphrase__object_first,against_elbow__name_1__obj_book__physical_placement__object_first,evidence_from_proximity_paraphrase,against_elbow,object_subject,object_first
against_elbow__name_1__obj_book__physical_placement__person_first,against_elbow__name_1__obj_book__physical_placement__object_first,target_order,against_elbow,object_subject,object_first
shared_control__name_1__obj_book__direct_label__person_first,against_elbow__name_1__obj_book__physical_placement_fronted__person_first,evidence_from_direct_label,against_elbow,fronted_location,person_first
shared_control__name_1__obj_book__proximity_paraphrase__person_first,against_elbow__name_1__obj_book__physical_placement_fronted__person_first,evidence_from_proximity_paraphrase,against_elbow,fronted_location,person_first
against_elbow__name_1__obj_book__physical_placement__person_first,against_elbow__name_1__obj_book__physical_placement_fronted__person_first,context_order,against_elbow,fronted_location,person_first
shared_control__name_1__obj_book__direct_label__object_first,against_elbow__name_1__obj_book__physical_placement_fronted__object_first,evidence_from_direct_label,against_elbow,fronted_location,object_first
shared_control__name_1__obj_book__proximity_paraphrase__object_first,against_elbow__name_1__obj_book__physical_placement_fronted__object_first,evidence_from_proximity_paraphrase,against_elbow,fronted_location,object_first
against_elbow__name_1__obj_book__physical_placement__object_first,against_elbow__name_1__obj_book__physical_placement_fronted__object_first,context_order,against_elbow,fronted_location,object_first
against_elbow__name_1__obj_book__physical_placement_fronted__person_first,against_elbow__name_1__obj_book__physical_placement_fronted__object_first,target_order,against_elbow,fronted_location,object_first
shared_control__name_1__obj_book__direct_label__person_first,against_elbow__name_1__obj_book__physical_placement_person_subject__person_first,evidence_from_direct_label,against_elbow,person_subject,person_first
shared_control__name_1__obj_book__proximity_paraphrase__person_first,against_elbow__name_1__obj_book__physical_placement_person_subject__person_first,evidence_from_proximity_paraphrase,against_elbow,person_subject,person_first
against_elbow__name_1__obj_book__physical_placement__person_first,against_elbow__name_1__obj_book__physical_placement_person_subject__person_first,context_order,against_elbow,person_subject,person_first
shared_control__name_1__obj_book__direct_label__object_first,against_elbow__name_1__obj_book__physical_placement_person_subject__object_first,evidence_from_direct_label,against_elbow,person_subject,object_first
shared_control__name_1__obj_book__proximity_paraphrase__object_first,against_elbow__name_1__obj_book__physical_placement_person_subject__object_first,evidence_from_proximity_paraphrase,against_elbow,person_subject,object_first
against_elbow__name_1__obj_book__physical_placement__object_first,against_elbow__name_1__obj_book__physical_placement_person_subject__object_first,context_order,against_elbow,person_subject,object_first
against_elbow__name_1__obj_book__physical_placement_person_subject__person_first,against_elbow__name_1__obj_book__physical_placement_person_subject__object_first,target_order,against_elbow,person_subject,object_first
shared_control__name_1__obj_cup__direct_label__person_first,against_elbow__name_1__obj_cup__physical_placement__person_first,evidence_from_direct_label,against_elbow,object_subject,person_first
shared_control__name_1__obj_cup__proximity_paraphrase__person_first,against_elbow__name_1__obj_cup__physical_placement__person_first,evidence_from_proximity_paraphrase,against_elbow,object_subject,person_first
shared_control__name_1__obj_cup__direct_label__object_first,against_elbow__name_1__obj_cup__physical_placement__object_first,evidence_from_direct_label,against_elbow,object_subject,object_first
shared_control__name_1__obj_cup__proximity_paraphrase__object_first,against_elbow__name_1__obj_cup__physical_placement__object_first,evidence_from_proximity_paraphrase,against_elbow,object_subject,object_first
against_elbow__name_1__obj_cup__physical_placement__person_first,against_elbow__name_1__obj_cup__physical_placement__object_first,target_order,against_elbow,object_subject,object_first
shared_control__name_1__obj_cup__direct_label__person_first,against_elbow__name_1__obj_cup__physical_placement_fronted__person_first,evidence_from_direct_label,against_elbow,fronted_location,person_first
shared_control__name_1__obj_cup__proximity_paraphrase__person_first,against_elbow__name_1__obj_cup__physical_placement_fronted__person_first,evidence_from_proximity_paraphrase,against_elbow,fronted_location,person_first
against_elbow__name_1__obj_cup__physical_placement__person_first,against_elbow__name_1__obj_cup__physical_placement_fronted__person_first,context_order,against_elbow,fronted_location,person_first
shared_control__name_1__obj_cup__direct_label__object_first,against_elbow__name_1__obj_cup__physical_placement_fronted__object_first,evidence_from_direct_label,against_elbow,fronted_location,object_first
shared_control__name_1__obj_cup__proximity_paraphrase__object_first,against_elbow__name_1__obj_cup__physical_placement_fronted__object_first,evidence_from_proximity_paraphrase,against_elbow,fronted_location,object_first
against_elbow__name_1__obj_cup__physical_placement__object_first,against_elbow__name_1__obj_cup__physical_placement_fronted__object_first,context_order,against_elbow,fronted_location,object_first
against_elbow__name_1__obj_cup__physical_placement_fronted__person_first,against_elbow__name_1__obj_cup__physical_placement_fronted__object_first,target_order,against_elbow,fronted_location,object_first
shared_control__name_1__obj_cup__direct_label__person_first,against_elbow__name_1__obj_cup__physical_placement_person_subject__person_first,evidence_from_direct_label,against_elbow,person_subject,person_first
shared_control__name_1__obj_cup__proximity_paraphrase__person_first,against_elbow__name_1__obj_cup__physical_placement_person_subject__person_first,evidence_from_proximity_paraphrase,against_elbow,person_subject,person_first
against_elbow__name_1__obj_cup__physical_placement__person_first,against_elbow__name_1__obj_cup__physical_placement_person_subject__person_first,context_order,against_elbow,person_subject,person_first
shared_control__name_1__obj_cup__direct_label__object_first,against_elbow__name_1__obj_cup__physical_placement_person_subject__object_first,evidence_from_direct_label,against_elbow,person_subject,object_first
shared_control__name_1__obj_cup__proximity_paraphrase__object_first,against_elbow__name_1__obj_cup__physical_placement_person_subject__object_first,evidence_from_proximity_paraphrase,against_elbow,person_subject,object_first
against_elbow__name_1__obj_cup__physical_placement__object_first,against_elbow__name_1__obj_cup__physical_placement_person_subject__object_first,context_order,against_elbow,person_subject,object_first
against_elbow__name_1__obj_cup__physical_placement_person_subject__person_first,against_elbow__name_1__obj_cup__physical_placement_person_subject__object_first,target_order,against_elbow,person_subject,object_first
shared_control__name_1__obj_bag__direct_label__person_first,against_elbow__name_1__obj_bag__physical_placement__person_first,evidence_from_direct_label,against_elbow,object_subject,person_first
shared_control__name_1__obj_bag__proximity_paraphrase__person_first,against_elbow__name_1__obj_bag__physical_placement__person_first,evidence_from_proximity_paraphrase,against_elbow,object_subject,person_first
shared_control__name_1__obj_bag__direct_label__object_first,against_elbow__name_1__obj_bag__physical_placement__object_first,evidence_from_direct_label,against_elbow,object_subject,object_first
shared_control__name_1__obj_bag__proximity_paraphrase__object_first,against_elbow__name_1__obj_bag__physical_placement__object_first,evidence_from_proximity_paraphrase,against_elbow,object_subject,object_first
against_elbow__name_1__obj_bag__physical_placement__person_first,against_elbow__name_1__obj_bag__physical_placement__object_first,target_order,against_elbow,object_subject,object_first
shared_control__name_1__obj_bag__direct_label__person_first,against_elbow__name_1__obj_bag__physical_placement_fronted__person_first,evidence_from_direct_label,against_elbow,fronted_location,person_first
shared_control__name_1__obj_bag__proximity_paraphrase__person_first,against_elbow__name_1__obj_bag__physical_placement_fronted__person_first,evidence_from_proximity_paraphrase,against_elbow,fronted_location,person_first
against_elbow__name_1__obj_bag__physical_placement__person_first,against_elbow__name_1__obj_bag__physical_placement_fronted__person_first,context_order,against_elbow,fronted_location,person_first
shared_control__name_1__obj_bag__direct_label__object_first,against_elbow__name_1__obj_bag__physical_placement_fronted__object_first,evidence_from_direct_label,against_elbow,fronted_location,object_first
shared_control__name_1__obj_bag__proximity_paraphrase__object_first,against_elbow__name_1__obj_bag__physical_placement_fronted__object_first,evidence_from_proximity_paraphrase,against_elbow,fronted_location,object_first
against_elbow__name_1__obj_bag__physical_placement__object_first,against_elbow__name_1__obj_bag__physical_placement_fronted__object_first,context_order,against_elbow,fronted_location,object_first
against_elbow__name_1__obj_bag__physical_placement_fronted__person_first,against_elbow__name_1__obj_bag__physical_placement_fronted__object_first,target_order,against_elbow,fronted_location,object_first
shared_control__name_1__obj_bag__direct_label__person_first,against_elbow__name_1__obj_bag__physical_placement_person_subject__person_first,evidence_from_direct_label,against_elbow,person_subject,person_first
shared_control__name_1__obj_bag__proximity_paraphrase__person_first,against_elbow__name_1__obj_bag__physical_placement_person_subject__person_first,evidence_from_proximity_paraphrase,against_elbow,person_subject,person_first
against_elbow__name_1__obj_bag__physical_placement__person_first,against_elbow__name_1__obj_bag__physical_placement_person_subject__person_first,context_order,against_elbow,person_subject,person_first
shared_control__name_1__obj_bag__direct_label__object_first,against_elbow__name_1__obj_bag__physical_placement_person_subject__object_first,evidence_from_direct_label,against_elbow,person_subject,object_first
shared_control__name_1__obj_bag__proximity_paraphrase__object_first,against_elbow__name_1__obj_bag__physical_placement_person_subject__object_first,evidence_from_proximity_paraphrase,against_elbow,person_subject,object_first
against_elbow__name_1__obj_bag__physical_placement__object_first,against_elbow__name_1__obj_bag__physical_placement_person_subject__object_first,context_order,against_elbow,person_subject,object_first
against_elbow__name_1__obj_bag__physical_placement_person_subject__person_first,against_elbow__name_1__obj_bag__physical_placement_person_subject__object_first,target_order,against_elbow,person_subject,object_first
shared_control__name_2__obj_ball__direct_label__person_first,against_elbow__name_2__obj_ball__physical_placement__person_first,evidence_from_direct_label,against_elbow,object_subject,person_first
shared_control__name_2__obj_ball__proximity_paraphrase__person_first,against_elbow__name_2__obj_ball__physical_placement__person_first,evidence_from_proximity_paraphrase,against_elbow,object_subject,person_first
shared_control__name_2__obj_ball__direct_label__object_first,against_elbow__name_2__obj_ball__physical_placement__object_first,evidence_from_direct_label,against_elbow,object_subject,object_first
shared_control__name_2__obj_ball__proximity_paraphrase__object_first,against_elbow__name_2__obj_ball__physical_placement__object_first,evidence_from_proximity_paraphrase,against_elbow,object_subject,object_first
against_elbow__name_2__obj_ball__physical_placement__person_first,against_elbow__name_2__obj_ball__physical_placement__object_first,target_order,against_elbow,object_subject,object_first
shared_control__name_2__obj_ball__direct_label__person_first,against_elbow__name_2__obj_ball__physical_placement_fronted__person_first,evidence_from_direct_label,against_elbow,fronted_location,person_first
shared_control__name_2__obj_ball__proximity_paraphrase__person_first,against_elbow__name_2__obj_ball__physical_placement_fronted__person_first,evidence_from_proximity_paraphrase,against_elbow,fronted_location,person_first
against_elbow__name_2__obj_ball__physical_placement__person_first,against_elbow__name_2__obj_ball__physical_placement_fronted__person_first,context_order,against_elbow,fronted_location,person_first
shared_control__name_2__obj_ball__direct_label__object_first,against_elbow__name_2__obj_ball__physical_placement_fronted__object_first,evidence_from_direct_label,against_elbow,fronted_location,object_first
shared_control__name_2__obj_ball__proximity_paraphrase__object_first,against_elbow__name_2__obj_ball__physical_placement_fronted__object_first,evidence_from_proximity_paraphrase,against_elbow,fronted_location,object_first
against_elbow__name_2__obj_ball__physical_placement__object_first,against_elbow__name_2__obj_ball__physical_placement_fronted__object_first,context_order,against_elbow,fronted_location,object_first
against_elbow__name_2__obj_ball__physical_placement_fronted__person_first,against_elbow__name_2__obj_ball__physical_placement_fronted__object_first,target_order,against_elbow,fronted_location,object_first
shared_control__name_2__obj_ball__direct_label__person_first,against_elbow__name_2__obj_ball__physical_placement_person_subject__person_first,evidence_from_direct_label,against_elbow,person_subject,person_first
shared_control__name_2__obj_ball__proximity_paraphrase__person_first,against_elbow__name_2__obj_ball__physical_placement_person_subject__person_first,evidence_from_proximity_paraphrase,against_elbow,person_subject,person_first
against_elbow__name_2__obj_ball__physical_placement__person_first,against_elbow__name_2__obj_ball__physical_placement_person_subject__person_first,context_order,against_elbow,person_subject,person_first
shared_control__name_2__obj_ball__direct_label__object_first,against_elbow__name_2__obj_ball__physical_placement_person_subject__object_first,evidence_from_direct_label,against_elbow,person_subject,object_first
shared_control__name_2__obj_ball__proximity_paraphrase__object_first,against_elbow__name_2__obj_ball__physical_placement_person_subject__object_first,evidence_from_proximity_paraphrase,against_elbow,person_subject,object_first
against_elbow__name_2__obj_ball__physical_placement__object_first,against_elbow__name_2__obj_ball__physical_placement_person_subject__object_first,context_order,against_elbow,person_subject,object_first
against_elbow__name_2__obj_ball__physical_placement_person_subject__person_first,against_elbow__name_2__obj_ball__physical_placement_person_subject__object_first,target_order,against_elbow,person_subject,object_first
shared_control__name_2__obj_book__direct_label__person_first,against_elbow__name_2__obj_book__physical_placement__person_first,evidence_from_direct_label,against_elbow,object_subject,person_first
shared_control__name_2__obj_book__proximity_paraphrase__person_first,against_elbow__name_2__obj_book__physical_placement__person_first,evidence_from_proximity_paraphrase,against_elbow,object_subject,person_first
shared_control__name_2__obj_book__direct_label__object_first,against_elbow__name_2__obj_book__physical_placement__object_first,evidence_from_direct_label,against_elbow,object_subject,object_first
shared_control__name_2__obj_book__proximity_paraphrase__object_first,against_elbow__name_2__obj_book__physical_placement__object_first,evidence_from_proximity_paraphrase,against_elbow,object_subject,object_first
against_elbow__name_2__obj_book__physical_placement__person_first,against_elbow__name_2__obj_book__physical_placement__object_first,target_order,against_elbow,object_subject,object_first
shared_control__name_2__obj_book__direct_label__person_first,against_elbow__name_2__obj_book__physical_placement_fronted__person_first,evidence_from_direct_label,against_elbow,fronted_location,person_first
shared_control__name_2__obj_book__proximity_paraphrase__person_first,against_elbow__name_2__obj_book__physical_placement_fronted__person_first,evidence_from_proximity_paraphrase,against_elbow,fronted_location,person_first
against_elbow__name_2__obj_book__physical_placement__person_first,against_elbow__name_2__obj_book__physical_placement_fronted__person_first,context_order,against_elbow,fronted_location,person_first
shared_control__name_2__obj_book__direct_label__object_first,against_elbow__name_2__obj_book__physical_placement_fronted__object_first,evidence_from_direct_label,against_elbow,fronted_location,object_first
shared_control__name_2__obj_book__proximity_paraphrase__object_first,against_elbow__name_2__obj_book__physical_placement_fronted__object_first,evidence_from_proximity_paraphrase,against_elbow,fronted_location,object_first
against_elbow__name_2__obj_book__physical_placement__object_first,against_elbow__name_2__obj_book__physical_placement_fronted__object_first,context_order,against_elbow,fronted_location,object_first
against_elbow__name_2__obj_book__physical_placement_fronted__person_first,against_elbow__name_2__obj_book__physical_placement_fronted__object_first,target_order,against_elbow,fronted_location,object_first
shared_control__name_2__obj_book__direct_label__person_first,against_elbow__name_2__obj_book__physical_placement_person_subject__person_first,evidence_from_direct_label,against_elbow,person_subject,person_first
shared_control__name_2__obj_book__proximity_paraphrase__person_first,against_elbow__name_2__obj_book__physical_placement_person_subject__person_first,evidence_from_proximity_paraphrase,against_elbow,person_subject,person_first
against_elbow__name_2__obj_book__physical_placement__person_first,against_elbow__name_2__obj_book__physical_placement_person_subject__person_first,context_order,against_elbow,person_subject,person_first
shared_control__name_2__obj_book__direct_label__object_first,against_elbow__name_2__obj_book__physical_placement_person_subject__object_first,evidence_from_direct_label,against_elbow,person_subject,object_first
shared_control__name_2__obj_book__proximity_paraphrase__object_first,against_elbow__name_2__obj_book__physical_placement_person_subject__object_first,evidence_from_proximity_paraphrase,against_elbow,person_subject,object_first
against_elbow__name_2__obj_book__physical_placement__object_first,against_elbow__name_2__obj_book__physical_placement_person_subject__object_first,context_order,against_elbow,person_subject,object_first
against_elbow__name_2__obj_book__physical_placement_person_subject__person_first,against_elbow__name_2__obj_book__physical_placement_person_subject__object_first,target_order,against_elbow,person_subject,object_first
shared_control__name_2__obj_cup__direct_label__person_first,against_elbow__name_2__obj_cup__physical_placement__person_first,evidence_from_direct_label,against_elbow,object_subject,person_first
shared_control__name_2__obj_cup__proximity_paraphrase__person_first,against_elbow__name_2__obj_cup__physical_placement__person_first,evidence_from_proximity_paraphrase,against_elbow,object_subject,person_first
shared_control__name_2__obj_cup__direct_label__object_first,against_elbow__name_2__obj_cup__physical_placement__object_first,evidence_from_direct_label,against_elbow,object_subject,object_first
shared_control__name_2__obj_cup__proximity_paraphrase__object_first,against_elbow__name_2__obj_cup__physical_placement__object_first,evidence_from_proximity_paraphrase,against_elbow,object_subject,object_first
against_elbow__name_2__obj_cup__physical_placement__person_first,against_elbow__name_2__obj_cup__physical_placement__object_first,target_order,against_elbow,object_subject,object_first
shared_control__name_2__obj_cup__direct_label__person_first,against_elbow__name_2__obj_cup__physical_placement_fronted__person_first,evidence_from_direct_label,against_elbow,fronted_location,person_first
shared_control__name_2__obj_cup__proximity_paraphrase__person_first,against_elbow__name_2__obj_cup__physical_placement_fronted__person_first,evidence_from_proximity_paraphrase,against_elbow,fronted_location,person_first
against_elbow__name_2__obj_cup__physical_placement__person_first,against_elbow__name_2__obj_cup__physical_placement_fronted__person_first,context_order,against_elbow,fronted_location,person_first
shared_control__name_2__obj_cup__direct_label__object_first,against_elbow__name_2__obj_cup__physical_placement_fronted__object_first,evidence_from_direct_label,against_elbow,fronted_location,object_first
shared_control__name_2__obj_cup__proximity_paraphrase__object_first,against_elbow__name_2__obj_cup__physical_placement_fronted__object_first,evidence_from_proximity_paraphrase,against_elbow,fronted_location,object_first
against_elbow__name_2__obj_cup__physical_placement__object_first,against_elbow__name_2__obj_cup__physical_placement_fronted__object_first,context_order,against_elbow,fronted_location,object_first
against_elbow__name_2__obj_cup__physical_placement_fronted__person_first,against_elbow__name_2__obj_cup__physical_placement_fronted__object_first,target_order,against_elbow,fronted_location,object_first
shared_control__name_2__obj_cup__direct_label__person_first,against_elbow__name_2__obj_cup__physical_placement_person_subject__person_first,evidence_from_direct_label,against_elbow,person_subject,person_first
shared_control__name_2__obj_cup__proximity_paraphrase__person_first,against_elbow__name_2__obj_cup__physical_placement_person_subject__person_first,evidence_from_proximity_paraphrase,against_elbow,person_subject,person_first
against_elbow__name_2__obj_cup__physical_placement__person_first,against_elbow__name_2__obj_cup__physical_placement_person_subject__person_first,context_order,against_elbow,person_subject,person_first
shared_control__name_2__obj_cup__direct_label__object_first,against_elbow__name_2__obj_cup__physical_placement_person_subject__object_first,evidence_from_direct_label,against_elbow,person_subject,object_first
shared_control__name_2__obj_cup__proximity_paraphrase__object_first,against_elbow__name_2__obj_cup__physical_placement_person_subject__object_first,evidence_from_proximity_paraphrase,against_elbow,person_subject,object_first
against_elbow__name_2__obj_cup__physical_placement__object_first,against_elbow__name_2__obj_cup__physical_placement_person_subject__object_first,context_order,against_elbow,person_subject,object_first
against_elbow__name_2__obj_cup__physical_placement_person_subject__person_first,against_elbow__name_2__obj_cup__physical_placement_person_subject__object_first,target_order,against_elbow,person_subject,object_first
shared_control__name_2__obj_bag__direct_label__person_first,against_elbow__name_2__obj_bag__physical_placement__person_first,evidence_from_direct_label,against_elbow,object_subject,person_first
shared_control__name_2__obj_bag__proximity_paraphrase__person_first,against_elbow__name_2__obj_bag__physical_placement__person_first,evidence_from_proximity_paraphrase,against_elbow,object_subject,person_first
shared_control__name_2__obj_bag__direct_label__object_first,against_elbow__name_2__obj_bag__physical_placement__object_first,evidence_from_direct_label,against_elbow,object_subject,object_first
shared_control__name_2__obj_bag__proximity_paraphrase__object_first,against_elbow__name_2__obj_bag__physical_placement__object_first,evidence_from_proximity_paraphrase,against_elbow,object_subject,object_first
against_elbow__name_2__obj_bag__physical_placement__person_first,against_elbow__name_2__obj_bag__physical_placement__object_first,target_order,against_elbow,object_subject,object_first
shared_control__name_2__obj_bag__direct_label__person_first,against_elbow__name_2__obj_bag__physical_placement_fronted__person_first,evidence_from_direct_label,against_elbow,fronted_location,person_first
shared_control__name_2__obj_bag__proximity_paraphrase__person_first,against_elbow__name_2__obj_bag__physical_placement_fronted__person_first,evidence_from_proximity_paraphrase,against_elbow,fronted_location,person_first
against_elbow__name_2__obj_bag__physical_placement__person_first,against_elbow__name_2__obj_bag__physical_placement_fronted__person_first,context_order,against_elbow,fronted_location,person_first
shared_control__name_2__obj_bag__direct_label__object_first,against_elbow__name_2__obj_bag__physical_placement_fronted__object_first,evidence_from_direct_label,against_elbow,fronted_location,object_first
shared_control__name_2__obj_bag__proximity_paraphrase__object_first,against_elbow__name_2__obj_bag__physical_placement_fronted__object_first,evidence_from_proximity_paraphrase,against_elbow,fronted_location,object_first
against_elbow__name_2__obj_bag__physical_placement__object_first,against_elbow__name_2__obj_bag__physical_placement_fronted__object_first,context_order,against_elbow,fronted_location,object_first
against_elbow__name_2__obj_bag__physical_placement_fronted__person_first,against_elbow__name_2__obj_bag__physical_placement_fronted__object_first,target_order,against_elbow,fronted_location,object_first
shared_control__name_2__obj_bag__direct_label__person_first,against_elbow__name_2__obj_bag__physical_placement_person_subject__person_first,evidence_from_direct_label,against_elbow,person_subject,person_first
shared_control__name_2__obj_bag__proximity_paraphrase__person_first,against_elbow__name_2__obj_bag__physical_placement_person_subject__person_first,evidence_from_proximity_paraphrase,against_elbow,person_subject,person_first
against_elbow__name_2__obj_bag__physical_placement__person_first,against_elbow__name_2__obj_bag__physical_placement_person_subject__person_first,context_order,against_elbow,person_subject,person_first
shared_control__name_2__obj_bag__direct_label__object_first,against_elbow__name_2__obj_bag__physical_placement_person_subject__object_first,evidence_from_direct_label,against_elbow,person_subject,object_first
shared_control__name_2__obj_bag__proximity_paraphrase__object_first,against_elbow__name_2__obj_bag__physical_placement_person_subject__object_first,evidence_from_proximity_paraphrase,against_elbow,person_subject,object_first
against_elbow__name_2__obj_bag__physical_placement__object_first,against_elbow__name_2__obj_bag__physical_placement_person_subject__object_first,context_order,against_elbow,person_subject,object_first
against_elbow__name_2__obj_bag__physical_placement_person_subject__person_first,against_elbow__name_2__obj_bag__physical_placement_person_subject__object_first,target_order,against_elbow,person_subject,object_first
shared_control__name_3__obj_ball__direct_label__person_first,against_elbow__name_3__obj_ball__physical_placement__person_first,evidence_from_direct_label,against_elbow,object_subject,person_first
shared_control__name_3__obj_ball__proximity_paraphrase__person_first,against_elbow__name_3__obj_ball__physical_placement__person_first,evidence_from_proximity_paraphrase,against_elbow,object_subject,person_first
shared_control__name_3__obj_ball__direct_label__object_first,against_elbow__name_3__obj_ball__physical_placement__object_first,evidence_from_direct_label,against_elbow,object_subject,object_first
shared_control__name_3__obj_ball__proximity_paraphrase__object_first,against_elbow__name_3__obj_ball__physical_placement__object_first,evidence_from_proximity_paraphrase,against_elbow,object_subject,object_first
against_elbow__name_3__obj_ball__physical_placement__person_first,against_elbow__name_3__obj_ball__physical_placement__object_first,target_order,against_elbow,object_subject,object_first
shared_control__name_3__obj_ball__direct_label__person_first,against_elbow__name_3__obj_ball__physical_placement_fronted__person_first,evidence_from_direct_label,against_elbow,fronted_location,person_first
shared_control__name_3__obj_ball__proximity_paraphrase__person_first,against_elbow__name_3__obj_ball__physical_placement_fronted__person_first,evidence_from_proximity_paraphrase,against_elbow,fronted_location,person_first
against_elbow__name_3__obj_ball__physical_placement__person_first,against_elbow__name_3__obj_ball__physical_placement_fronted__person_first,context_order,against_elbow,fronted_location,person_first
shared_control__name_3__obj_ball__direct_label__object_first,against_elbow__name_3__obj_ball__physical_placement_fronted__object_first,evidence_from_direct_label,against_elbow,fronted_location,object_first
shared_control__name_3__obj_ball__proximity_paraphrase__object_first,against_elbow__name_3__obj_ball__physical_placement_fronted__object_first,evidence_from_proximity_paraphrase,against_elbow,fronted_location,object_first
against_elbow__name_3__obj_ball__physical_placement__object_first,against_elbow__name_3__obj_ball__physical_placement_fronted__object_first,context_order,against_elbow,fronted_location,object_first
against_elbow__name_3__obj_ball__physical_placement_fronted__person_first,against_elbow__name_3__obj_ball__physical_placement_fronted__object_first,target_order,against_elbow,fronted_location,object_first
shared_control__name_3__obj_ball__direct_label__person_first,against_elbow__name_3__obj_ball__physical_placement_person_subject__person_first,evidence_from_direct_label,against_elbow,person_subject,person_first
shared_control__name_3__obj_ball__proximity_paraphrase__person_first,against_elbow__name_3__obj_ball__physical_placement_person_subject__person_first,evidence_from_proximity_paraphrase,against_elbow,person_subject,person_first
against_elbow__name_3__obj_ball__physical_placement__person_first,against_elbow__name_3__obj_ball__physical_placement_person_subject__person_first,context_order,against_elbow,person_subject,person_first
shared_control__name_3__obj_ball__direct_label__object_first,against_elbow__name_3__obj_ball__physical_placement_person_subject__object_first,evidence_from_direct_label,against_elbow,person_subject,object_first
shared_control__name_3__obj_ball__proximity_paraphrase__object_first,against_elbow__name_3__obj_ball__physical_placement_person_subject__object_first,evidence_from_proximity_paraphrase,against_elbow,person_subject,object_first
against_elbow__name_3__obj_ball__physical_placement__object_first,against_elbow__name_3__obj_ball__physical_placement_person_subject__object_first,context_order,against_elbow,person_subject,object_first
against_elbow__name_3__obj_ball__physical_placement_person_subject__person_first,against_elbow__name_3__obj_ball__physical_placement_person_subject__object_first,target_order,against_elbow,person_subject,object_first
shared_control__name_3__obj_book__direct_label__person_first,against_elbow__name_3__obj_book__physical_placement__person_first,evidence_from_direct_label,against_elbow,object_subject,person_first
shared_control__name_3__obj_book__proximity_paraphrase__person_first,against_elbow__name_3__obj_book__physical_placement__person_first,evidence_from_proximity_paraphrase,against_elbow,object_subject,person_first
shared_control__name_3__obj_book__direct_label__object_first,against_elbow__name_3__obj_book__physical_placement__object_first,evidence_from_direct_label,against_elbow,object_subject,object_first
shared_control__name_3__obj_book__proximity_paraphrase__object_first,against_elbow__name_3__obj_book__physical_placement__object_first,evidence_from_proximity_paraphrase,against_elbow,object_subject,object_first
against_elbow__name_3__obj_book__physical_placement__person_first,against_elbow__name_3__obj_book__physical_placement__object_first,target_order,against_elbow,object_subject,object_first
shared_control__name_3__obj_book__direct_label__person_first,against_elbow__name_3__obj_book__physical_placement_fronted__person_first,evidence_from_direct_label,against_elbow,fronted_location,person_first
shared_control__name_3__obj_book__proximity_paraphrase__person_first,against_elbow__name_3__obj_book__physical_placement_fronted__person_first,evidence_from_proximity_paraphrase,against_elbow,fronted_location,person_first
against_elbow__name_3__obj_book__physical_placement__person_first,against_elbow__name_3__obj_book__physical_placement_fronted__person_first,context_order,against_elbow,fronted_location,person_first
shared_control__name_3__obj_book__direct_label__object_first,against_elbow__name_3__obj_book__physical_placement_fronted__object_first,evidence_from_direct_label,against_elbow,fronted_location,object_first
shared_control__name_3__obj_book__proximity_paraphrase__object_first,against_elbow__name_3__obj_book__physical_placement_fronted__object_first,evidence_from_proximity_paraphrase,against_elbow,fronted_location,object_first
against_elbow__name_3__obj_book__physical_placement__object_first,against_elbow__name_3__obj_book__physical_placement_fronted__object_first,context_order,against_elbow,fronted_location,object_first
against_elbow__name_3__obj_book__physical_placement_fronted__person_first,against_elbow__name_3__obj_book__physical_placement_fronted__object_first,target_order,against_elbow,fronted_location,object_first
shared_control__name_3__obj_book__direct_label__person_first,against_elbow__name_3__obj_book__physical_placement_person_subject__person_first,evidence_from_direct_label,against_elbow,person_subject,person_first
shared_control__name_3__obj_book__proximity_paraphrase__person_first,against_elbow__name_3__obj_book__physical_placement_person_subject__person_first,evidence_from_proximity_paraphrase,against_elbow,person_subject,person_first
against_elbow__name_3__obj_book__physical_placement__person_first,against_elbow__name_3__obj_book__physical_placement_person_subject__person_first,context_order,against_elbow,person_subject,person_first
shared_control__name_3__obj_book__direct_label__object_first,against_elbow__name_3__obj_book__physical_placement_person_subject__object_first,evidence_from_direct_label,against_elbow,person_subject,object_first
shared_control__name_3__obj_book__proximity_paraphrase__object_first,against_elbow__name_3__obj_book__physical_placement_person_subject__object_first,evidence_from_proximity_paraphrase,against_elbow,person_subject,object_first
against_elbow__name_3__obj_book__physical_placement__object_first,against_elbow__name_3__obj_book__physical_placement_person_subject__object_first,context_order,against_elbow,person_subject,object_first
against_elbow__name_3__obj_book__physical_placement_person_subject__person_first,against_elbow__name_3__obj_book__physical_placement_person_subject__object_first,target_order,against_elbow,person_subject,object_first
shared_control__name_3__obj_cup__direct_label__person_first,against_elbow__name_3__obj_cup__physical_placement__person_first,evidence_from_direct_label,against_elbow,object_subject,person_first
shared_control__name_3__obj_cup__proximity_paraphrase__person_first,against_elbow__name_3__obj_cup__physical_placement__person_first,evidence_from_proximity_paraphrase,against_elbow,object_subject,person_first
shared_control__name_3__obj_cup__direct_label__object_first,against_elbow__name_3__obj_cup__physical_placement__object_first,evidence_from_direct_label,against_elbow,object_subject,object_first
shared_control__name_3__obj_cup__proximity_paraphrase__object_first,against_elbow__name_3__obj_cup__physical_placement__object_first,evidence_from_proximity_paraphrase,against_elbow,object_subject,object_first
against_elbow__name_3__obj_cup__physical_placement__person_first,against_elbow__name_3__obj_cup__physical_placement__object_first,target_order,against_elbow,object_subject,object_first
shared_control__name_3__obj_cup__direct_label__person_first,against_elbow__name_3__obj_cup__physical_placement_fronted__person_first,evidence_from_direct_label,against_elbow,fronted_location,person_first
shared_control__name_3__obj_cup__proximity_paraphrase__person_first,against_elbow__name_3__obj_cup__physical_placement_fronted__person_first,evidence_from_proximity_paraphrase,against_elbow,fronted_location,person_first
against_elbow__name_3__obj_cup__physical_placement__person_first,against_elbow__name_3__obj_cup__physical_placement_fronted__person_first,context_order,against_elbow,fronted_location,person_first
shared_control__name_3__obj_cup__direct_label__object_first,against_elbow__name_3__obj_cup__physical_placement_fronted__object_first,evidence_from_direct_label,against_elbow,fronted_location,object_first
shared_control__name_3__obj_cup__proximity_paraphrase__object_first,against_elbow__name_3__obj_cup__physical_placement_fronted__object_first,evidence_from_proximity_paraphrase,against_elbow,fronted_location,object_first
against_elbow__name_3__obj_cup__physical_placement__object_first,against_elbow__name_3__obj_cup__physical_placement_fronted__object_first,context_order,against_elbow,fronted_location,object_first
against_elbow__name_3__obj_cup__physical_placement_fronted__person_first,against_elbow__name_3__obj_cup__physical_placement_fronted__object_first,target_order,against_elbow,fronted_location,object_first
shared_control__name_3__obj_cup__direct_label__person_first,against_elbow__name_3__obj_cup__physical_placement_person_subject__person_first,evidence_from_direct_label,against_elbow,person_subject,person_first
shared_control__name_3__obj_cup__proximity_paraphrase__person_first,against_elbow__name_3__obj_cup__physical_placement_person_subject__person_first,evidence_from_proximity_paraphrase,against_elbow,person_subject,person_first
against_elbow__name_3__obj_cup__physical_placement__person_first,against_elbow__name_3__obj_cup__physical_placement_person_subject__person_first,context_order,against_elbow,person_subject,person_first
shared_control__name_3__obj_cup__direct_label__object_first,against_elbow__name_3__obj_cup__physical_placement_person_subject__object_first,evidence_from_direct_label,against_elbow,person_subject,object_first
shared_control__name_3__obj_cup__proximity_paraphrase__object_first,against_elbow__name_3__obj_cup__physical_placement_person_subject__object_first,evidence_from_proximity_paraphrase,against_elbow,person_subject,object_first
against_elbow__name_3__obj_cup__physical_placement__object_first,against_elbow__name_3__obj_cup__physical_placement_person_subject__object_first,context_order,against_elbow,person_subject,object_first
against_elbow__name_3__obj_cup__physical_placement_person_subject__person_first,against_elbow__name_3__obj_cup__physical_placement_person_subject__object_first,target_order,against_elbow,person_subject,object_first
shared_control__name_3__obj_bag__direct_label__person_first,against_elbow__name_3__obj_bag__physical_placement__person_first,evidence_from_direct_label,against_elbow,object_subject,person_first
shared_control__name_3__obj_bag__proximity_paraphrase__person_first,against_elbow__name_3__obj_bag__physical_placement__person_first,evidence_from_proximity_paraphrase,against_elbow,object_subject,person_first
shared_control__name_3__obj_bag__direct_label__object_first,against_elbow__name_3__obj_bag__physical_placement__object_first,evidence_from_direct_label,against_elbow,object_subject,object_first
shared_control__name_3__obj_bag__proximity_paraphrase__object_first,against_elbow__name_3__obj_bag__physical_placement__object_first,evidence_from_proximity_paraphrase,against_elbow,object_subject,object_first
against_elbow__name_3__obj_bag__physical_placement__person_first,against_elbow__name_3__obj_bag__physical_placement__object_first,target_order,against_elbow,object_subject,object_first
shared_control__name_3__obj_bag__direct_label__person_first,against_elbow__name_3__obj_bag__physical_placement_fronted__person_first,evidence_from_direct_label,against_elbow,fronted_location,person_first
shared_control__name_3__obj_bag__proximity_paraphrase__person_first,against_elbow__name_3__obj_bag__physical_placement_fronted__person_first,evidence_from_proximity_paraphrase,against_elbow,fronted_location,person_first
against_elbow__name_3__obj_bag__physical_placement__person_first,against_elbow__name_3__obj_bag__physical_placement_fronted__person_first,context_order,against_elbow,fronted_location,person_first
shared_control__name_3__obj_bag__direct_label__object_first,against_elbow__name_3__obj_bag__physical_placement_fronted__object_first,evidence_from_direct_label,against_elbow,fronted_location,object_first
shared_control__name_3__obj_bag__proximity_paraphrase__object_first,against_elbow__name_3__obj_bag__physical_placement_fronted__object_first,evidence_from_proximity_paraphrase,against_elbow,fronted_location,object_first
against_elbow__name_3__obj_bag__physical_placement__object_first,against_elbow__name_3__obj_bag__physical_placement_fronted__object_first,context_order,against_elbow,fronted_location,object_first
against_elbow__name_3__obj_bag__physical_placement_fronted__person_first,against_elbow__name_3__obj_bag__physical_placement_fronted__object_first,target_order,against_elbow,fronted_location,object_first
shared_control__name_3__obj_bag__direct_label__person_first,against_elbow__name_3__obj_bag__physical_placement_person_subject__person_first,evidence_from_direct_label,against_elbow,person_subject,person_first
shared_control__name_3__obj_bag__proximity_paraphrase__person_first,against_elbow__name_3__obj_bag__physical_placement_person_subject__person_first,evidence_from_proximity_paraphrase,against_elbow,person_subject,person_first
against_elbow__name_3__obj_bag__physical_placement__person_first,against_elbow__name_3__obj_bag__physical_placement_person_subject__person_first,context_order,against_elbow,person_subject,person_first
shared_control__name_3__obj_bag__direct_label__object_first,against_elbow__name_3__obj_bag__physical_placement_person_subject__object_first,evidence_from_direct_label,against_elbow,person_subject,object_first
shared_control__name_3__obj_bag__proximity_paraphrase__object_first,against_elbow__name_3__obj_bag__physical_placement_person_subject__object_first,evidence_from_proximity_paraphrase,against_elbow,person_subject,object_first
against_elbow__name_3__obj_bag__physical_placement__object_first,against_elbow__name_3__obj_bag__physical_placement_person_subject__object_first,context_order,against_elbow,person_subject,object_first
against_elbow__name_3__obj_bag__physical_placement_person_subject__person_first,against_elbow__name_3__obj_bag__physical_placement_person_subject__object_first,target_order,against_elbow,person_subject,object_first
shared_control__name_0__obj_bag__direct_label__person_first,neighboring_seat__name_0__obj_bag__physical_placement__person_first,evidence_from_direct_label,neighboring_seat,object_subject,person_first
shared_control__name_0__obj_bag__proximity_paraphrase__person_first,neighboring_seat__name_0__obj_bag__physical_placement__person_first,evidence_from_proximity_paraphrase,neighboring_seat,object_subject,person_first
shared_control__name_0__obj_bag__direct_label__object_first,neighboring_seat__name_0__obj_bag__physical_placement__object_first,evidence_from_direct_label,neighboring_seat,object_subject,object_first
shared_control__name_0__obj_bag__proximity_paraphrase__object_first,neighboring_seat__name_0__obj_bag__physical_placement__object_first,evidence_from_proximity_paraphrase,neighboring_seat,object_subject,object_first
neighboring_seat__name_0__obj_bag__physical_placement__person_first,neighboring_seat__name_0__obj_bag__physical_placement__object_first,target_order,neighboring_seat,object_subject,object_first
shared_control__name_0__obj_bag__direct_label__person_first,neighboring_seat__name_0__obj_bag__physical_placement_fronted__person_first,evidence_from_direct_label,neighboring_seat,fronted_location,person_first
shared_control__name_0__obj_bag__proximity_paraphrase__person_first,neighboring_seat__name_0__obj_bag__physical_placement_fronted__person_first,evidence_from_proximity_paraphrase,neighboring_seat,fronted_location,person_first
neighboring_seat__name_0__obj_bag__physical_placement__person_first,neighboring_seat__name_0__obj_bag__physical_placement_fronted__person_first,context_order,neighboring_seat,fronted_location,person_first
shared_control__name_0__obj_bag__direct_label__object_first,neighboring_seat__name_0__obj_bag__physical_placement_fronted__object_first,evidence_from_direct_label,neighboring_seat,fronted_location,object_first
shared_control__name_0__obj_bag__proximity_paraphrase__object_first,neighboring_seat__name_0__obj_bag__physical_placement_fronted__object_first,evidence_from_proximity_paraphrase,neighboring_seat,fronted_location,object_first
neighboring_seat__name_0__obj_bag__physical_placement__object_first,neighboring_seat__name_0__obj_bag__physical_placement_fronted__object_first,context_order,neighboring_seat,fronted_location,object_first
neighboring_seat__name_0__obj_bag__physical_placement_fronted__person_first,neighboring_seat__name_0__obj_bag__physical_placement_fronted__object_first,target_order,neighboring_seat,fronted_location,object_first
shared_control__name_0__obj_bag__direct_label__person_first,neighboring_seat__name_0__obj_bag__physical_placement_person_subject__person_first,evidence_from_direct_label,neighboring_seat,person_subject,person_first
shared_control__name_0__obj_bag__proximity_paraphrase__person_first,neighboring_seat__name_0__obj_bag__physical_placement_person_subject__person_first,evidence_from_proximity_paraphrase,neighboring_seat,person_subject,person_first
neighboring_seat__name_0__obj_bag__physical_placement__person_first,neighboring_seat__name_0__obj_bag__physical_placement_person_subject__person_first,context_order,neighboring_seat,person_subject,person_first
shared_control__name_0__obj_bag__direct_label__object_first,neighboring_seat__name_0__obj_bag__physical_placement_person_subject__object_first,evidence_from_direct_label,neighboring_seat,person_subject,object_first
shared_control__name_0__obj_bag__proximity_paraphrase__object_first,neighboring_seat__name_0__obj_bag__physical_placement_person_subject__object_first,evidence_from_proximity_paraphrase,neighboring_seat,person_subject,object_first
neighboring_seat__name_0__obj_bag__physical_placement__object_first,neighboring_seat__name_0__obj_bag__physical_placement_person_subject__object_first,context_order,neighboring_seat,person_subject,object_first
neighboring_seat__name_0__obj_bag__physical_placement_person_subject__person_first,neighboring_seat__name_0__obj_bag__physical_placement_person_subject__object_first,target_order,neighboring_seat,person_subject,object_first
shared_control__name_0__obj_book__direct_label__person_first,neighboring_seat__name_0__obj_book__physical_placement__person_first,evidence_from_direct_label,neighboring_seat,object_subject,person_first
shared_control__name_0__obj_book__proximity_paraphrase__person_first,neighboring_seat__name_0__obj_book__physical_placement__person_first,evidence_from_proximity_paraphrase,neighboring_seat,object_subject,person_first
shared_control__name_0__obj_book__direct_label__object_first,neighboring_seat__name_0__obj_book__physical_placement__object_first,evidence_from_direct_label,neighboring_seat,object_subject,object_first
shared_control__name_0__obj_book__proximity_paraphrase__object_first,neighboring_seat__name_0__obj_book__physical_placement__object_first,evidence_from_proximity_paraphrase,neighboring_seat,object_subject,object_first
neighboring_seat__name_0__obj_book__physical_placement__person_first,neighboring_seat__name_0__obj_book__physical_placement__object_first,target_order,neighboring_seat,object_subject,object_first
shared_control__name_0__obj_book__direct_label__person_first,neighboring_seat__name_0__obj_book__physical_placement_fronted__person_first,evidence_from_direct_label,neighboring_seat,fronted_location,person_first
shared_control__name_0__obj_book__proximity_paraphrase__person_first,neighboring_seat__name_0__obj_book__physical_placement_fronted__person_first,evidence_from_proximity_paraphrase,neighboring_seat,fronted_location,person_first
neighboring_seat__name_0__obj_book__physical_placement__person_first,neighboring_seat__name_0__obj_book__physical_placement_fronted__person_first,context_order,neighboring_seat,fronted_location,person_first
shared_control__name_0__obj_book__direct_label__object_first,neighboring_seat__name_0__obj_book__physical_placement_fronted__object_first,evidence_from_direct_label,neighboring_seat,fronted_location,object_first
shared_control__name_0__obj_book__proximity_paraphrase__object_first,neighboring_seat__name_0__obj_book__physical_placement_fronted__object_first,evidence_from_proximity_paraphrase,neighboring_seat,fronted_location,object_first
neighboring_seat__name_0__obj_book__physical_placement__object_first,neighboring_seat__name_0__obj_book__physical_placement_fronted__object_first,context_order,neighboring_seat,fronted_location,object_first
neighboring_seat__name_0__obj_book__physical_placement_fronted__person_first,neighboring_seat__name_0__obj_book__physical_placement_fronted__object_first,target_order,neighboring_seat,fronted_location,object_first
shared_control__name_0__obj_book__direct_label__person_first,neighboring_seat__name_0__obj_book__physical_placement_person_subject__person_first,evidence_from_direct_label,neighboring_seat,person_subject,person_first
shared_control__name_0__obj_book__proximity_paraphrase__person_first,neighboring_seat__name_0__obj_book__physical_placement_person_subject__person_first,evidence_from_proximity_paraphrase,neighboring_seat,person_subject,person_first
neighboring_seat__name_0__obj_book__physical_placement__person_first,neighboring_seat__name_0__obj_book__physical_placement_person_subject__person_first,context_order,neighboring_seat,person_subject,person_first
shared_control__name_0__obj_book__direct_label__object_first,neighboring_seat__name_0__obj_book__physical_placement_person_subject__object_first,evidence_from_direct_label,neighboring_seat,person_subject,object_first
shared_control__name_0__obj_book__proximity_paraphrase__object_first,neighboring_seat__name_0__obj_book__physical_placement_person_subject__object_first,evidence_from_proximity_paraphrase,neighboring_seat,person_subject,object_first
neighboring_seat__name_0__obj_book__physical_placement__object_first,neighboring_seat__name_0__obj_book__physical_placement_person_subject__object_first,context_order,neighboring_seat,person_subject,object_first
neighboring_seat__name_0__obj_book__physical_placement_person_subject__person_first,neighboring_seat__name_0__obj_book__physical_placement_person_subject__object_first,target_order,neighboring_seat,person_subject,object_first
shared_control__name_0__obj_helmet__direct_label__person_first,neighboring_seat__name_0__obj_helmet__physical_placement__person_first,evidence_from_direct_label,neighboring_seat,object_subject,person_first
shared_control__name_0__obj_helmet__proximity_paraphrase__person_first,neighboring_seat__name_0__obj_helmet__physical_placement__person_first,evidence_from_proximity_paraphrase,neighboring_seat,object_subject,person_first
shared_control__name_0__obj_helmet__direct_label__object_first,neighboring_seat__name_0__obj_helmet__physical_placement__object_first,evidence_from_direct_label,neighboring_seat,object_subject,object_first
shared_control__name_0__obj_helmet__proximity_paraphrase__object_first,neighboring_seat__name_0__obj_helmet__physical_placement__object_first,evidence_from_proximity_paraphrase,neighboring_seat,object_subject,object_first
neighboring_seat__name_0__obj_helmet__physical_placement__person_first,neighboring_seat__name_0__obj_helmet__physical_placement__object_first,target_order,neighboring_seat,object_subject,object_first
shared_control__name_0__obj_helmet__direct_label__person_first,neighboring_seat__name_0__obj_helmet__physical_placement_fronted__person_first,evidence_from_direct_label,neighboring_seat,fronted_location,person_first
shared_control__name_0__obj_helmet__proximity_paraphrase__person_first,neighboring_seat__name_0__obj_helmet__physical_placement_fronted__person_first,evidence_from_proximity_paraphrase,neighboring_seat,fronted_location,person_first
neighboring_seat__name_0__obj_helmet__physical_placement__person_first,neighboring_seat__name_0__obj_helmet__physical_placement_fronted__person_first,context_order,neighboring_seat,fronted_location,person_first
shared_control__name_0__obj_helmet__direct_label__object_first,neighboring_seat__name_0__obj_helmet__physical_placement_fronted__object_first,evidence_from_direct_label,neighboring_seat,fronted_location,object_first
shared_control__name_0__obj_helmet__proximity_paraphrase__object_first,neighboring_seat__name_0__obj_helmet__physical_placement_fronted__object_first,evidence_from_proximity_paraphrase,neighboring_seat,fronted_location,object_first
neighboring_seat__name_0__obj_helmet__physical_placement__object_first,neighboring_seat__name_0__obj_helmet__physical_placement_fronted__object_first,context_order,neighboring_seat,fronted_location,object_first
neighboring_seat__name_0__obj_helmet__physical_placement_fronted__person_first,neighboring_seat__name_0__obj_helmet__physical_placement_fronted__object_first,target_order,neighboring_seat,fronted_location,object_first
shared_control__name_0__obj_helmet__direct_label__person_first,neighboring_seat__name_0__obj_helmet__physical_placement_person_subject__person_first,evidence_from_direct_label,neighboring_seat,person_subject,person_first
shared_control__name_0__obj_helmet__proximity_paraphrase__person_first,neighboring_seat__name_0__obj_helmet__physical_placement_person_subject__person_first,evidence_from_proximity_paraphrase,neighboring_seat,person_subject,person_first
neighboring_seat__name_0__obj_helmet__physical_placement__person_first,neighboring_seat__name_0__obj_helmet__physical_placement_person_subject__person_first,context_order,neighboring_seat,person_subject,person_first
shared_control__name_0__obj_helmet__direct_label__object_first,neighboring_seat__name_0__obj_helmet__physical_placement_person_subject__object_first,evidence_from_direct_label,neighboring_seat,person_subject,object_first
shared_control__name_0__obj_helmet__proximity_paraphrase__object_first,neighboring_seat__name_0__obj_helmet__physical_placement_person_subject__object_first,evidence_from_proximity_paraphrase,neighboring_seat,person_subject,object_first
neighboring_seat__name_0__obj_helmet__physical_placement__object_first,neighboring_seat__name_0__obj_helmet__physical_placement_person_subject__object_first,context_order,neighboring_seat,person_subject,object_first
neighboring_seat__name_0__obj_helmet__physical_placement_person_subject__person_first,neighboring_seat__name_0__obj_helmet__physical_placement_person_subject__object_first,target_order,neighboring_seat,person_subject,object_first
shared_control__name_0__obj_ball__direct_label__person_first,neighboring_seat__name_0__obj_ball__physical_placement__person_first,evidence_from_direct_label,neighboring_seat,object_subject,person_first
shared_control__name_0__obj_ball__proximity_paraphrase__person_first,neighboring_seat__name_0__obj_ball__physical_placement__person_first,evidence_from_proximity_paraphrase,neighboring_seat,object_subject,person_first
shared_control__name_0__obj_ball__direct_label__object_first,neighboring_seat__name_0__obj_ball__physical_placement__object_first,evidence_from_direct_label,neighboring_seat,object_subject,object_first
shared_control__name_0__obj_ball__proximity_paraphrase__object_first,neighboring_seat__name_0__obj_ball__physical_placement__object_first,evidence_from_proximity_paraphrase,neighboring_seat,object_subject,object_first
neighboring_seat__name_0__obj_ball__physical_placement__person_first,neighboring_seat__name_0__obj_ball__physical_placement__object_first,target_order,neighboring_seat,object_subject,object_first
shared_control__name_0__obj_ball__direct_label__person_first,neighboring_seat__name_0__obj_ball__physical_placement_fronted__person_first,evidence_from_direct_label,neighboring_seat,fronted_location,person_first
shared_control__name_0__obj_ball__proximity_paraphrase__person_first,neighboring_seat__name_0__obj_ball__physical_placement_fronted__person_first,evidence_from_proximity_paraphrase,neighboring_seat,fronted_location,person_first
neighboring_seat__name_0__obj_ball__physical_placement__person_first,neighboring_seat__name_0__obj_ball__physical_placement_fronted__person_first,context_order,neighboring_seat,fronted_location,person_first
shared_control__name_0__obj_ball__direct_label__object_first,neighboring_seat__name_0__obj_ball__physical_placement_fronted__object_first,evidence_from_direct_label,neighboring_seat,fronted_location,object_first
shared_control__name_0__obj_ball__proximity_paraphrase__object_first,neighboring_seat__name_0__obj_ball__physical_placement_fronted__object_first,evidence_from_proximity_paraphrase,neighboring_seat,fronted_location,object_first
neighboring_seat__name_0__obj_ball__physical_placement__object_first,neighboring_seat__name_0__obj_ball__physical_placement_fronted__object_first,context_order,neighboring_seat,fronted_location,object_first
neighboring_seat__name_0__obj_ball__physical_placement_fronted__person_first,neighboring_seat__name_0__obj_ball__physical_placement_fronted__object_first,target_order,neighboring_seat,fronted_location,object_first
shared_control__name_0__obj_ball__direct_label__person_first,neighboring_seat__name_0__obj_ball__physical_placement_person_subject__person_first,evidence_from_direct_label,neighboring_seat,person_subject,person_first
shared_control__name_0__obj_ball__proximity_paraphrase__person_first,neighboring_seat__name_0__obj_ball__physical_placement_person_subject__person_first,evidence_from_proximity_paraphrase,neighboring_seat,person_subject,person_first
neighboring_seat__name_0__obj_ball__physical_placement__person_first,neighboring_seat__name_0__obj_ball__physical_placement_person_subject__person_first,context_order,neighboring_seat,person_subject,person_first
shared_control__name_0__obj_ball__direct_label__object_first,neighboring_seat__name_0__obj_ball__physical_placement_person_subject__object_first,evidence_from_direct_label,neighboring_seat,person_subject,object_first
shared_control__name_0__obj_ball__proximity_paraphrase__object_first,neighboring_seat__name_0__obj_ball__physical_placement_person_subject__object_first,evidence_from_proximity_paraphrase,neighboring_seat,person_subject,object_first
neighboring_seat__name_0__obj_ball__physical_placement__object_first,neighboring_seat__name_0__obj_ball__physical_placement_person_subject__object_first,context_order,neighboring_seat,person_subject,object_first
neighboring_seat__name_0__obj_ball__physical_placement_person_subject__person_first,neighboring_seat__name_0__obj_ball__physical_placement_person_subject__object_first,target_order,neighboring_seat,person_subject,object_first
shared_control__name_1__obj_bag__direct_label__person_first,neighboring_seat__name_1__obj_bag__physical_placement__person_first,evidence_from_direct_label,neighboring_seat,object_subject,person_first
shared_control__name_1__obj_bag__proximity_paraphrase__person_first,neighboring_seat__name_1__obj_bag__physical_placement__person_first,evidence_from_proximity_paraphrase,neighboring_seat,object_subject,person_first
shared_control__name_1__obj_bag__direct_label__object_first,neighboring_seat__name_1__obj_bag__physical_placement__object_first,evidence_from_direct_label,neighboring_seat,object_subject,object_first
shared_control__name_1__obj_bag__proximity_paraphrase__object_first,neighboring_seat__name_1__obj_bag__physical_placement__object_first,evidence_from_proximity_paraphrase,neighboring_seat,object_subject,object_first
neighboring_seat__name_1__obj_bag__physical_placement__person_first,neighboring_seat__name_1__obj_bag__physical_placement__object_first,target_order,neighboring_seat,object_subject,object_first
shared_control__name_1__obj_bag__direct_label__person_first,neighboring_seat__name_1__obj_bag__physical_placement_fronted__person_first,evidence_from_direct_label,neighboring_seat,fronted_location,person_first
shared_control__name_1__obj_bag__proximity_paraphrase__person_first,neighboring_seat__name_1__obj_bag__physical_placement_fronted__person_first,evidence_from_proximity_paraphrase,neighboring_seat,fronted_location,person_first
neighboring_seat__name_1__obj_bag__physical_placement__person_first,neighboring_seat__name_1__obj_bag__physical_placement_fronted__person_first,context_order,neighboring_seat,fronted_location,person_first
shared_control__name_1__obj_bag__direct_label__object_first,neighboring_seat__name_1__obj_bag__physical_placement_fronted__object_first,evidence_from_direct_label,neighboring_seat,fronted_location,object_first
shared_control__name_1__obj_bag__proximity_paraphrase__object_first,neighboring_seat__name_1__obj_bag__physical_placement_fronted__object_first,evidence_from_proximity_paraphrase,neighboring_seat,fronted_location,object_first
neighboring_seat__name_1__obj_bag__physical_placement__object_first,neighboring_seat__name_1__obj_bag__physical_placement_fronted__object_first,context_order,neighboring_seat,fronted_location,object_first
neighboring_seat__name_1__obj_bag__physical_placement_fronted__person_first,neighboring_seat__name_1__obj_bag__physical_placement_fronted__object_first,target_order,neighboring_seat,fronted_location,object_first
shared_control__name_1__obj_bag__direct_label__person_first,neighboring_seat__name_1__obj_bag__physical_placement_person_subject__person_first,evidence_from_direct_label,neighboring_seat,person_subject,person_first
shared_control__name_1__obj_bag__proximity_paraphrase__person_first,neighboring_seat__name_1__obj_bag__physical_placement_person_subject__person_first,evidence_from_proximity_paraphrase,neighboring_seat,person_subject,person_first
neighboring_seat__name_1__obj_bag__physical_placement__person_first,neighboring_seat__name_1__obj_bag__physical_placement_person_subject__person_first,context_order,neighboring_seat,person_subject,person_first
shared_control__name_1__obj_bag__direct_label__object_first,neighboring_seat__name_1__obj_bag__physical_placement_person_subject__object_first,evidence_from_direct_label,neighboring_seat,person_subject,object_first
shared_control__name_1__obj_bag__proximity_paraphrase__object_first,neighboring_seat__name_1__obj_bag__physical_placement_person_subject__object_first,evidence_from_proximity_paraphrase,neighboring_seat,person_subject,object_first
neighboring_seat__name_1__obj_bag__physical_placement__object_first,neighboring_seat__name_1__obj_bag__physical_placement_person_subject__object_first,context_order,neighboring_seat,person_subject,object_first
neighboring_seat__name_1__obj_bag__physical_placement_person_subject__person_first,neighboring_seat__name_1__obj_bag__physical_placement_person_subject__object_first,target_order,neighboring_seat,person_subject,object_first
shared_control__name_1__obj_book__direct_label__person_first,neighboring_seat__name_1__obj_book__physical_placement__person_first,evidence_from_direct_label,neighboring_seat,object_subject,person_first
shared_control__name_1__obj_book__proximity_paraphrase__person_first,neighboring_seat__name_1__obj_book__physical_placement__person_first,evidence_from_proximity_paraphrase,neighboring_seat,object_subject,person_first
shared_control__name_1__obj_book__direct_label__object_first,neighboring_seat__name_1__obj_book__physical_placement__object_first,evidence_from_direct_label,neighboring_seat,object_subject,object_first
shared_control__name_1__obj_book__proximity_paraphrase__object_first,neighboring_seat__name_1__obj_book__physical_placement__object_first,evidence_from_proximity_paraphrase,neighboring_seat,object_subject,object_first
neighboring_seat__name_1__obj_book__physical_placement__person_first,neighboring_seat__name_1__obj_book__physical_placement__object_first,target_order,neighboring_seat,object_subject,object_first
shared_control__name_1__obj_book__direct_label__person_first,neighboring_seat__name_1__obj_book__physical_placement_fronted__person_first,evidence_from_direct_label,neighboring_seat,fronted_location,person_first
shared_control__name_1__obj_book__proximity_paraphrase__person_first,neighboring_seat__name_1__obj_book__physical_placement_fronted__person_first,evidence_from_proximity_paraphrase,neighboring_seat,fronted_location,person_first
neighboring_seat__name_1__obj_book__physical_placement__person_first,neighboring_seat__name_1__obj_book__physical_placement_fronted__person_first,context_order,neighboring_seat,fronted_location,person_first
shared_control__name_1__obj_book__direct_label__object_first,neighboring_seat__name_1__obj_book__physical_placement_fronted__object_first,evidence_from_direct_label,neighboring_seat,fronted_location,object_first
shared_control__name_1__obj_book__proximity_paraphrase__object_first,neighboring_seat__name_1__obj_book__physical_placement_fronted__object_first,evidence_from_proximity_paraphrase,neighboring_seat,fronted_location,object_first
neighboring_seat__name_1__obj_book__physical_placement__object_first,neighboring_seat__name_1__obj_book__physical_placement_fronted__object_first,context_order,neighboring_seat,fronted_location,object_first
neighboring_seat__name_1__obj_book__physical_placement_fronted__person_first,neighboring_seat__name_1__obj_book__physical_placement_fronted__object_first,target_order,neighboring_seat,fronted_location,object_first
shared_control__name_1__obj_book__direct_label__person_first,neighboring_seat__name_1__obj_book__physical_placement_person_subject__person_first,evidence_from_direct_label,neighboring_seat,person_subject,person_first
shared_control__name_1__obj_book__proximity_paraphrase__person_first,neighboring_seat__name_1__obj_book__physical_placement_person_subject__person_first,evidence_from_proximity_paraphrase,neighboring_seat,person_subject,person_first
neighboring_seat__name_1__obj_book__physical_placement__person_first,neighboring_seat__name_1__obj_book__physical_placement_person_subject__person_first,context_order,neighboring_seat,person_subject,person_first
shared_control__name_1__obj_book__direct_label__object_first,neighboring_seat__name_1__obj_book__physical_placement_person_subject__object_first,evidence_from_direct_label,neighboring_seat,person_subject,object_first
shared_control__name_1__obj_book__proximity_paraphrase__object_first,neighboring_seat__name_1__obj_book__physical_placement_person_subject__object_first,evidence_from_proximity_paraphrase,neighboring_seat,person_subject,object_first
neighboring_seat__name_1__obj_book__physical_placement__object_first,neighboring_seat__name_1__obj_book__physical_placement_person_subject__object_first,context_order,neighboring_seat,person_subject,object_first
neighboring_seat__name_1__obj_book__physical_placement_person_subject__person_first,neighboring_seat__name_1__obj_book__physical_placement_person_subject__object_first,target_order,neighboring_seat,person_subject,object_first
shared_control__name_1__obj_helmet__direct_label__person_first,neighboring_seat__name_1__obj_helmet__physical_placement__person_first,evidence_from_direct_label,neighboring_seat,object_subject,person_first
shared_control__name_1__obj_helmet__proximity_paraphrase__person_first,neighboring_seat__name_1__obj_helmet__physical_placement__person_first,evidence_from_proximity_paraphrase,neighboring_seat,object_subject,person_first
shared_control__name_1__obj_helmet__direct_label__object_first,neighboring_seat__name_1__obj_helmet__physical_placement__object_first,evidence_from_direct_label,neighboring_seat,object_subject,object_first
shared_control__name_1__obj_helmet__proximity_paraphrase__object_first,neighboring_seat__name_1__obj_helmet__physical_placement__object_first,evidence_from_proximity_paraphrase,neighboring_seat,object_subject,object_first
neighboring_seat__name_1__obj_helmet__physical_placement__person_first,neighboring_seat__name_1__obj_helmet__physical_placement__object_first,target_order,neighboring_seat,object_subject,object_first
shared_control__name_1__obj_helmet__direct_label__person_first,neighboring_seat__name_1__obj_helmet__physical_placement_fronted__person_first,evidence_from_direct_label,neighboring_seat,fronted_location,person_first
shared_control__name_1__obj_helmet__proximity_paraphrase__person_first,neighboring_seat__name_1__obj_helmet__physical_placement_fronted__person_first,evidence_from_proximity_paraphrase,neighboring_seat,fronted_location,person_first
neighboring_seat__name_1__obj_helmet__physical_placement__person_first,neighboring_seat__name_1__obj_helmet__physical_placement_fronted__person_first,context_order,neighboring_seat,fronted_location,person_first
shared_control__name_1__obj_helmet__direct_label__object_first,neighboring_seat__name_1__obj_helmet__physical_placement_fronted__object_first,evidence_from_direct_label,neighboring_seat,fronted_location,object_first
shared_control__name_1__obj_helmet__proximity_paraphrase__object_first,neighboring_seat__name_1__obj_helmet__physical_placement_fronted__object_first,evidence_from_proximity_paraphrase,neighboring_seat,fronted_location,object_first
neighboring_seat__name_1__obj_helmet__physical_placement__object_first,neighboring_seat__name_1__obj_helmet__physical_placement_fronted__object_first,context_order,neighboring_seat,fronted_location,object_first
neighboring_seat__name_1__obj_helmet__physical_placement_fronted__person_first,neighboring_seat__name_1__obj_helmet__physical_placement_fronted__object_first,target_order,neighboring_seat,fronted_location,object_first
shared_control__name_1__obj_helmet__direct_label__person_first,neighboring_seat__name_1__obj_helmet__physical_placement_person_subject__person_first,evidence_from_direct_label,neighboring_seat,person_subject,person_first
shared_control__name_1__obj_helmet__proximity_paraphrase__person_first,neighboring_seat__name_1__obj_helmet__physical_placement_person_subject__person_first,evidence_from_proximity_paraphrase,neighboring_seat,person_subject,person_first
neighboring_seat__name_1__obj_helmet__physical_placement__person_first,neighboring_seat__name_1__obj_helmet__physical_placement_person_subject__person_first,context_order,neighboring_seat,person_subject,person_first
shared_control__name_1__obj_helmet__direct_label__object_first,neighboring_seat__name_1__obj_helmet__physical_placement_person_subject__object_first,evidence_from_direct_label,neighboring_seat,person_subject,object_first
shared_control__name_1__obj_helmet__proximity_paraphrase__object_first,neighboring_seat__name_1__obj_helmet__physical_placement_person_subject__object_first,evidence_from_proximity_paraphrase,neighboring_seat,person_subject,object_first
neighboring_seat__name_1__obj_helmet__physical_placement__object_first,neighboring_seat__name_1__obj_helmet__physical_placement_person_subject__object_first,context_order,neighboring_seat,person_subject,object_first
neighboring_seat__name_1__obj_helmet__physical_placement_person_subject__person_first,neighboring_seat__name_1__obj_helmet__physical_placement_person_subject__object_first,target_order,neighboring_seat,person_subject,object_first
shared_control__name_1__obj_ball__direct_label__person_first,neighboring_seat__name_1__obj_ball__physical_placement__person_first,evidence_from_direct_label,neighboring_seat,object_subject,person_first
shared_control__name_1__obj_ball__proximity_paraphrase__person_first,neighboring_seat__name_1__obj_ball__physical_placement__person_first,evidence_from_proximity_paraphrase,neighboring_seat,object_subject,person_first
shared_control__name_1__obj_ball__direct_label__object_first,neighboring_seat__name_1__obj_ball__physical_placement__object_first,evidence_from_direct_label,neighboring_seat,object_subject,object_first
shared_control__name_1__obj_ball__proximity_paraphrase__object_first,neighboring_seat__name_1__obj_ball__physical_placement__object_first,evidence_from_proximity_paraphrase,neighboring_seat,object_subject,object_first
neighboring_seat__name_1__obj_ball__physical_placement__person_first,neighboring_seat__name_1__obj_ball__physical_placement__object_first,target_order,neighboring_seat,object_subject,object_first
shared_control__name_1__obj_ball__direct_label__person_first,neighboring_seat__name_1__obj_ball__physical_placement_fronted__person_first,evidence_from_direct_label,neighboring_seat,fronted_location,person_first
shared_control__name_1__obj_ball__proximity_paraphrase__person_first,neighboring_seat__name_1__obj_ball__physical_placement_fronted__person_first,evidence_from_proximity_paraphrase,neighboring_seat,fronted_location,person_first
neighboring_seat__name_1__obj_ball__physical_placement__person_first,neighboring_seat__name_1__obj_ball__physical_placement_fronted__person_first,context_order,neighboring_seat,fronted_location,person_first
shared_control__name_1__obj_ball__direct_label__object_first,neighboring_seat__name_1__obj_ball__physical_placement_fronted__object_first,evidence_from_direct_label,neighboring_seat,fronted_location,object_first
shared_control__name_1__obj_ball__proximity_paraphrase__object_first,neighboring_seat__name_1__obj_ball__physical_placement_fronted__object_first,evidence_from_proximity_paraphrase,neighboring_seat,fronted_location,object_first
neighboring_seat__name_1__obj_ball__physical_placement__object_first,neighboring_seat__name_1__obj_ball__physical_placement_fronted__object_first,context_order,neighboring_seat,fronted_location,object_first
neighboring_seat__name_1__obj_ball__physical_placement_fronted__person_first,neighboring_seat__name_1__obj_ball__physical_placement_fronted__object_first,target_order,neighboring_seat,fronted_location,object_first
shared_control__name_1__obj_ball__direct_label__person_first,neighboring_seat__name_1__obj_ball__physical_placement_person_subject__person_first,evidence_from_direct_label,neighboring_seat,person_subject,person_first
shared_control__name_1__obj_ball__proximity_paraphrase__person_first,neighboring_seat__name_1__obj_ball__physical_placement_person_subject__person_first,evidence_from_proximity_paraphrase,neighboring_seat,person_subject,person_first
neighboring_seat__name_1__obj_ball__physical_placement__person_first,neighboring_seat__name_1__obj_ball__physical_placement_person_subject__person_first,context_order,neighboring_seat,person_subject,person_first
shared_control__name_1__obj_ball__direct_label__object_first,neighboring_seat__name_1__obj_ball__physical_placement_person_subject__object_first,evidence_from_direct_label,neighboring_seat,person_subject,object_first
shared_control__name_1__obj_ball__proximity_paraphrase__object_first,neighboring_seat__name_1__obj_ball__physical_placement_person_subject__object_first,evidence_from_proximity_paraphrase,neighboring_seat,person_subject,object_first
neighboring_seat__name_1__obj_ball__physical_placement__object_first,neighboring_seat__name_1__obj_ball__physical_placement_person_subject__object_first,context_order,neighboring_seat,person_subject,object_first
neighboring_seat__name_1__obj_ball__physical_placement_person_subject__person_first,neighboring_seat__name_1__obj_ball__physical_placement_person_subject__object_first,target_order,neighboring_seat,person_subject,object_first
shared_control__name_2__obj_bag__direct_label__person_first,neighboring_seat__name_2__obj_bag__physical_placement__person_first,evidence_from_direct_label,neighboring_seat,object_subject,person_first
shared_control__name_2__obj_bag__proximity_paraphrase__person_first,neighboring_seat__name_2__obj_bag__physical_placement__person_first,evidence_from_proximity_paraphrase,neighboring_seat,object_subject,person_first
shared_control__name_2__obj_bag__direct_label__object_first,neighboring_seat__name_2__obj_bag__physical_placement__object_first,evidence_from_direct_label,neighboring_seat,object_subject,object_first
shared_control__name_2__obj_bag__proximity_paraphrase__object_first,neighboring_seat__name_2__obj_bag__physical_placement__object_first,evidence_from_proximity_paraphrase,neighboring_seat,object_subject,object_first
neighboring_seat__name_2__obj_bag__physical_placement__person_first,neighboring_seat__name_2__obj_bag__physical_placement__object_first,target_order,neighboring_seat,object_subject,object_first
shared_control__name_2__obj_bag__direct_label__person_first,neighboring_seat__name_2__obj_bag__physical_placement_fronted__person_first,evidence_from_direct_label,neighboring_seat,fronted_location,person_first
shared_control__name_2__obj_bag__proximity_paraphrase__person_first,neighboring_seat__name_2__obj_bag__physical_placement_fronted__person_first,evidence_from_proximity_paraphrase,neighboring_seat,fronted_location,person_first
neighboring_seat__name_2__obj_bag__physical_placement__person_first,neighboring_seat__name_2__obj_bag__physical_placement_fronted__person_first,context_order,neighboring_seat,fronted_location,person_first
shared_control__name_2__obj_bag__direct_label__object_first,neighboring_seat__name_2__obj_bag__physical_placement_fronted__object_first,evidence_from_direct_label,neighboring_seat,fronted_location,object_first
shared_control__name_2__obj_bag__proximity_paraphrase__object_first,neighboring_seat__name_2__obj_bag__physical_placement_fronted__object_first,evidence_from_proximity_paraphrase,neighboring_seat,fronted_location,object_first
neighboring_seat__name_2__obj_bag__physical_placement__object_first,neighboring_seat__name_2__obj_bag__physical_placement_fronted__object_first,context_order,neighboring_seat,fronted_location,object_first
neighboring_seat__name_2__obj_bag__physical_placement_fronted__person_first,neighboring_seat__name_2__obj_bag__physical_placement_fronted__object_first,target_order,neighboring_seat,fronted_location,object_first
shared_control__name_2__obj_bag__direct_label__person_first,neighboring_seat__name_2__obj_bag__physical_placement_person_subject__person_first,evidence_from_direct_label,neighboring_seat,person_subject,person_first
shared_control__name_2__obj_bag__proximity_paraphrase__person_first,neighboring_seat__name_2__obj_bag__physical_placement_person_subject__person_first,evidence_from_proximity_paraphrase,neighboring_seat,person_subject,person_first
neighboring_seat__name_2__obj_bag__physical_placement__person_first,neighboring_seat__name_2__obj_bag__physical_placement_person_subject__person_first,context_order,neighboring_seat,person_subject,person_first
shared_control__name_2__obj_bag__direct_label__object_first,neighboring_seat__name_2__obj_bag__physical_placement_person_subject__object_first,evidence_from_direct_label,neighboring_seat,person_subject,object_first
shared_control__name_2__obj_bag__proximity_paraphrase__object_first,neighboring_seat__name_2__obj_bag__physical_placement_person_subject__object_first,evidence_from_proximity_paraphrase,neighboring_seat,person_subject,object_first
neighboring_seat__name_2__obj_bag__physical_placement__object_first,neighboring_seat__name_2__obj_bag__physical_placement_person_subject__object_first,context_order,neighboring_seat,person_subject,object_first
neighboring_seat__name_2__obj_bag__physical_placement_person_subject__person_first,neighboring_seat__name_2__obj_bag__physical_placement_person_subject__object_first,target_order,neighboring_seat,person_subject,object_first
shared_control__name_2__obj_book__direct_label__person_first,neighboring_seat__name_2__obj_book__physical_placement__person_first,evidence_from_direct_label,neighboring_seat,object_subject,person_first
shared_control__name_2__obj_book__proximity_paraphrase__person_first,neighboring_seat__name_2__obj_book__physical_placement__person_first,evidence_from_proximity_paraphrase,neighboring_seat,object_subject,person_first
shared_control__name_2__obj_book__direct_label__object_first,neighboring_seat__name_2__obj_book__physical_placement__object_first,evidence_from_direct_label,neighboring_seat,object_subject,object_first
shared_control__name_2__obj_book__proximity_paraphrase__object_first,neighboring_seat__name_2__obj_book__physical_placement__object_first,evidence_from_proximity_paraphrase,neighboring_seat,object_subject,object_first
neighboring_seat__name_2__obj_book__physical_placement__person_first,neighboring_seat__name_2__obj_book__physical_placement__object_first,target_order,neighboring_seat,object_subject,object_first
shared_control__name_2__obj_book__direct_label__person_first,neighboring_seat__name_2__obj_book__physical_placement_fronted__person_first,evidence_from_direct_label,neighboring_seat,fronted_location,person_first
shared_control__name_2__obj_book__proximity_paraphrase__person_first,neighboring_seat__name_2__obj_book__physical_placement_fronted__person_first,evidence_from_proximity_paraphrase,neighboring_seat,fronted_location,person_first
neighboring_seat__name_2__obj_book__physical_placement__person_first,neighboring_seat__name_2__obj_book__physical_placement_fronted__person_first,context_order,neighboring_seat,fronted_location,person_first
shared_control__name_2__obj_book__direct_label__object_first,neighboring_seat__name_2__obj_book__physical_placement_fronted__object_first,evidence_from_direct_label,neighboring_seat,fronted_location,object_first
shared_control__name_2__obj_book__proximity_paraphrase__object_first,neighboring_seat__name_2__obj_book__physical_placement_fronted__object_first,evidence_from_proximity_paraphrase,neighboring_seat,fronted_location,object_first
neighboring_seat__name_2__obj_book__physical_placement__object_first,neighboring_seat__name_2__obj_book__physical_placement_fronted__object_first,context_order,neighboring_seat,fronted_location,object_first
neighboring_seat__name_2__obj_book__physical_placement_fronted__person_first,neighboring_seat__name_2__obj_book__physical_placement_fronted__object_first,target_order,neighboring_seat,fronted_location,object_first
shared_control__name_2__obj_book__direct_label__person_first,neighboring_seat__name_2__obj_book__physical_placement_person_subject__person_first,evidence_from_direct_label,neighboring_seat,person_subject,person_first
shared_control__name_2__obj_book__proximity_paraphrase__person_first,neighboring_seat__name_2__obj_book__physical_placement_person_subject__person_first,evidence_from_proximity_paraphrase,neighboring_seat,person_subject,person_first
neighboring_seat__name_2__obj_book__physical_placement__person_first,neighboring_seat__name_2__obj_book__physical_placement_person_subject__person_first,context_order,neighboring_seat,person_subject,person_first
shared_control__name_2__obj_book__direct_label__object_first,neighboring_seat__name_2__obj_book__physical_placement_person_subject__object_first,evidence_from_direct_label,neighboring_seat,person_subject,object_first
shared_control__name_2__obj_book__proximity_paraphrase__object_first,neighboring_seat__name_2__obj_book__physical_placement_person_subject__object_first,evidence_from_proximity_paraphrase,neighboring_seat,person_subject,object_first
neighboring_seat__name_2__obj_book__physical_placement__object_first,neighboring_seat__name_2__obj_book__physical_placement_person_subject__object_first,context_order,neighboring_seat,person_subject,object_first
neighboring_seat__name_2__obj_book__physical_placement_person_subject__person_first,neighboring_seat__name_2__obj_book__physical_placement_person_subject__object_first,target_order,neighboring_seat,person_subject,object_first
shared_control__name_2__obj_helmet__direct_label__person_first,neighboring_seat__name_2__obj_helmet__physical_placement__person_first,evidence_from_direct_label,neighboring_seat,object_subject,person_first
shared_control__name_2__obj_helmet__proximity_paraphrase__person_first,neighboring_seat__name_2__obj_helmet__physical_placement__person_first,evidence_from_proximity_paraphrase,neighboring_seat,object_subject,person_first
shared_control__name_2__obj_helmet__direct_label__object_first,neighboring_seat__name_2__obj_helmet__physical_placement__object_first,evidence_from_direct_label,neighboring_seat,object_subject,object_first
shared_control__name_2__obj_helmet__proximity_paraphrase__object_first,neighboring_seat__name_2__obj_helmet__physical_placement__object_first,evidence_from_proximity_paraphrase,neighboring_seat,object_subject,object_first
neighboring_seat__name_2__obj_helmet__physical_placement__person_first,neighboring_seat__name_2__obj_helmet__physical_placement__object_first,target_order,neighboring_seat,object_subject,object_first
shared_control__name_2__obj_helmet__direct_label__person_first,neighboring_seat__name_2__obj_helmet__physical_placement_fronted__person_first,evidence_from_direct_label,neighboring_seat,fronted_location,person_first
shared_control__name_2__obj_helmet__proximity_paraphrase__person_first,neighboring_seat__name_2__obj_helmet__physical_placement_fronted__person_first,evidence_from_proximity_paraphrase,neighboring_seat,fronted_location,person_first
neighboring_seat__name_2__obj_helmet__physical_placement__person_first,neighboring_seat__name_2__obj_helmet__physical_placement_fronted__person_first,context_order,neighboring_seat,fronted_location,person_first
shared_control__name_2__obj_helmet__direct_label__object_first,neighboring_seat__name_2__obj_helmet__physical_placement_fronted__object_first,evidence_from_direct_label,neighboring_seat,fronted_location,object_first
shared_control__name_2__obj_helmet__proximity_paraphrase__object_first,neighboring_seat__name_2__obj_helmet__physical_placement_fronted__object_first,evidence_from_proximity_paraphrase,neighboring_seat,fronted_location,object_first
neighboring_seat__name_2__obj_helmet__physical_placement__object_first,neighboring_seat__name_2__obj_helmet__physical_placement_fronted__object_first,context_order,neighboring_seat,fronted_location,object_first
neighboring_seat__name_2__obj_helmet__physical_placement_fronted__person_first,neighboring_seat__name_2__obj_helmet__physical_placement_fronted__object_first,target_order,neighboring_seat,fronted_location,object_first
shared_control__name_2__obj_helmet__direct_label__person_first,neighboring_seat__name_2__obj_helmet__physical_placement_person_subject__person_first,evidence_from_direct_label,neighboring_seat,person_subject,person_first
shared_control__name_2__obj_helmet__proximity_paraphrase__person_first,neighboring_seat__name_2__obj_helmet__physical_placement_person_subject__person_first,evidence_from_proximity_paraphrase,neighboring_seat,person_subject,person_first
neighboring_seat__name_2__obj_helmet__physical_placement__person_first,neighboring_seat__name_2__obj_helmet__physical_placement_person_subject__person_first,context_order,neighboring_seat,person_subject,person_first
shared_control__name_2__obj_helmet__direct_label__object_first,neighboring_seat__name_2__obj_helmet__physical_placement_person_subject__object_first,evidence_from_direct_label,neighboring_seat,person_subject,object_first
shared_control__name_2__obj_helmet__proximity_paraphrase__object_first,neighboring_seat__name_2__obj_helmet__physical_placement_person_subject__object_first,evidence_from_proximity_paraphrase,neighboring_seat,person_subject,object_first
neighboring_seat__name_2__obj_helmet__physical_placement__object_first,neighboring_seat__name_2__obj_helmet__physical_placement_person_subject__object_first,context_order,neighboring_seat,person_subject,object_first
neighboring_seat__name_2__obj_helmet__physical_placement_person_subject__person_first,neighboring_seat__name_2__obj_helmet__physical_placement_person_subject__object_first,target_order,neighboring_seat,person_subject,object_first
shared_control__name_2__obj_ball__direct_label__person_first,neighboring_seat__name_2__obj_ball__physical_placement__person_first,evidence_from_direct_label,neighboring_seat,object_subject,person_first
shared_control__name_2__obj_ball__proximity_paraphrase__person_first,neighboring_seat__name_2__obj_ball__physical_placement__person_first,evidence_from_proximity_paraphrase,neighboring_seat,object_subject,person_first
shared_control__name_2__obj_ball__direct_label__object_first,neighboring_seat__name_2__obj_ball__physical_placement__object_first,evidence_from_direct_label,neighboring_seat,object_subject,object_first
shared_control__name_2__obj_ball__proximity_paraphrase__object_first,neighboring_seat__name_2__obj_ball__physical_placement__object_first,evidence_from_proximity_paraphrase,neighboring_seat,object_subject,object_first
neighboring_seat__name_2__obj_ball__physical_placement__person_first,neighboring_seat__name_2__obj_ball__physical_placement__object_first,target_order,neighboring_seat,object_subject,object_first
shared_control__name_2__obj_ball__direct_label__person_first,neighboring_seat__name_2__obj_ball__physical_placement_fronted__person_first,evidence_from_direct_label,neighboring_seat,fronted_location,person_first
shared_control__name_2__obj_ball__proximity_paraphrase__person_first,neighboring_seat__name_2__obj_ball__physical_placement_fronted__person_first,evidence_from_proximity_paraphrase,neighboring_seat,fronted_location,person_first
neighboring_seat__name_2__obj_ball__physical_placement__person_first,neighboring_seat__name_2__obj_ball__physical_placement_fronted__person_first,context_order,neighboring_seat,fronted_location,person_first
shared_control__name_2__obj_ball__direct_label__object_first,neighboring_seat__name_2__obj_ball__physical_placement_fronted__object_first,evidence_from_direct_label,neighboring_seat,fronted_location,object_first
shared_control__name_2__obj_ball__proximity_paraphrase__object_first,neighboring_seat__name_2__obj_ball__physical_placement_fronted__object_first,evidence_from_proximity_paraphrase,neighboring_seat,fronted_location,object_first
neighboring_seat__name_2__obj_ball__physical_placement__object_first,neighboring_seat__name_2__obj_ball__physical_placement_fronted__object_first,context_order,neighboring_seat,fronted_location,object_first
neighboring_seat__name_2__obj_ball__physical_placement_fronted__person_first,neighboring_seat__name_2__obj_ball__physical_placement_fronted__object_first,target_order,neighboring_seat,fronted_location,object_first
shared_control__name_2__obj_ball__direct_label__person_first,neighboring_seat__name_2__obj_ball__physical_placement_person_subject__person_first,evidence_from_direct_label,neighboring_seat,person_subject,person_first
shared_control__name_2__obj_ball__proximity_paraphrase__person_first,neighboring_seat__name_2__obj_ball__physical_placement_person_subject__person_first,evidence_from_proximity_paraphrase,neighboring_seat,person_subject,person_first
neighboring_seat__name_2__obj_ball__physical_placement__person_first,neighboring_seat__name_2__obj_ball__physical_placement_person_subject__person_first,context_order,neighboring_seat,person_subject,person_first
shared_control__name_2__obj_ball__direct_label__object_first,neighboring_seat__name_2__obj_ball__physical_placement_person_subject__object_first,evidence_from_direct_label,neighboring_seat,person_subject,object_first
shared_control__name_2__obj_ball__proximity_paraphrase__object_first,neighboring_seat__name_2__obj_ball__physical_placement_person_subject__object_first,evidence_from_proximity_paraphrase,neighboring_seat,person_subject,object_first
neighboring_seat__name_2__obj_ball__physical_placement__object_first,neighboring_seat__name_2__obj_ball__physical_placement_person_subject__object_first,context_order,neighboring_seat,person_subject,object_first
neighboring_seat__name_2__obj_ball__physical_placement_person_subject__person_first,neighboring_seat__name_2__obj_ball__physical_placement_person_subject__object_first,target_order,neighboring_seat,person_subject,object_first
shared_control__name_3__obj_bag__direct_label__person_first,neighboring_seat__name_3__obj_bag__physical_placement__person_first,evidence_from_direct_label,neighboring_seat,object_subject,person_first
shared_control__name_3__obj_bag__proximity_paraphrase__person_first,neighboring_seat__name_3__obj_bag__physical_placement__person_first,evidence_from_proximity_paraphrase,neighboring_seat,object_subject,person_first
shared_control__name_3__obj_bag__direct_label__object_first,neighboring_seat__name_3__obj_bag__physical_placement__object_first,evidence_from_direct_label,neighboring_seat,object_subject,object_first
shared_control__name_3__obj_bag__proximity_paraphrase__object_first,neighboring_seat__name_3__obj_bag__physical_placement__object_first,evidence_from_proximity_paraphrase,neighboring_seat,object_subject,object_first
neighboring_seat__name_3__obj_bag__physical_placement__person_first,neighboring_seat__name_3__obj_bag__physical_placement__object_first,target_order,neighboring_seat,object_subject,object_first
shared_control__name_3__obj_bag__direct_label__person_first,neighboring_seat__name_3__obj_bag__physical_placement_fronted__person_first,evidence_from_direct_label,neighboring_seat,fronted_location,person_first
shared_control__name_3__obj_bag__proximity_paraphrase__person_first,neighboring_seat__name_3__obj_bag__physical_placement_fronted__person_first,evidence_from_proximity_paraphrase,neighboring_seat,fronted_location,person_first
neighboring_seat__name_3__obj_bag__physical_placement__person_first,neighboring_seat__name_3__obj_bag__physical_placement_fronted__person_first,context_order,neighboring_seat,fronted_location,person_first
shared_control__name_3__obj_bag__direct_label__object_first,neighboring_seat__name_3__obj_bag__physical_placement_fronted__object_first,evidence_from_direct_label,neighboring_seat,fronted_location,object_first
shared_control__name_3__obj_bag__proximity_paraphrase__object_first,neighboring_seat__name_3__obj_bag__physical_placement_fronted__object_first,evidence_from_proximity_paraphrase,neighboring_seat,fronted_location,object_first
neighboring_seat__name_3__obj_bag__physical_placement__object_first,neighboring_seat__name_3__obj_bag__physical_placement_fronted__object_first,context_order,neighboring_seat,fronted_location,object_first
neighboring_seat__name_3__obj_bag__physical_placement_fronted__person_first,neighboring_seat__name_3__obj_bag__physical_placement_fronted__object_first,target_order,neighboring_seat,fronted_location,object_first
shared_control__name_3__obj_bag__direct_label__person_first,neighboring_seat__name_3__obj_bag__physical_placement_person_subject__person_first,evidence_from_direct_label,neighboring_seat,person_subject,person_first
shared_control__name_3__obj_bag__proximity_paraphrase__person_first,neighboring_seat__name_3__obj_bag__physical_placement_person_subject__person_first,evidence_from_proximity_paraphrase,neighboring_seat,person_subject,person_first
neighboring_seat__name_3__obj_bag__physical_placement__person_first,neighboring_seat__name_3__obj_bag__physical_placement_person_subject__person_first,context_order,neighboring_seat,person_subject,person_first
shared_control__name_3__obj_bag__direct_label__object_first,neighboring_seat__name_3__obj_bag__physical_placement_person_subject__object_first,evidence_from_direct_label,neighboring_seat,person_subject,object_first
shared_control__name_3__obj_bag__proximity_paraphrase__object_first,neighboring_seat__name_3__obj_bag__physical_placement_person_subject__object_first,evidence_from_proximity_paraphrase,neighboring_seat,person_subject,object_first
neighboring_seat__name_3__obj_bag__physical_placement__object_first,neighboring_seat__name_3__obj_bag__physical_placement_person_subject__object_first,context_order,neighboring_seat,person_subject,object_first
neighboring_seat__name_3__obj_bag__physical_placement_person_subject__person_first,neighboring_seat__name_3__obj_bag__physical_placement_person_subject__object_first,target_order,neighboring_seat,person_subject,object_first
shared_control__name_3__obj_book__direct_label__person_first,neighboring_seat__name_3__obj_book__physical_placement__person_first,evidence_from_direct_label,neighboring_seat,object_subject,person_first
shared_control__name_3__obj_book__proximity_paraphrase__person_first,neighboring_seat__name_3__obj_book__physical_placement__person_first,evidence_from_proximity_paraphrase,neighboring_seat,object_subject,person_first
shared_control__name_3__obj_book__direct_label__object_first,neighboring_seat__name_3__obj_book__physical_placement__object_first,evidence_from_direct_label,neighboring_seat,object_subject,object_first
shared_control__name_3__obj_book__proximity_paraphrase__object_first,neighboring_seat__name_3__obj_book__physical_placement__object_first,evidence_from_proximity_paraphrase,neighboring_seat,object_subject,object_first
neighboring_seat__name_3__obj_book__physical_placement__person_first,neighboring_seat__name_3__obj_book__physical_placement__object_first,target_order,neighboring_seat,object_subject,object_first
shared_control__name_3__obj_book__direct_label__person_first,neighboring_seat__name_3__obj_book__physical_placement_fronted__person_first,evidence_from_direct_label,neighboring_seat,fronted_location,person_first
shared_control__name_3__obj_book__proximity_paraphrase__person_first,neighboring_seat__name_3__obj_book__physical_placement_fronted__person_first,evidence_from_proximity_paraphrase,neighboring_seat,fronted_location,person_first
neighboring_seat__name_3__obj_book__physical_placement__person_first,neighboring_seat__name_3__obj_book__physical_placement_fronted__person_first,context_order,neighboring_seat,fronted_location,person_first
shared_control__name_3__obj_book__direct_label__object_first,neighboring_seat__name_3__obj_book__physical_placement_fronted__object_first,evidence_from_direct_label,neighboring_seat,fronted_location,object_first
shared_control__name_3__obj_book__proximity_paraphrase__object_first,neighboring_seat__name_3__obj_book__physical_placement_fronted__object_first,evidence_from_proximity_paraphrase,neighboring_seat,fronted_location,object_first
neighboring_seat__name_3__obj_book__physical_placement__object_first,neighboring_seat__name_3__obj_book__physical_placement_fronted__object_first,context_order,neighboring_seat,fronted_location,object_first
neighboring_seat__name_3__obj_book__physical_placement_fronted__person_first,neighboring_seat__name_3__obj_book__physical_placement_fronted__object_first,target_order,neighboring_seat,fronted_location,object_first
shared_control__name_3__obj_book__direct_label__person_first,neighboring_seat__name_3__obj_book__physical_placement_person_subject__person_first,evidence_from_direct_label,neighboring_seat,person_subject,person_first
shared_control__name_3__obj_book__proximity_paraphrase__person_first,neighboring_seat__name_3__obj_book__physical_placement_person_subject__person_first,evidence_from_proximity_paraphrase,neighboring_seat,person_subject,person_first
neighboring_seat__name_3__obj_book__physical_placement__person_first,neighboring_seat__name_3__obj_book__physical_placement_person_subject__person_first,context_order,neighboring_seat,person_subject,person_first
shared_control__name_3__obj_book__direct_label__object_first,neighboring_seat__name_3__obj_book__physical_placement_person_subject__object_first,evidence_from_direct_label,neighboring_seat,person_subject,object_first
shared_control__name_3__obj_book__proximity_paraphrase__object_first,neighboring_seat__name_3__obj_book__physical_placement_person_subject__object_first,evidence_from_proximity_paraphrase,neighboring_seat,person_subject,object_first
neighboring_seat__name_3__obj_book__physical_placement__object_first,neighboring_seat__name_3__obj_book__physical_placement_person_subject__object_first,context_order,neighboring_seat,person_subject,object_first
neighboring_seat__name_3__obj_book__physical_placement_person_subject__person_first,neighboring_seat__name_3__obj_book__physical_placement_person_subject__object_first,target_order,neighboring_seat,person_subject,object_first
shared_control__name_3__obj_helmet__direct_label__person_first,neighboring_seat__name_3__obj_helmet__physical_placement__person_first,evidence_from_direct_label,neighboring_seat,object_subject,person_first
shared_control__name_3__obj_helmet__proximity_paraphrase__person_first,neighboring_seat__name_3__obj_helmet__physical_placement__person_first,evidence_from_proximity_paraphrase,neighboring_seat,object_subject,person_first
shared_control__name_3__obj_helmet__direct_label__object_first,neighboring_seat__name_3__obj_helmet__physical_placement__object_first,evidence_from_direct_label,neighboring_seat,object_subject,object_first
shared_control__name_3__obj_helmet__proximity_paraphrase__object_first,neighboring_seat__name_3__obj_helmet__physical_placement__object_first,evidence_from_proximity_paraphrase,neighboring_seat,object_subject,object_first
neighboring_seat__name_3__obj_helmet__physical_placement__person_first,neighboring_seat__name_3__obj_helmet__physical_placement__object_first,target_order,neighboring_seat,object_subject,object_first
shared_control__name_3__obj_helmet__direct_label__person_first,neighboring_seat__name_3__obj_helmet__physical_placement_fronted__person_first,evidence_from_direct_label,neighboring_seat,fronted_location,person_first
shared_control__name_3__obj_helmet__proximity_paraphrase__person_first,neighboring_seat__name_3__obj_helmet__physical_placement_fronted__person_first,evidence_from_proximity_paraphrase,neighboring_seat,fronted_location,person_first
neighboring_seat__name_3__obj_helmet__physical_placement__person_first,neighboring_seat__name_3__obj_helmet__physical_placement_fronted__person_first,context_order,neighboring_seat,fronted_location,person_first
shared_control__name_3__obj_helmet__direct_label__object_first,neighboring_seat__name_3__obj_helmet__physical_placement_fronted__object_first,evidence_from_direct_label,neighboring_seat,fronted_location,object_first
shared_control__name_3__obj_helmet__proximity_paraphrase__object_first,neighboring_seat__name_3__obj_helmet__physical_placement_fronted__object_first,evidence_from_proximity_paraphrase,neighboring_seat,fronted_location,object_first
neighboring_seat__name_3__obj_helmet__physical_placement__object_first,neighboring_seat__name_3__obj_helmet__physical_placement_fronted__object_first,context_order,neighboring_seat,fronted_location,object_first
neighboring_seat__name_3__obj_helmet__physical_placement_fronted__person_first,neighboring_seat__name_3__obj_helmet__physical_placement_fronted__object_first,target_order,neighboring_seat,fronted_location,object_first
shared_control__name_3__obj_helmet__direct_label__person_first,neighboring_seat__name_3__obj_helmet__physical_placement_person_subject__person_first,evidence_from_direct_label,neighboring_seat,person_subject,person_first
shared_control__name_3__obj_helmet__proximity_paraphrase__person_first,neighboring_seat__name_3__obj_helmet__physical_placement_person_subject__person_first,evidence_from_proximity_paraphrase,neighboring_seat,person_subject,person_first
neighboring_seat__name_3__obj_helmet__physical_placement__person_first,neighboring_seat__name_3__obj_helmet__physical_placement_person_subject__person_first,context_order,neighboring_seat,person_subject,person_first
shared_control__name_3__obj_helmet__direct_label__object_first,neighboring_seat__name_3__obj_helmet__physical_placement_person_subject__object_first,evidence_from_direct_label,neighboring_seat,person_subject,object_first
shared_control__name_3__obj_helmet__proximity_paraphrase__object_first,neighboring_seat__name_3__obj_helmet__physical_placement_person_subject__object_first,evidence_from_proximity_paraphrase,neighboring_seat,person_subject,object_first
neighboring_seat__name_3__obj_helmet__physical_placement__object_first,neighboring_seat__name_3__obj_helmet__physical_placement_person_subject__object_first,context_order,neighboring_seat,person_subject,object_first
neighboring_seat__name_3__obj_helmet__physical_placement_person_subject__person_first,neighboring_seat__name_3__obj_helmet__physical_placement_person_subject__object_first,target_order,neighboring_seat,person_subject,object_first
shared_control__name_3__obj_ball__direct_label__person_first,neighboring_seat__name_3__obj_ball__physical_placement__person_first,evidence_from_direct_label,neighboring_seat,object_subject,person_first
shared_control__name_3__obj_ball__proximity_paraphrase__person_first,neighboring_seat__name_3__obj_ball__physical_placement__person_first,evidence_from_proximity_paraphrase,neighboring_seat,object_subject,person_first
shared_control__name_3__obj_ball__direct_label__object_first,neighboring_seat__name_3__obj_ball__physical_placement__object_first,evidence_from_direct_label,neighboring_seat,object_subject,object_first
shared_control__name_3__obj_ball__proximity_paraphrase__object_first,neighboring_seat__name_3__obj_ball__physical_placement__object_first,evidence_from_proximity_paraphrase,neighboring_seat,object_subject,object_first
neighboring_seat__name_3__obj_ball__physical_placement__person_first,neighboring_seat__name_3__obj_ball__physical_placement__object_first,target_order,neighboring_seat,object_subject,object_first
shared_control__name_3__obj_ball__direct_label__person_first,neighboring_seat__name_3__obj_ball__physical_placement_fronted__person_first,evidence_from_direct_label,neighboring_seat,fronted_location,person_first
shared_control__name_3__obj_ball__proximity_paraphrase__person_first,neighboring_seat__name_3__obj_ball__physical_placement_fronted__person_first,evidence_from_proximity_paraphrase,neighboring_seat,fronted_location,person_first
neighboring_seat__name_3__obj_ball__physical_placement__person_first,neighboring_seat__name_3__obj_ball__physical_placement_fronted__person_first,context_order,neighboring_seat,fronted_location,person_first
shared_control__name_3__obj_ball__direct_label__object_first,neighboring_seat__name_3__obj_ball__physical_placement_fronted__object_first,evidence_from_direct_label,neighboring_seat,fronted_location,object_first
shared_control__name_3__obj_ball__proximity_paraphrase__object_first,neighboring_seat__name_3__obj_ball__physical_placement_fronted__object_first,evidence_from_proximity_paraphrase,neighboring_seat,fronted_location,object_first
neighboring_seat__name_3__obj_ball__physical_placement__object_first,neighboring_seat__name_3__obj_ball__physical_placement_fronted__object_first,context_order,neighboring_seat,fronted_location,object_first
neighboring_seat__name_3__obj_ball__physical_placement_fronted__person_first,neighboring_seat__name_3__obj_ball__physical_placement_fronted__object_first,target_order,neighboring_seat,fronted_location,object_first
shared_control__name_3__obj_ball__direct_label__person_first,neighboring_seat__name_3__obj_ball__physical_placement_person_subject__person_first,evidence_from_direct_label,neighboring_seat,person_subject,person_first
shared_control__name_3__obj_ball__proximity_paraphrase__person_first,neighboring_seat__name_3__obj_ball__physical_placement_person_subject__person_first,evidence_from_proximity_paraphrase,neighboring_seat,person_subject,person_first
neighboring_seat__name_3__obj_ball__physical_placement__person_first,neighboring_seat__name_3__obj_ball__physical_placement_person_subject__person_first,context_order,neighboring_seat,person_subject,person_first
shared_control__name_3__obj_ball__direct_label__object_first,neighboring_seat__name_3__obj_ball__physical_placement_person_subject__object_first,evidence_from_direct_label,neighboring_seat,person_subject,object_first
shared_control__name_3__obj_ball__proximity_paraphrase__object_first,neighboring_seat__name_3__obj_ball__physical_placement_person_subject__object_first,evidence_from_proximity_paraphrase,neighboring_seat,person_subject,object_first
neighboring_seat__name_3__obj_ball__physical_placement__object_first,neighboring_seat__name_3__obj_ball__physical_placement_person_subject__object_first,context_order,neighboring_seat,person_subject,object_first
neighboring_seat__name_3__obj_ball__physical_placement_person_subject__person_first,neighboring_seat__name_3__obj_ball__physical_placement_person_subject__object_first,target_order,neighboring_seat,person_subject,object_first
shared_control__name_0__obj_ball__direct_label__person_first,shared_floor_tile__name_0__obj_ball__physical_placement__person_first,evidence_from_direct_label,shared_floor_tile,object_subject,person_first
shared_control__name_0__obj_ball__proximity_paraphrase__person_first,shared_floor_tile__name_0__obj_ball__physical_placement__person_first,evidence_from_proximity_paraphrase,shared_floor_tile,object_subject,person_first
shared_control__name_0__obj_ball__direct_label__object_first,shared_floor_tile__name_0__obj_ball__physical_placement__object_first,evidence_from_direct_label,shared_floor_tile,object_subject,object_first
shared_control__name_0__obj_ball__proximity_paraphrase__object_first,shared_floor_tile__name_0__obj_ball__physical_placement__object_first,evidence_from_proximity_paraphrase,shared_floor_tile,object_subject,object_first
shared_floor_tile__name_0__obj_ball__physical_placement__person_first,shared_floor_tile__name_0__obj_ball__physical_placement__object_first,target_order,shared_floor_tile,object_subject,object_first
shared_control__name_0__obj_ball__direct_label__person_first,shared_floor_tile__name_0__obj_ball__physical_placement_fronted__person_first,evidence_from_direct_label,shared_floor_tile,fronted_location,person_first
shared_control__name_0__obj_ball__proximity_paraphrase__person_first,shared_floor_tile__name_0__obj_ball__physical_placement_fronted__person_first,evidence_from_proximity_paraphrase,shared_floor_tile,fronted_location,person_first
shared_floor_tile__name_0__obj_ball__physical_placement__person_first,shared_floor_tile__name_0__obj_ball__physical_placement_fronted__person_first,context_order,shared_floor_tile,fronted_location,person_first
shared_control__name_0__obj_ball__direct_label__object_first,shared_floor_tile__name_0__obj_ball__physical_placement_fronted__object_first,evidence_from_direct_label,shared_floor_tile,fronted_location,object_first
shared_control__name_0__obj_ball__proximity_paraphrase__object_first,shared_floor_tile__name_0__obj_ball__physical_placement_fronted__object_first,evidence_from_proximity_paraphrase,shared_floor_tile,fronted_location,object_first
shared_floor_tile__name_0__obj_ball__physical_placement__object_first,shared_floor_tile__name_0__obj_ball__physical_placement_fronted__object_first,context_order,shared_floor_tile,fronted_location,object_first
shared_floor_tile__name_0__obj_ball__physical_placement_fronted__person_first,shared_floor_tile__name_0__obj_ball__physical_placement_fronted__object_first,target_order,shared_floor_tile,fronted_location,object_first
shared_control__name_0__obj_ball__direct_label__person_first,shared_floor_tile__name_0__obj_ball__physical_placement_person_subject__person_first,evidence_from_direct_label,shared_floor_tile,person_subject,person_first
shared_control__name_0__obj_ball__proximity_paraphrase__person_first,shared_floor_tile__name_0__obj_ball__physical_placement_person_subject__person_first,evidence_from_proximity_paraphrase,shared_floor_tile,person_subject,person_first
shared_floor_tile__name_0__obj_ball__physical_placement__person_first,shared_floor_tile__name_0__obj_ball__physical_placement_person_subject__person_first,context_order,shared_floor_tile,person_subject,person_first
shared_control__name_0__obj_ball__direct_label__object_first,shared_floor_tile__name_0__obj_ball__physical_placement_person_subject__object_first,evidence_from_direct_label,shared_floor_tile,person_subject,object_first
shared_control__name_0__obj_ball__proximity_paraphrase__object_first,shared_floor_tile__name_0__obj_ball__physical_placement_person_subject__object_first,evidence_from_proximity_paraphrase,shared_floor_tile,person_subject,object_first
shared_floor_tile__name_0__obj_ball__physical_placement__object_first,shared_floor_tile__name_0__obj_ball__physical_placement_person_subject__object_first,context_order,shared_floor_tile,person_subject,object_first
shared_floor_tile__name_0__obj_ball__physical_placement_person_subject__person_first,shared_floor_tile__name_0__obj_ball__physical_placement_person_subject__object_first,target_order,shared_floor_tile,person_subject,object_first
shared_control__name_0__obj_bag__direct_label__person_first,shared_floor_tile__name_0__obj_bag__physical_placement__person_first,evidence_from_direct_label,shared_floor_tile,object_subject,person_first
shared_control__name_0__obj_bag__proximity_paraphrase__person_first,shared_floor_tile__name_0__obj_bag__physical_placement__person_first,evidence_from_proximity_paraphrase,shared_floor_tile,object_subject,person_first
shared_control__name_0__obj_bag__direct_label__object_first,shared_floor_tile__name_0__obj_bag__physical_placement__object_first,evidence_from_direct_label,shared_floor_tile,object_subject,object_first
shared_control__name_0__obj_bag__proximity_paraphrase__object_first,shared_floor_tile__name_0__obj_bag__physical_placement__object_first,evidence_from_proximity_paraphrase,shared_floor_tile,object_subject,object_first
shared_floor_tile__name_0__obj_bag__physical_placement__person_first,shared_floor_tile__name_0__obj_bag__physical_placement__object_first,target_order,shared_floor_tile,object_subject,object_first
shared_control__name_0__obj_bag__direct_label__person_first,shared_floor_tile__name_0__obj_bag__physical_placement_fronted__person_first,evidence_from_direct_label,shared_floor_tile,fronted_location,person_first
shared_control__name_0__obj_bag__proximity_paraphrase__person_first,shared_floor_tile__name_0__obj_bag__physical_placement_fronted__person_first,evidence_from_proximity_paraphrase,shared_floor_tile,fronted_location,person_first
shared_floor_tile__name_0__obj_bag__physical_placement__person_first,shared_floor_tile__name_0__obj_bag__physical_placement_fronted__person_first,context_order,shared_floor_tile,fronted_location,person_first
shared_control__name_0__obj_bag__direct_label__object_first,shared_floor_tile__name_0__obj_bag__physical_placement_fronted__object_first,evidence_from_direct_label,shared_floor_tile,fronted_location,object_first
shared_control__name_0__obj_bag__proximity_paraphrase__object_first,shared_floor_tile__name_0__obj_bag__physical_placement_fronted__object_first,evidence_from_proximity_paraphrase,shared_floor_tile,fronted_location,object_first
shared_floor_tile__name_0__obj_bag__physical_placement__object_first,shared_floor_tile__name_0__obj_bag__physical_placement_fronted__object_first,context_order,shared_floor_tile,fronted_location,object_first
shared_floor_tile__name_0__obj_bag__physical_placement_fronted__person_first,shared_floor_tile__name_0__obj_bag__physical_placement_fronted__object_first,target_order,shared_floor_tile,fronted_location,object_first
shared_control__name_0__obj_bag__direct_label__person_first,shared_floor_tile__name_0__obj_bag__physical_placement_person_subject__person_first,evidence_from_direct_label,shared_floor_tile,person_subject,person_first
shared_control__name_0__obj_bag__proximity_paraphrase__person_first,shared_floor_tile__name_0__obj_bag__physical_placement_person_subject__person_first,evidence_from_proximity_paraphrase,shared_floor_tile,person_subject,person_first
shared_floor_tile__name_0__obj_bag__physical_placement__person_first,shared_floor_tile__name_0__obj_bag__physical_placement_person_subject__person_first,context_order,shared_floor_tile,person_subject,person_first
shared_control__name_0__obj_bag__direct_label__object_first,shared_floor_tile__name_0__obj_bag__physical_placement_person_subject__object_first,evidence_from_direct_label,shared_floor_tile,person_subject,object_first
shared_control__name_0__obj_bag__proximity_paraphrase__object_first,shared_floor_tile__name_0__obj_bag__physical_placement_person_subject__object_first,evidence_from_proximity_paraphrase,shared_floor_tile,person_subject,object_first
shared_floor_tile__name_0__obj_bag__physical_placement__object_first,shared_floor_tile__name_0__obj_bag__physical_placement_person_subject__object_first,context_order,shared_floor_tile,person_subject,object_first
shared_floor_tile__name_0__obj_bag__physical_placement_person_subject__person_first,shared_floor_tile__name_0__obj_bag__physical_placement_person_subject__object_first,target_order,shared_floor_tile,person_subject,object_first
shared_control__name_0__obj_book__direct_label__person_first,shared_floor_tile__name_0__obj_book__physical_placement__person_first,evidence_from_direct_label,shared_floor_tile,object_subject,person_first
shared_control__name_0__obj_book__proximity_paraphrase__person_first,shared_floor_tile__name_0__obj_book__physical_placement__person_first,evidence_from_proximity_paraphrase,shared_floor_tile,object_subject,person_first
shared_control__name_0__obj_book__direct_label__object_first,shared_floor_tile__name_0__obj_book__physical_placement__object_first,evidence_from_direct_label,shared_floor_tile,object_subject,object_first
shared_control__name_0__obj_book__proximity_paraphrase__object_first,shared_floor_tile__name_0__obj_book__physical_placement__object_first,evidence_from_proximity_paraphrase,shared_floor_tile,object_subject,object_first
shared_floor_tile__name_0__obj_book__physical_placement__person_first,shared_floor_tile__name_0__obj_book__physical_placement__object_first,target_order,shared_floor_tile,object_subject,object_first
shared_control__name_0__obj_book__direct_label__person_first,shared_floor_tile__name_0__obj_book__physical_placement_fronted__person_first,evidence_from_direct_label,shared_floor_tile,fronted_location,person_first
shared_control__name_0__obj_book__proximity_paraphrase__person_first,shared_floor_tile__name_0__obj_book__physical_placement_fronted__person_first,evidence_from_proximity_paraphrase,shared_floor_tile,fronted_location,person_first
shared_floor_tile__name_0__obj_book__physical_placement__person_first,shared_floor_tile__name_0__obj_book__physical_placement_fronted__person_first,context_order,shared_floor_tile,fronted_location,person_first
shared_control__name_0__obj_book__direct_label__object_first,shared_floor_tile__name_0__obj_book__physical_placement_fronted__object_first,evidence_from_direct_label,shared_floor_tile,fronted_location,object_first
shared_control__name_0__obj_book__proximity_paraphrase__object_first,shared_floor_tile__name_0__obj_book__physical_placement_fronted__object_first,evidence_from_proximity_paraphrase,shared_floor_tile,fronted_location,object_first
shared_floor_tile__name_0__obj_book__physical_placement__object_first,shared_floor_tile__name_0__obj_book__physical_placement_fronted__object_first,context_order,shared_floor_tile,fronted_location,object_first
shared_floor_tile__name_0__obj_book__physical_placement_fronted__person_first,shared_floor_tile__name_0__obj_book__physical_placement_fronted__object_first,target_order,shared_floor_tile,fronted_location,object_first
shared_control__name_0__obj_book__direct_label__person_first,shared_floor_tile__name_0__obj_book__physical_placement_person_subject__person_first,evidence_from_direct_label,shared_floor_tile,person_subject,person_first
shared_control__name_0__obj_book__proximity_paraphrase__person_first,shared_floor_tile__name_0__obj_book__physical_placement_person_subject__person_first,evidence_from_proximity_paraphrase,shared_floor_tile,person_subject,person_first
shared_floor_tile__name_0__obj_book__physical_placement__person_first,shared_floor_tile__name_0__obj_book__physical_placement_person_subject__person_first,context_order,shared_floor_tile,person_subject,person_first
shared_control__name_0__obj_book__direct_label__object_first,shared_floor_tile__name_0__obj_book__physical_placement_person_subject__object_first,evidence_from_direct_label,shared_floor_tile,person_subject,object_first
shared_control__name_0__obj_book__proximity_paraphrase__object_first,shared_floor_tile__name_0__obj_book__physical_placement_person_subject__object_first,evidence_from_proximity_paraphrase,shared_floor_tile,person_subject,object_first
shared_floor_tile__name_0__obj_book__physical_placement__object_first,shared_floor_tile__name_0__obj_book__physical_placement_person_subject__object_first,context_order,shared_floor_tile,person_subject,object_first
shared_floor_tile__name_0__obj_book__physical_placement_person_subject__person_first,shared_floor_tile__name_0__obj_book__physical_placement_person_subject__object_first,target_order,shared_floor_tile,person_subject,object_first
shared_control__name_0__obj_cone__direct_label__person_first,shared_floor_tile__name_0__obj_cone__physical_placement__person_first,evidence_from_direct_label,shared_floor_tile,object_subject,person_first
shared_control__name_0__obj_cone__proximity_paraphrase__person_first,shared_floor_tile__name_0__obj_cone__physical_placement__person_first,evidence_from_proximity_paraphrase,shared_floor_tile,object_subject,person_first
shared_control__name_0__obj_cone__direct_label__object_first,shared_floor_tile__name_0__obj_cone__physical_placement__object_first,evidence_from_direct_label,shared_floor_tile,object_subject,object_first
shared_control__name_0__obj_cone__proximity_paraphrase__object_first,shared_floor_tile__name_0__obj_cone__physical_placement__object_first,evidence_from_proximity_paraphrase,shared_floor_tile,object_subject,object_first
shared_floor_tile__name_0__obj_cone__physical_placement__person_first,shared_floor_tile__name_0__obj_cone__physical_placement__object_first,target_order,shared_floor_tile,object_subject,object_first
shared_control__name_0__obj_cone__direct_label__person_first,shared_floor_tile__name_0__obj_cone__physical_placement_fronted__person_first,evidence_from_direct_label,shared_floor_tile,fronted_location,person_first
shared_control__name_0__obj_cone__proximity_paraphrase__person_first,shared_floor_tile__name_0__obj_cone__physical_placement_fronted__person_first,evidence_from_proximity_paraphrase,shared_floor_tile,fronted_location,person_first
shared_floor_tile__name_0__obj_cone__physical_placement__person_first,shared_floor_tile__name_0__obj_cone__physical_placement_fronted__person_first,context_order,shared_floor_tile,fronted_location,person_first
shared_control__name_0__obj_cone__direct_label__object_first,shared_floor_tile__name_0__obj_cone__physical_placement_fronted__object_first,evidence_from_direct_label,shared_floor_tile,fronted_location,object_first
shared_control__name_0__obj_cone__proximity_paraphrase__object_first,shared_floor_tile__name_0__obj_cone__physical_placement_fronted__object_first,evidence_from_proximity_paraphrase,shared_floor_tile,fronted_location,object_first
shared_floor_tile__name_0__obj_cone__physical_placement__object_first,shared_floor_tile__name_0__obj_cone__physical_placement_fronted__object_first,context_order,shared_floor_tile,fronted_location,object_first
shared_floor_tile__name_0__obj_cone__physical_placement_fronted__person_first,shared_floor_tile__name_0__obj_cone__physical_placement_fronted__object_first,target_order,shared_floor_tile,fronted_location,object_first
shared_control__name_0__obj_cone__direct_label__person_first,shared_floor_tile__name_0__obj_cone__physical_placement_person_subject__person_first,evidence_from_direct_label,shared_floor_tile,person_subject,person_first
shared_control__name_0__obj_cone__proximity_paraphrase__person_first,shared_floor_tile__name_0__obj_cone__physical_placement_person_subject__person_first,evidence_from_proximity_paraphrase,shared_floor_tile,person_subject,person_first
shared_floor_tile__name_0__obj_cone__physical_placement__person_first,shared_floor_tile__name_0__obj_cone__physical_placement_person_subject__person_first,context_order,shared_floor_tile,person_subject,person_first
shared_control__name_0__obj_cone__direct_label__object_first,shared_floor_tile__name_0__obj_cone__physical_placement_person_subject__object_first,evidence_from_direct_label,shared_floor_tile,person_subject,object_first
shared_control__name_0__obj_cone__proximity_paraphrase__object_first,shared_floor_tile__name_0__obj_cone__physical_placement_person_subject__object_first,evidence_from_proximity_paraphrase,shared_floor_tile,person_subject,object_first
shared_floor_tile__name_0__obj_cone__physical_placement__object_first,shared_floor_tile__name_0__obj_cone__physical_placement_person_subject__object_first,context_order,shared_floor_tile,person_subject,object_first
shared_floor_tile__name_0__obj_cone__physical_placement_person_subject__person_first,shared_floor_tile__name_0__obj_cone__physical_placement_person_subject__object_first,target_order,shared_floor_tile,person_subject,object_first
shared_control__name_1__obj_ball__direct_label__person_first,shared_floor_tile__name_1__obj_ball__physical_placement__person_first,evidence_from_direct_label,shared_floor_tile,object_subject,person_first
shared_control__name_1__obj_ball__proximity_paraphrase__person_first,shared_floor_tile__name_1__obj_ball__physical_placement__person_first,evidence_from_proximity_paraphrase,shared_floor_tile,object_subject,person_first
shared_control__name_1__obj_ball__direct_label__object_first,shared_floor_tile__name_1__obj_ball__physical_placement__object_first,evidence_from_direct_label,shared_floor_tile,object_subject,object_first
shared_control__name_1__obj_ball__proximity_paraphrase__object_first,shared_floor_tile__name_1__obj_ball__physical_placement__object_first,evidence_from_proximity_paraphrase,shared_floor_tile,object_subject,object_first
shared_floor_tile__name_1__obj_ball__physical_placement__person_first,shared_floor_tile__name_1__obj_ball__physical_placement__object_first,target_order,shared_floor_tile,object_subject,object_first
shared_control__name_1__obj_ball__direct_label__person_first,shared_floor_tile__name_1__obj_ball__physical_placement_fronted__person_first,evidence_from_direct_label,shared_floor_tile,fronted_location,person_first
shared_control__name_1__obj_ball__proximity_paraphrase__person_first,shared_floor_tile__name_1__obj_ball__physical_placement_fronted__person_first,evidence_from_proximity_paraphrase,shared_floor_tile,fronted_location,person_first
shared_floor_tile__name_1__obj_ball__physical_placement__person_first,shared_floor_tile__name_1__obj_ball__physical_placement_fronted__person_first,context_order,shared_floor_tile,fronted_location,person_first
shared_control__name_1__obj_ball__direct_label__object_first,shared_floor_tile__name_1__obj_ball__physical_placement_fronted__object_first,evidence_from_direct_label,shared_floor_tile,fronted_location,object_first
shared_control__name_1__obj_ball__proximity_paraphrase__object_first,shared_floor_tile__name_1__obj_ball__physical_placement_fronted__object_first,evidence_from_proximity_paraphrase,shared_floor_tile,fronted_location,object_first
shared_floor_tile__name_1__obj_ball__physical_placement__object_first,shared_floor_tile__name_1__obj_ball__physical_placement_fronted__object_first,context_order,shared_floor_tile,fronted_location,object_first
shared_floor_tile__name_1__obj_ball__physical_placement_fronted__person_first,shared_floor_tile__name_1__obj_ball__physical_placement_fronted__object_first,target_order,shared_floor_tile,fronted_location,object_first
shared_control__name_1__obj_ball__direct_label__person_first,shared_floor_tile__name_1__obj_ball__physical_placement_person_subject__person_first,evidence_from_direct_label,shared_floor_tile,person_subject,person_first
shared_control__name_1__obj_ball__proximity_paraphrase__person_first,shared_floor_tile__name_1__obj_ball__physical_placement_person_subject__person_first,evidence_from_proximity_paraphrase,shared_floor_tile,person_subject,person_first
shared_floor_tile__name_1__obj_ball__physical_placement__person_first,shared_floor_tile__name_1__obj_ball__physical_placement_person_subject__person_first,context_order,shared_floor_tile,person_subject,person_first
shared_control__name_1__obj_ball__direct_label__object_first,shared_floor_tile__name_1__obj_ball__physical_placement_person_subject__object_first,evidence_from_direct_label,shared_floor_tile,person_subject,object_first
shared_control__name_1__obj_ball__proximity_paraphrase__object_first,shared_floor_tile__name_1__obj_ball__physical_placement_person_subject__object_first,evidence_from_proximity_paraphrase,shared_floor_tile,person_subject,object_first
shared_floor_tile__name_1__obj_ball__physical_placement__object_first,shared_floor_tile__name_1__obj_ball__physical_placement_person_subject__object_first,context_order,shared_floor_tile,person_subject,object_first
shared_floor_tile__name_1__obj_ball__physical_placement_person_subject__person_first,shared_floor_tile__name_1__obj_ball__physical_placement_person_subject__object_first,target_order,shared_floor_tile,person_subject,object_first
shared_control__name_1__obj_bag__direct_label__person_first,shared_floor_tile__name_1__obj_bag__physical_placement__person_first,evidence_from_direct_label,shared_floor_tile,object_subject,person_first
shared_control__name_1__obj_bag__proximity_paraphrase__person_first,shared_floor_tile__name_1__obj_bag__physical_placement__person_first,evidence_from_proximity_paraphrase,shared_floor_tile,object_subject,person_first
shared_control__name_1__obj_bag__direct_label__object_first,shared_floor_tile__name_1__obj_bag__physical_placement__object_first,evidence_from_direct_label,shared_floor_tile,object_subject,object_first
shared_control__name_1__obj_bag__proximity_paraphrase__object_first,shared_floor_tile__name_1__obj_bag__physical_placement__object_first,evidence_from_proximity_paraphrase,shared_floor_tile,object_subject,object_first
shared_floor_tile__name_1__obj_bag__physical_placement__person_first,shared_floor_tile__name_1__obj_bag__physical_placement__object_first,target_order,shared_floor_tile,object_subject,object_first
shared_control__name_1__obj_bag__direct_label__person_first,shared_floor_tile__name_1__obj_bag__physical_placement_fronted__person_first,evidence_from_direct_label,shared_floor_tile,fronted_location,person_first
shared_control__name_1__obj_bag__proximity_paraphrase__person_first,shared_floor_tile__name_1__obj_bag__physical_placement_fronted__person_first,evidence_from_proximity_paraphrase,shared_floor_tile,fronted_location,person_first
shared_floor_tile__name_1__obj_bag__physical_placement__person_first,shared_floor_tile__name_1__obj_bag__physical_placement_fronted__person_first,context_order,shared_floor_tile,fronted_location,person_first
shared_control__name_1__obj_bag__direct_label__object_first,shared_floor_tile__name_1__obj_bag__physical_placement_fronted__object_first,evidence_from_direct_label,shared_floor_tile,fronted_location,object_first
shared_control__name_1__obj_bag__proximity_paraphrase__object_first,shared_floor_tile__name_1__obj_bag__physical_placement_fronted__object_first,evidence_from_proximity_paraphrase,shared_floor_tile,fronted_location,object_first
shared_floor_tile__name_1__obj_bag__physical_placement__object_first,shared_floor_tile__name_1__obj_bag__physical_placement_fronted__object_first,context_order,shared_floor_tile,fronted_location,object_first
shared_floor_tile__name_1__obj_bag__physical_placement_fronted__person_first,shared_floor_tile__name_1__obj_bag__physical_placement_fronted__object_first,target_order,shared_floor_tile,fronted_location,object_first
shared_control__name_1__obj_bag__direct_label__person_first,shared_floor_tile__name_1__obj_bag__physical_placement_person_subject__person_first,evidence_from_direct_label,shared_floor_tile,person_subject,person_first
shared_control__name_1__obj_bag__proximity_paraphrase__person_first,shared_floor_tile__name_1__obj_bag__physical_placement_person_subject__person_first,evidence_from_proximity_paraphrase,shared_floor_tile,person_subject,person_first
shared_floor_tile__name_1__obj_bag__physical_placement__person_first,shared_floor_tile__name_1__obj_bag__physical_placement_person_subject__person_first,context_order,shared_floor_tile,person_subject,person_first
shared_control__name_1__obj_bag__direct_label__object_first,shared_floor_tile__name_1__obj_bag__physical_placement_person_subject__object_first,evidence_from_direct_label,shared_floor_tile,person_subject,object_first
shared_control__name_1__obj_bag__proximity_paraphrase__object_first,shared_floor_tile__name_1__obj_bag__physical_placement_person_subject__object_first,evidence_from_proximity_paraphrase,shared_floor_tile,person_subject,object_first
shared_floor_tile__name_1__obj_bag__physical_placement__object_first,shared_floor_tile__name_1__obj_bag__physical_placement_person_subject__object_first,context_order,shared_floor_tile,person_subject,object_first
shared_floor_tile__name_1__obj_bag__physical_placement_person_subject__person_first,shared_floor_tile__name_1__obj_bag__physical_placement_person_subject__object_first,target_order,shared_floor_tile,person_subject,object_first
shared_control__name_1__obj_book__direct_label__person_first,shared_floor_tile__name_1__obj_book__physical_placement__person_first,evidence_from_direct_label,shared_floor_tile,object_subject,person_first
shared_control__name_1__obj_book__proximity_paraphrase__person_first,shared_floor_tile__name_1__obj_book__physical_placement__person_first,evidence_from_proximity_paraphrase,shared_floor_tile,object_subject,person_first
shared_control__name_1__obj_book__direct_label__object_first,shared_floor_tile__name_1__obj_book__physical_placement__object_first,evidence_from_direct_label,shared_floor_tile,object_subject,object_first
shared_control__name_1__obj_book__proximity_paraphrase__object_first,shared_floor_tile__name_1__obj_book__physical_placement__object_first,evidence_from_proximity_paraphrase,shared_floor_tile,object_subject,object_first
shared_floor_tile__name_1__obj_book__physical_placement__person_first,shared_floor_tile__name_1__obj_book__physical_placement__object_first,target_order,shared_floor_tile,object_subject,object_first
shared_control__name_1__obj_book__direct_label__person_first,shared_floor_tile__name_1__obj_book__physical_placement_fronted__person_first,evidence_from_direct_label,shared_floor_tile,fronted_location,person_first
shared_control__name_1__obj_book__proximity_paraphrase__person_first,shared_floor_tile__name_1__obj_book__physical_placement_fronted__person_first,evidence_from_proximity_paraphrase,shared_floor_tile,fronted_location,person_first
shared_floor_tile__name_1__obj_book__physical_placement__person_first,shared_floor_tile__name_1__obj_book__physical_placement_fronted__person_first,context_order,shared_floor_tile,fronted_location,person_first
shared_control__name_1__obj_book__direct_label__object_first,shared_floor_tile__name_1__obj_book__physical_placement_fronted__object_first,evidence_from_direct_label,shared_floor_tile,fronted_location,object_first
shared_control__name_1__obj_book__proximity_paraphrase__object_first,shared_floor_tile__name_1__obj_book__physical_placement_fronted__object_first,evidence_from_proximity_paraphrase,shared_floor_tile,fronted_location,object_first
shared_floor_tile__name_1__obj_book__physical_placement__object_first,shared_floor_tile__name_1__obj_book__physical_placement_fronted__object_first,context_order,shared_floor_tile,fronted_location,object_first
shared_floor_tile__name_1__obj_book__physical_placement_fronted__person_first,shared_floor_tile__name_1__obj_book__physical_placement_fronted__object_first,target_order,shared_floor_tile,fronted_location,object_first
shared_control__name_1__obj_book__direct_label__person_first,shared_floor_tile__name_1__obj_book__physical_placement_person_subject__person_first,evidence_from_direct_label,shared_floor_tile,person_subject,person_first
shared_control__name_1__obj_book__proximity_paraphrase__person_first,shared_floor_tile__name_1__obj_book__physical_placement_person_subject__person_first,evidence_from_proximity_paraphrase,shared_floor_tile,person_subject,person_first
shared_floor_tile__name_1__obj_book__physical_placement__person_first,shared_floor_tile__name_1__obj_book__physical_placement_person_subject__person_first,context_order,shared_floor_tile,person_subject,person_first
shared_control__name_1__obj_book__direct_label__object_first,shared_floor_tile__name_1__obj_book__physical_placement_person_subject__object_first,evidence_from_direct_label,shared_floor_tile,person_subject,object_first
shared_control__name_1__obj_book__proximity_paraphrase__object_first,shared_floor_tile__name_1__obj_book__physical_placement_person_subject__object_first,evidence_from_proximity_paraphrase,shared_floor_tile,person_subject,object_first
shared_floor_tile__name_1__obj_book__physical_placement__object_first,shared_floor_tile__name_1__obj_book__physical_placement_person_subject__object_first,context_order,shared_floor_tile,person_subject,object_first
shared_floor_tile__name_1__obj_book__physical_placement_person_subject__person_first,shared_floor_tile__name_1__obj_book__physical_placement_person_subject__object_first,target_order,shared_floor_tile,person_subject,object_first
shared_control__name_1__obj_cone__direct_label__person_first,shared_floor_tile__name_1__obj_cone__physical_placement__person_first,evidence_from_direct_label,shared_floor_tile,object_subject,person_first
shared_control__name_1__obj_cone__proximity_paraphrase__person_first,shared_floor_tile__name_1__obj_cone__physical_placement__person_first,evidence_from_proximity_paraphrase,shared_floor_tile,object_subject,person_first
shared_control__name_1__obj_cone__direct_label__object_first,shared_floor_tile__name_1__obj_cone__physical_placement__object_first,evidence_from_direct_label,shared_floor_tile,object_subject,object_first
shared_control__name_1__obj_cone__proximity_paraphrase__object_first,shared_floor_tile__name_1__obj_cone__physical_placement__object_first,evidence_from_proximity_paraphrase,shared_floor_tile,object_subject,object_first
shared_floor_tile__name_1__obj_cone__physical_placement__person_first,shared_floor_tile__name_1__obj_cone__physical_placement__object_first,target_order,shared_floor_tile,object_subject,object_first
shared_control__name_1__obj_cone__direct_label__person_first,shared_floor_tile__name_1__obj_cone__physical_placement_fronted__person_first,evidence_from_direct_label,shared_floor_tile,fronted_location,person_first
shared_control__name_1__obj_cone__proximity_paraphrase__person_first,shared_floor_tile__name_1__obj_cone__physical_placement_fronted__person_first,evidence_from_proximity_paraphrase,shared_floor_tile,fronted_location,person_first
shared_floor_tile__name_1__obj_cone__physical_placement__person_first,shared_floor_tile__name_1__obj_cone__physical_placement_fronted__person_first,context_order,shared_floor_tile,fronted_location,person_first
shared_control__name_1__obj_cone__direct_label__object_first,shared_floor_tile__name_1__obj_cone__physical_placement_fronted__object_first,evidence_from_direct_label,shared_floor_tile,fronted_location,object_first
shared_control__name_1__obj_cone__proximity_paraphrase__object_first,shared_floor_tile__name_1__obj_cone__physical_placement_fronted__object_first,evidence_from_proximity_paraphrase,shared_floor_tile,fronted_location,object_first
shared_floor_tile__name_1__obj_cone__physical_placement__object_first,shared_floor_tile__name_1__obj_cone__physical_placement_fronted__object_first,context_order,shared_floor_tile,fronted_location,object_first
shared_floor_tile__name_1__obj_cone__physical_placement_fronted__person_first,shared_floor_tile__name_1__obj_cone__physical_placement_fronted__object_first,target_order,shared_floor_tile,fronted_location,object_first
shared_control__name_1__obj_cone__direct_label__person_first,shared_floor_tile__name_1__obj_cone__physical_placement_person_subject__person_first,evidence_from_direct_label,shared_floor_tile,person_subject,person_first
shared_control__name_1__obj_cone__proximity_paraphrase__person_first,shared_floor_tile__name_1__obj_cone__physical_placement_person_subject__person_first,evidence_from_proximity_paraphrase,shared_floor_tile,person_subject,person_first
shared_floor_tile__name_1__obj_cone__physical_placement__person_first,shared_floor_tile__name_1__obj_cone__physical_placement_person_subject__person_first,context_order,shared_floor_tile,person_subject,person_first
shared_control__name_1__obj_cone__direct_label__object_first,shared_floor_tile__name_1__obj_cone__physical_placement_person_subject__object_first,evidence_from_direct_label,shared_floor_tile,person_subject,object_first
shared_control__name_1__obj_cone__proximity_paraphrase__object_first,shared_floor_tile__name_1__obj_cone__physical_placement_person_subject__object_first,evidence_from_proximity_paraphrase,shared_floor_tile,person_subject,object_first
shared_floor_tile__name_1__obj_cone__physical_placement__object_first,shared_floor_tile__name_1__obj_cone__physical_placement_person_subject__object_first,context_order,shared_floor_tile,person_subject,object_first
shared_floor_tile__name_1__obj_cone__physical_placement_person_subject__person_first,shared_floor_tile__name_1__obj_cone__physical_placement_person_subject__object_first,target_order,shared_floor_tile,person_subject,object_first
shared_control__name_2__obj_ball__direct_label__person_first,shared_floor_tile__name_2__obj_ball__physical_placement__person_first,evidence_from_direct_label,shared_floor_tile,object_subject,person_first
shared_control__name_2__obj_ball__proximity_paraphrase__person_first,shared_floor_tile__name_2__obj_ball__physical_placement__person_first,evidence_from_proximity_paraphrase,shared_floor_tile,object_subject,person_first
shared_control__name_2__obj_ball__direct_label__object_first,shared_floor_tile__name_2__obj_ball__physical_placement__object_first,evidence_from_direct_label,shared_floor_tile,object_subject,object_first
shared_control__name_2__obj_ball__proximity_paraphrase__object_first,shared_floor_tile__name_2__obj_ball__physical_placement__object_first,evidence_from_proximity_paraphrase,shared_floor_tile,object_subject,object_first
shared_floor_tile__name_2__obj_ball__physical_placement__person_first,shared_floor_tile__name_2__obj_ball__physical_placement__object_first,target_order,shared_floor_tile,object_subject,object_first
shared_control__name_2__obj_ball__direct_label__person_first,shared_floor_tile__name_2__obj_ball__physical_placement_fronted__person_first,evidence_from_direct_label,shared_floor_tile,fronted_location,person_first
shared_control__name_2__obj_ball__proximity_paraphrase__person_first,shared_floor_tile__name_2__obj_ball__physical_placement_fronted__person_first,evidence_from_proximity_paraphrase,shared_floor_tile,fronted_location,person_first
shared_floor_tile__name_2__obj_ball__physical_placement__person_first,shared_floor_tile__name_2__obj_ball__physical_placement_fronted__person_first,context_order,shared_floor_tile,fronted_location,person_first
shared_control__name_2__obj_ball__direct_label__object_first,shared_floor_tile__name_2__obj_ball__physical_placement_fronted__object_first,evidence_from_direct_label,shared_floor_tile,fronted_location,object_first
shared_control__name_2__obj_ball__proximity_paraphrase__object_first,shared_floor_tile__name_2__obj_ball__physical_placement_fronted__object_first,evidence_from_proximity_paraphrase,shared_floor_tile,fronted_location,object_first
shared_floor_tile__name_2__obj_ball__physical_placement__object_first,shared_floor_tile__name_2__obj_ball__physical_placement_fronted__object_first,context_order,shared_floor_tile,fronted_location,object_first
shared_floor_tile__name_2__obj_ball__physical_placement_fronted__person_first,shared_floor_tile__name_2__obj_ball__physical_placement_fronted__object_first,target_order,shared_floor_tile,fronted_location,object_first
shared_control__name_2__obj_ball__direct_label__person_first,shared_floor_tile__name_2__obj_ball__physical_placement_person_subject__person_first,evidence_from_direct_label,shared_floor_tile,person_subject,person_first
shared_control__name_2__obj_ball__proximity_paraphrase__person_first,shared_floor_tile__name_2__obj_ball__physical_placement_person_subject__person_first,evidence_from_proximity_paraphrase,shared_floor_tile,person_subject,person_first
shared_floor_tile__name_2__obj_ball__physical_placement__person_first,shared_floor_tile__name_2__obj_ball__physical_placement_person_subject__person_first,context_order,shared_floor_tile,person_subject,person_first
shared_control__name_2__obj_ball__direct_label__object_first,shared_floor_tile__name_2__obj_ball__physical_placement_person_subject__object_first,evidence_from_direct_label,shared_floor_tile,person_subject,object_first
shared_control__name_2__obj_ball__proximity_paraphrase__object_first,shared_floor_tile__name_2__obj_ball__physical_placement_person_subject__object_first,evidence_from_proximity_paraphrase,shared_floor_tile,person_subject,object_first
shared_floor_tile__name_2__obj_ball__physical_placement__object_first,shared_floor_tile__name_2__obj_ball__physical_placement_person_subject__object_first,context_order,shared_floor_tile,person_subject,object_first
shared_floor_tile__name_2__obj_ball__physical_placement_person_subject__person_first,shared_floor_tile__name_2__obj_ball__physical_placement_person_subject__object_first,target_order,shared_floor_tile,person_subject,object_first
shared_control__name_2__obj_bag__direct_label__person_first,shared_floor_tile__name_2__obj_bag__physical_placement__person_first,evidence_from_direct_label,shared_floor_tile,object_subject,person_first
shared_control__name_2__obj_bag__proximity_paraphrase__person_first,shared_floor_tile__name_2__obj_bag__physical_placement__person_first,evidence_from_proximity_paraphrase,shared_floor_tile,object_subject,person_first
shared_control__name_2__obj_bag__direct_label__object_first,shared_floor_tile__name_2__obj_bag__physical_placement__object_first,evidence_from_direct_label,shared_floor_tile,object_subject,object_first
shared_control__name_2__obj_bag__proximity_paraphrase__object_first,shared_floor_tile__name_2__obj_bag__physical_placement__object_first,evidence_from_proximity_paraphrase,shared_floor_tile,object_subject,object_first
shared_floor_tile__name_2__obj_bag__physical_placement__person_first,shared_floor_tile__name_2__obj_bag__physical_placement__object_first,target_order,shared_floor_tile,object_subject,object_first
shared_control__name_2__obj_bag__direct_label__person_first,shared_floor_tile__name_2__obj_bag__physical_placement_fronted__person_first,evidence_from_direct_label,shared_floor_tile,fronted_location,person_first
shared_control__name_2__obj_bag__proximity_paraphrase__person_first,shared_floor_tile__name_2__obj_bag__physical_placement_fronted__person_first,evidence_from_proximity_paraphrase,shared_floor_tile,fronted_location,person_first
shared_floor_tile__name_2__obj_bag__physical_placement__person_first,shared_floor_tile__name_2__obj_bag__physical_placement_fronted__person_first,context_order,shared_floor_tile,fronted_location,person_first
shared_control__name_2__obj_bag__direct_label__object_first,shared_floor_tile__name_2__obj_bag__physical_placement_fronted__object_first,evidence_from_direct_label,shared_floor_tile,fronted_location,object_first
shared_control__name_2__obj_bag__proximity_paraphrase__object_first,shared_floor_tile__name_2__obj_bag__physical_placement_fronted__object_first,evidence_from_proximity_paraphrase,shared_floor_tile,fronted_location,object_first
shared_floor_tile__name_2__obj_bag__physical_placement__object_first,shared_floor_tile__name_2__obj_bag__physical_placement_fronted__object_first,context_order,shared_floor_tile,fronted_location,object_first
shared_floor_tile__name_2__obj_bag__physical_placement_fronted__person_first,shared_floor_tile__name_2__obj_bag__physical_placement_fronted__object_first,target_order,shared_floor_tile,fronted_location,object_first
shared_control__name_2__obj_bag__direct_label__person_first,shared_floor_tile__name_2__obj_bag__physical_placement_person_subject__person_first,evidence_from_direct_label,shared_floor_tile,person_subject,person_first
shared_control__name_2__obj_bag__proximity_paraphrase__person_first,shared_floor_tile__name_2__obj_bag__physical_placement_person_subject__person_first,evidence_from_proximity_paraphrase,shared_floor_tile,person_subject,person_first
shared_floor_tile__name_2__obj_bag__physical_placement__person_first,shared_floor_tile__name_2__obj_bag__physical_placement_person_subject__person_first,context_order,shared_floor_tile,person_subject,person_first
shared_control__name_2__obj_bag__direct_label__object_first,shared_floor_tile__name_2__obj_bag__physical_placement_person_subject__object_first,evidence_from_direct_label,shared_floor_tile,person_subject,object_first
shared_control__name_2__obj_bag__proximity_paraphrase__object_first,shared_floor_tile__name_2__obj_bag__physical_placement_person_subject__object_first,evidence_from_proximity_paraphrase,shared_floor_tile,person_subject,object_first
shared_floor_tile__name_2__obj_bag__physical_placement__object_first,shared_floor_tile__name_2__obj_bag__physical_placement_person_subject__object_first,context_order,shared_floor_tile,person_subject,object_first
shared_floor_tile__name_2__obj_bag__physical_placement_person_subject__person_first,shared_floor_tile__name_2__obj_bag__physical_placement_person_subject__object_first,target_order,shared_floor_tile,person_subject,object_first
shared_control__name_2__obj_book__direct_label__person_first,shared_floor_tile__name_2__obj_book__physical_placement__person_first,evidence_from_direct_label,shared_floor_tile,object_subject,person_first
shared_control__name_2__obj_book__proximity_paraphrase__person_first,shared_floor_tile__name_2__obj_book__physical_placement__person_first,evidence_from_proximity_paraphrase,shared_floor_tile,object_subject,person_first
shared_control__name_2__obj_book__direct_label__object_first,shared_floor_tile__name_2__obj_book__physical_placement__object_first,evidence_from_direct_label,shared_floor_tile,object_subject,object_first
shared_control__name_2__obj_book__proximity_paraphrase__object_first,shared_floor_tile__name_2__obj_book__physical_placement__object_first,evidence_from_proximity_paraphrase,shared_floor_tile,object_subject,object_first
shared_floor_tile__name_2__obj_book__physical_placement__person_first,shared_floor_tile__name_2__obj_book__physical_placement__object_first,target_order,shared_floor_tile,object_subject,object_first
shared_control__name_2__obj_book__direct_label__person_first,shared_floor_tile__name_2__obj_book__physical_placement_fronted__person_first,evidence_from_direct_label,shared_floor_tile,fronted_location,person_first
shared_control__name_2__obj_book__proximity_paraphrase__person_first,shared_floor_tile__name_2__obj_book__physical_placement_fronted__person_first,evidence_from_proximity_paraphrase,shared_floor_tile,fronted_location,person_first
shared_floor_tile__name_2__obj_book__physical_placement__person_first,shared_floor_tile__name_2__obj_book__physical_placement_fronted__person_first,context_order,shared_floor_tile,fronted_location,person_first
shared_control__name_2__obj_book__direct_label__object_first,shared_floor_tile__name_2__obj_book__physical_placement_fronted__object_first,evidence_from_direct_label,shared_floor_tile,fronted_location,object_first
shared_control__name_2__obj_book__proximity_paraphrase__object_first,shared_floor_tile__name_2__obj_book__physical_placement_fronted__object_first,evidence_from_proximity_paraphrase,shared_floor_tile,fronted_location,object_first
shared_floor_tile__name_2__obj_book__physical_placement__object_first,shared_floor_tile__name_2__obj_book__physical_placement_fronted__object_first,context_order,shared_floor_tile,fronted_location,object_first
shared_floor_tile__name_2__obj_book__physical_placement_fronted__person_first,shared_floor_tile__name_2__obj_book__physical_placement_fronted__object_first,target_order,shared_floor_tile,fronted_location,object_first
shared_control__name_2__obj_book__direct_label__person_first,shared_floor_tile__name_2__obj_book__physical_placement_person_subject__person_first,evidence_from_direct_label,shared_floor_tile,person_subject,person_first
shared_control__name_2__obj_book__proximity_paraphrase__person_first,shared_floor_tile__name_2__obj_book__physical_placement_person_subject__person_first,evidence_from_proximity_paraphrase,shared_floor_tile,person_subject,person_first
shared_floor_tile__name_2__obj_book__physical_placement__person_first,shared_floor_tile__name_2__obj_book__physical_placement_person_subject__person_first,context_order,shared_floor_tile,person_subject,person_first
shared_control__name_2__obj_book__direct_label__object_first,shared_floor_tile__name_2__obj_book__physical_placement_person_subject__object_first,evidence_from_direct_label,shared_floor_tile,person_subject,object_first
shared_control__name_2__obj_book__proximity_paraphrase__object_first,shared_floor_tile__name_2__obj_book__physical_placement_person_subject__object_first,evidence_from_proximity_paraphrase,shared_floor_tile,person_subject,object_first
shared_floor_tile__name_2__obj_book__physical_placement__object_first,shared_floor_tile__name_2__obj_book__physical_placement_person_subject__object_first,context_order,shared_floor_tile,person_subject,object_first
shared_floor_tile__name_2__obj_book__physical_placement_person_subject__person_first,shared_floor_tile__name_2__obj_book__physical_placement_person_subject__object_first,target_order,shared_floor_tile,person_subject,object_first
shared_control__name_2__obj_cone__direct_label__person_first,shared_floor_tile__name_2__obj_cone__physical_placement__person_first,evidence_from_direct_label,shared_floor_tile,object_subject,person_first
shared_control__name_2__obj_cone__proximity_paraphrase__person_first,shared_floor_tile__name_2__obj_cone__physical_placement__person_first,evidence_from_proximity_paraphrase,shared_floor_tile,object_subject,person_first
shared_control__name_2__obj_cone__direct_label__object_first,shared_floor_tile__name_2__obj_cone__physical_placement__object_first,evidence_from_direct_label,shared_floor_tile,object_subject,object_first
shared_control__name_2__obj_cone__proximity_paraphrase__object_first,shared_floor_tile__name_2__obj_cone__physical_placement__object_first,evidence_from_proximity_paraphrase,shared_floor_tile,object_subject,object_first
shared_floor_tile__name_2__obj_cone__physical_placement__person_first,shared_floor_tile__name_2__obj_cone__physical_placement__object_first,target_order,shared_floor_tile,object_subject,object_first
shared_control__name_2__obj_cone__direct_label__person_first,shared_floor_tile__name_2__obj_cone__physical_placement_fronted__person_first,evidence_from_direct_label,shared_floor_tile,fronted_location,person_first
shared_control__name_2__obj_cone__proximity_paraphrase__person_first,shared_floor_tile__name_2__obj_cone__physical_placement_fronted__person_first,evidence_from_proximity_paraphrase,shared_floor_tile,fronted_location,person_first
shared_floor_tile__name_2__obj_cone__physical_placement__person_first,shared_floor_tile__name_2__obj_cone__physical_placement_fronted__person_first,context_order,shared_floor_tile,fronted_location,person_first
shared_control__name_2__obj_cone__direct_label__object_first,shared_floor_tile__name_2__obj_cone__physical_placement_fronted__object_first,evidence_from_direct_label,shared_floor_tile,fronted_location,object_first
shared_control__name_2__obj_cone__proximity_paraphrase__object_first,shared_floor_tile__name_2__obj_cone__physical_placement_fronted__object_first,evidence_from_proximity_paraphrase,shared_floor_tile,fronted_location,object_first
shared_floor_tile__name_2__obj_cone__physical_placement__object_first,shared_floor_tile__name_2__obj_cone__physical_placement_fronted__object_first,context_order,shared_floor_tile,fronted_location,object_first
shared_floor_tile__name_2__obj_cone__physical_placement_fronted__person_first,shared_floor_tile__name_2__obj_cone__physical_placement_fronted__object_first,target_order,shared_floor_tile,fronted_location,object_first
shared_control__name_2__obj_cone__direct_label__person_first,shared_floor_tile__name_2__obj_cone__physical_placement_person_subject__person_first,evidence_from_direct_label,shared_floor_tile,person_subject,person_first
shared_control__name_2__obj_cone__proximity_paraphrase__person_first,shared_floor_tile__name_2__obj_cone__physical_placement_person_subject__person_first,evidence_from_proximity_paraphrase,shared_floor_tile,person_subject,person_first
shared_floor_tile__name_2__obj_cone__physical_placement__person_first,shared_floor_tile__name_2__obj_cone__physical_placement_person_subject__person_first,context_order,shared_floor_tile,person_subject,person_first
shared_control__name_2__obj_cone__direct_label__object_first,shared_floor_tile__name_2__obj_cone__physical_placement_person_subject__object_first,evidence_from_direct_label,shared_floor_tile,person_subject,object_first
shared_control__name_2__obj_cone__proximity_paraphrase__object_first,shared_floor_tile__name_2__obj_cone__physical_placement_person_subject__object_first,evidence_from_proximity_paraphrase,shared_floor_tile,person_subject,object_first
shared_floor_tile__name_2__obj_cone__physical_placement__object_first,shared_floor_tile__name_2__obj_cone__physical_placement_person_subject__object_first,context_order,shared_floor_tile,person_subject,object_first
shared_floor_tile__name_2__obj_cone__physical_placement_person_subject__person_first,shared_floor_tile__name_2__obj_cone__physical_placement_person_subject__object_first,target_order,shared_floor_tile,person_subject,object_first
shared_control__name_3__obj_ball__direct_label__person_first,shared_floor_tile__name_3__obj_ball__physical_placement__person_first,evidence_from_direct_label,shared_floor_tile,object_subject,person_first
shared_control__name_3__obj_ball__proximity_paraphrase__person_first,shared_floor_tile__name_3__obj_ball__physical_placement__person_first,evidence_from_proximity_paraphrase,shared_floor_tile,object_subject,person_first
shared_control__name_3__obj_ball__direct_label__object_first,shared_floor_tile__name_3__obj_ball__physical_placement__object_first,evidence_from_direct_label,shared_floor_tile,object_subject,object_first
shared_control__name_3__obj_ball__proximity_paraphrase__object_first,shared_floor_tile__name_3__obj_ball__physical_placement__object_first,evidence_from_proximity_paraphrase,shared_floor_tile,object_subject,object_first
shared_floor_tile__name_3__obj_ball__physical_placement__person_first,shared_floor_tile__name_3__obj_ball__physical_placement__object_first,target_order,shared_floor_tile,object_subject,object_first
shared_control__name_3__obj_ball__direct_label__person_first,shared_floor_tile__name_3__obj_ball__physical_placement_fronted__person_first,evidence_from_direct_label,shared_floor_tile,fronted_location,person_first
shared_control__name_3__obj_ball__proximity_paraphrase__person_first,shared_floor_tile__name_3__obj_ball__physical_placement_fronted__person_first,evidence_from_proximity_paraphrase,shared_floor_tile,fronted_location,person_first
shared_floor_tile__name_3__obj_ball__physical_placement__person_first,shared_floor_tile__name_3__obj_ball__physical_placement_fronted__person_first,context_order,shared_floor_tile,fronted_location,person_first
shared_control__name_3__obj_ball__direct_label__object_first,shared_floor_tile__name_3__obj_ball__physical_placement_fronted__object_first,evidence_from_direct_label,shared_floor_tile,fronted_location,object_first
shared_control__name_3__obj_ball__proximity_paraphrase__object_first,shared_floor_tile__name_3__obj_ball__physical_placement_fronted__object_first,evidence_from_proximity_paraphrase,shared_floor_tile,fronted_location,object_first
shared_floor_tile__name_3__obj_ball__physical_placement__object_first,shared_floor_tile__name_3__obj_ball__physical_placement_fronted__object_first,context_order,shared_floor_tile,fronted_location,object_first
shared_floor_tile__name_3__obj_ball__physical_placement_fronted__person_first,shared_floor_tile__name_3__obj_ball__physical_placement_fronted__object_first,target_order,shared_floor_tile,fronted_location,object_first
shared_control__name_3__obj_ball__direct_label__person_first,shared_floor_tile__name_3__obj_ball__physical_placement_person_subject__person_first,evidence_from_direct_label,shared_floor_tile,person_subject,person_first
shared_control__name_3__obj_ball__proximity_paraphrase__person_first,shared_floor_tile__name_3__obj_ball__physical_placement_person_subject__person_first,evidence_from_proximity_paraphrase,shared_floor_tile,person_subject,person_first
shared_floor_tile__name_3__obj_ball__physical_placement__person_first,shared_floor_tile__name_3__obj_ball__physical_placement_person_subject__person_first,context_order,shared_floor_tile,person_subject,person_first
shared_control__name_3__obj_ball__direct_label__object_first,shared_floor_tile__name_3__obj_ball__physical_placement_person_subject__object_first,evidence_from_direct_label,shared_floor_tile,person_subject,object_first
shared_control__name_3__obj_ball__proximity_paraphrase__object_first,shared_floor_tile__name_3__obj_ball__physical_placement_person_subject__object_first,evidence_from_proximity_paraphrase,shared_floor_tile,person_subject,object_first
shared_floor_tile__name_3__obj_ball__physical_placement__object_first,shared_floor_tile__name_3__obj_ball__physical_placement_person_subject__object_first,context_order,shared_floor_tile,person_subject,object_first
shared_floor_tile__name_3__obj_ball__physical_placement_person_subject__person_first,shared_floor_tile__name_3__obj_ball__physical_placement_person_subject__object_first,target_order,shared_floor_tile,person_subject,object_first
shared_control__name_3__obj_bag__direct_label__person_first,shared_floor_tile__name_3__obj_bag__physical_placement__person_first,evidence_from_direct_label,shared_floor_tile,object_subject,person_first
shared_control__name_3__obj_bag__proximity_paraphrase__person_first,shared_floor_tile__name_3__obj_bag__physical_placement__person_first,evidence_from_proximity_paraphrase,shared_floor_tile,object_subject,person_first
shared_control__name_3__obj_bag__direct_label__object_first,shared_floor_tile__name_3__obj_bag__physical_placement__object_first,evidence_from_direct_label,shared_floor_tile,object_subject,object_first
shared_control__name_3__obj_bag__proximity_paraphrase__object_first,shared_floor_tile__name_3__obj_bag__physical_placement__object_first,evidence_from_proximity_paraphrase,shared_floor_tile,object_subject,object_first
shared_floor_tile__name_3__obj_bag__physical_placement__person_first,shared_floor_tile__name_3__obj_bag__physical_placement__object_first,target_order,shared_floor_tile,object_subject,object_first
shared_control__name_3__obj_bag__direct_label__person_first,shared_floor_tile__name_3__obj_bag__physical_placement_fronted__person_first,evidence_from_direct_label,shared_floor_tile,fronted_location,person_first
shared_control__name_3__obj_bag__proximity_paraphrase__person_first,shared_floor_tile__name_3__obj_bag__physical_placement_fronted__person_first,evidence_from_proximity_paraphrase,shared_floor_tile,fronted_location,person_first
shared_floor_tile__name_3__obj_bag__physical_placement__person_first,shared_floor_tile__name_3__obj_bag__physical_placement_fronted__person_first,context_order,shared_floor_tile,fronted_location,person_first
shared_control__name_3__obj_bag__direct_label__object_first,shared_floor_tile__name_3__obj_bag__physical_placement_fronted__object_first,evidence_from_direct_label,shared_floor_tile,fronted_location,object_first
shared_control__name_3__obj_bag__proximity_paraphrase__object_first,shared_floor_tile__name_3__obj_bag__physical_placement_fronted__object_first,evidence_from_proximity_paraphrase,shared_floor_tile,fronted_location,object_first
shared_floor_tile__name_3__obj_bag__physical_placement__object_first,shared_floor_tile__name_3__obj_bag__physical_placement_fronted__object_first,context_order,shared_floor_tile,fronted_location,object_first
shared_floor_tile__name_3__obj_bag__physical_placement_fronted__person_first,shared_floor_tile__name_3__obj_bag__physical_placement_fronted__object_first,target_order,shared_floor_tile,fronted_location,object_first
shared_control__name_3__obj_bag__direct_label__person_first,shared_floor_tile__name_3__obj_bag__physical_placement_person_subject__person_first,evidence_from_direct_label,shared_floor_tile,person_subject,person_first
shared_control__name_3__obj_bag__proximity_paraphrase__person_first,shared_floor_tile__name_3__obj_bag__physical_placement_person_subject__person_first,evidence_from_proximity_paraphrase,shared_floor_tile,person_subject,person_first
shared_floor_tile__name_3__obj_bag__physical_placement__person_first,shared_floor_tile__name_3__obj_bag__physical_placement_person_subject__person_first,context_order,shared_floor_tile,person_subject,person_first
shared_control__name_3__obj_bag__direct_label__object_first,shared_floor_tile__name_3__obj_bag__physical_placement_person_subject__object_first,evidence_from_direct_label,shared_floor_tile,person_subject,object_first
shared_control__name_3__obj_bag__proximity_paraphrase__object_first,shared_floor_tile__name_3__obj_bag__physical_placement_person_subject__object_first,evidence_from_proximity_paraphrase,shared_floor_tile,person_subject,object_first
shared_floor_tile__name_3__obj_bag__physical_placement__object_first,shared_floor_tile__name_3__obj_bag__physical_placement_person_subject__object_first,context_order,shared_floor_tile,person_subject,object_first
shared_floor_tile__name_3__obj_bag__physical_placement_person_subject__person_first,shared_floor_tile__name_3__obj_bag__physical_placement_person_subject__object_first,target_order,shared_floor_tile,person_subject,object_first
shared_control__name_3__obj_book__direct_label__person_first,shared_floor_tile__name_3__obj_book__physical_placement__person_first,evidence_from_direct_label,shared_floor_tile,object_subject,person_first
shared_control__name_3__obj_book__proximity_paraphrase__person_first,shared_floor_tile__name_3__obj_book__physical_placement__person_first,evidence_from_proximity_paraphrase,shared_floor_tile,object_subject,person_first
shared_control__name_3__obj_book__direct_label__object_first,shared_floor_tile__name_3__obj_book__physical_placement__object_first,evidence_from_direct_label,shared_floor_tile,object_subject,object_first
shared_control__name_3__obj_book__proximity_paraphrase__object_first,shared_floor_tile__name_3__obj_book__physical_placement__object_first,evidence_from_proximity_paraphrase,shared_floor_tile,object_subject,object_first
shared_floor_tile__name_3__obj_book__physical_placement__person_first,shared_floor_tile__name_3__obj_book__physical_placement__object_first,target_order,shared_floor_tile,object_subject,object_first
shared_control__name_3__obj_book__direct_label__person_first,shared_floor_tile__name_3__obj_book__physical_placement_fronted__person_first,evidence_from_direct_label,shared_floor_tile,fronted_location,person_first
shared_control__name_3__obj_book__proximity_paraphrase__person_first,shared_floor_tile__name_3__obj_book__physical_placement_fronted__person_first,evidence_from_proximity_paraphrase,shared_floor_tile,fronted_location,person_first
shared_floor_tile__name_3__obj_book__physical_placement__person_first,shared_floor_tile__name_3__obj_book__physical_placement_fronted__person_first,context_order,shared_floor_tile,fronted_location,person_first
shared_control__name_3__obj_book__direct_label__object_first,shared_floor_tile__name_3__obj_book__physical_placement_fronted__object_first,evidence_from_direct_label,shared_floor_tile,fronted_location,object_first
shared_control__name_3__obj_book__proximity_paraphrase__object_first,shared_floor_tile__name_3__obj_book__physical_placement_fronted__object_first,evidence_from_proximity_paraphrase,shared_floor_tile,fronted_location,object_first
shared_floor_tile__name_3__obj_book__physical_placement__object_first,shared_floor_tile__name_3__obj_book__physical_placement_fronted__object_first,context_order,shared_floor_tile,fronted_location,object_first
shared_floor_tile__name_3__obj_book__physical_placement_fronted__person_first,shared_floor_tile__name_3__obj_book__physical_placement_fronted__object_first,target_order,shared_floor_tile,fronted_location,object_first
shared_control__name_3__obj_book__direct_label__person_first,shared_floor_tile__name_3__obj_book__physical_placement_person_subject__person_first,evidence_from_direct_label,shared_floor_tile,person_subject,person_first
shared_control__name_3__obj_book__proximity_paraphrase__person_first,shared_floor_tile__name_3__obj_book__physical_placement_person_subject__person_first,evidence_from_proximity_paraphrase,shared_floor_tile,person_subject,person_first
shared_floor_tile__name_3__obj_book__physical_placement__person_first,shared_floor_tile__name_3__obj_book__physical_placement_person_subject__person_first,context_order,shared_floor_tile,person_subject,person_first
shared_control__name_3__obj_book__direct_label__object_first,shared_floor_tile__name_3__obj_book__physical_placement_person_subject__object_first,evidence_from_direct_label,shared_floor_tile,person_subject,object_first
shared_control__name_3__obj_book__proximity_paraphrase__object_first,shared_floor_tile__name_3__obj_book__physical_placement_person_subject__object_first,evidence_from_proximity_paraphrase,shared_floor_tile,person_subject,object_first
shared_floor_tile__name_3__obj_book__physical_placement__object_first,shared_floor_tile__name_3__obj_book__physical_placement_person_subject__object_first,context_order,shared_floor_tile,person_subject,object_first
shared_floor_tile__name_3__obj_book__physical_placement_person_subject__person_first,shared_floor_tile__name_3__obj_book__physical_placement_person_subject__object_first,target_order,shared_floor_tile,person_subject,object_first
shared_control__name_3__obj_cone__direct_label__person_first,shared_floor_tile__name_3__obj_cone__physical_placement__person_first,evidence_from_direct_label,shared_floor_tile,object_subject,person_first
shared_control__name_3__obj_cone__proximity_paraphrase__person_first,shared_floor_tile__name_3__obj_cone__physical_placement__person_first,evidence_from_proximity_paraphrase,shared_floor_tile,object_subject,person_first
shared_control__name_3__obj_cone__direct_label__object_first,shared_floor_tile__name_3__obj_cone__physical_placement__object_first,evidence_from_direct_label,shared_floor_tile,object_subject,object_first
shared_control__name_3__obj_cone__proximity_paraphrase__object_first,shared_floor_tile__name_3__obj_cone__physical_placement__object_first,evidence_from_proximity_paraphrase,shared_floor_tile,object_subject,object_first
shared_floor_tile__name_3__obj_cone__physical_placement__person_first,shared_floor_tile__name_3__obj_cone__physical_placement__object_first,target_order,shared_floor_tile,object_subject,object_first
shared_control__name_3__obj_cone__direct_label__person_first,shared_floor_tile__name_3__obj_cone__physical_placement_fronted__person_first,evidence_from_direct_label,shared_floor_tile,fronted_location,person_first
shared_control__name_3__obj_cone__proximity_paraphrase__person_first,shared_floor_tile__name_3__obj_cone__physical_placement_fronted__person_first,evidence_from_proximity_paraphrase,shared_floor_tile,fronted_location,person_first
shared_floor_tile__name_3__obj_cone__physical_placement__person_first,shared_floor_tile__name_3__obj_cone__physical_placement_fronted__person_first,context_order,shared_floor_tile,fronted_location,person_first
shared_control__name_3__obj_cone__direct_label__object_first,shared_floor_tile__name_3__obj_cone__physical_placement_fronted__object_first,evidence_from_direct_label,shared_floor_tile,fronted_location,object_first
shared_control__name_3__obj_cone__proximity_paraphrase__object_first,shared_floor_tile__name_3__obj_cone__physical_placement_fronted__object_first,evidence_from_proximity_paraphrase,shared_floor_tile,fronted_location,object_first
shared_floor_tile__name_3__obj_cone__physical_placement__object_first,shared_floor_tile__name_3__obj_cone__physical_placement_fronted__object_first,context_order,shared_floor_tile,fronted_location,object_first
shared_floor_tile__name_3__obj_cone__physical_placement_fronted__person_first,shared_floor_tile__name_3__obj_cone__physical_placement_fronted__object_first,target_order,shared_floor_tile,fronted_location,object_first
shared_control__name_3__obj_cone__direct_label__person_first,shared_floor_tile__name_3__obj_cone__physical_placement_person_subject__person_first,evidence_from_direct_label,shared_floor_tile,person_subject,person_first
shared_control__name_3__obj_cone__proximity_paraphrase__person_first,shared_floor_tile__name_3__obj_cone__physical_placement_person_subject__person_first,evidence_from_proximity_paraphrase,shared_floor_tile,person_subject,person_first
shared_floor_tile__name_3__obj_cone__physical_placement__person_first,shared_floor_tile__name_3__obj_cone__physical_placement_person_subject__person_first,context_order,shared_floor_tile,person_subject,person_first
shared_control__name_3__obj_cone__direct_label__object_first,shared_floor_tile__name_3__obj_cone__physical_placement_person_subject__object_first,evidence_from_direct_label,shared_floor_tile,person_subject,object_first
shared_control__name_3__obj_cone__proximity_paraphrase__object_first,shared_floor_tile__name_3__obj_cone__physical_placement_person_subject__object_first,evidence_from_proximity_paraphrase,shared_floor_tile,person_subject,object_first
shared_floor_tile__name_3__obj_cone__physical_placement__object_first,shared_floor_tile__name_3__obj_cone__physical_placement_person_subject__object_first,context_order,shared_floor_tile,person_subject,object_first
shared_floor_tile__name_3__obj_cone__physical_placement_person_subject__person_first,shared_floor_tile__name_3__obj_cone__physical_placement_person_subject__object_first,target_order,shared_floor_tile,person_subject,object_first
shared_control__name_0__obj_key__direct_label__person_first,worn_jacket_pocket__name_0__obj_key__physical_placement__person_first,evidence_from_direct_label,worn_jacket_pocket,object_subject,person_first
shared_control__name_0__obj_key__proximity_paraphrase__person_first,worn_jacket_pocket__name_0__obj_key__physical_placement__person_first,evidence_from_proximity_paraphrase,worn_jacket_pocket,object_subject,person_first
shared_control__name_0__obj_key__direct_label__object_first,worn_jacket_pocket__name_0__obj_key__physical_placement__object_first,evidence_from_direct_label,worn_jacket_pocket,object_subject,object_first
shared_control__name_0__obj_key__proximity_paraphrase__object_first,worn_jacket_pocket__name_0__obj_key__physical_placement__object_first,evidence_from_proximity_paraphrase,worn_jacket_pocket,object_subject,object_first
worn_jacket_pocket__name_0__obj_key__physical_placement__person_first,worn_jacket_pocket__name_0__obj_key__physical_placement__object_first,target_order,worn_jacket_pocket,object_subject,object_first
shared_control__name_0__obj_key__direct_label__person_first,worn_jacket_pocket__name_0__obj_key__physical_placement_fronted__person_first,evidence_from_direct_label,worn_jacket_pocket,fronted_location,person_first
shared_control__name_0__obj_key__proximity_paraphrase__person_first,worn_jacket_pocket__name_0__obj_key__physical_placement_fronted__person_first,evidence_from_proximity_paraphrase,worn_jacket_pocket,fronted_location,person_first
worn_jacket_pocket__name_0__obj_key__physical_placement__person_first,worn_jacket_pocket__name_0__obj_key__physical_placement_fronted__person_first,context_order,worn_jacket_pocket,fronted_location,person_first
shared_control__name_0__obj_key__direct_label__object_first,worn_jacket_pocket__name_0__obj_key__physical_placement_fronted__object_first,evidence_from_direct_label,worn_jacket_pocket,fronted_location,object_first
shared_control__name_0__obj_key__proximity_paraphrase__object_first,worn_jacket_pocket__name_0__obj_key__physical_placement_fronted__object_first,evidence_from_proximity_paraphrase,worn_jacket_pocket,fronted_location,object_first
worn_jacket_pocket__name_0__obj_key__physical_placement__object_first,worn_jacket_pocket__name_0__obj_key__physical_placement_fronted__object_first,context_order,worn_jacket_pocket,fronted_location,object_first
worn_jacket_pocket__name_0__obj_key__physical_placement_fronted__person_first,worn_jacket_pocket__name_0__obj_key__physical_placement_fronted__object_first,target_order,worn_jacket_pocket,fronted_location,object_first
shared_control__name_0__obj_key__direct_label__person_first,worn_jacket_pocket__name_0__obj_key__physical_placement_person_subject__person_first,evidence_from_direct_label,worn_jacket_pocket,person_subject,person_first
shared_control__name_0__obj_key__proximity_paraphrase__person_first,worn_jacket_pocket__name_0__obj_key__physical_placement_person_subject__person_first,evidence_from_proximity_paraphrase,worn_jacket_pocket,person_subject,person_first
worn_jacket_pocket__name_0__obj_key__physical_placement__person_first,worn_jacket_pocket__name_0__obj_key__physical_placement_person_subject__person_first,context_order,worn_jacket_pocket,person_subject,person_first
shared_control__name_0__obj_key__direct_label__object_first,worn_jacket_pocket__name_0__obj_key__physical_placement_person_subject__object_first,evidence_from_direct_label,worn_jacket_pocket,person_subject,object_first
shared_control__name_0__obj_key__proximity_paraphrase__object_first,worn_jacket_pocket__name_0__obj_key__physical_placement_person_subject__object_first,evidence_from_proximity_paraphrase,worn_jacket_pocket,person_subject,object_first
worn_jacket_pocket__name_0__obj_key__physical_placement__object_first,worn_jacket_pocket__name_0__obj_key__physical_placement_person_subject__object_first,context_order,worn_jacket_pocket,person_subject,object_first
worn_jacket_pocket__name_0__obj_key__physical_placement_person_subject__person_first,worn_jacket_pocket__name_0__obj_key__physical_placement_person_subject__object_first,target_order,worn_jacket_pocket,person_subject,object_first
shared_control__name_0__obj_coin__direct_label__person_first,worn_jacket_pocket__name_0__obj_coin__physical_placement__person_first,evidence_from_direct_label,worn_jacket_pocket,object_subject,person_first
shared_control__name_0__obj_coin__proximity_paraphrase__person_first,worn_jacket_pocket__name_0__obj_coin__physical_placement__person_first,evidence_from_proximity_paraphrase,worn_jacket_pocket,object_subject,person_first
shared_control__name_0__obj_coin__direct_label__object_first,worn_jacket_pocket__name_0__obj_coin__physical_placement__object_first,evidence_from_direct_label,worn_jacket_pocket,object_subject,object_first
shared_control__name_0__obj_coin__proximity_paraphrase__object_first,worn_jacket_pocket__name_0__obj_coin__physical_placement__object_first,evidence_from_proximity_paraphrase,worn_jacket_pocket,object_subject,object_first
worn_jacket_pocket__name_0__obj_coin__physical_placement__person_first,worn_jacket_pocket__name_0__obj_coin__physical_placement__object_first,target_order,worn_jacket_pocket,object_subject,object_first
shared_control__name_0__obj_coin__direct_label__person_first,worn_jacket_pocket__name_0__obj_coin__physical_placement_fronted__person_first,evidence_from_direct_label,worn_jacket_pocket,fronted_location,person_first
shared_control__name_0__obj_coin__proximity_paraphrase__person_first,worn_jacket_pocket__name_0__obj_coin__physical_placement_fronted__person_first,evidence_from_proximity_paraphrase,worn_jacket_pocket,fronted_location,person_first
worn_jacket_pocket__name_0__obj_coin__physical_placement__person_first,worn_jacket_pocket__name_0__obj_coin__physical_placement_fronted__person_first,context_order,worn_jacket_pocket,fronted_location,person_first
shared_control__name_0__obj_coin__direct_label__object_first,worn_jacket_pocket__name_0__obj_coin__physical_placement_fronted__object_first,evidence_from_direct_label,worn_jacket_pocket,fronted_location,object_first
shared_control__name_0__obj_coin__proximity_paraphrase__object_first,worn_jacket_pocket__name_0__obj_coin__physical_placement_fronted__object_first,evidence_from_proximity_paraphrase,worn_jacket_pocket,fronted_location,object_first
worn_jacket_pocket__name_0__obj_coin__physical_placement__object_first,worn_jacket_pocket__name_0__obj_coin__physical_placement_fronted__object_first,context_order,worn_jacket_pocket,fronted_location,object_first
worn_jacket_pocket__name_0__obj_coin__physical_placement_fronted__person_first,worn_jacket_pocket__name_0__obj_coin__physical_placement_fronted__object_first,target_order,worn_jacket_pocket,fronted_location,object_first
shared_control__name_0__obj_coin__direct_label__person_first,worn_jacket_pocket__name_0__obj_coin__physical_placement_person_subject__person_first,evidence_from_direct_label,worn_jacket_pocket,person_subject,person_first
shared_control__name_0__obj_coin__proximity_paraphrase__person_first,worn_jacket_pocket__name_0__obj_coin__physical_placement_person_subject__person_first,evidence_from_proximity_paraphrase,worn_jacket_pocket,person_subject,person_first
worn_jacket_pocket__name_0__obj_coin__physical_placement__person_first,worn_jacket_pocket__name_0__obj_coin__physical_placement_person_subject__person_first,context_order,worn_jacket_pocket,person_subject,person_first
shared_control__name_0__obj_coin__direct_label__object_first,worn_jacket_pocket__name_0__obj_coin__physical_placement_person_subject__object_first,evidence_from_direct_label,worn_jacket_pocket,person_subject,object_first
shared_control__name_0__obj_coin__proximity_paraphrase__object_first,worn_jacket_pocket__name_0__obj_coin__physical_placement_person_subject__object_first,evidence_from_proximity_paraphrase,worn_jacket_pocket,person_subject,object_first
worn_jacket_pocket__name_0__obj_coin__physical_placement__object_first,worn_jacket_pocket__name_0__obj_coin__physical_placement_person_subject__object_first,context_order,worn_jacket_pocket,person_subject,object_first
worn_jacket_pocket__name_0__obj_coin__physical_placement_person_subject__person_first,worn_jacket_pocket__name_0__obj_coin__physical_placement_person_subject__object_first,target_order,worn_jacket_pocket,person_subject,object_first
shared_control__name_0__obj_marble__direct_label__person_first,worn_jacket_pocket__name_0__obj_marble__physical_placement__person_first,evidence_from_direct_label,worn_jacket_pocket,object_subject,person_first
shared_control__name_0__obj_marble__proximity_paraphrase__person_first,worn_jacket_pocket__name_0__obj_marble__physical_placement__person_first,evidence_from_proximity_paraphrase,worn_jacket_pocket,object_subject,person_first
shared_control__name_0__obj_marble__direct_label__object_first,worn_jacket_pocket__name_0__obj_marble__physical_placement__object_first,evidence_from_direct_label,worn_jacket_pocket,object_subject,object_first
shared_control__name_0__obj_marble__proximity_paraphrase__object_first,worn_jacket_pocket__name_0__obj_marble__physical_placement__object_first,evidence_from_proximity_paraphrase,worn_jacket_pocket,object_subject,object_first
worn_jacket_pocket__name_0__obj_marble__physical_placement__person_first,worn_jacket_pocket__name_0__obj_marble__physical_placement__object_first,target_order,worn_jacket_pocket,object_subject,object_first
shared_control__name_0__obj_marble__direct_label__person_first,worn_jacket_pocket__name_0__obj_marble__physical_placement_fronted__person_first,evidence_from_direct_label,worn_jacket_pocket,fronted_location,person_first
shared_control__name_0__obj_marble__proximity_paraphrase__person_first,worn_jacket_pocket__name_0__obj_marble__physical_placement_fronted__person_first,evidence_from_proximity_paraphrase,worn_jacket_pocket,fronted_location,person_first
worn_jacket_pocket__name_0__obj_marble__physical_placement__person_first,worn_jacket_pocket__name_0__obj_marble__physical_placement_fronted__person_first,context_order,worn_jacket_pocket,fronted_location,person_first
shared_control__name_0__obj_marble__direct_label__object_first,worn_jacket_pocket__name_0__obj_marble__physical_placement_fronted__object_first,evidence_from_direct_label,worn_jacket_pocket,fronted_location,object_first
shared_control__name_0__obj_marble__proximity_paraphrase__object_first,worn_jacket_pocket__name_0__obj_marble__physical_placement_fronted__object_first,evidence_from_proximity_paraphrase,worn_jacket_pocket,fronted_location,object_first
worn_jacket_pocket__name_0__obj_marble__physical_placement__object_first,worn_jacket_pocket__name_0__obj_marble__physical_placement_fronted__object_first,context_order,worn_jacket_pocket,fronted_location,object_first
worn_jacket_pocket__name_0__obj_marble__physical_placement_fronted__person_first,worn_jacket_pocket__name_0__obj_marble__physical_placement_fronted__object_first,target_order,worn_jacket_pocket,fronted_location,object_first
shared_control__name_0__obj_marble__direct_label__person_first,worn_jacket_pocket__name_0__obj_marble__physical_placement_person_subject__person_first,evidence_from_direct_label,worn_jacket_pocket,person_subject,person_first
shared_control__name_0__obj_marble__proximity_paraphrase__person_first,worn_jacket_pocket__name_0__obj_marble__physical_placement_person_subject__person_first,evidence_from_proximity_paraphrase,worn_jacket_pocket,person_subject,person_first
worn_jacket_pocket__name_0__obj_marble__physical_placement__person_first,worn_jacket_pocket__name_0__obj_marble__physical_placement_person_subject__person_first,context_order,worn_jacket_pocket,person_subject,person_first
shared_control__name_0__obj_marble__direct_label__object_first,worn_jacket_pocket__name_0__obj_marble__physical_placement_person_subject__object_first,evidence_from_direct_label,worn_jacket_pocket,person_subject,object_first
shared_control__name_0__obj_marble__proximity_paraphrase__object_first,worn_jacket_pocket__name_0__obj_marble__physical_placement_person_subject__object_first,evidence_from_proximity_paraphrase,worn_jacket_pocket,person_subject,object_first
worn_jacket_pocket__name_0__obj_marble__physical_placement__object_first,worn_jacket_pocket__name_0__obj_marble__physical_placement_person_subject__object_first,context_order,worn_jacket_pocket,person_subject,object_first
worn_jacket_pocket__name_0__obj_marble__physical_placement_person_subject__person_first,worn_jacket_pocket__name_0__obj_marble__physical_placement_person_subject__object_first,target_order,worn_jacket_pocket,person_subject,object_first
shared_control__name_0__obj_pebble__direct_label__person_first,worn_jacket_pocket__name_0__obj_pebble__physical_placement__person_first,evidence_from_direct_label,worn_jacket_pocket,object_subject,person_first
shared_control__name_0__obj_pebble__proximity_paraphrase__person_first,worn_jacket_pocket__name_0__obj_pebble__physical_placement__person_first,evidence_from_proximity_paraphrase,worn_jacket_pocket,object_subject,person_first
shared_control__name_0__obj_pebble__direct_label__object_first,worn_jacket_pocket__name_0__obj_pebble__physical_placement__object_first,evidence_from_direct_label,worn_jacket_pocket,object_subject,object_first
shared_control__name_0__obj_pebble__proximity_paraphrase__object_first,worn_jacket_pocket__name_0__obj_pebble__physical_placement__object_first,evidence_from_proximity_paraphrase,worn_jacket_pocket,object_subject,object_first
worn_jacket_pocket__name_0__obj_pebble__physical_placement__person_first,worn_jacket_pocket__name_0__obj_pebble__physical_placement__object_first,target_order,worn_jacket_pocket,object_subject,object_first
shared_control__name_0__obj_pebble__direct_label__person_first,worn_jacket_pocket__name_0__obj_pebble__physical_placement_fronted__person_first,evidence_from_direct_label,worn_jacket_pocket,fronted_location,person_first
shared_control__name_0__obj_pebble__proximity_paraphrase__person_first,worn_jacket_pocket__name_0__obj_pebble__physical_placement_fronted__person_first,evidence_from_proximity_paraphrase,worn_jacket_pocket,fronted_location,person_first
worn_jacket_pocket__name_0__obj_pebble__physical_placement__person_first,worn_jacket_pocket__name_0__obj_pebble__physical_placement_fronted__person_first,context_order,worn_jacket_pocket,fronted_location,person_first
shared_control__name_0__obj_pebble__direct_label__object_first,worn_jacket_pocket__name_0__obj_pebble__physical_placement_fronted__object_first,evidence_from_direct_label,worn_jacket_pocket,fronted_location,object_first
shared_control__name_0__obj_pebble__proximity_paraphrase__object_first,worn_jacket_pocket__name_0__obj_pebble__physical_placement_fronted__object_first,evidence_from_proximity_paraphrase,worn_jacket_pocket,fronted_location,object_first
worn_jacket_pocket__name_0__obj_pebble__physical_placement__object_first,worn_jacket_pocket__name_0__obj_pebble__physical_placement_fronted__object_first,context_order,worn_jacket_pocket,fronted_location,object_first
worn_jacket_pocket__name_0__obj_pebble__physical_placement_fronted__person_first,worn_jacket_pocket__name_0__obj_pebble__physical_placement_fronted__object_first,target_order,worn_jacket_pocket,fronted_location,object_first
shared_control__name_0__obj_pebble__direct_label__person_first,worn_jacket_pocket__name_0__obj_pebble__physical_placement_person_subject__person_first,evidence_from_direct_label,worn_jacket_pocket,person_subject,person_first
shared_control__name_0__obj_pebble__proximity_paraphrase__person_first,worn_jacket_pocket__name_0__obj_pebble__physical_placement_person_subject__person_first,evidence_from_proximity_paraphrase,worn_jacket_pocket,person_subject,person_first
worn_jacket_pocket__name_0__obj_pebble__physical_placement__person_first,worn_jacket_pocket__name_0__obj_pebble__physical_placement_person_subject__person_first,context_order,worn_jacket_pocket,person_subject,person_first
shared_control__name_0__obj_pebble__direct_label__object_first,worn_jacket_pocket__name_0__obj_pebble__physical_placement_person_subject__object_first,evidence_from_direct_label,worn_jacket_pocket,person_subject,object_first
shared_control__name_0__obj_pebble__proximity_paraphrase__object_first,worn_jacket_pocket__name_0__obj_pebble__physical_placement_person_subject__object_first,evidence_from_proximity_paraphrase,worn_jacket_pocket,person_subject,object_first
worn_jacket_pocket__name_0__obj_pebble__physical_placement__object_first,worn_jacket_pocket__name_0__obj_pebble__physical_placement_person_subject__object_first,context_order,worn_jacket_pocket,person_subject,object_first
worn_jacket_pocket__name_0__obj_pebble__physical_placement_person_subject__person_first,worn_jacket_pocket__name_0__obj_pebble__physical_placement_person_subject__object_first,target_order,worn_jacket_pocket,person_subject,object_first
shared_control__name_1__obj_key__direct_label__person_first,worn_jacket_pocket__name_1__obj_key__physical_placement__person_first,evidence_from_direct_label,worn_jacket_pocket,object_subject,person_first
shared_control__name_1__obj_key__proximity_paraphrase__person_first,worn_jacket_pocket__name_1__obj_key__physical_placement__person_first,evidence_from_proximity_paraphrase,worn_jacket_pocket,object_subject,person_first
shared_control__name_1__obj_key__direct_label__object_first,worn_jacket_pocket__name_1__obj_key__physical_placement__object_first,evidence_from_direct_label,worn_jacket_pocket,object_subject,object_first
shared_control__name_1__obj_key__proximity_paraphrase__object_first,worn_jacket_pocket__name_1__obj_key__physical_placement__object_first,evidence_from_proximity_paraphrase,worn_jacket_pocket,object_subject,object_first
worn_jacket_pocket__name_1__obj_key__physical_placement__person_first,worn_jacket_pocket__name_1__obj_key__physical_placement__object_first,target_order,worn_jacket_pocket,object_subject,object_first
shared_control__name_1__obj_key__direct_label__person_first,worn_jacket_pocket__name_1__obj_key__physical_placement_fronted__person_first,evidence_from_direct_label,worn_jacket_pocket,fronted_location,person_first
shared_control__name_1__obj_key__proximity_paraphrase__person_first,worn_jacket_pocket__name_1__obj_key__physical_placement_fronted__person_first,evidence_from_proximity_paraphrase,worn_jacket_pocket,fronted_location,person_first
worn_jacket_pocket__name_1__obj_key__physical_placement__person_first,worn_jacket_pocket__name_1__obj_key__physical_placement_fronted__person_first,context_order,worn_jacket_pocket,fronted_location,person_first
shared_control__name_1__obj_key__direct_label__object_first,worn_jacket_pocket__name_1__obj_key__physical_placement_fronted__object_first,evidence_from_direct_label,worn_jacket_pocket,fronted_location,object_first
shared_control__name_1__obj_key__proximity_paraphrase__object_first,worn_jacket_pocket__name_1__obj_key__physical_placement_fronted__object_first,evidence_from_proximity_paraphrase,worn_jacket_pocket,fronted_location,object_first
worn_jacket_pocket__name_1__obj_key__physical_placement__object_first,worn_jacket_pocket__name_1__obj_key__physical_placement_fronted__object_first,context_order,worn_jacket_pocket,fronted_location,object_first
worn_jacket_pocket__name_1__obj_key__physical_placement_fronted__person_first,worn_jacket_pocket__name_1__obj_key__physical_placement_fronted__object_first,target_order,worn_jacket_pocket,fronted_location,object_first
shared_control__name_1__obj_key__direct_label__person_first,worn_jacket_pocket__name_1__obj_key__physical_placement_person_subject__person_first,evidence_from_direct_label,worn_jacket_pocket,person_subject,person_first
shared_control__name_1__obj_key__proximity_paraphrase__person_first,worn_jacket_pocket__name_1__obj_key__physical_placement_person_subject__person_first,evidence_from_proximity_paraphrase,worn_jacket_pocket,person_subject,person_first
worn_jacket_pocket__name_1__obj_key__physical_placement__person_first,worn_jacket_pocket__name_1__obj_key__physical_placement_person_subject__person_first,context_order,worn_jacket_pocket,person_subject,person_first
shared_control__name_1__obj_key__direct_label__object_first,worn_jacket_pocket__name_1__obj_key__physical_placement_person_subject__object_first,evidence_from_direct_label,worn_jacket_pocket,person_subject,object_first
shared_control__name_1__obj_key__proximity_paraphrase__object_first,worn_jacket_pocket__name_1__obj_key__physical_placement_person_subject__object_first,evidence_from_proximity_paraphrase,worn_jacket_pocket,person_subject,object_first
worn_jacket_pocket__name_1__obj_key__physical_placement__object_first,worn_jacket_pocket__name_1__obj_key__physical_placement_person_subject__object_first,context_order,worn_jacket_pocket,person_subject,object_first
worn_jacket_pocket__name_1__obj_key__physical_placement_person_subject__person_first,worn_jacket_pocket__name_1__obj_key__physical_placement_person_subject__object_first,target_order,worn_jacket_pocket,person_subject,object_first
shared_control__name_1__obj_coin__direct_label__person_first,worn_jacket_pocket__name_1__obj_coin__physical_placement__person_first,evidence_from_direct_label,worn_jacket_pocket,object_subject,person_first
shared_control__name_1__obj_coin__proximity_paraphrase__person_first,worn_jacket_pocket__name_1__obj_coin__physical_placement__person_first,evidence_from_proximity_paraphrase,worn_jacket_pocket,object_subject,person_first
shared_control__name_1__obj_coin__direct_label__object_first,worn_jacket_pocket__name_1__obj_coin__physical_placement__object_first,evidence_from_direct_label,worn_jacket_pocket,object_subject,object_first
shared_control__name_1__obj_coin__proximity_paraphrase__object_first,worn_jacket_pocket__name_1__obj_coin__physical_placement__object_first,evidence_from_proximity_paraphrase,worn_jacket_pocket,object_subject,object_first
worn_jacket_pocket__name_1__obj_coin__physical_placement__person_first,worn_jacket_pocket__name_1__obj_coin__physical_placement__object_first,target_order,worn_jacket_pocket,object_subject,object_first
shared_control__name_1__obj_coin__direct_label__person_first,worn_jacket_pocket__name_1__obj_coin__physical_placement_fronted__person_first,evidence_from_direct_label,worn_jacket_pocket,fronted_location,person_first
shared_control__name_1__obj_coin__proximity_paraphrase__person_first,worn_jacket_pocket__name_1__obj_coin__physical_placement_fronted__person_first,evidence_from_proximity_paraphrase,worn_jacket_pocket,fronted_location,person_first
worn_jacket_pocket__name_1__obj_coin__physical_placement__person_first,worn_jacket_pocket__name_1__obj_coin__physical_placement_fronted__person_first,context_order,worn_jacket_pocket,fronted_location,person_first
shared_control__name_1__obj_coin__direct_label__object_first,worn_jacket_pocket__name_1__obj_coin__physical_placement_fronted__object_first,evidence_from_direct_label,worn_jacket_pocket,fronted_location,object_first
shared_control__name_1__obj_coin__proximity_paraphrase__object_first,worn_jacket_pocket__name_1__obj_coin__physical_placement_fronted__object_first,evidence_from_proximity_paraphrase,worn_jacket_pocket,fronted_location,object_first
worn_jacket_pocket__name_1__obj_coin__physical_placement__object_first,worn_jacket_pocket__name_1__obj_coin__physical_placement_fronted__object_first,context_order,worn_jacket_pocket,fronted_location,object_first
worn_jacket_pocket__name_1__obj_coin__physical_placement_fronted__person_first,worn_jacket_pocket__name_1__obj_coin__physical_placement_fronted__object_first,target_order,worn_jacket_pocket,fronted_location,object_first
shared_control__name_1__obj_coin__direct_label__person_first,worn_jacket_pocket__name_1__obj_coin__physical_placement_person_subject__person_first,evidence_from_direct_label,worn_jacket_pocket,person_subject,person_first
shared_control__name_1__obj_coin__proximity_paraphrase__person_first,worn_jacket_pocket__name_1__obj_coin__physical_placement_person_subject__person_first,evidence_from_proximity_paraphrase,worn_jacket_pocket,person_subject,person_first
worn_jacket_pocket__name_1__obj_coin__physical_placement__person_first,worn_jacket_pocket__name_1__obj_coin__physical_placement_person_subject__person_first,context_order,worn_jacket_pocket,person_subject,person_first
shared_control__name_1__obj_coin__direct_label__object_first,worn_jacket_pocket__name_1__obj_coin__physical_placement_person_subject__object_first,evidence_from_direct_label,worn_jacket_pocket,person_subject,object_first
shared_control__name_1__obj_coin__proximity_paraphrase__object_first,worn_jacket_pocket__name_1__obj_coin__physical_placement_person_subject__object_first,evidence_from_proximity_paraphrase,worn_jacket_pocket,person_subject,object_first
worn_jacket_pocket__name_1__obj_coin__physical_placement__object_first,worn_jacket_pocket__name_1__obj_coin__physical_placement_person_subject__object_first,context_order,worn_jacket_pocket,person_subject,object_first
worn_jacket_pocket__name_1__obj_coin__physical_placement_person_subject__person_first,worn_jacket_pocket__name_1__obj_coin__physical_placement_person_subject__object_first,target_order,worn_jacket_pocket,person_subject,object_first
shared_control__name_1__obj_marble__direct_label__person_first,worn_jacket_pocket__name_1__obj_marble__physical_placement__person_first,evidence_from_direct_label,worn_jacket_pocket,object_subject,person_first
shared_control__name_1__obj_marble__proximity_paraphrase__person_first,worn_jacket_pocket__name_1__obj_marble__physical_placement__person_first,evidence_from_proximity_paraphrase,worn_jacket_pocket,object_subject,person_first
shared_control__name_1__obj_marble__direct_label__object_first,worn_jacket_pocket__name_1__obj_marble__physical_placement__object_first,evidence_from_direct_label,worn_jacket_pocket,object_subject,object_first
shared_control__name_1__obj_marble__proximity_paraphrase__object_first,worn_jacket_pocket__name_1__obj_marble__physical_placement__object_first,evidence_from_proximity_paraphrase,worn_jacket_pocket,object_subject,object_first
worn_jacket_pocket__name_1__obj_marble__physical_placement__person_first,worn_jacket_pocket__name_1__obj_marble__physical_placement__object_first,target_order,worn_jacket_pocket,object_subject,object_first
shared_control__name_1__obj_marble__direct_label__person_first,worn_jacket_pocket__name_1__obj_marble__physical_placement_fronted__person_first,evidence_from_direct_label,worn_jacket_pocket,fronted_location,person_first
shared_control__name_1__obj_marble__proximity_paraphrase__person_first,worn_jacket_pocket__name_1__obj_marble__physical_placement_fronted__person_first,evidence_from_proximity_paraphrase,worn_jacket_pocket,fronted_location,person_first
worn_jacket_pocket__name_1__obj_marble__physical_placement__person_first,worn_jacket_pocket__name_1__obj_marble__physical_placement_fronted__person_first,context_order,worn_jacket_pocket,fronted_location,person_first
shared_control__name_1__obj_marble__direct_label__object_first,worn_jacket_pocket__name_1__obj_marble__physical_placement_fronted__object_first,evidence_from_direct_label,worn_jacket_pocket,fronted_location,object_first
shared_control__name_1__obj_marble__proximity_paraphrase__object_first,worn_jacket_pocket__name_1__obj_marble__physical_placement_fronted__object_first,evidence_from_proximity_paraphrase,worn_jacket_pocket,fronted_location,object_first
worn_jacket_pocket__name_1__obj_marble__physical_placement__object_first,worn_jacket_pocket__name_1__obj_marble__physical_placement_fronted__object_first,context_order,worn_jacket_pocket,fronted_location,object_first
worn_jacket_pocket__name_1__obj_marble__physical_placement_fronted__person_first,worn_jacket_pocket__name_1__obj_marble__physical_placement_fronted__object_first,target_order,worn_jacket_pocket,fronted_location,object_first
shared_control__name_1__obj_marble__direct_label__person_first,worn_jacket_pocket__name_1__obj_marble__physical_placement_person_subject__person_first,evidence_from_direct_label,worn_jacket_pocket,person_subject,person_first
shared_control__name_1__obj_marble__proximity_paraphrase__person_first,worn_jacket_pocket__name_1__obj_marble__physical_placement_person_subject__person_first,evidence_from_proximity_paraphrase,worn_jacket_pocket,person_subject,person_first
worn_jacket_pocket__name_1__obj_marble__physical_placement__person_first,worn_jacket_pocket__name_1__obj_marble__physical_placement_person_subject__person_first,context_order,worn_jacket_pocket,person_subject,person_first
shared_control__name_1__obj_marble__direct_label__object_first,worn_jacket_pocket__name_1__obj_marble__physical_placement_person_subject__object_first,evidence_from_direct_label,worn_jacket_pocket,person_subject,object_first
shared_control__name_1__obj_marble__proximity_paraphrase__object_first,worn_jacket_pocket__name_1__obj_marble__physical_placement_person_subject__object_first,evidence_from_proximity_paraphrase,worn_jacket_pocket,person_subject,object_first
worn_jacket_pocket__name_1__obj_marble__physical_placement__object_first,worn_jacket_pocket__name_1__obj_marble__physical_placement_person_subject__object_first,context_order,worn_jacket_pocket,person_subject,object_first
worn_jacket_pocket__name_1__obj_marble__physical_placement_person_subject__person_first,worn_jacket_pocket__name_1__obj_marble__physical_placement_person_subject__object_first,target_order,worn_jacket_pocket,person_subject,object_first
shared_control__name_1__obj_pebble__direct_label__person_first,worn_jacket_pocket__name_1__obj_pebble__physical_placement__person_first,evidence_from_direct_label,worn_jacket_pocket,object_subject,person_first
shared_control__name_1__obj_pebble__proximity_paraphrase__person_first,worn_jacket_pocket__name_1__obj_pebble__physical_placement__person_first,evidence_from_proximity_paraphrase,worn_jacket_pocket,object_subject,person_first
shared_control__name_1__obj_pebble__direct_label__object_first,worn_jacket_pocket__name_1__obj_pebble__physical_placement__object_first,evidence_from_direct_label,worn_jacket_pocket,object_subject,object_first
shared_control__name_1__obj_pebble__proximity_paraphrase__object_first,worn_jacket_pocket__name_1__obj_pebble__physical_placement__object_first,evidence_from_proximity_paraphrase,worn_jacket_pocket,object_subject,object_first
worn_jacket_pocket__name_1__obj_pebble__physical_placement__person_first,worn_jacket_pocket__name_1__obj_pebble__physical_placement__object_first,target_order,worn_jacket_pocket,object_subject,object_first
shared_control__name_1__obj_pebble__direct_label__person_first,worn_jacket_pocket__name_1__obj_pebble__physical_placement_fronted__person_first,evidence_from_direct_label,worn_jacket_pocket,fronted_location,person_first
shared_control__name_1__obj_pebble__proximity_paraphrase__person_first,worn_jacket_pocket__name_1__obj_pebble__physical_placement_fronted__person_first,evidence_from_proximity_paraphrase,worn_jacket_pocket,fronted_location,person_first
worn_jacket_pocket__name_1__obj_pebble__physical_placement__person_first,worn_jacket_pocket__name_1__obj_pebble__physical_placement_fronted__person_first,context_order,worn_jacket_pocket,fronted_location,person_first
shared_control__name_1__obj_pebble__direct_label__object_first,worn_jacket_pocket__name_1__obj_pebble__physical_placement_fronted__object_first,evidence_from_direct_label,worn_jacket_pocket,fronted_location,object_first
shared_control__name_1__obj_pebble__proximity_paraphrase__object_first,worn_jacket_pocket__name_1__obj_pebble__physical_placement_fronted__object_first,evidence_from_proximity_paraphrase,worn_jacket_pocket,fronted_location,object_first
worn_jacket_pocket__name_1__obj_pebble__physical_placement__object_first,worn_jacket_pocket__name_1__obj_pebble__physical_placement_fronted__object_first,context_order,worn_jacket_pocket,fronted_location,object_first
worn_jacket_pocket__name_1__obj_pebble__physical_placement_fronted__person_first,worn_jacket_pocket__name_1__obj_pebble__physical_placement_fronted__object_first,target_order,worn_jacket_pocket,fronted_location,object_first
shared_control__name_1__obj_pebble__direct_label__person_first,worn_jacket_pocket__name_1__obj_pebble__physical_placement_person_subject__person_first,evidence_from_direct_label,worn_jacket_pocket,person_subject,person_first
shared_control__name_1__obj_pebble__proximity_paraphrase__person_first,worn_jacket_pocket__name_1__obj_pebble__physical_placement_person_subject__person_first,evidence_from_proximity_paraphrase,worn_jacket_pocket,person_subject,person_first
worn_jacket_pocket__name_1__obj_pebble__physical_placement__person_first,worn_jacket_pocket__name_1__obj_pebble__physical_placement_person_subject__person_first,context_order,worn_jacket_pocket,person_subject,person_first
shared_control__name_1__obj_pebble__direct_label__object_first,worn_jacket_pocket__name_1__obj_pebble__physical_placement_person_subject__object_first,evidence_from_direct_label,worn_jacket_pocket,person_subject,object_first
shared_control__name_1__obj_pebble__proximity_paraphrase__object_first,worn_jacket_pocket__name_1__obj_pebble__physical_placement_person_subject__object_first,evidence_from_proximity_paraphrase,worn_jacket_pocket,person_subject,object_first
worn_jacket_pocket__name_1__obj_pebble__physical_placement__object_first,worn_jacket_pocket__name_1__obj_pebble__physical_placement_person_subject__object_first,context_order,worn_jacket_pocket,person_subject,object_first
worn_jacket_pocket__name_1__obj_pebble__physical_placement_person_subject__person_first,worn_jacket_pocket__name_1__obj_pebble__physical_placement_person_subject__object_first,target_order,worn_jacket_pocket,person_subject,object_first
shared_control__name_2__obj_key__direct_label__person_first,worn_jacket_pocket__name_2__obj_key__physical_placement__person_first,evidence_from_direct_label,worn_jacket_pocket,object_subject,person_first
shared_control__name_2__obj_key__proximity_paraphrase__person_first,worn_jacket_pocket__name_2__obj_key__physical_placement__person_first,evidence_from_proximity_paraphrase,worn_jacket_pocket,object_subject,person_first
shared_control__name_2__obj_key__direct_label__object_first,worn_jacket_pocket__name_2__obj_key__physical_placement__object_first,evidence_from_direct_label,worn_jacket_pocket,object_subject,object_first
shared_control__name_2__obj_key__proximity_paraphrase__object_first,worn_jacket_pocket__name_2__obj_key__physical_placement__object_first,evidence_from_proximity_paraphrase,worn_jacket_pocket,object_subject,object_first
worn_jacket_pocket__name_2__obj_key__physical_placement__person_first,worn_jacket_pocket__name_2__obj_key__physical_placement__object_first,target_order,worn_jacket_pocket,object_subject,object_first
shared_control__name_2__obj_key__direct_label__person_first,worn_jacket_pocket__name_2__obj_key__physical_placement_fronted__person_first,evidence_from_direct_label,worn_jacket_pocket,fronted_location,person_first
shared_control__name_2__obj_key__proximity_paraphrase__person_first,worn_jacket_pocket__name_2__obj_key__physical_placement_fronted__person_first,evidence_from_proximity_paraphrase,worn_jacket_pocket,fronted_location,person_first
worn_jacket_pocket__name_2__obj_key__physical_placement__person_first,worn_jacket_pocket__name_2__obj_key__physical_placement_fronted__person_first,context_order,worn_jacket_pocket,fronted_location,person_first
shared_control__name_2__obj_key__direct_label__object_first,worn_jacket_pocket__name_2__obj_key__physical_placement_fronted__object_first,evidence_from_direct_label,worn_jacket_pocket,fronted_location,object_first
shared_control__name_2__obj_key__proximity_paraphrase__object_first,worn_jacket_pocket__name_2__obj_key__physical_placement_fronted__object_first,evidence_from_proximity_paraphrase,worn_jacket_pocket,fronted_location,object_first
worn_jacket_pocket__name_2__obj_key__physical_placement__object_first,worn_jacket_pocket__name_2__obj_key__physical_placement_fronted__object_first,context_order,worn_jacket_pocket,fronted_location,object_first
worn_jacket_pocket__name_2__obj_key__physical_placement_fronted__person_first,worn_jacket_pocket__name_2__obj_key__physical_placement_fronted__object_first,target_order,worn_jacket_pocket,fronted_location,object_first
shared_control__name_2__obj_key__direct_label__person_first,worn_jacket_pocket__name_2__obj_key__physical_placement_person_subject__person_first,evidence_from_direct_label,worn_jacket_pocket,person_subject,person_first
shared_control__name_2__obj_key__proximity_paraphrase__person_first,worn_jacket_pocket__name_2__obj_key__physical_placement_person_subject__person_first,evidence_from_proximity_paraphrase,worn_jacket_pocket,person_subject,person_first
worn_jacket_pocket__name_2__obj_key__physical_placement__person_first,worn_jacket_pocket__name_2__obj_key__physical_placement_person_subject__person_first,context_order,worn_jacket_pocket,person_subject,person_first
shared_control__name_2__obj_key__direct_label__object_first,worn_jacket_pocket__name_2__obj_key__physical_placement_person_subject__object_first,evidence_from_direct_label,worn_jacket_pocket,person_subject,object_first
shared_control__name_2__obj_key__proximity_paraphrase__object_first,worn_jacket_pocket__name_2__obj_key__physical_placement_person_subject__object_first,evidence_from_proximity_paraphrase,worn_jacket_pocket,person_subject,object_first
worn_jacket_pocket__name_2__obj_key__physical_placement__object_first,worn_jacket_pocket__name_2__obj_key__physical_placement_person_subject__object_first,context_order,worn_jacket_pocket,person_subject,object_first
worn_jacket_pocket__name_2__obj_key__physical_placement_person_subject__person_first,worn_jacket_pocket__name_2__obj_key__physical_placement_person_subject__object_first,target_order,worn_jacket_pocket,person_subject,object_first
shared_control__name_2__obj_coin__direct_label__person_first,worn_jacket_pocket__name_2__obj_coin__physical_placement__person_first,evidence_from_direct_label,worn_jacket_pocket,object_subject,person_first
shared_control__name_2__obj_coin__proximity_paraphrase__person_first,worn_jacket_pocket__name_2__obj_coin__physical_placement__person_first,evidence_from_proximity_paraphrase,worn_jacket_pocket,object_subject,person_first
shared_control__name_2__obj_coin__direct_label__object_first,worn_jacket_pocket__name_2__obj_coin__physical_placement__object_first,evidence_from_direct_label,worn_jacket_pocket,object_subject,object_first
shared_control__name_2__obj_coin__proximity_paraphrase__object_first,worn_jacket_pocket__name_2__obj_coin__physical_placement__object_first,evidence_from_proximity_paraphrase,worn_jacket_pocket,object_subject,object_first
worn_jacket_pocket__name_2__obj_coin__physical_placement__person_first,worn_jacket_pocket__name_2__obj_coin__physical_placement__object_first,target_order,worn_jacket_pocket,object_subject,object_first
shared_control__name_2__obj_coin__direct_label__person_first,worn_jacket_pocket__name_2__obj_coin__physical_placement_fronted__person_first,evidence_from_direct_label,worn_jacket_pocket,fronted_location,person_first
shared_control__name_2__obj_coin__proximity_paraphrase__person_first,worn_jacket_pocket__name_2__obj_coin__physical_placement_fronted__person_first,evidence_from_proximity_paraphrase,worn_jacket_pocket,fronted_location,person_first
worn_jacket_pocket__name_2__obj_coin__physical_placement__person_first,worn_jacket_pocket__name_2__obj_coin__physical_placement_fronted__person_first,context_order,worn_jacket_pocket,fronted_location,person_first
shared_control__name_2__obj_coin__direct_label__object_first,worn_jacket_pocket__name_2__obj_coin__physical_placement_fronted__object_first,evidence_from_direct_label,worn_jacket_pocket,fronted_location,object_first
shared_control__name_2__obj_coin__proximity_paraphrase__object_first,worn_jacket_pocket__name_2__obj_coin__physical_placement_fronted__object_first,evidence_from_proximity_paraphrase,worn_jacket_pocket,fronted_location,object_first
worn_jacket_pocket__name_2__obj_coin__physical_placement__object_first,worn_jacket_pocket__name_2__obj_coin__physical_placement_fronted__object_first,context_order,worn_jacket_pocket,fronted_location,object_first
worn_jacket_pocket__name_2__obj_coin__physical_placement_fronted__person_first,worn_jacket_pocket__name_2__obj_coin__physical_placement_fronted__object_first,target_order,worn_jacket_pocket,fronted_location,object_first
shared_control__name_2__obj_coin__direct_label__person_first,worn_jacket_pocket__name_2__obj_coin__physical_placement_person_subject__person_first,evidence_from_direct_label,worn_jacket_pocket,person_subject,person_first
shared_control__name_2__obj_coin__proximity_paraphrase__person_first,worn_jacket_pocket__name_2__obj_coin__physical_placement_person_subject__person_first,evidence_from_proximity_paraphrase,worn_jacket_pocket,person_subject,person_first
worn_jacket_pocket__name_2__obj_coin__physical_placement__person_first,worn_jacket_pocket__name_2__obj_coin__physical_placement_person_subject__person_first,context_order,worn_jacket_pocket,person_subject,person_first
shared_control__name_2__obj_coin__direct_label__object_first,worn_jacket_pocket__name_2__obj_coin__physical_placement_person_subject__object_first,evidence_from_direct_label,worn_jacket_pocket,person_subject,object_first
shared_control__name_2__obj_coin__proximity_paraphrase__object_first,worn_jacket_pocket__name_2__obj_coin__physical_placement_person_subject__object_first,evidence_from_proximity_paraphrase,worn_jacket_pocket,person_subject,object_first
worn_jacket_pocket__name_2__obj_coin__physical_placement__object_first,worn_jacket_pocket__name_2__obj_coin__physical_placement_person_subject__object_first,context_order,worn_jacket_pocket,person_subject,object_first
worn_jacket_pocket__name_2__obj_coin__physical_placement_person_subject__person_first,worn_jacket_pocket__name_2__obj_coin__physical_placement_person_subject__object_first,target_order,worn_jacket_pocket,person_subject,object_first
shared_control__name_2__obj_marble__direct_label__person_first,worn_jacket_pocket__name_2__obj_marble__physical_placement__person_first,evidence_from_direct_label,worn_jacket_pocket,object_subject,person_first
shared_control__name_2__obj_marble__proximity_paraphrase__person_first,worn_jacket_pocket__name_2__obj_marble__physical_placement__person_first,evidence_from_proximity_paraphrase,worn_jacket_pocket,object_subject,person_first
shared_control__name_2__obj_marble__direct_label__object_first,worn_jacket_pocket__name_2__obj_marble__physical_placement__object_first,evidence_from_direct_label,worn_jacket_pocket,object_subject,object_first
shared_control__name_2__obj_marble__proximity_paraphrase__object_first,worn_jacket_pocket__name_2__obj_marble__physical_placement__object_first,evidence_from_proximity_paraphrase,worn_jacket_pocket,object_subject,object_first
worn_jacket_pocket__name_2__obj_marble__physical_placement__person_first,worn_jacket_pocket__name_2__obj_marble__physical_placement__object_first,target_order,worn_jacket_pocket,object_subject,object_first
shared_control__name_2__obj_marble__direct_label__person_first,worn_jacket_pocket__name_2__obj_marble__physical_placement_fronted__person_first,evidence_from_direct_label,worn_jacket_pocket,fronted_location,person_first
shared_control__name_2__obj_marble__proximity_paraphrase__person_first,worn_jacket_pocket__name_2__obj_marble__physical_placement_fronted__person_first,evidence_from_proximity_paraphrase,worn_jacket_pocket,fronted_location,person_first
worn_jacket_pocket__name_2__obj_marble__physical_placement__person_first,worn_jacket_pocket__name_2__obj_marble__physical_placement_fronted__person_first,context_order,worn_jacket_pocket,fronted_location,person_first
shared_control__name_2__obj_marble__direct_label__object_first,worn_jacket_pocket__name_2__obj_marble__physical_placement_fronted__object_first,evidence_from_direct_label,worn_jacket_pocket,fronted_location,object_first
shared_control__name_2__obj_marble__proximity_paraphrase__object_first,worn_jacket_pocket__name_2__obj_marble__physical_placement_fronted__object_first,evidence_from_proximity_paraphrase,worn_jacket_pocket,fronted_location,object_first
worn_jacket_pocket__name_2__obj_marble__physical_placement__object_first,worn_jacket_pocket__name_2__obj_marble__physical_placement_fronted__object_first,context_order,worn_jacket_pocket,fronted_location,object_first
worn_jacket_pocket__name_2__obj_marble__physical_placement_fronted__person_first,worn_jacket_pocket__name_2__obj_marble__physical_placement_fronted__object_first,target_order,worn_jacket_pocket,fronted_location,object_first
shared_control__name_2__obj_marble__direct_label__person_first,worn_jacket_pocket__name_2__obj_marble__physical_placement_person_subject__person_first,evidence_from_direct_label,worn_jacket_pocket,person_subject,person_first
shared_control__name_2__obj_marble__proximity_paraphrase__person_first,worn_jacket_pocket__name_2__obj_marble__physical_placement_person_subject__person_first,evidence_from_proximity_paraphrase,worn_jacket_pocket,person_subject,person_first
worn_jacket_pocket__name_2__obj_marble__physical_placement__person_first,worn_jacket_pocket__name_2__obj_marble__physical_placement_person_subject__person_first,context_order,worn_jacket_pocket,person_subject,person_first
shared_control__name_2__obj_marble__direct_label__object_first,worn_jacket_pocket__name_2__obj_marble__physical_placement_person_subject__object_first,evidence_from_direct_label,worn_jacket_pocket,person_subject,object_first
shared_control__name_2__obj_marble__proximity_paraphrase__object_first,worn_jacket_pocket__name_2__obj_marble__physical_placement_person_subject__object_first,evidence_from_proximity_paraphrase,worn_jacket_pocket,person_subject,object_first
worn_jacket_pocket__name_2__obj_marble__physical_placement__object_first,worn_jacket_pocket__name_2__obj_marble__physical_placement_person_subject__object_first,context_order,worn_jacket_pocket,person_subject,object_first
worn_jacket_pocket__name_2__obj_marble__physical_placement_person_subject__person_first,worn_jacket_pocket__name_2__obj_marble__physical_placement_person_subject__object_first,target_order,worn_jacket_pocket,person_subject,object_first
shared_control__name_2__obj_pebble__direct_label__person_first,worn_jacket_pocket__name_2__obj_pebble__physical_placement__person_first,evidence_from_direct_label,worn_jacket_pocket,object_subject,person_first
shared_control__name_2__obj_pebble__proximity_paraphrase__person_first,worn_jacket_pocket__name_2__obj_pebble__physical_placement__person_first,evidence_from_proximity_paraphrase,worn_jacket_pocket,object_subject,person_first
shared_control__name_2__obj_pebble__direct_label__object_first,worn_jacket_pocket__name_2__obj_pebble__physical_placement__object_first,evidence_from_direct_label,worn_jacket_pocket,object_subject,object_first
shared_control__name_2__obj_pebble__proximity_paraphrase__object_first,worn_jacket_pocket__name_2__obj_pebble__physical_placement__object_first,evidence_from_proximity_paraphrase,worn_jacket_pocket,object_subject,object_first
worn_jacket_pocket__name_2__obj_pebble__physical_placement__person_first,worn_jacket_pocket__name_2__obj_pebble__physical_placement__object_first,target_order,worn_jacket_pocket,object_subject,object_first
shared_control__name_2__obj_pebble__direct_label__person_first,worn_jacket_pocket__name_2__obj_pebble__physical_placement_fronted__person_first,evidence_from_direct_label,worn_jacket_pocket,fronted_location,person_first
shared_control__name_2__obj_pebble__proximity_paraphrase__person_first,worn_jacket_pocket__name_2__obj_pebble__physical_placement_fronted__person_first,evidence_from_proximity_paraphrase,worn_jacket_pocket,fronted_location,person_first
worn_jacket_pocket__name_2__obj_pebble__physical_placement__person_first,worn_jacket_pocket__name_2__obj_pebble__physical_placement_fronted__person_first,context_order,worn_jacket_pocket,fronted_location,person_first
shared_control__name_2__obj_pebble__direct_label__object_first,worn_jacket_pocket__name_2__obj_pebble__physical_placement_fronted__object_first,evidence_from_direct_label,worn_jacket_pocket,fronted_location,object_first
shared_control__name_2__obj_pebble__proximity_paraphrase__object_first,worn_jacket_pocket__name_2__obj_pebble__physical_placement_fronted__object_first,evidence_from_proximity_paraphrase,worn_jacket_pocket,fronted_location,object_first
worn_jacket_pocket__name_2__obj_pebble__physical_placement__object_first,worn_jacket_pocket__name_2__obj_pebble__physical_placement_fronted__object_first,context_order,worn_jacket_pocket,fronted_location,object_first
worn_jacket_pocket__name_2__obj_pebble__physical_placement_fronted__person_first,worn_jacket_pocket__name_2__obj_pebble__physical_placement_fronted__object_first,target_order,worn_jacket_pocket,fronted_location,object_first
shared_control__name_2__obj_pebble__direct_label__person_first,worn_jacket_pocket__name_2__obj_pebble__physical_placement_person_subject__person_first,evidence_from_direct_label,worn_jacket_pocket,person_subject,person_first
shared_control__name_2__obj_pebble__proximity_paraphrase__person_first,worn_jacket_pocket__name_2__obj_pebble__physical_placement_person_subject__person_first,evidence_from_proximity_paraphrase,worn_jacket_pocket,person_subject,person_first
worn_jacket_pocket__name_2__obj_pebble__physical_placement__person_first,worn_jacket_pocket__name_2__obj_pebble__physical_placement_person_subject__person_first,context_order,worn_jacket_pocket,person_subject,person_first
shared_control__name_2__obj_pebble__direct_label__object_first,worn_jacket_pocket__name_2__obj_pebble__physical_placement_person_subject__object_first,evidence_from_direct_label,worn_jacket_pocket,person_subject,object_first
shared_control__name_2__obj_pebble__proximity_paraphrase__object_first,worn_jacket_pocket__name_2__obj_pebble__physical_placement_person_subject__object_first,evidence_from_proximity_paraphrase,worn_jacket_pocket,person_subject,object_first
worn_jacket_pocket__name_2__obj_pebble__physical_placement__object_first,worn_jacket_pocket__name_2__obj_pebble__physical_placement_person_subject__object_first,context_order,worn_jacket_pocket,person_subject,object_first
worn_jacket_pocket__name_2__obj_pebble__physical_placement_person_subject__person_first,worn_jacket_pocket__name_2__obj_pebble__physical_placement_person_subject__object_first,target_order,worn_jacket_pocket,person_subject,object_first
shared_control__name_3__obj_key__direct_label__person_first,worn_jacket_pocket__name_3__obj_key__physical_placement__person_first,evidence_from_direct_label,worn_jacket_pocket,object_subject,person_first
shared_control__name_3__obj_key__proximity_paraphrase__person_first,worn_jacket_pocket__name_3__obj_key__physical_placement__person_first,evidence_from_proximity_paraphrase,worn_jacket_pocket,object_subject,person_first
shared_control__name_3__obj_key__direct_label__object_first,worn_jacket_pocket__name_3__obj_key__physical_placement__object_first,evidence_from_direct_label,worn_jacket_pocket,object_subject,object_first
shared_control__name_3__obj_key__proximity_paraphrase__object_first,worn_jacket_pocket__name_3__obj_key__physical_placement__object_first,evidence_from_proximity_paraphrase,worn_jacket_pocket,object_subject,object_first
worn_jacket_pocket__name_3__obj_key__physical_placement__person_first,worn_jacket_pocket__name_3__obj_key__physical_placement__object_first,target_order,worn_jacket_pocket,object_subject,object_first
shared_control__name_3__obj_key__direct_label__person_first,worn_jacket_pocket__name_3__obj_key__physical_placement_fronted__person_first,evidence_from_direct_label,worn_jacket_pocket,fronted_location,person_first
shared_control__name_3__obj_key__proximity_paraphrase__person_first,worn_jacket_pocket__name_3__obj_key__physical_placement_fronted__person_first,evidence_from_proximity_paraphrase,worn_jacket_pocket,fronted_location,person_first
worn_jacket_pocket__name_3__obj_key__physical_placement__person_first,worn_jacket_pocket__name_3__obj_key__physical_placement_fronted__person_first,context_order,worn_jacket_pocket,fronted_location,person_first
shared_control__name_3__obj_key__direct_label__object_first,worn_jacket_pocket__name_3__obj_key__physical_placement_fronted__object_first,evidence_from_direct_label,worn_jacket_pocket,fronted_location,object_first
shared_control__name_3__obj_key__proximity_paraphrase__object_first,worn_jacket_pocket__name_3__obj_key__physical_placement_fronted__object_first,evidence_from_proximity_paraphrase,worn_jacket_pocket,fronted_location,object_first
worn_jacket_pocket__name_3__obj_key__physical_placement__object_first,worn_jacket_pocket__name_3__obj_key__physical_placement_fronted__object_first,context_order,worn_jacket_pocket,fronted_location,object_first
worn_jacket_pocket__name_3__obj_key__physical_placement_fronted__person_first,worn_jacket_pocket__name_3__obj_key__physical_placement_fronted__object_first,target_order,worn_jacket_pocket,fronted_location,object_first
shared_control__name_3__obj_key__direct_label__person_first,worn_jacket_pocket__name_3__obj_key__physical_placement_person_subject__person_first,evidence_from_direct_label,worn_jacket_pocket,person_subject,person_first
shared_control__name_3__obj_key__proximity_paraphrase__person_first,worn_jacket_pocket__name_3__obj_key__physical_placement_person_subject__person_first,evidence_from_proximity_paraphrase,worn_jacket_pocket,person_subject,person_first
worn_jacket_pocket__name_3__obj_key__physical_placement__person_first,worn_jacket_pocket__name_3__obj_key__physical_placement_person_subject__person_first,context_order,worn_jacket_pocket,person_subject,person_first
shared_control__name_3__obj_key__direct_label__object_first,worn_jacket_pocket__name_3__obj_key__physical_placement_person_subject__object_first,evidence_from_direct_label,worn_jacket_pocket,person_subject,object_first
shared_control__name_3__obj_key__proximity_paraphrase__object_first,worn_jacket_pocket__name_3__obj_key__physical_placement_person_subject__object_first,evidence_from_proximity_paraphrase,worn_jacket_pocket,person_subject,object_first
worn_jacket_pocket__name_3__obj_key__physical_placement__object_first,worn_jacket_pocket__name_3__obj_key__physical_placement_person_subject__object_first,context_order,worn_jacket_pocket,person_subject,object_first
worn_jacket_pocket__name_3__obj_key__physical_placement_person_subject__person_first,worn_jacket_pocket__name_3__obj_key__physical_placement_person_subject__object_first,target_order,worn_jacket_pocket,person_subject,object_first
shared_control__name_3__obj_coin__direct_label__person_first,worn_jacket_pocket__name_3__obj_coin__physical_placement__person_first,evidence_from_direct_label,worn_jacket_pocket,object_subject,person_first
shared_control__name_3__obj_coin__proximity_paraphrase__person_first,worn_jacket_pocket__name_3__obj_coin__physical_placement__person_first,evidence_from_proximity_paraphrase,worn_jacket_pocket,object_subject,person_first
shared_control__name_3__obj_coin__direct_label__object_first,worn_jacket_pocket__name_3__obj_coin__physical_placement__object_first,evidence_from_direct_label,worn_jacket_pocket,object_subject,object_first
shared_control__name_3__obj_coin__proximity_paraphrase__object_first,worn_jacket_pocket__name_3__obj_coin__physical_placement__object_first,evidence_from_proximity_paraphrase,worn_jacket_pocket,object_subject,object_first
worn_jacket_pocket__name_3__obj_coin__physical_placement__person_first,worn_jacket_pocket__name_3__obj_coin__physical_placement__object_first,target_order,worn_jacket_pocket,object_subject,object_first
shared_control__name_3__obj_coin__direct_label__person_first,worn_jacket_pocket__name_3__obj_coin__physical_placement_fronted__person_first,evidence_from_direct_label,worn_jacket_pocket,fronted_location,person_first
shared_control__name_3__obj_coin__proximity_paraphrase__person_first,worn_jacket_pocket__name_3__obj_coin__physical_placement_fronted__person_first,evidence_from_proximity_paraphrase,worn_jacket_pocket,fronted_location,person_first
worn_jacket_pocket__name_3__obj_coin__physical_placement__person_first,worn_jacket_pocket__name_3__obj_coin__physical_placement_fronted__person_first,context_order,worn_jacket_pocket,fronted_location,person_first
shared_control__name_3__obj_coin__direct_label__object_first,worn_jacket_pocket__name_3__obj_coin__physical_placement_fronted__object_first,evidence_from_direct_label,worn_jacket_pocket,fronted_location,object_first
shared_control__name_3__obj_coin__proximity_paraphrase__object_first,worn_jacket_pocket__name_3__obj_coin__physical_placement_fronted__object_first,evidence_from_proximity_paraphrase,worn_jacket_pocket,fronted_location,object_first
worn_jacket_pocket__name_3__obj_coin__physical_placement__object_first,worn_jacket_pocket__name_3__obj_coin__physical_placement_fronted__object_first,context_order,worn_jacket_pocket,fronted_location,object_first
worn_jacket_pocket__name_3__obj_coin__physical_placement_fronted__person_first,worn_jacket_pocket__name_3__obj_coin__physical_placement_fronted__object_first,target_order,worn_jacket_pocket,fronted_location,object_first
shared_control__name_3__obj_coin__direct_label__person_first,worn_jacket_pocket__name_3__obj_coin__physical_placement_person_subject__person_first,evidence_from_direct_label,worn_jacket_pocket,person_subject,person_first
shared_control__name_3__obj_coin__proximity_paraphrase__person_first,worn_jacket_pocket__name_3__obj_coin__physical_placement_person_subject__person_first,evidence_from_proximity_paraphrase,worn_jacket_pocket,person_subject,person_first
worn_jacket_pocket__name_3__obj_coin__physical_placement__person_first,worn_jacket_pocket__name_3__obj_coin__physical_placement_person_subject__person_first,context_order,worn_jacket_pocket,person_subject,person_first
shared_control__name_3__obj_coin__direct_label__object_first,worn_jacket_pocket__name_3__obj_coin__physical_placement_person_subject__object_first,evidence_from_direct_label,worn_jacket_pocket,person_subject,object_first
shared_control__name_3__obj_coin__proximity_paraphrase__object_first,worn_jacket_pocket__name_3__obj_coin__physical_placement_person_subject__object_first,evidence_from_proximity_paraphrase,worn_jacket_pocket,person_subject,object_first
worn_jacket_pocket__name_3__obj_coin__physical_placement__object_first,worn_jacket_pocket__name_3__obj_coin__physical_placement_person_subject__object_first,context_order,worn_jacket_pocket,person_subject,object_first
worn_jacket_pocket__name_3__obj_coin__physical_placement_person_subject__person_first,worn_jacket_pocket__name_3__obj_coin__physical_placement_person_subject__object_first,target_order,worn_jacket_pocket,person_subject,object_first
shared_control__name_3__obj_marble__direct_label__person_first,worn_jacket_pocket__name_3__obj_marble__physical_placement__person_first,evidence_from_direct_label,worn_jacket_pocket,object_subject,person_first
shared_control__name_3__obj_marble__proximity_paraphrase__person_first,worn_jacket_pocket__name_3__obj_marble__physical_placement__person_first,evidence_from_proximity_paraphrase,worn_jacket_pocket,object_subject,person_first
shared_control__name_3__obj_marble__direct_label__object_first,worn_jacket_pocket__name_3__obj_marble__physical_placement__object_first,evidence_from_direct_label,worn_jacket_pocket,object_subject,object_first
shared_control__name_3__obj_marble__proximity_paraphrase__object_first,worn_jacket_pocket__name_3__obj_marble__physical_placement__object_first,evidence_from_proximity_paraphrase,worn_jacket_pocket,object_subject,object_first
worn_jacket_pocket__name_3__obj_marble__physical_placement__person_first,worn_jacket_pocket__name_3__obj_marble__physical_placement__object_first,target_order,worn_jacket_pocket,object_subject,object_first
shared_control__name_3__obj_marble__direct_label__person_first,worn_jacket_pocket__name_3__obj_marble__physical_placement_fronted__person_first,evidence_from_direct_label,worn_jacket_pocket,fronted_location,person_first
shared_control__name_3__obj_marble__proximity_paraphrase__person_first,worn_jacket_pocket__name_3__obj_marble__physical_placement_fronted__person_first,evidence_from_proximity_paraphrase,worn_jacket_pocket,fronted_location,person_first
worn_jacket_pocket__name_3__obj_marble__physical_placement__person_first,worn_jacket_pocket__name_3__obj_marble__physical_placement_fronted__person_first,context_order,worn_jacket_pocket,fronted_location,person_first
shared_control__name_3__obj_marble__direct_label__object_first,worn_jacket_pocket__name_3__obj_marble__physical_placement_fronted__object_first,evidence_from_direct_label,worn_jacket_pocket,fronted_location,object_first
shared_control__name_3__obj_marble__proximity_paraphrase__object_first,worn_jacket_pocket__name_3__obj_marble__physical_placement_fronted__object_first,evidence_from_proximity_paraphrase,worn_jacket_pocket,fronted_location,object_first
worn_jacket_pocket__name_3__obj_marble__physical_placement__object_first,worn_jacket_pocket__name_3__obj_marble__physical_placement_fronted__object_first,context_order,worn_jacket_pocket,fronted_location,object_first
worn_jacket_pocket__name_3__obj_marble__physical_placement_fronted__person_first,worn_jacket_pocket__name_3__obj_marble__physical_placement_fronted__object_first,target_order,worn_jacket_pocket,fronted_location,object_first
shared_control__name_3__obj_marble__direct_label__person_first,worn_jacket_pocket__name_3__obj_marble__physical_placement_person_subject__person_first,evidence_from_direct_label,worn_jacket_pocket,person_subject,person_first
shared_control__name_3__obj_marble__proximity_paraphrase__person_first,worn_jacket_pocket__name_3__obj_marble__physical_placement_person_subject__person_first,evidence_from_proximity_paraphrase,worn_jacket_pocket,person_subject,person_first
worn_jacket_pocket__name_3__obj_marble__physical_placement__person_first,worn_jacket_pocket__name_3__obj_marble__physical_placement_person_subject__person_first,context_order,worn_jacket_pocket,person_subject,person_first
shared_control__name_3__obj_marble__direct_label__object_first,worn_jacket_pocket__name_3__obj_marble__physical_placement_person_subject__object_first,evidence_from_direct_label,worn_jacket_pocket,person_subject,object_first
shared_control__name_3__obj_marble__proximity_paraphrase__object_first,worn_jacket_pocket__name_3__obj_marble__physical_placement_person_subject__object_first,evidence_from_proximity_paraphrase,worn_jacket_pocket,person_subject,object_first
worn_jacket_pocket__name_3__obj_marble__physical_placement__object_first,worn_jacket_pocket__name_3__obj_marble__physical_placement_person_subject__object_first,context_order,worn_jacket_pocket,person_subject,object_first
worn_jacket_pocket__name_3__obj_marble__physical_placement_person_subject__person_first,worn_jacket_pocket__name_3__obj_marble__physical_placement_person_subject__object_first,target_order,worn_jacket_pocket,person_subject,object_first
shared_control__name_3__obj_pebble__direct_label__person_first,worn_jacket_pocket__name_3__obj_pebble__physical_placement__person_first,evidence_from_direct_label,worn_jacket_pocket,object_subject,person_first
shared_control__name_3__obj_pebble__proximity_paraphrase__person_first,worn_jacket_pocket__name_3__obj_pebble__physical_placement__person_first,evidence_from_proximity_paraphrase,worn_jacket_pocket,object_subject,person_first
shared_control__name_3__obj_pebble__direct_label__object_first,worn_jacket_pocket__name_3__obj_pebble__physical_placement__object_first,evidence_from_direct_label,worn_jacket_pocket,object_subject,object_first
shared_control__name_3__obj_pebble__proximity_paraphrase__object_first,worn_jacket_pocket__name_3__obj_pebble__physical_placement__object_first,evidence_from_proximity_paraphrase,worn_jacket_pocket,object_subject,object_first
worn_jacket_pocket__name_3__obj_pebble__physical_placement__person_first,worn_jacket_pocket__name_3__obj_pebble__physical_placement__object_first,target_order,worn_jacket_pocket,object_subject,object_first
shared_control__name_3__obj_pebble__direct_label__person_first,worn_jacket_pocket__name_3__obj_pebble__physical_placement_fronted__person_first,evidence_from_direct_label,worn_jacket_pocket,fronted_location,person_first
shared_control__name_3__obj_pebble__proximity_paraphrase__person_first,worn_jacket_pocket__name_3__obj_pebble__physical_placement_fronted__person_first,evidence_from_proximity_paraphrase,worn_jacket_pocket,fronted_location,person_first
worn_jacket_pocket__name_3__obj_pebble__physical_placement__person_first,worn_jacket_pocket__name_3__obj_pebble__physical_placement_fronted__person_first,context_order,worn_jacket_pocket,fronted_location,person_first
shared_control__name_3__obj_pebble__direct_label__object_first,worn_jacket_pocket__name_3__obj_pebble__physical_placement_fronted__object_first,evidence_from_direct_label,worn_jacket_pocket,fronted_location,object_first
shared_control__name_3__obj_pebble__proximity_paraphrase__object_first,worn_jacket_pocket__name_3__obj_pebble__physical_placement_fronted__object_first,evidence_from_proximity_paraphrase,worn_jacket_pocket,fronted_location,object_first
worn_jacket_pocket__name_3__obj_pebble__physical_placement__object_first,worn_jacket_pocket__name_3__obj_pebble__physical_placement_fronted__object_first,context_order,worn_jacket_pocket,fronted_location,object_first
worn_jacket_pocket__name_3__obj_pebble__physical_placement_fronted__person_first,worn_jacket_pocket__name_3__obj_pebble__physical_placement_fronted__object_first,target_order,worn_jacket_pocket,fronted_location,object_first
shared_control__name_3__obj_pebble__direct_label__person_first,worn_jacket_pocket__name_3__obj_pebble__physical_placement_person_subject__person_first,evidence_from_direct_label,worn_jacket_pocket,person_subject,person_first
shared_control__name_3__obj_pebble__proximity_paraphrase__person_first,worn_jacket_pocket__name_3__obj_pebble__physical_placement_person_subject__person_first,evidence_from_proximity_paraphrase,worn_jacket_pocket,person_subject,person_first
worn_jacket_pocket__name_3__obj_pebble__physical_placement__person_first,worn_jacket_pocket__name_3__obj_pebble__physical_placement_person_subject__person_first,context_order,worn_jacket_pocket,person_subject,person_first
shared_control__name_3__obj_pebble__direct_label__object_first,worn_jacket_pocket__name_3__obj_pebble__physical_placement_person_subject__object_first,evidence_from_direct_label,worn_jacket_pocket,person_subject,object_first
shared_control__name_3__obj_pebble__proximity_paraphrase__object_first,worn_jacket_pocket__name_3__obj_pebble__physical_placement_person_subject__object_first,evidence_from_proximity_paraphrase,worn_jacket_pocket,person_subject,object_first
worn_jacket_pocket__name_3__obj_pebble__physical_placement__object_first,worn_jacket_pocket__name_3__obj_pebble__physical_placement_person_subject__object_first,context_order,worn_jacket_pocket,person_subject,object_first
worn_jacket_pocket__name_3__obj_pebble__physical_placement_person_subject__person_first,worn_jacket_pocket__name_3__obj_pebble__physical_placement_person_subject__object_first,target_order,worn_jacket_pocket,person_subject,object_first
shared_control__name_0__obj_ball__direct_label__person_first,between_owned_shoes__name_0__obj_ball__physical_placement__person_first,evidence_from_direct_label,between_owned_shoes,object_subject,person_first
shared_control__name_0__obj_ball__proximity_paraphrase__person_first,between_owned_shoes__name_0__obj_ball__physical_placement__person_first,evidence_from_proximity_paraphrase,between_owned_shoes,object_subject,person_first
between_feet__name_0__obj_ball__physical_placement__person_first,between_owned_shoes__name_0__obj_ball__physical_placement__person_first,feet_vs_between_owned_shoes,between_owned_shoes,object_subject,person_first
shared_control__name_0__obj_ball__direct_label__object_first,between_owned_shoes__name_0__obj_ball__physical_placement__object_first,evidence_from_direct_label,between_owned_shoes,object_subject,object_first
shared_control__name_0__obj_ball__proximity_paraphrase__object_first,between_owned_shoes__name_0__obj_ball__physical_placement__object_first,evidence_from_proximity_paraphrase,between_owned_shoes,object_subject,object_first
between_owned_shoes__name_0__obj_ball__physical_placement__person_first,between_owned_shoes__name_0__obj_ball__physical_placement__object_first,target_order,between_owned_shoes,object_subject,object_first
between_feet__name_0__obj_ball__physical_placement__object_first,between_owned_shoes__name_0__obj_ball__physical_placement__object_first,feet_vs_between_owned_shoes,between_owned_shoes,object_subject,object_first
shared_control__name_0__obj_ball__direct_label__person_first,between_owned_shoes__name_0__obj_ball__physical_placement_fronted__person_first,evidence_from_direct_label,between_owned_shoes,fronted_location,person_first
shared_control__name_0__obj_ball__proximity_paraphrase__person_first,between_owned_shoes__name_0__obj_ball__physical_placement_fronted__person_first,evidence_from_proximity_paraphrase,between_owned_shoes,fronted_location,person_first
between_owned_shoes__name_0__obj_ball__physical_placement__person_first,between_owned_shoes__name_0__obj_ball__physical_placement_fronted__person_first,context_order,between_owned_shoes,fronted_location,person_first
between_feet__name_0__obj_ball__physical_placement_fronted__person_first,between_owned_shoes__name_0__obj_ball__physical_placement_fronted__person_first,feet_vs_between_owned_shoes,between_owned_shoes,fronted_location,person_first
shared_control__name_0__obj_ball__direct_label__object_first,between_owned_shoes__name_0__obj_ball__physical_placement_fronted__object_first,evidence_from_direct_label,between_owned_shoes,fronted_location,object_first
shared_control__name_0__obj_ball__proximity_paraphrase__object_first,between_owned_shoes__name_0__obj_ball__physical_placement_fronted__object_first,evidence_from_proximity_paraphrase,between_owned_shoes,fronted_location,object_first
between_owned_shoes__name_0__obj_ball__physical_placement__object_first,between_owned_shoes__name_0__obj_ball__physical_placement_fronted__object_first,context_order,between_owned_shoes,fronted_location,object_first
between_owned_shoes__name_0__obj_ball__physical_placement_fronted__person_first,between_owned_shoes__name_0__obj_ball__physical_placement_fronted__object_first,target_order,between_owned_shoes,fronted_location,object_first
between_feet__name_0__obj_ball__physical_placement_fronted__object_first,between_owned_shoes__name_0__obj_ball__physical_placement_fronted__object_first,feet_vs_between_owned_shoes,between_owned_shoes,fronted_location,object_first
shared_control__name_0__obj_ball__direct_label__person_first,between_owned_shoes__name_0__obj_ball__physical_placement_person_subject__person_first,evidence_from_direct_label,between_owned_shoes,person_subject,person_first
shared_control__name_0__obj_ball__proximity_paraphrase__person_first,between_owned_shoes__name_0__obj_ball__physical_placement_person_subject__person_first,evidence_from_proximity_paraphrase,between_owned_shoes,person_subject,person_first
between_owned_shoes__name_0__obj_ball__physical_placement__person_first,between_owned_shoes__name_0__obj_ball__physical_placement_person_subject__person_first,context_order,between_owned_shoes,person_subject,person_first
between_feet__name_0__obj_ball__physical_placement_person_subject__person_first,between_owned_shoes__name_0__obj_ball__physical_placement_person_subject__person_first,feet_vs_between_owned_shoes,between_owned_shoes,person_subject,person_first
shared_control__name_0__obj_ball__direct_label__object_first,between_owned_shoes__name_0__obj_ball__physical_placement_person_subject__object_first,evidence_from_direct_label,between_owned_shoes,person_subject,object_first
shared_control__name_0__obj_ball__proximity_paraphrase__object_first,between_owned_shoes__name_0__obj_ball__physical_placement_person_subject__object_first,evidence_from_proximity_paraphrase,between_owned_shoes,person_subject,object_first
between_owned_shoes__name_0__obj_ball__physical_placement__object_first,between_owned_shoes__name_0__obj_ball__physical_placement_person_subject__object_first,context_order,between_owned_shoes,person_subject,object_first
between_owned_shoes__name_0__obj_ball__physical_placement_person_subject__person_first,between_owned_shoes__name_0__obj_ball__physical_placement_person_subject__object_first,target_order,between_owned_shoes,person_subject,object_first
between_feet__name_0__obj_ball__physical_placement_person_subject__object_first,between_owned_shoes__name_0__obj_ball__physical_placement_person_subject__object_first,feet_vs_between_owned_shoes,between_owned_shoes,person_subject,object_first
shared_control__name_0__obj_bag__direct_label__person_first,between_owned_shoes__name_0__obj_bag__physical_placement__person_first,evidence_from_direct_label,between_owned_shoes,object_subject,person_first
shared_control__name_0__obj_bag__proximity_paraphrase__person_first,between_owned_shoes__name_0__obj_bag__physical_placement__person_first,evidence_from_proximity_paraphrase,between_owned_shoes,object_subject,person_first
between_feet__name_0__obj_bag__physical_placement__person_first,between_owned_shoes__name_0__obj_bag__physical_placement__person_first,feet_vs_between_owned_shoes,between_owned_shoes,object_subject,person_first
shared_control__name_0__obj_bag__direct_label__object_first,between_owned_shoes__name_0__obj_bag__physical_placement__object_first,evidence_from_direct_label,between_owned_shoes,object_subject,object_first
shared_control__name_0__obj_bag__proximity_paraphrase__object_first,between_owned_shoes__name_0__obj_bag__physical_placement__object_first,evidence_from_proximity_paraphrase,between_owned_shoes,object_subject,object_first
between_owned_shoes__name_0__obj_bag__physical_placement__person_first,between_owned_shoes__name_0__obj_bag__physical_placement__object_first,target_order,between_owned_shoes,object_subject,object_first
between_feet__name_0__obj_bag__physical_placement__object_first,between_owned_shoes__name_0__obj_bag__physical_placement__object_first,feet_vs_between_owned_shoes,between_owned_shoes,object_subject,object_first
shared_control__name_0__obj_bag__direct_label__person_first,between_owned_shoes__name_0__obj_bag__physical_placement_fronted__person_first,evidence_from_direct_label,between_owned_shoes,fronted_location,person_first
shared_control__name_0__obj_bag__proximity_paraphrase__person_first,between_owned_shoes__name_0__obj_bag__physical_placement_fronted__person_first,evidence_from_proximity_paraphrase,between_owned_shoes,fronted_location,person_first
between_owned_shoes__name_0__obj_bag__physical_placement__person_first,between_owned_shoes__name_0__obj_bag__physical_placement_fronted__person_first,context_order,between_owned_shoes,fronted_location,person_first
between_feet__name_0__obj_bag__physical_placement_fronted__person_first,between_owned_shoes__name_0__obj_bag__physical_placement_fronted__person_first,feet_vs_between_owned_shoes,between_owned_shoes,fronted_location,person_first
shared_control__name_0__obj_bag__direct_label__object_first,between_owned_shoes__name_0__obj_bag__physical_placement_fronted__object_first,evidence_from_direct_label,between_owned_shoes,fronted_location,object_first
shared_control__name_0__obj_bag__proximity_paraphrase__object_first,between_owned_shoes__name_0__obj_bag__physical_placement_fronted__object_first,evidence_from_proximity_paraphrase,between_owned_shoes,fronted_location,object_first
between_owned_shoes__name_0__obj_bag__physical_placement__object_first,between_owned_shoes__name_0__obj_bag__physical_placement_fronted__object_first,context_order,between_owned_shoes,fronted_location,object_first
between_owned_shoes__name_0__obj_bag__physical_placement_fronted__person_first,between_owned_shoes__name_0__obj_bag__physical_placement_fronted__object_first,target_order,between_owned_shoes,fronted_location,object_first
between_feet__name_0__obj_bag__physical_placement_fronted__object_first,between_owned_shoes__name_0__obj_bag__physical_placement_fronted__object_first,feet_vs_between_owned_shoes,between_owned_shoes,fronted_location,object_first
shared_control__name_0__obj_bag__direct_label__person_first,between_owned_shoes__name_0__obj_bag__physical_placement_person_subject__person_first,evidence_from_direct_label,between_owned_shoes,person_subject,person_first
shared_control__name_0__obj_bag__proximity_paraphrase__person_first,between_owned_shoes__name_0__obj_bag__physical_placement_person_subject__person_first,evidence_from_proximity_paraphrase,between_owned_shoes,person_subject,person_first
between_owned_shoes__name_0__obj_bag__physical_placement__person_first,between_owned_shoes__name_0__obj_bag__physical_placement_person_subject__person_first,context_order,between_owned_shoes,person_subject,person_first
between_feet__name_0__obj_bag__physical_placement_person_subject__person_first,between_owned_shoes__name_0__obj_bag__physical_placement_person_subject__person_first,feet_vs_between_owned_shoes,between_owned_shoes,person_subject,person_first
shared_control__name_0__obj_bag__direct_label__object_first,between_owned_shoes__name_0__obj_bag__physical_placement_person_subject__object_first,evidence_from_direct_label,between_owned_shoes,person_subject,object_first
shared_control__name_0__obj_bag__proximity_paraphrase__object_first,between_owned_shoes__name_0__obj_bag__physical_placement_person_subject__object_first,evidence_from_proximity_paraphrase,between_owned_shoes,person_subject,object_first
between_owned_shoes__name_0__obj_bag__physical_placement__object_first,between_owned_shoes__name_0__obj_bag__physical_placement_person_subject__object_first,context_order,between_owned_shoes,person_subject,object_first
between_owned_shoes__name_0__obj_bag__physical_placement_person_subject__person_first,between_owned_shoes__name_0__obj_bag__physical_placement_person_subject__object_first,target_order,between_owned_shoes,person_subject,object_first
between_feet__name_0__obj_bag__physical_placement_person_subject__object_first,between_owned_shoes__name_0__obj_bag__physical_placement_person_subject__object_first,feet_vs_between_owned_shoes,between_owned_shoes,person_subject,object_first
shared_control__name_0__obj_book__direct_label__person_first,between_owned_shoes__name_0__obj_book__physical_placement__person_first,evidence_from_direct_label,between_owned_shoes,object_subject,person_first
shared_control__name_0__obj_book__proximity_paraphrase__person_first,between_owned_shoes__name_0__obj_book__physical_placement__person_first,evidence_from_proximity_paraphrase,between_owned_shoes,object_subject,person_first
between_feet__name_0__obj_book__physical_placement__person_first,between_owned_shoes__name_0__obj_book__physical_placement__person_first,feet_vs_between_owned_shoes,between_owned_shoes,object_subject,person_first
shared_control__name_0__obj_book__direct_label__object_first,between_owned_shoes__name_0__obj_book__physical_placement__object_first,evidence_from_direct_label,between_owned_shoes,object_subject,object_first
shared_control__name_0__obj_book__proximity_paraphrase__object_first,between_owned_shoes__name_0__obj_book__physical_placement__object_first,evidence_from_proximity_paraphrase,between_owned_shoes,object_subject,object_first
between_owned_shoes__name_0__obj_book__physical_placement__person_first,between_owned_shoes__name_0__obj_book__physical_placement__object_first,target_order,between_owned_shoes,object_subject,object_first
between_feet__name_0__obj_book__physical_placement__object_first,between_owned_shoes__name_0__obj_book__physical_placement__object_first,feet_vs_between_owned_shoes,between_owned_shoes,object_subject,object_first
shared_control__name_0__obj_book__direct_label__person_first,between_owned_shoes__name_0__obj_book__physical_placement_fronted__person_first,evidence_from_direct_label,between_owned_shoes,fronted_location,person_first
shared_control__name_0__obj_book__proximity_paraphrase__person_first,between_owned_shoes__name_0__obj_book__physical_placement_fronted__person_first,evidence_from_proximity_paraphrase,between_owned_shoes,fronted_location,person_first
between_owned_shoes__name_0__obj_book__physical_placement__person_first,between_owned_shoes__name_0__obj_book__physical_placement_fronted__person_first,context_order,between_owned_shoes,fronted_location,person_first
between_feet__name_0__obj_book__physical_placement_fronted__person_first,between_owned_shoes__name_0__obj_book__physical_placement_fronted__person_first,feet_vs_between_owned_shoes,between_owned_shoes,fronted_location,person_first
shared_control__name_0__obj_book__direct_label__object_first,between_owned_shoes__name_0__obj_book__physical_placement_fronted__object_first,evidence_from_direct_label,between_owned_shoes,fronted_location,object_first
shared_control__name_0__obj_book__proximity_paraphrase__object_first,between_owned_shoes__name_0__obj_book__physical_placement_fronted__object_first,evidence_from_proximity_paraphrase,between_owned_shoes,fronted_location,object_first
between_owned_shoes__name_0__obj_book__physical_placement__object_first,between_owned_shoes__name_0__obj_book__physical_placement_fronted__object_first,context_order,between_owned_shoes,fronted_location,object_first
between_owned_shoes__name_0__obj_book__physical_placement_fronted__person_first,between_owned_shoes__name_0__obj_book__physical_placement_fronted__object_first,target_order,between_owned_shoes,fronted_location,object_first
between_feet__name_0__obj_book__physical_placement_fronted__object_first,between_owned_shoes__name_0__obj_book__physical_placement_fronted__object_first,feet_vs_between_owned_shoes,between_owned_shoes,fronted_location,object_first
shared_control__name_0__obj_book__direct_label__person_first,between_owned_shoes__name_0__obj_book__physical_placement_person_subject__person_first,evidence_from_direct_label,between_owned_shoes,person_subject,person_first
shared_control__name_0__obj_book__proximity_paraphrase__person_first,between_owned_shoes__name_0__obj_book__physical_placement_person_subject__person_first,evidence_from_proximity_paraphrase,between_owned_shoes,person_subject,person_first
between_owned_shoes__name_0__obj_book__physical_placement__person_first,between_owned_shoes__name_0__obj_book__physical_placement_person_subject__person_first,context_order,between_owned_shoes,person_subject,person_first
between_feet__name_0__obj_book__physical_placement_person_subject__person_first,between_owned_shoes__name_0__obj_book__physical_placement_person_subject__person_first,feet_vs_between_owned_shoes,between_owned_shoes,person_subject,person_first
shared_control__name_0__obj_book__direct_label__object_first,between_owned_shoes__name_0__obj_book__physical_placement_person_subject__object_first,evidence_from_direct_label,between_owned_shoes,person_subject,object_first
shared_control__name_0__obj_book__proximity_paraphrase__object_first,between_owned_shoes__name_0__obj_book__physical_placement_person_subject__object_first,evidence_from_proximity_paraphrase,between_owned_shoes,person_subject,object_first
between_owned_shoes__name_0__obj_book__physical_placement__object_first,between_owned_shoes__name_0__obj_book__physical_placement_person_subject__object_first,context_order,between_owned_shoes,person_subject,object_first
between_owned_shoes__name_0__obj_book__physical_placement_person_subject__person_first,between_owned_shoes__name_0__obj_book__physical_placement_person_subject__object_first,target_order,between_owned_shoes,person_subject,object_first
between_feet__name_0__obj_book__physical_placement_person_subject__object_first,between_owned_shoes__name_0__obj_book__physical_placement_person_subject__object_first,feet_vs_between_owned_shoes,between_owned_shoes,person_subject,object_first
shared_control__name_0__obj_cone__direct_label__person_first,between_owned_shoes__name_0__obj_cone__physical_placement__person_first,evidence_from_direct_label,between_owned_shoes,object_subject,person_first
shared_control__name_0__obj_cone__proximity_paraphrase__person_first,between_owned_shoes__name_0__obj_cone__physical_placement__person_first,evidence_from_proximity_paraphrase,between_owned_shoes,object_subject,person_first
between_feet__name_0__obj_cone__physical_placement__person_first,between_owned_shoes__name_0__obj_cone__physical_placement__person_first,feet_vs_between_owned_shoes,between_owned_shoes,object_subject,person_first
shared_control__name_0__obj_cone__direct_label__object_first,between_owned_shoes__name_0__obj_cone__physical_placement__object_first,evidence_from_direct_label,between_owned_shoes,object_subject,object_first
shared_control__name_0__obj_cone__proximity_paraphrase__object_first,between_owned_shoes__name_0__obj_cone__physical_placement__object_first,evidence_from_proximity_paraphrase,between_owned_shoes,object_subject,object_first
between_owned_shoes__name_0__obj_cone__physical_placement__person_first,between_owned_shoes__name_0__obj_cone__physical_placement__object_first,target_order,between_owned_shoes,object_subject,object_first
between_feet__name_0__obj_cone__physical_placement__object_first,between_owned_shoes__name_0__obj_cone__physical_placement__object_first,feet_vs_between_owned_shoes,between_owned_shoes,object_subject,object_first
shared_control__name_0__obj_cone__direct_label__person_first,between_owned_shoes__name_0__obj_cone__physical_placement_fronted__person_first,evidence_from_direct_label,between_owned_shoes,fronted_location,person_first
shared_control__name_0__obj_cone__proximity_paraphrase__person_first,between_owned_shoes__name_0__obj_cone__physical_placement_fronted__person_first,evidence_from_proximity_paraphrase,between_owned_shoes,fronted_location,person_first
between_owned_shoes__name_0__obj_cone__physical_placement__person_first,between_owned_shoes__name_0__obj_cone__physical_placement_fronted__person_first,context_order,between_owned_shoes,fronted_location,person_first
between_feet__name_0__obj_cone__physical_placement_fronted__person_first,between_owned_shoes__name_0__obj_cone__physical_placement_fronted__person_first,feet_vs_between_owned_shoes,between_owned_shoes,fronted_location,person_first
shared_control__name_0__obj_cone__direct_label__object_first,between_owned_shoes__name_0__obj_cone__physical_placement_fronted__object_first,evidence_from_direct_label,between_owned_shoes,fronted_location,object_first
shared_control__name_0__obj_cone__proximity_paraphrase__object_first,between_owned_shoes__name_0__obj_cone__physical_placement_fronted__object_first,evidence_from_proximity_paraphrase,between_owned_shoes,fronted_location,object_first
between_owned_shoes__name_0__obj_cone__physical_placement__object_first,between_owned_shoes__name_0__obj_cone__physical_placement_fronted__object_first,context_order,between_owned_shoes,fronted_location,object_first
between_owned_shoes__name_0__obj_cone__physical_placement_fronted__person_first,between_owned_shoes__name_0__obj_cone__physical_placement_fronted__object_first,target_order,between_owned_shoes,fronted_location,object_first
between_feet__name_0__obj_cone__physical_placement_fronted__object_first,between_owned_shoes__name_0__obj_cone__physical_placement_fronted__object_first,feet_vs_between_owned_shoes,between_owned_shoes,fronted_location,object_first
shared_control__name_0__obj_cone__direct_label__person_first,between_owned_shoes__name_0__obj_cone__physical_placement_person_subject__person_first,evidence_from_direct_label,between_owned_shoes,person_subject,person_first
shared_control__name_0__obj_cone__proximity_paraphrase__person_first,between_owned_shoes__name_0__obj_cone__physical_placement_person_subject__person_first,evidence_from_proximity_paraphrase,between_owned_shoes,person_subject,person_first
between_owned_shoes__name_0__obj_cone__physical_placement__person_first,between_owned_shoes__name_0__obj_cone__physical_placement_person_subject__person_first,context_order,between_owned_shoes,person_subject,person_first
between_feet__name_0__obj_cone__physical_placement_person_subject__person_first,between_owned_shoes__name_0__obj_cone__physical_placement_person_subject__person_first,feet_vs_between_owned_shoes,between_owned_shoes,person_subject,person_first
shared_control__name_0__obj_cone__direct_label__object_first,between_owned_shoes__name_0__obj_cone__physical_placement_person_subject__object_first,evidence_from_direct_label,between_owned_shoes,person_subject,object_first
shared_control__name_0__obj_cone__proximity_paraphrase__object_first,between_owned_shoes__name_0__obj_cone__physical_placement_person_subject__object_first,evidence_from_proximity_paraphrase,between_owned_shoes,person_subject,object_first
between_owned_shoes__name_0__obj_cone__physical_placement__object_first,between_owned_shoes__name_0__obj_cone__physical_placement_person_subject__object_first,context_order,between_owned_shoes,person_subject,object_first
between_owned_shoes__name_0__obj_cone__physical_placement_person_subject__person_first,between_owned_shoes__name_0__obj_cone__physical_placement_person_subject__object_first,target_order,between_owned_shoes,person_subject,object_first
between_feet__name_0__obj_cone__physical_placement_person_subject__object_first,between_owned_shoes__name_0__obj_cone__physical_placement_person_subject__object_first,feet_vs_between_owned_shoes,between_owned_shoes,person_subject,object_first
shared_control__name_1__obj_ball__direct_label__person_first,between_owned_shoes__name_1__obj_ball__physical_placement__person_first,evidence_from_direct_label,between_owned_shoes,object_subject,person_first
shared_control__name_1__obj_ball__proximity_paraphrase__person_first,between_owned_shoes__name_1__obj_ball__physical_placement__person_first,evidence_from_proximity_paraphrase,between_owned_shoes,object_subject,person_first
between_feet__name_1__obj_ball__physical_placement__person_first,between_owned_shoes__name_1__obj_ball__physical_placement__person_first,feet_vs_between_owned_shoes,between_owned_shoes,object_subject,person_first
shared_control__name_1__obj_ball__direct_label__object_first,between_owned_shoes__name_1__obj_ball__physical_placement__object_first,evidence_from_direct_label,between_owned_shoes,object_subject,object_first
shared_control__name_1__obj_ball__proximity_paraphrase__object_first,between_owned_shoes__name_1__obj_ball__physical_placement__object_first,evidence_from_proximity_paraphrase,between_owned_shoes,object_subject,object_first
between_owned_shoes__name_1__obj_ball__physical_placement__person_first,between_owned_shoes__name_1__obj_ball__physical_placement__object_first,target_order,between_owned_shoes,object_subject,object_first
between_feet__name_1__obj_ball__physical_placement__object_first,between_owned_shoes__name_1__obj_ball__physical_placement__object_first,feet_vs_between_owned_shoes,between_owned_shoes,object_subject,object_first
shared_control__name_1__obj_ball__direct_label__person_first,between_owned_shoes__name_1__obj_ball__physical_placement_fronted__person_first,evidence_from_direct_label,between_owned_shoes,fronted_location,person_first
shared_control__name_1__obj_ball__proximity_paraphrase__person_first,between_owned_shoes__name_1__obj_ball__physical_placement_fronted__person_first,evidence_from_proximity_paraphrase,between_owned_shoes,fronted_location,person_first
between_owned_shoes__name_1__obj_ball__physical_placement__person_first,between_owned_shoes__name_1__obj_ball__physical_placement_fronted__person_first,context_order,between_owned_shoes,fronted_location,person_first
between_feet__name_1__obj_ball__physical_placement_fronted__person_first,between_owned_shoes__name_1__obj_ball__physical_placement_fronted__person_first,feet_vs_between_owned_shoes,between_owned_shoes,fronted_location,person_first
shared_control__name_1__obj_ball__direct_label__object_first,between_owned_shoes__name_1__obj_ball__physical_placement_fronted__object_first,evidence_from_direct_label,between_owned_shoes,fronted_location,object_first
shared_control__name_1__obj_ball__proximity_paraphrase__object_first,between_owned_shoes__name_1__obj_ball__physical_placement_fronted__object_first,evidence_from_proximity_paraphrase,between_owned_shoes,fronted_location,object_first
between_owned_shoes__name_1__obj_ball__physical_placement__object_first,between_owned_shoes__name_1__obj_ball__physical_placement_fronted__object_first,context_order,between_owned_shoes,fronted_location,object_first
between_owned_shoes__name_1__obj_ball__physical_placement_fronted__person_first,between_owned_shoes__name_1__obj_ball__physical_placement_fronted__object_first,target_order,between_owned_shoes,fronted_location,object_first
between_feet__name_1__obj_ball__physical_placement_fronted__object_first,between_owned_shoes__name_1__obj_ball__physical_placement_fronted__object_first,feet_vs_between_owned_shoes,between_owned_shoes,fronted_location,object_first
shared_control__name_1__obj_ball__direct_label__person_first,between_owned_shoes__name_1__obj_ball__physical_placement_person_subject__person_first,evidence_from_direct_label,between_owned_shoes,person_subject,person_first
shared_control__name_1__obj_ball__proximity_paraphrase__person_first,between_owned_shoes__name_1__obj_ball__physical_placement_person_subject__person_first,evidence_from_proximity_paraphrase,between_owned_shoes,person_subject,person_first
between_owned_shoes__name_1__obj_ball__physical_placement__person_first,between_owned_shoes__name_1__obj_ball__physical_placement_person_subject__person_first,context_order,between_owned_shoes,person_subject,person_first
between_feet__name_1__obj_ball__physical_placement_person_subject__person_first,between_owned_shoes__name_1__obj_ball__physical_placement_person_subject__person_first,feet_vs_between_owned_shoes,between_owned_shoes,person_subject,person_first
shared_control__name_1__obj_ball__direct_label__object_first,between_owned_shoes__name_1__obj_ball__physical_placement_person_subject__object_first,evidence_from_direct_label,between_owned_shoes,person_subject,object_first
shared_control__name_1__obj_ball__proximity_paraphrase__object_first,between_owned_shoes__name_1__obj_ball__physical_placement_person_subject__object_first,evidence_from_proximity_paraphrase,between_owned_shoes,person_subject,object_first
between_owned_shoes__name_1__obj_ball__physical_placement__object_first,between_owned_shoes__name_1__obj_ball__physical_placement_person_subject__object_first,context_order,between_owned_shoes,person_subject,object_first
between_owned_shoes__name_1__obj_ball__physical_placement_person_subject__person_first,between_owned_shoes__name_1__obj_ball__physical_placement_person_subject__object_first,target_order,between_owned_shoes,person_subject,object_first
between_feet__name_1__obj_ball__physical_placement_person_subject__object_first,between_owned_shoes__name_1__obj_ball__physical_placement_person_subject__object_first,feet_vs_between_owned_shoes,between_owned_shoes,person_subject,object_first
shared_control__name_1__obj_bag__direct_label__person_first,between_owned_shoes__name_1__obj_bag__physical_placement__person_first,evidence_from_direct_label,between_owned_shoes,object_subject,person_first
shared_control__name_1__obj_bag__proximity_paraphrase__person_first,between_owned_shoes__name_1__obj_bag__physical_placement__person_first,evidence_from_proximity_paraphrase,between_owned_shoes,object_subject,person_first
between_feet__name_1__obj_bag__physical_placement__person_first,between_owned_shoes__name_1__obj_bag__physical_placement__person_first,feet_vs_between_owned_shoes,between_owned_shoes,object_subject,person_first
shared_control__name_1__obj_bag__direct_label__object_first,between_owned_shoes__name_1__obj_bag__physical_placement__object_first,evidence_from_direct_label,between_owned_shoes,object_subject,object_first
shared_control__name_1__obj_bag__proximity_paraphrase__object_first,between_owned_shoes__name_1__obj_bag__physical_placement__object_first,evidence_from_proximity_paraphrase,between_owned_shoes,object_subject,object_first
between_owned_shoes__name_1__obj_bag__physical_placement__person_first,between_owned_shoes__name_1__obj_bag__physical_placement__object_first,target_order,between_owned_shoes,object_subject,object_first
between_feet__name_1__obj_bag__physical_placement__object_first,between_owned_shoes__name_1__obj_bag__physical_placement__object_first,feet_vs_between_owned_shoes,between_owned_shoes,object_subject,object_first
shared_control__name_1__obj_bag__direct_label__person_first,between_owned_shoes__name_1__obj_bag__physical_placement_fronted__person_first,evidence_from_direct_label,between_owned_shoes,fronted_location,person_first
shared_control__name_1__obj_bag__proximity_paraphrase__person_first,between_owned_shoes__name_1__obj_bag__physical_placement_fronted__person_first,evidence_from_proximity_paraphrase,between_owned_shoes,fronted_location,person_first
between_owned_shoes__name_1__obj_bag__physical_placement__person_first,between_owned_shoes__name_1__obj_bag__physical_placement_fronted__person_first,context_order,between_owned_shoes,fronted_location,person_first
between_feet__name_1__obj_bag__physical_placement_fronted__person_first,between_owned_shoes__name_1__obj_bag__physical_placement_fronted__person_first,feet_vs_between_owned_shoes,between_owned_shoes,fronted_location,person_first
shared_control__name_1__obj_bag__direct_label__object_first,between_owned_shoes__name_1__obj_bag__physical_placement_fronted__object_first,evidence_from_direct_label,between_owned_shoes,fronted_location,object_first
shared_control__name_1__obj_bag__proximity_paraphrase__object_first,between_owned_shoes__name_1__obj_bag__physical_placement_fronted__object_first,evidence_from_proximity_paraphrase,between_owned_shoes,fronted_location,object_first
between_owned_shoes__name_1__obj_bag__physical_placement__object_first,between_owned_shoes__name_1__obj_bag__physical_placement_fronted__object_first,context_order,between_owned_shoes,fronted_location,object_first
between_owned_shoes__name_1__obj_bag__physical_placement_fronted__person_first,between_owned_shoes__name_1__obj_bag__physical_placement_fronted__object_first,target_order,between_owned_shoes,fronted_location,object_first
between_feet__name_1__obj_bag__physical_placement_fronted__object_first,between_owned_shoes__name_1__obj_bag__physical_placement_fronted__object_first,feet_vs_between_owned_shoes,between_owned_shoes,fronted_location,object_first
shared_control__name_1__obj_bag__direct_label__person_first,between_owned_shoes__name_1__obj_bag__physical_placement_person_subject__person_first,evidence_from_direct_label,between_owned_shoes,person_subject,person_first
shared_control__name_1__obj_bag__proximity_paraphrase__person_first,between_owned_shoes__name_1__obj_bag__physical_placement_person_subject__person_first,evidence_from_proximity_paraphrase,between_owned_shoes,person_subject,person_first
between_owned_shoes__name_1__obj_bag__physical_placement__person_first,between_owned_shoes__name_1__obj_bag__physical_placement_person_subject__person_first,context_order,between_owned_shoes,person_subject,person_first
between_feet__name_1__obj_bag__physical_placement_person_subject__person_first,between_owned_shoes__name_1__obj_bag__physical_placement_person_subject__person_first,feet_vs_between_owned_shoes,between_owned_shoes,person_subject,person_first
shared_control__name_1__obj_bag__direct_label__object_first,between_owned_shoes__name_1__obj_bag__physical_placement_person_subject__object_first,evidence_from_direct_label,between_owned_shoes,person_subject,object_first
shared_control__name_1__obj_bag__proximity_paraphrase__object_first,between_owned_shoes__name_1__obj_bag__physical_placement_person_subject__object_first,evidence_from_proximity_paraphrase,between_owned_shoes,person_subject,object_first
between_owned_shoes__name_1__obj_bag__physical_placement__object_first,between_owned_shoes__name_1__obj_bag__physical_placement_person_subject__object_first,context_order,between_owned_shoes,person_subject,object_first
between_owned_shoes__name_1__obj_bag__physical_placement_person_subject__person_first,between_owned_shoes__name_1__obj_bag__physical_placement_person_subject__object_first,target_order,between_owned_shoes,person_subject,object_first
between_feet__name_1__obj_bag__physical_placement_person_subject__object_first,between_owned_shoes__name_1__obj_bag__physical_placement_person_subject__object_first,feet_vs_between_owned_shoes,between_owned_shoes,person_subject,object_first
shared_control__name_1__obj_book__direct_label__person_first,between_owned_shoes__name_1__obj_book__physical_placement__person_first,evidence_from_direct_label,between_owned_shoes,object_subject,person_first
shared_control__name_1__obj_book__proximity_paraphrase__person_first,between_owned_shoes__name_1__obj_book__physical_placement__person_first,evidence_from_proximity_paraphrase,between_owned_shoes,object_subject,person_first
between_feet__name_1__obj_book__physical_placement__person_first,between_owned_shoes__name_1__obj_book__physical_placement__person_first,feet_vs_between_owned_shoes,between_owned_shoes,object_subject,person_first
shared_control__name_1__obj_book__direct_label__object_first,between_owned_shoes__name_1__obj_book__physical_placement__object_first,evidence_from_direct_label,between_owned_shoes,object_subject,object_first
shared_control__name_1__obj_book__proximity_paraphrase__object_first,between_owned_shoes__name_1__obj_book__physical_placement__object_first,evidence_from_proximity_paraphrase,between_owned_shoes,object_subject,object_first
between_owned_shoes__name_1__obj_book__physical_placement__person_first,between_owned_shoes__name_1__obj_book__physical_placement__object_first,target_order,between_owned_shoes,object_subject,object_first
between_feet__name_1__obj_book__physical_placement__object_first,between_owned_shoes__name_1__obj_book__physical_placement__object_first,feet_vs_between_owned_shoes,between_owned_shoes,object_subject,object_first
shared_control__name_1__obj_book__direct_label__person_first,between_owned_shoes__name_1__obj_book__physical_placement_fronted__person_first,evidence_from_direct_label,between_owned_shoes,fronted_location,person_first
shared_control__name_1__obj_book__proximity_paraphrase__person_first,between_owned_shoes__name_1__obj_book__physical_placement_fronted__person_first,evidence_from_proximity_paraphrase,between_owned_shoes,fronted_location,person_first
between_owned_shoes__name_1__obj_book__physical_placement__person_first,between_owned_shoes__name_1__obj_book__physical_placement_fronted__person_first,context_order,between_owned_shoes,fronted_location,person_first
between_feet__name_1__obj_book__physical_placement_fronted__person_first,between_owned_shoes__name_1__obj_book__physical_placement_fronted__person_first,feet_vs_between_owned_shoes,between_owned_shoes,fronted_location,person_first
shared_control__name_1__obj_book__direct_label__object_first,between_owned_shoes__name_1__obj_book__physical_placement_fronted__object_first,evidence_from_direct_label,between_owned_shoes,fronted_location,object_first
shared_control__name_1__obj_book__proximity_paraphrase__object_first,between_owned_shoes__name_1__obj_book__physical_placement_fronted__object_first,evidence_from_proximity_paraphrase,between_owned_shoes,fronted_location,object_first
between_owned_shoes__name_1__obj_book__physical_placement__object_first,between_owned_shoes__name_1__obj_book__physical_placement_fronted__object_first,context_order,between_owned_shoes,fronted_location,object_first
between_owned_shoes__name_1__obj_book__physical_placement_fronted__person_first,between_owned_shoes__name_1__obj_book__physical_placement_fronted__object_first,target_order,between_owned_shoes,fronted_location,object_first
between_feet__name_1__obj_book__physical_placement_fronted__object_first,between_owned_shoes__name_1__obj_book__physical_placement_fronted__object_first,feet_vs_between_owned_shoes,between_owned_shoes,fronted_location,object_first
shared_control__name_1__obj_book__direct_label__person_first,between_owned_shoes__name_1__obj_book__physical_placement_person_subject__person_first,evidence_from_direct_label,between_owned_shoes,person_subject,person_first
shared_control__name_1__obj_book__proximity_paraphrase__person_first,between_owned_shoes__name_1__obj_book__physical_placement_person_subject__person_first,evidence_from_proximity_paraphrase,between_owned_shoes,person_subject,person_first
between_owned_shoes__name_1__obj_book__physical_placement__person_first,between_owned_shoes__name_1__obj_book__physical_placement_person_subject__person_first,context_order,between_owned_shoes,person_subject,person_first
between_feet__name_1__obj_book__physical_placement_person_subject__person_first,between_owned_shoes__name_1__obj_book__physical_placement_person_subject__person_first,feet_vs_between_owned_shoes,between_owned_shoes,person_subject,person_first
shared_control__name_1__obj_book__direct_label__object_first,between_owned_shoes__name_1__obj_book__physical_placement_person_subject__object_first,evidence_from_direct_label,between_owned_shoes,person_subject,object_first
shared_control__name_1__obj_book__proximity_paraphrase__object_first,between_owned_shoes__name_1__obj_book__physical_placement_person_subject__object_first,evidence_from_proximity_paraphrase,between_owned_shoes,person_subject,object_first
between_owned_shoes__name_1__obj_book__physical_placement__object_first,between_owned_shoes__name_1__obj_book__physical_placement_person_subject__object_first,context_order,between_owned_shoes,person_subject,object_first
between_owned_shoes__name_1__obj_book__physical_placement_person_subject__person_first,between_owned_shoes__name_1__obj_book__physical_placement_person_subject__object_first,target_order,between_owned_shoes,person_subject,object_first
between_feet__name_1__obj_book__physical_placement_person_subject__object_first,between_owned_shoes__name_1__obj_book__physical_placement_person_subject__object_first,feet_vs_between_owned_shoes,between_owned_shoes,person_subject,object_first
shared_control__name_1__obj_cone__direct_label__person_first,between_owned_shoes__name_1__obj_cone__physical_placement__person_first,evidence_from_direct_label,between_owned_shoes,object_subject,person_first
shared_control__name_1__obj_cone__proximity_paraphrase__person_first,between_owned_shoes__name_1__obj_cone__physical_placement__person_first,evidence_from_proximity_paraphrase,between_owned_shoes,object_subject,person_first
between_feet__name_1__obj_cone__physical_placement__person_first,between_owned_shoes__name_1__obj_cone__physical_placement__person_first,feet_vs_between_owned_shoes,between_owned_shoes,object_subject,person_first
shared_control__name_1__obj_cone__direct_label__object_first,between_owned_shoes__name_1__obj_cone__physical_placement__object_first,evidence_from_direct_label,between_owned_shoes,object_subject,object_first
shared_control__name_1__obj_cone__proximity_paraphrase__object_first,between_owned_shoes__name_1__obj_cone__physical_placement__object_first,evidence_from_proximity_paraphrase,between_owned_shoes,object_subject,object_first
between_owned_shoes__name_1__obj_cone__physical_placement__person_first,between_owned_shoes__name_1__obj_cone__physical_placement__object_first,target_order,between_owned_shoes,object_subject,object_first
between_feet__name_1__obj_cone__physical_placement__object_first,between_owned_shoes__name_1__obj_cone__physical_placement__object_first,feet_vs_between_owned_shoes,between_owned_shoes,object_subject,object_first
shared_control__name_1__obj_cone__direct_label__person_first,between_owned_shoes__name_1__obj_cone__physical_placement_fronted__person_first,evidence_from_direct_label,between_owned_shoes,fronted_location,person_first
shared_control__name_1__obj_cone__proximity_paraphrase__person_first,between_owned_shoes__name_1__obj_cone__physical_placement_fronted__person_first,evidence_from_proximity_paraphrase,between_owned_shoes,fronted_location,person_first
between_owned_shoes__name_1__obj_cone__physical_placement__person_first,between_owned_shoes__name_1__obj_cone__physical_placement_fronted__person_first,context_order,between_owned_shoes,fronted_location,person_first
between_feet__name_1__obj_cone__physical_placement_fronted__person_first,between_owned_shoes__name_1__obj_cone__physical_placement_fronted__person_first,feet_vs_between_owned_shoes,between_owned_shoes,fronted_location,person_first
shared_control__name_1__obj_cone__direct_label__object_first,between_owned_shoes__name_1__obj_cone__physical_placement_fronted__object_first,evidence_from_direct_label,between_owned_shoes,fronted_location,object_first
shared_control__name_1__obj_cone__proximity_paraphrase__object_first,between_owned_shoes__name_1__obj_cone__physical_placement_fronted__object_first,evidence_from_proximity_paraphrase,between_owned_shoes,fronted_location,object_first
between_owned_shoes__name_1__obj_cone__physical_placement__object_first,between_owned_shoes__name_1__obj_cone__physical_placement_fronted__object_first,context_order,between_owned_shoes,fronted_location,object_first
between_owned_shoes__name_1__obj_cone__physical_placement_fronted__person_first,between_owned_shoes__name_1__obj_cone__physical_placement_fronted__object_first,target_order,between_owned_shoes,fronted_location,object_first
between_feet__name_1__obj_cone__physical_placement_fronted__object_first,between_owned_shoes__name_1__obj_cone__physical_placement_fronted__object_first,feet_vs_between_owned_shoes,between_owned_shoes,fronted_location,object_first
shared_control__name_1__obj_cone__direct_label__person_first,between_owned_shoes__name_1__obj_cone__physical_placement_person_subject__person_first,evidence_from_direct_label,between_owned_shoes,person_subject,person_first
shared_control__name_1__obj_cone__proximity_paraphrase__person_first,between_owned_shoes__name_1__obj_cone__physical_placement_person_subject__person_first,evidence_from_proximity_paraphrase,between_owned_shoes,person_subject,person_first
between_owned_shoes__name_1__obj_cone__physical_placement__person_first,between_owned_shoes__name_1__obj_cone__physical_placement_person_subject__person_first,context_order,between_owned_shoes,person_subject,person_first
between_feet__name_1__obj_cone__physical_placement_person_subject__person_first,between_owned_shoes__name_1__obj_cone__physical_placement_person_subject__person_first,feet_vs_between_owned_shoes,between_owned_shoes,person_subject,person_first
shared_control__name_1__obj_cone__direct_label__object_first,between_owned_shoes__name_1__obj_cone__physical_placement_person_subject__object_first,evidence_from_direct_label,between_owned_shoes,person_subject,object_first
shared_control__name_1__obj_cone__proximity_paraphrase__object_first,between_owned_shoes__name_1__obj_cone__physical_placement_person_subject__object_first,evidence_from_proximity_paraphrase,between_owned_shoes,person_subject,object_first
between_owned_shoes__name_1__obj_cone__physical_placement__object_first,between_owned_shoes__name_1__obj_cone__physical_placement_person_subject__object_first,context_order,between_owned_shoes,person_subject,object_first
between_owned_shoes__name_1__obj_cone__physical_placement_person_subject__person_first,between_owned_shoes__name_1__obj_cone__physical_placement_person_subject__object_first,target_order,between_owned_shoes,person_subject,object_first
between_feet__name_1__obj_cone__physical_placement_person_subject__object_first,between_owned_shoes__name_1__obj_cone__physical_placement_person_subject__object_first,feet_vs_between_owned_shoes,between_owned_shoes,person_subject,object_first
shared_control__name_2__obj_ball__direct_label__person_first,between_owned_shoes__name_2__obj_ball__physical_placement__person_first,evidence_from_direct_label,between_owned_shoes,object_subject,person_first
shared_control__name_2__obj_ball__proximity_paraphrase__person_first,between_owned_shoes__name_2__obj_ball__physical_placement__person_first,evidence_from_proximity_paraphrase,between_owned_shoes,object_subject,person_first
between_feet__name_2__obj_ball__physical_placement__person_first,between_owned_shoes__name_2__obj_ball__physical_placement__person_first,feet_vs_between_owned_shoes,between_owned_shoes,object_subject,person_first
shared_control__name_2__obj_ball__direct_label__object_first,between_owned_shoes__name_2__obj_ball__physical_placement__object_first,evidence_from_direct_label,between_owned_shoes,object_subject,object_first
shared_control__name_2__obj_ball__proximity_paraphrase__object_first,between_owned_shoes__name_2__obj_ball__physical_placement__object_first,evidence_from_proximity_paraphrase,between_owned_shoes,object_subject,object_first
between_owned_shoes__name_2__obj_ball__physical_placement__person_first,between_owned_shoes__name_2__obj_ball__physical_placement__object_first,target_order,between_owned_shoes,object_subject,object_first
between_feet__name_2__obj_ball__physical_placement__object_first,between_owned_shoes__name_2__obj_ball__physical_placement__object_first,feet_vs_between_owned_shoes,between_owned_shoes,object_subject,object_first
shared_control__name_2__obj_ball__direct_label__person_first,between_owned_shoes__name_2__obj_ball__physical_placement_fronted__person_first,evidence_from_direct_label,between_owned_shoes,fronted_location,person_first
shared_control__name_2__obj_ball__proximity_paraphrase__person_first,between_owned_shoes__name_2__obj_ball__physical_placement_fronted__person_first,evidence_from_proximity_paraphrase,between_owned_shoes,fronted_location,person_first
between_owned_shoes__name_2__obj_ball__physical_placement__person_first,between_owned_shoes__name_2__obj_ball__physical_placement_fronted__person_first,context_order,between_owned_shoes,fronted_location,person_first
between_feet__name_2__obj_ball__physical_placement_fronted__person_first,between_owned_shoes__name_2__obj_ball__physical_placement_fronted__person_first,feet_vs_between_owned_shoes,between_owned_shoes,fronted_location,person_first
shared_control__name_2__obj_ball__direct_label__object_first,between_owned_shoes__name_2__obj_ball__physical_placement_fronted__object_first,evidence_from_direct_label,between_owned_shoes,fronted_location,object_first
shared_control__name_2__obj_ball__proximity_paraphrase__object_first,between_owned_shoes__name_2__obj_ball__physical_placement_fronted__object_first,evidence_from_proximity_paraphrase,between_owned_shoes,fronted_location,object_first
between_owned_shoes__name_2__obj_ball__physical_placement__object_first,between_owned_shoes__name_2__obj_ball__physical_placement_fronted__object_first,context_order,between_owned_shoes,fronted_location,object_first
between_owned_shoes__name_2__obj_ball__physical_placement_fronted__person_first,between_owned_shoes__name_2__obj_ball__physical_placement_fronted__object_first,target_order,between_owned_shoes,fronted_location,object_first
between_feet__name_2__obj_ball__physical_placement_fronted__object_first,between_owned_shoes__name_2__obj_ball__physical_placement_fronted__object_first,feet_vs_between_owned_shoes,between_owned_shoes,fronted_location,object_first
shared_control__name_2__obj_ball__direct_label__person_first,between_owned_shoes__name_2__obj_ball__physical_placement_person_subject__person_first,evidence_from_direct_label,between_owned_shoes,person_subject,person_first
shared_control__name_2__obj_ball__proximity_paraphrase__person_first,between_owned_shoes__name_2__obj_ball__physical_placement_person_subject__person_first,evidence_from_proximity_paraphrase,between_owned_shoes,person_subject,person_first
between_owned_shoes__name_2__obj_ball__physical_placement__person_first,between_owned_shoes__name_2__obj_ball__physical_placement_person_subject__person_first,context_order,between_owned_shoes,person_subject,person_first
between_feet__name_2__obj_ball__physical_placement_person_subject__person_first,between_owned_shoes__name_2__obj_ball__physical_placement_person_subject__person_first,feet_vs_between_owned_shoes,between_owned_shoes,person_subject,person_first
shared_control__name_2__obj_ball__direct_label__object_first,between_owned_shoes__name_2__obj_ball__physical_placement_person_subject__object_first,evidence_from_direct_label,between_owned_shoes,person_subject,object_first
shared_control__name_2__obj_ball__proximity_paraphrase__object_first,between_owned_shoes__name_2__obj_ball__physical_placement_person_subject__object_first,evidence_from_proximity_paraphrase,between_owned_shoes,person_subject,object_first
between_owned_shoes__name_2__obj_ball__physical_placement__object_first,between_owned_shoes__name_2__obj_ball__physical_placement_person_subject__object_first,context_order,between_owned_shoes,person_subject,object_first
between_owned_shoes__name_2__obj_ball__physical_placement_person_subject__person_first,between_owned_shoes__name_2__obj_ball__physical_placement_person_subject__object_first,target_order,between_owned_shoes,person_subject,object_first
between_feet__name_2__obj_ball__physical_placement_person_subject__object_first,between_owned_shoes__name_2__obj_ball__physical_placement_person_subject__object_first,feet_vs_between_owned_shoes,between_owned_shoes,person_subject,object_first
shared_control__name_2__obj_bag__direct_label__person_first,between_owned_shoes__name_2__obj_bag__physical_placement__person_first,evidence_from_direct_label,between_owned_shoes,object_subject,person_first
shared_control__name_2__obj_bag__proximity_paraphrase__person_first,between_owned_shoes__name_2__obj_bag__physical_placement__person_first,evidence_from_proximity_paraphrase,between_owned_shoes,object_subject,person_first
between_feet__name_2__obj_bag__physical_placement__person_first,between_owned_shoes__name_2__obj_bag__physical_placement__person_first,feet_vs_between_owned_shoes,between_owned_shoes,object_subject,person_first
shared_control__name_2__obj_bag__direct_label__object_first,between_owned_shoes__name_2__obj_bag__physical_placement__object_first,evidence_from_direct_label,between_owned_shoes,object_subject,object_first
shared_control__name_2__obj_bag__proximity_paraphrase__object_first,between_owned_shoes__name_2__obj_bag__physical_placement__object_first,evidence_from_proximity_paraphrase,between_owned_shoes,object_subject,object_first
between_owned_shoes__name_2__obj_bag__physical_placement__person_first,between_owned_shoes__name_2__obj_bag__physical_placement__object_first,target_order,between_owned_shoes,object_subject,object_first
between_feet__name_2__obj_bag__physical_placement__object_first,between_owned_shoes__name_2__obj_bag__physical_placement__object_first,feet_vs_between_owned_shoes,between_owned_shoes,object_subject,object_first
shared_control__name_2__obj_bag__direct_label__person_first,between_owned_shoes__name_2__obj_bag__physical_placement_fronted__person_first,evidence_from_direct_label,between_owned_shoes,fronted_location,person_first
shared_control__name_2__obj_bag__proximity_paraphrase__person_first,between_owned_shoes__name_2__obj_bag__physical_placement_fronted__person_first,evidence_from_proximity_paraphrase,between_owned_shoes,fronted_location,person_first
between_owned_shoes__name_2__obj_bag__physical_placement__person_first,between_owned_shoes__name_2__obj_bag__physical_placement_fronted__person_first,context_order,between_owned_shoes,fronted_location,person_first
between_feet__name_2__obj_bag__physical_placement_fronted__person_first,between_owned_shoes__name_2__obj_bag__physical_placement_fronted__person_first,feet_vs_between_owned_shoes,between_owned_shoes,fronted_location,person_first
shared_control__name_2__obj_bag__direct_label__object_first,between_owned_shoes__name_2__obj_bag__physical_placement_fronted__object_first,evidence_from_direct_label,between_owned_shoes,fronted_location,object_first
shared_control__name_2__obj_bag__proximity_paraphrase__object_first,between_owned_shoes__name_2__obj_bag__physical_placement_fronted__object_first,evidence_from_proximity_paraphrase,between_owned_shoes,fronted_location,object_first
between_owned_shoes__name_2__obj_bag__physical_placement__object_first,between_owned_shoes__name_2__obj_bag__physical_placement_fronted__object_first,context_order,between_owned_shoes,fronted_location,object_first
between_owned_shoes__name_2__obj_bag__physical_placement_fronted__person_first,between_owned_shoes__name_2__obj_bag__physical_placement_fronted__object_first,target_order,between_owned_shoes,fronted_location,object_first
between_feet__name_2__obj_bag__physical_placement_fronted__object_first,between_owned_shoes__name_2__obj_bag__physical_placement_fronted__object_first,feet_vs_between_owned_shoes,between_owned_shoes,fronted_location,object_first
shared_control__name_2__obj_bag__direct_label__person_first,between_owned_shoes__name_2__obj_bag__physical_placement_person_subject__person_first,evidence_from_direct_label,between_owned_shoes,person_subject,person_first
shared_control__name_2__obj_bag__proximity_paraphrase__person_first,between_owned_shoes__name_2__obj_bag__physical_placement_person_subject__person_first,evidence_from_proximity_paraphrase,between_owned_shoes,person_subject,person_first
between_owned_shoes__name_2__obj_bag__physical_placement__person_first,between_owned_shoes__name_2__obj_bag__physical_placement_person_subject__person_first,context_order,between_owned_shoes,person_subject,person_first
between_feet__name_2__obj_bag__physical_placement_person_subject__person_first,between_owned_shoes__name_2__obj_bag__physical_placement_person_subject__person_first,feet_vs_between_owned_shoes,between_owned_shoes,person_subject,person_first
shared_control__name_2__obj_bag__direct_label__object_first,between_owned_shoes__name_2__obj_bag__physical_placement_person_subject__object_first,evidence_from_direct_label,between_owned_shoes,person_subject,object_first
shared_control__name_2__obj_bag__proximity_paraphrase__object_first,between_owned_shoes__name_2__obj_bag__physical_placement_person_subject__object_first,evidence_from_proximity_paraphrase,between_owned_shoes,person_subject,object_first
between_owned_shoes__name_2__obj_bag__physical_placement__object_first,between_owned_shoes__name_2__obj_bag__physical_placement_person_subject__object_first,context_order,between_owned_shoes,person_subject,object_first
between_owned_shoes__name_2__obj_bag__physical_placement_person_subject__person_first,between_owned_shoes__name_2__obj_bag__physical_placement_person_subject__object_first,target_order,between_owned_shoes,person_subject,object_first
between_feet__name_2__obj_bag__physical_placement_person_subject__object_first,between_owned_shoes__name_2__obj_bag__physical_placement_person_subject__object_first,feet_vs_between_owned_shoes,between_owned_shoes,person_subject,object_first
shared_control__name_2__obj_book__direct_label__person_first,between_owned_shoes__name_2__obj_book__physical_placement__person_first,evidence_from_direct_label,between_owned_shoes,object_subject,person_first
shared_control__name_2__obj_book__proximity_paraphrase__person_first,between_owned_shoes__name_2__obj_book__physical_placement__person_first,evidence_from_proximity_paraphrase,between_owned_shoes,object_subject,person_first
between_feet__name_2__obj_book__physical_placement__person_first,between_owned_shoes__name_2__obj_book__physical_placement__person_first,feet_vs_between_owned_shoes,between_owned_shoes,object_subject,person_first
shared_control__name_2__obj_book__direct_label__object_first,between_owned_shoes__name_2__obj_book__physical_placement__object_first,evidence_from_direct_label,between_owned_shoes,object_subject,object_first
shared_control__name_2__obj_book__proximity_paraphrase__object_first,between_owned_shoes__name_2__obj_book__physical_placement__object_first,evidence_from_proximity_paraphrase,between_owned_shoes,object_subject,object_first
between_owned_shoes__name_2__obj_book__physical_placement__person_first,between_owned_shoes__name_2__obj_book__physical_placement__object_first,target_order,between_owned_shoes,object_subject,object_first
between_feet__name_2__obj_book__physical_placement__object_first,between_owned_shoes__name_2__obj_book__physical_placement__object_first,feet_vs_between_owned_shoes,between_owned_shoes,object_subject,object_first
shared_control__name_2__obj_book__direct_label__person_first,between_owned_shoes__name_2__obj_book__physical_placement_fronted__person_first,evidence_from_direct_label,between_owned_shoes,fronted_location,person_first
shared_control__name_2__obj_book__proximity_paraphrase__person_first,between_owned_shoes__name_2__obj_book__physical_placement_fronted__person_first,evidence_from_proximity_paraphrase,between_owned_shoes,fronted_location,person_first
between_owned_shoes__name_2__obj_book__physical_placement__person_first,between_owned_shoes__name_2__obj_book__physical_placement_fronted__person_first,context_order,between_owned_shoes,fronted_location,person_first
between_feet__name_2__obj_book__physical_placement_fronted__person_first,between_owned_shoes__name_2__obj_book__physical_placement_fronted__person_first,feet_vs_between_owned_shoes,between_owned_shoes,fronted_location,person_first
shared_control__name_2__obj_book__direct_label__object_first,between_owned_shoes__name_2__obj_book__physical_placement_fronted__object_first,evidence_from_direct_label,between_owned_shoes,fronted_location,object_first
shared_control__name_2__obj_book__proximity_paraphrase__object_first,between_owned_shoes__name_2__obj_book__physical_placement_fronted__object_first,evidence_from_proximity_paraphrase,between_owned_shoes,fronted_location,object_first
between_owned_shoes__name_2__obj_book__physical_placement__object_first,between_owned_shoes__name_2__obj_book__physical_placement_fronted__object_first,context_order,between_owned_shoes,fronted_location,object_first
between_owned_shoes__name_2__obj_book__physical_placement_fronted__person_first,between_owned_shoes__name_2__obj_book__physical_placement_fronted__object_first,target_order,between_owned_shoes,fronted_location,object_first
between_feet__name_2__obj_book__physical_placement_fronted__object_first,between_owned_shoes__name_2__obj_book__physical_placement_fronted__object_first,feet_vs_between_owned_shoes,between_owned_shoes,fronted_location,object_first
shared_control__name_2__obj_book__direct_label__person_first,between_owned_shoes__name_2__obj_book__physical_placement_person_subject__person_first,evidence_from_direct_label,between_owned_shoes,person_subject,person_first
shared_control__name_2__obj_book__proximity_paraphrase__person_first,between_owned_shoes__name_2__obj_book__physical_placement_person_subject__person_first,evidence_from_proximity_paraphrase,between_owned_shoes,person_subject,person_first
between_owned_shoes__name_2__obj_book__physical_placement__person_first,between_owned_shoes__name_2__obj_book__physical_placement_person_subject__person_first,context_order,between_owned_shoes,person_subject,person_first
between_feet__name_2__obj_book__physical_placement_person_subject__person_first,between_owned_shoes__name_2__obj_book__physical_placement_person_subject__person_first,feet_vs_between_owned_shoes,between_owned_shoes,person_subject,person_first
shared_control__name_2__obj_book__direct_label__object_first,between_owned_shoes__name_2__obj_book__physical_placement_person_subject__object_first,evidence_from_direct_label,between_owned_shoes,person_subject,object_first
shared_control__name_2__obj_book__proximity_paraphrase__object_first,between_owned_shoes__name_2__obj_book__physical_placement_person_subject__object_first,evidence_from_proximity_paraphrase,between_owned_shoes,person_subject,object_first
between_owned_shoes__name_2__obj_book__physical_placement__object_first,between_owned_shoes__name_2__obj_book__physical_placement_person_subject__object_first,context_order,between_owned_shoes,person_subject,object_first
between_owned_shoes__name_2__obj_book__physical_placement_person_subject__person_first,between_owned_shoes__name_2__obj_book__physical_placement_person_subject__object_first,target_order,between_owned_shoes,person_subject,object_first
between_feet__name_2__obj_book__physical_placement_person_subject__object_first,between_owned_shoes__name_2__obj_book__physical_placement_person_subject__object_first,feet_vs_between_owned_shoes,between_owned_shoes,person_subject,object_first
shared_control__name_2__obj_cone__direct_label__person_first,between_owned_shoes__name_2__obj_cone__physical_placement__person_first,evidence_from_direct_label,between_owned_shoes,object_subject,person_first
shared_control__name_2__obj_cone__proximity_paraphrase__person_first,between_owned_shoes__name_2__obj_cone__physical_placement__person_first,evidence_from_proximity_paraphrase,between_owned_shoes,object_subject,person_first
between_feet__name_2__obj_cone__physical_placement__person_first,between_owned_shoes__name_2__obj_cone__physical_placement__person_first,feet_vs_between_owned_shoes,between_owned_shoes,object_subject,person_first
shared_control__name_2__obj_cone__direct_label__object_first,between_owned_shoes__name_2__obj_cone__physical_placement__object_first,evidence_from_direct_label,between_owned_shoes,object_subject,object_first
shared_control__name_2__obj_cone__proximity_paraphrase__object_first,between_owned_shoes__name_2__obj_cone__physical_placement__object_first,evidence_from_proximity_paraphrase,between_owned_shoes,object_subject,object_first
between_owned_shoes__name_2__obj_cone__physical_placement__person_first,between_owned_shoes__name_2__obj_cone__physical_placement__object_first,target_order,between_owned_shoes,object_subject,object_first
between_feet__name_2__obj_cone__physical_placement__object_first,between_owned_shoes__name_2__obj_cone__physical_placement__object_first,feet_vs_between_owned_shoes,between_owned_shoes,object_subject,object_first
shared_control__name_2__obj_cone__direct_label__person_first,between_owned_shoes__name_2__obj_cone__physical_placement_fronted__person_first,evidence_from_direct_label,between_owned_shoes,fronted_location,person_first
shared_control__name_2__obj_cone__proximity_paraphrase__person_first,between_owned_shoes__name_2__obj_cone__physical_placement_fronted__person_first,evidence_from_proximity_paraphrase,between_owned_shoes,fronted_location,person_first
between_owned_shoes__name_2__obj_cone__physical_placement__person_first,between_owned_shoes__name_2__obj_cone__physical_placement_fronted__person_first,context_order,between_owned_shoes,fronted_location,person_first
between_feet__name_2__obj_cone__physical_placement_fronted__person_first,between_owned_shoes__name_2__obj_cone__physical_placement_fronted__person_first,feet_vs_between_owned_shoes,between_owned_shoes,fronted_location,person_first
shared_control__name_2__obj_cone__direct_label__object_first,between_owned_shoes__name_2__obj_cone__physical_placement_fronted__object_first,evidence_from_direct_label,between_owned_shoes,fronted_location,object_first
shared_control__name_2__obj_cone__proximity_paraphrase__object_first,between_owned_shoes__name_2__obj_cone__physical_placement_fronted__object_first,evidence_from_proximity_paraphrase,between_owned_shoes,fronted_location,object_first
between_owned_shoes__name_2__obj_cone__physical_placement__object_first,between_owned_shoes__name_2__obj_cone__physical_placement_fronted__object_first,context_order,between_owned_shoes,fronted_location,object_first
between_owned_shoes__name_2__obj_cone__physical_placement_fronted__person_first,between_owned_shoes__name_2__obj_cone__physical_placement_fronted__object_first,target_order,between_owned_shoes,fronted_location,object_first
between_feet__name_2__obj_cone__physical_placement_fronted__object_first,between_owned_shoes__name_2__obj_cone__physical_placement_fronted__object_first,feet_vs_between_owned_shoes,between_owned_shoes,fronted_location,object_first
shared_control__name_2__obj_cone__direct_label__person_first,between_owned_shoes__name_2__obj_cone__physical_placement_person_subject__person_first,evidence_from_direct_label,between_owned_shoes,person_subject,person_first
shared_control__name_2__obj_cone__proximity_paraphrase__person_first,between_owned_shoes__name_2__obj_cone__physical_placement_person_subject__person_first,evidence_from_proximity_paraphrase,between_owned_shoes,person_subject,person_first
between_owned_shoes__name_2__obj_cone__physical_placement__person_first,between_owned_shoes__name_2__obj_cone__physical_placement_person_subject__person_first,context_order,between_owned_shoes,person_subject,person_first
between_feet__name_2__obj_cone__physical_placement_person_subject__person_first,between_owned_shoes__name_2__obj_cone__physical_placement_person_subject__person_first,feet_vs_between_owned_shoes,between_owned_shoes,person_subject,person_first
shared_control__name_2__obj_cone__direct_label__object_first,between_owned_shoes__name_2__obj_cone__physical_placement_person_subject__object_first,evidence_from_direct_label,between_owned_shoes,person_subject,object_first
shared_control__name_2__obj_cone__proximity_paraphrase__object_first,between_owned_shoes__name_2__obj_cone__physical_placement_person_subject__object_first,evidence_from_proximity_paraphrase,between_owned_shoes,person_subject,object_first
between_owned_shoes__name_2__obj_cone__physical_placement__object_first,between_owned_shoes__name_2__obj_cone__physical_placement_person_subject__object_first,context_order,between_owned_shoes,person_subject,object_first
between_owned_shoes__name_2__obj_cone__physical_placement_person_subject__person_first,between_owned_shoes__name_2__obj_cone__physical_placement_person_subject__object_first,target_order,between_owned_shoes,person_subject,object_first
between_feet__name_2__obj_cone__physical_placement_person_subject__object_first,between_owned_shoes__name_2__obj_cone__physical_placement_person_subject__object_first,feet_vs_between_owned_shoes,between_owned_shoes,person_subject,object_first
shared_control__name_3__obj_ball__direct_label__person_first,between_owned_shoes__name_3__obj_ball__physical_placement__person_first,evidence_from_direct_label,between_owned_shoes,object_subject,person_first
shared_control__name_3__obj_ball__proximity_paraphrase__person_first,between_owned_shoes__name_3__obj_ball__physical_placement__person_first,evidence_from_proximity_paraphrase,between_owned_shoes,object_subject,person_first
between_feet__name_3__obj_ball__physical_placement__person_first,between_owned_shoes__name_3__obj_ball__physical_placement__person_first,feet_vs_between_owned_shoes,between_owned_shoes,object_subject,person_first
shared_control__name_3__obj_ball__direct_label__object_first,between_owned_shoes__name_3__obj_ball__physical_placement__object_first,evidence_from_direct_label,between_owned_shoes,object_subject,object_first
shared_control__name_3__obj_ball__proximity_paraphrase__object_first,between_owned_shoes__name_3__obj_ball__physical_placement__object_first,evidence_from_proximity_paraphrase,between_owned_shoes,object_subject,object_first
between_owned_shoes__name_3__obj_ball__physical_placement__person_first,between_owned_shoes__name_3__obj_ball__physical_placement__object_first,target_order,between_owned_shoes,object_subject,object_first
between_feet__name_3__obj_ball__physical_placement__object_first,between_owned_shoes__name_3__obj_ball__physical_placement__object_first,feet_vs_between_owned_shoes,between_owned_shoes,object_subject,object_first
shared_control__name_3__obj_ball__direct_label__person_first,between_owned_shoes__name_3__obj_ball__physical_placement_fronted__person_first,evidence_from_direct_label,between_owned_shoes,fronted_location,person_first
shared_control__name_3__obj_ball__proximity_paraphrase__person_first,between_owned_shoes__name_3__obj_ball__physical_placement_fronted__person_first,evidence_from_proximity_paraphrase,between_owned_shoes,fronted_location,person_first
between_owned_shoes__name_3__obj_ball__physical_placement__person_first,between_owned_shoes__name_3__obj_ball__physical_placement_fronted__person_first,context_order,between_owned_shoes,fronted_location,person_first
between_feet__name_3__obj_ball__physical_placement_fronted__person_first,between_owned_shoes__name_3__obj_ball__physical_placement_fronted__person_first,feet_vs_between_owned_shoes,between_owned_shoes,fronted_location,person_first
shared_control__name_3__obj_ball__direct_label__object_first,between_owned_shoes__name_3__obj_ball__physical_placement_fronted__object_first,evidence_from_direct_label,between_owned_shoes,fronted_location,object_first
shared_control__name_3__obj_ball__proximity_paraphrase__object_first,between_owned_shoes__name_3__obj_ball__physical_placement_fronted__object_first,evidence_from_proximity_paraphrase,between_owned_shoes,fronted_location,object_first
between_owned_shoes__name_3__obj_ball__physical_placement__object_first,between_owned_shoes__name_3__obj_ball__physical_placement_fronted__object_first,context_order,between_owned_shoes,fronted_location,object_first
between_owned_shoes__name_3__obj_ball__physical_placement_fronted__person_first,between_owned_shoes__name_3__obj_ball__physical_placement_fronted__object_first,target_order,between_owned_shoes,fronted_location,object_first
between_feet__name_3__obj_ball__physical_placement_fronted__object_first,between_owned_shoes__name_3__obj_ball__physical_placement_fronted__object_first,feet_vs_between_owned_shoes,between_owned_shoes,fronted_location,object_first
shared_control__name_3__obj_ball__direct_label__person_first,between_owned_shoes__name_3__obj_ball__physical_placement_person_subject__person_first,evidence_from_direct_label,between_owned_shoes,person_subject,person_first
shared_control__name_3__obj_ball__proximity_paraphrase__person_first,between_owned_shoes__name_3__obj_ball__physical_placement_person_subject__person_first,evidence_from_proximity_paraphrase,between_owned_shoes,person_subject,person_first
between_owned_shoes__name_3__obj_ball__physical_placement__person_first,between_owned_shoes__name_3__obj_ball__physical_placement_person_subject__person_first,context_order,between_owned_shoes,person_subject,person_first
between_feet__name_3__obj_ball__physical_placement_person_subject__person_first,between_owned_shoes__name_3__obj_ball__physical_placement_person_subject__person_first,feet_vs_between_owned_shoes,between_owned_shoes,person_subject,person_first
shared_control__name_3__obj_ball__direct_label__object_first,between_owned_shoes__name_3__obj_ball__physical_placement_person_subject__object_first,evidence_from_direct_label,between_owned_shoes,person_subject,object_first
shared_control__name_3__obj_ball__proximity_paraphrase__object_first,between_owned_shoes__name_3__obj_ball__physical_placement_person_subject__object_first,evidence_from_proximity_paraphrase,between_owned_shoes,person_subject,object_first
between_owned_shoes__name_3__obj_ball__physical_placement__object_first,between_owned_shoes__name_3__obj_ball__physical_placement_person_subject__object_first,context_order,between_owned_shoes,person_subject,object_first
between_owned_shoes__name_3__obj_ball__physical_placement_person_subject__person_first,between_owned_shoes__name_3__obj_ball__physical_placement_person_subject__object_first,target_order,between_owned_shoes,person_subject,object_first
between_feet__name_3__obj_ball__physical_placement_person_subject__object_first,between_owned_shoes__name_3__obj_ball__physical_placement_person_subject__object_first,feet_vs_between_owned_shoes,between_owned_shoes,person_subject,object_first
shared_control__name_3__obj_bag__direct_label__person_first,between_owned_shoes__name_3__obj_bag__physical_placement__person_first,evidence_from_direct_label,between_owned_shoes,object_subject,person_first
shared_control__name_3__obj_bag__proximity_paraphrase__person_first,between_owned_shoes__name_3__obj_bag__physical_placement__person_first,evidence_from_proximity_paraphrase,between_owned_shoes,object_subject,person_first
between_feet__name_3__obj_bag__physical_placement__person_first,between_owned_shoes__name_3__obj_bag__physical_placement__person_first,feet_vs_between_owned_shoes,between_owned_shoes,object_subject,person_first
shared_control__name_3__obj_bag__direct_label__object_first,between_owned_shoes__name_3__obj_bag__physical_placement__object_first,evidence_from_direct_label,between_owned_shoes,object_subject,object_first
shared_control__name_3__obj_bag__proximity_paraphrase__object_first,between_owned_shoes__name_3__obj_bag__physical_placement__object_first,evidence_from_proximity_paraphrase,between_owned_shoes,object_subject,object_first
between_owned_shoes__name_3__obj_bag__physical_placement__person_first,between_owned_shoes__name_3__obj_bag__physical_placement__object_first,target_order,between_owned_shoes,object_subject,object_first
between_feet__name_3__obj_bag__physical_placement__object_first,between_owned_shoes__name_3__obj_bag__physical_placement__object_first,feet_vs_between_owned_shoes,between_owned_shoes,object_subject,object_first
shared_control__name_3__obj_bag__direct_label__person_first,between_owned_shoes__name_3__obj_bag__physical_placement_fronted__person_first,evidence_from_direct_label,between_owned_shoes,fronted_location,person_first
shared_control__name_3__obj_bag__proximity_paraphrase__person_first,between_owned_shoes__name_3__obj_bag__physical_placement_fronted__person_first,evidence_from_proximity_paraphrase,between_owned_shoes,fronted_location,person_first
between_owned_shoes__name_3__obj_bag__physical_placement__person_first,between_owned_shoes__name_3__obj_bag__physical_placement_fronted__person_first,context_order,between_owned_shoes,fronted_location,person_first
between_feet__name_3__obj_bag__physical_placement_fronted__person_first,between_owned_shoes__name_3__obj_bag__physical_placement_fronted__person_first,feet_vs_between_owned_shoes,between_owned_shoes,fronted_location,person_first
shared_control__name_3__obj_bag__direct_label__object_first,between_owned_shoes__name_3__obj_bag__physical_placement_fronted__object_first,evidence_from_direct_label,between_owned_shoes,fronted_location,object_first
shared_control__name_3__obj_bag__proximity_paraphrase__object_first,between_owned_shoes__name_3__obj_bag__physical_placement_fronted__object_first,evidence_from_proximity_paraphrase,between_owned_shoes,fronted_location,object_first
between_owned_shoes__name_3__obj_bag__physical_placement__object_first,between_owned_shoes__name_3__obj_bag__physical_placement_fronted__object_first,context_order,between_owned_shoes,fronted_location,object_first
between_owned_shoes__name_3__obj_bag__physical_placement_fronted__person_first,between_owned_shoes__name_3__obj_bag__physical_placement_fronted__object_first,target_order,between_owned_shoes,fronted_location,object_first
between_feet__name_3__obj_bag__physical_placement_fronted__object_first,between_owned_shoes__name_3__obj_bag__physical_placement_fronted__object_first,feet_vs_between_owned_shoes,between_owned_shoes,fronted_location,object_first
shared_control__name_3__obj_bag__direct_label__person_first,between_owned_shoes__name_3__obj_bag__physical_placement_person_subject__person_first,evidence_from_direct_label,between_owned_shoes,person_subject,person_first
shared_control__name_3__obj_bag__proximity_paraphrase__person_first,between_owned_shoes__name_3__obj_bag__physical_placement_person_subject__person_first,evidence_from_proximity_paraphrase,between_owned_shoes,person_subject,person_first
between_owned_shoes__name_3__obj_bag__physical_placement__person_first,between_owned_shoes__name_3__obj_bag__physical_placement_person_subject__person_first,context_order,between_owned_shoes,person_subject,person_first
between_feet__name_3__obj_bag__physical_placement_person_subject__person_first,between_owned_shoes__name_3__obj_bag__physical_placement_person_subject__person_first,feet_vs_between_owned_shoes,between_owned_shoes,person_subject,person_first
shared_control__name_3__obj_bag__direct_label__object_first,between_owned_shoes__name_3__obj_bag__physical_placement_person_subject__object_first,evidence_from_direct_label,between_owned_shoes,person_subject,object_first
shared_control__name_3__obj_bag__proximity_paraphrase__object_first,between_owned_shoes__name_3__obj_bag__physical_placement_person_subject__object_first,evidence_from_proximity_paraphrase,between_owned_shoes,person_subject,object_first
between_owned_shoes__name_3__obj_bag__physical_placement__object_first,between_owned_shoes__name_3__obj_bag__physical_placement_person_subject__object_first,context_order,between_owned_shoes,person_subject,object_first
between_owned_shoes__name_3__obj_bag__physical_placement_person_subject__person_first,between_owned_shoes__name_3__obj_bag__physical_placement_person_subject__object_first,target_order,between_owned_shoes,person_subject,object_first
between_feet__name_3__obj_bag__physical_placement_person_subject__object_first,between_owned_shoes__name_3__obj_bag__physical_placement_person_subject__object_first,feet_vs_between_owned_shoes,between_owned_shoes,person_subject,object_first
shared_control__name_3__obj_book__direct_label__person_first,between_owned_shoes__name_3__obj_book__physical_placement__person_first,evidence_from_direct_label,between_owned_shoes,object_subject,person_first
shared_control__name_3__obj_book__proximity_paraphrase__person_first,between_owned_shoes__name_3__obj_book__physical_placement__person_first,evidence_from_proximity_paraphrase,between_owned_shoes,object_subject,person_first
between_feet__name_3__obj_book__physical_placement__person_first,between_owned_shoes__name_3__obj_book__physical_placement__person_first,feet_vs_between_owned_shoes,between_owned_shoes,object_subject,person_first
shared_control__name_3__obj_book__direct_label__object_first,between_owned_shoes__name_3__obj_book__physical_placement__object_first,evidence_from_direct_label,between_owned_shoes,object_subject,object_first
shared_control__name_3__obj_book__proximity_paraphrase__object_first,between_owned_shoes__name_3__obj_book__physical_placement__object_first,evidence_from_proximity_paraphrase,between_owned_shoes,object_subject,object_first
between_owned_shoes__name_3__obj_book__physical_placement__person_first,between_owned_shoes__name_3__obj_book__physical_placement__object_first,target_order,between_owned_shoes,object_subject,object_first
between_feet__name_3__obj_book__physical_placement__object_first,between_owned_shoes__name_3__obj_book__physical_placement__object_first,feet_vs_between_owned_shoes,between_owned_shoes,object_subject,object_first
shared_control__name_3__obj_book__direct_label__person_first,between_owned_shoes__name_3__obj_book__physical_placement_fronted__person_first,evidence_from_direct_label,between_owned_shoes,fronted_location,person_first
shared_control__name_3__obj_book__proximity_paraphrase__person_first,between_owned_shoes__name_3__obj_book__physical_placement_fronted__person_first,evidence_from_proximity_paraphrase,between_owned_shoes,fronted_location,person_first
between_owned_shoes__name_3__obj_book__physical_placement__person_first,between_owned_shoes__name_3__obj_book__physical_placement_fronted__person_first,context_order,between_owned_shoes,fronted_location,person_first
between_feet__name_3__obj_book__physical_placement_fronted__person_first,between_owned_shoes__name_3__obj_book__physical_placement_fronted__person_first,feet_vs_between_owned_shoes,between_owned_shoes,fronted_location,person_first
shared_control__name_3__obj_book__direct_label__object_first,between_owned_shoes__name_3__obj_book__physical_placement_fronted__object_first,evidence_from_direct_label,between_owned_shoes,fronted_location,object_first
shared_control__name_3__obj_book__proximity_paraphrase__object_first,between_owned_shoes__name_3__obj_book__physical_placement_fronted__object_first,evidence_from_proximity_paraphrase,between_owned_shoes,fronted_location,object_first
between_owned_shoes__name_3__obj_book__physical_placement__object_first,between_owned_shoes__name_3__obj_book__physical_placement_fronted__object_first,context_order,between_owned_shoes,fronted_location,object_first
between_owned_shoes__name_3__obj_book__physical_placement_fronted__person_first,between_owned_shoes__name_3__obj_book__physical_placement_fronted__object_first,target_order,between_owned_shoes,fronted_location,object_first
between_feet__name_3__obj_book__physical_placement_fronted__object_first,between_owned_shoes__name_3__obj_book__physical_placement_fronted__object_first,feet_vs_between_owned_shoes,between_owned_shoes,fronted_location,object_first
shared_control__name_3__obj_book__direct_label__person_first,between_owned_shoes__name_3__obj_book__physical_placement_person_subject__person_first,evidence_from_direct_label,between_owned_shoes,person_subject,person_first
shared_control__name_3__obj_book__proximity_paraphrase__person_first,between_owned_shoes__name_3__obj_book__physical_placement_person_subject__person_first,evidence_from_proximity_paraphrase,between_owned_shoes,person_subject,person_first
between_owned_shoes__name_3__obj_book__physical_placement__person_first,between_owned_shoes__name_3__obj_book__physical_placement_person_subject__person_first,context_order,between_owned_shoes,person_subject,person_first
between_feet__name_3__obj_book__physical_placement_person_subject__person_first,between_owned_shoes__name_3__obj_book__physical_placement_person_subject__person_first,feet_vs_between_owned_shoes,between_owned_shoes,person_subject,person_first
shared_control__name_3__obj_book__direct_label__object_first,between_owned_shoes__name_3__obj_book__physical_placement_person_subject__object_first,evidence_from_direct_label,between_owned_shoes,person_subject,object_first
shared_control__name_3__obj_book__proximity_paraphrase__object_first,between_owned_shoes__name_3__obj_book__physical_placement_person_subject__object_first,evidence_from_proximity_paraphrase,between_owned_shoes,person_subject,object_first
between_owned_shoes__name_3__obj_book__physical_placement__object_first,between_owned_shoes__name_3__obj_book__physical_placement_person_subject__object_first,context_order,between_owned_shoes,person_subject,object_first
between_owned_shoes__name_3__obj_book__physical_placement_person_subject__person_first,between_owned_shoes__name_3__obj_book__physical_placement_person_subject__object_first,target_order,between_owned_shoes,person_subject,object_first
between_feet__name_3__obj_book__physical_placement_person_subject__object_first,between_owned_shoes__name_3__obj_book__physical_placement_person_subject__object_first,feet_vs_between_owned_shoes,between_owned_shoes,person_subject,object_first
shared_control__name_3__obj_cone__direct_label__person_first,between_owned_shoes__name_3__obj_cone__physical_placement__person_first,evidence_from_direct_label,between_owned_shoes,object_subject,person_first
shared_control__name_3__obj_cone__proximity_paraphrase__person_first,between_owned_shoes__name_3__obj_cone__physical_placement__person_first,evidence_from_proximity_paraphrase,between_owned_shoes,object_subject,person_first
between_feet__name_3__obj_cone__physical_placement__person_first,between_owned_shoes__name_3__obj_cone__physical_placement__person_first,feet_vs_between_owned_shoes,between_owned_shoes,object_subject,person_first
shared_control__name_3__obj_cone__direct_label__object_first,between_owned_shoes__name_3__obj_cone__physical_placement__object_first,evidence_from_direct_label,between_owned_shoes,object_subject,object_first
shared_control__name_3__obj_cone__proximity_paraphrase__object_first,between_owned_shoes__name_3__obj_cone__physical_placement__object_first,evidence_from_proximity_paraphrase,between_owned_shoes,object_subject,object_first
between_owned_shoes__name_3__obj_cone__physical_placement__person_first,between_owned_shoes__name_3__obj_cone__physical_placement__object_first,target_order,between_owned_shoes,object_subject,object_first
between_feet__name_3__obj_cone__physical_placement__object_first,between_owned_shoes__name_3__obj_cone__physical_placement__object_first,feet_vs_between_owned_shoes,between_owned_shoes,object_subject,object_first
shared_control__name_3__obj_cone__direct_label__person_first,between_owned_shoes__name_3__obj_cone__physical_placement_fronted__person_first,evidence_from_direct_label,between_owned_shoes,fronted_location,person_first
shared_control__name_3__obj_cone__proximity_paraphrase__person_first,between_owned_shoes__name_3__obj_cone__physical_placement_fronted__person_first,evidence_from_proximity_paraphrase,between_owned_shoes,fronted_location,person_first
between_owned_shoes__name_3__obj_cone__physical_placement__person_first,between_owned_shoes__name_3__obj_cone__physical_placement_fronted__person_first,context_order,between_owned_shoes,fronted_location,person_first
between_feet__name_3__obj_cone__physical_placement_fronted__person_first,between_owned_shoes__name_3__obj_cone__physical_placement_fronted__person_first,feet_vs_between_owned_shoes,between_owned_shoes,fronted_location,person_first
shared_control__name_3__obj_cone__direct_label__object_first,between_owned_shoes__name_3__obj_cone__physical_placement_fronted__object_first,evidence_from_direct_label,between_owned_shoes,fronted_location,object_first
shared_control__name_3__obj_cone__proximity_paraphrase__object_first,between_owned_shoes__name_3__obj_cone__physical_placement_fronted__object_first,evidence_from_proximity_paraphrase,between_owned_shoes,fronted_location,object_first
between_owned_shoes__name_3__obj_cone__physical_placement__object_first,between_owned_shoes__name_3__obj_cone__physical_placement_fronted__object_first,context_order,between_owned_shoes,fronted_location,object_first
between_owned_shoes__name_3__obj_cone__physical_placement_fronted__person_first,between_owned_shoes__name_3__obj_cone__physical_placement_fronted__object_first,target_order,between_owned_shoes,fronted_location,object_first
between_feet__name_3__obj_cone__physical_placement_fronted__object_first,between_owned_shoes__name_3__obj_cone__physical_placement_fronted__object_first,feet_vs_between_owned_shoes,between_owned_shoes,fronted_location,object_first
shared_control__name_3__obj_cone__direct_label__person_first,between_owned_shoes__name_3__obj_cone__physical_placement_person_subject__person_first,evidence_from_direct_label,between_owned_shoes,person_subject,person_first
shared_control__name_3__obj_cone__proximity_paraphrase__person_first,between_owned_shoes__name_3__obj_cone__physical_placement_person_subject__person_first,evidence_from_proximity_paraphrase,between_owned_shoes,person_subject,person_first
between_owned_shoes__name_3__obj_cone__physical_placement__person_first,between_owned_shoes__name_3__obj_cone__physical_placement_person_subject__person_first,context_order,between_owned_shoes,person_subject,person_first
between_feet__name_3__obj_cone__physical_placement_person_subject__person_first,between_owned_shoes__name_3__obj_cone__physical_placement_person_subject__person_first,feet_vs_between_owned_shoes,between_owned_shoes,person_subject,person_first
shared_control__name_3__obj_cone__direct_label__object_first,between_owned_shoes__name_3__obj_cone__physical_placement_person_subject__object_first,evidence_from_direct_label,between_owned_shoes,person_subject,object_first
shared_control__name_3__obj_cone__proximity_paraphrase__object_first,between_owned_shoes__name_3__obj_cone__physical_placement_person_subject__object_first,evidence_from_proximity_paraphrase,between_owned_shoes,person_subject,object_first
between_owned_shoes__name_3__obj_cone__physical_placement__object_first,between_owned_shoes__name_3__obj_cone__physical_placement_person_subject__object_first,context_order,between_owned_shoes,person_subject,object_first
between_owned_shoes__name_3__obj_cone__physical_placement_person_subject__person_first,between_owned_shoes__name_3__obj_cone__physical_placement_person_subject__object_first,target_order,between_owned_shoes,person_subject,object_first
between_feet__name_3__obj_cone__physical_placement_person_subject__object_first,between_owned_shoes__name_3__obj_cone__physical_placement_person_subject__object_first,feet_vs_between_owned_shoes,between_owned_shoes,person_subject,object_first
shared_control__name_0__obj_ball__direct_label__person_first,between_worn_shoes__name_0__obj_ball__physical_placement__person_first,evidence_from_direct_label,between_worn_shoes,object_subject,person_first
shared_control__name_0__obj_ball__proximity_paraphrase__person_first,between_worn_shoes__name_0__obj_ball__physical_placement__person_first,evidence_from_proximity_paraphrase,between_worn_shoes,object_subject,person_first
between_feet__name_0__obj_ball__physical_placement__person_first,between_worn_shoes__name_0__obj_ball__physical_placement__person_first,feet_vs_between_worn_shoes,between_worn_shoes,object_subject,person_first
between_owned_shoes__name_0__obj_ball__physical_placement__person_first,between_worn_shoes__name_0__obj_ball__physical_placement__person_first,make_shoes_wearing_explicit,between_worn_shoes,object_subject,person_first
shared_control__name_0__obj_ball__direct_label__object_first,between_worn_shoes__name_0__obj_ball__physical_placement__object_first,evidence_from_direct_label,between_worn_shoes,object_subject,object_first
shared_control__name_0__obj_ball__proximity_paraphrase__object_first,between_worn_shoes__name_0__obj_ball__physical_placement__object_first,evidence_from_proximity_paraphrase,between_worn_shoes,object_subject,object_first
between_worn_shoes__name_0__obj_ball__physical_placement__person_first,between_worn_shoes__name_0__obj_ball__physical_placement__object_first,target_order,between_worn_shoes,object_subject,object_first
between_feet__name_0__obj_ball__physical_placement__object_first,between_worn_shoes__name_0__obj_ball__physical_placement__object_first,feet_vs_between_worn_shoes,between_worn_shoes,object_subject,object_first
between_owned_shoes__name_0__obj_ball__physical_placement__object_first,between_worn_shoes__name_0__obj_ball__physical_placement__object_first,make_shoes_wearing_explicit,between_worn_shoes,object_subject,object_first
shared_control__name_0__obj_ball__direct_label__person_first,between_worn_shoes__name_0__obj_ball__physical_placement_fronted__person_first,evidence_from_direct_label,between_worn_shoes,fronted_location,person_first
shared_control__name_0__obj_ball__proximity_paraphrase__person_first,between_worn_shoes__name_0__obj_ball__physical_placement_fronted__person_first,evidence_from_proximity_paraphrase,between_worn_shoes,fronted_location,person_first
between_worn_shoes__name_0__obj_ball__physical_placement__person_first,between_worn_shoes__name_0__obj_ball__physical_placement_fronted__person_first,context_order,between_worn_shoes,fronted_location,person_first
between_feet__name_0__obj_ball__physical_placement_fronted__person_first,between_worn_shoes__name_0__obj_ball__physical_placement_fronted__person_first,feet_vs_between_worn_shoes,between_worn_shoes,fronted_location,person_first
between_owned_shoes__name_0__obj_ball__physical_placement_fronted__person_first,between_worn_shoes__name_0__obj_ball__physical_placement_fronted__person_first,make_shoes_wearing_explicit,between_worn_shoes,fronted_location,person_first
shared_control__name_0__obj_ball__direct_label__object_first,between_worn_shoes__name_0__obj_ball__physical_placement_fronted__object_first,evidence_from_direct_label,between_worn_shoes,fronted_location,object_first
shared_control__name_0__obj_ball__proximity_paraphrase__object_first,between_worn_shoes__name_0__obj_ball__physical_placement_fronted__object_first,evidence_from_proximity_paraphrase,between_worn_shoes,fronted_location,object_first
between_worn_shoes__name_0__obj_ball__physical_placement__object_first,between_worn_shoes__name_0__obj_ball__physical_placement_fronted__object_first,context_order,between_worn_shoes,fronted_location,object_first
between_worn_shoes__name_0__obj_ball__physical_placement_fronted__person_first,between_worn_shoes__name_0__obj_ball__physical_placement_fronted__object_first,target_order,between_worn_shoes,fronted_location,object_first
between_feet__name_0__obj_ball__physical_placement_fronted__object_first,between_worn_shoes__name_0__obj_ball__physical_placement_fronted__object_first,feet_vs_between_worn_shoes,between_worn_shoes,fronted_location,object_first
between_owned_shoes__name_0__obj_ball__physical_placement_fronted__object_first,between_worn_shoes__name_0__obj_ball__physical_placement_fronted__object_first,make_shoes_wearing_explicit,between_worn_shoes,fronted_location,object_first
shared_control__name_0__obj_ball__direct_label__person_first,between_worn_shoes__name_0__obj_ball__physical_placement_person_subject__person_first,evidence_from_direct_label,between_worn_shoes,person_subject,person_first
shared_control__name_0__obj_ball__proximity_paraphrase__person_first,between_worn_shoes__name_0__obj_ball__physical_placement_person_subject__person_first,evidence_from_proximity_paraphrase,between_worn_shoes,person_subject,person_first
between_worn_shoes__name_0__obj_ball__physical_placement__person_first,between_worn_shoes__name_0__obj_ball__physical_placement_person_subject__person_first,context_order,between_worn_shoes,person_subject,person_first
between_feet__name_0__obj_ball__physical_placement_person_subject__person_first,between_worn_shoes__name_0__obj_ball__physical_placement_person_subject__person_first,feet_vs_between_worn_shoes,between_worn_shoes,person_subject,person_first
between_owned_shoes__name_0__obj_ball__physical_placement_person_subject__person_first,between_worn_shoes__name_0__obj_ball__physical_placement_person_subject__person_first,make_shoes_wearing_explicit,between_worn_shoes,person_subject,person_first
shared_control__name_0__obj_ball__direct_label__object_first,between_worn_shoes__name_0__obj_ball__physical_placement_person_subject__object_first,evidence_from_direct_label,between_worn_shoes,person_subject,object_first
shared_control__name_0__obj_ball__proximity_paraphrase__object_first,between_worn_shoes__name_0__obj_ball__physical_placement_person_subject__object_first,evidence_from_proximity_paraphrase,between_worn_shoes,person_subject,object_first
between_worn_shoes__name_0__obj_ball__physical_placement__object_first,between_worn_shoes__name_0__obj_ball__physical_placement_person_subject__object_first,context_order,between_worn_shoes,person_subject,object_first
between_worn_shoes__name_0__obj_ball__physical_placement_person_subject__person_first,between_worn_shoes__name_0__obj_ball__physical_placement_person_subject__object_first,target_order,between_worn_shoes,person_subject,object_first
between_feet__name_0__obj_ball__physical_placement_person_subject__object_first,between_worn_shoes__name_0__obj_ball__physical_placement_person_subject__object_first,feet_vs_between_worn_shoes,between_worn_shoes,person_subject,object_first
between_owned_shoes__name_0__obj_ball__physical_placement_person_subject__object_first,between_worn_shoes__name_0__obj_ball__physical_placement_person_subject__object_first,make_shoes_wearing_explicit,between_worn_shoes,person_subject,object_first
shared_control__name_0__obj_bag__direct_label__person_first,between_worn_shoes__name_0__obj_bag__physical_placement__person_first,evidence_from_direct_label,between_worn_shoes,object_subject,person_first
shared_control__name_0__obj_bag__proximity_paraphrase__person_first,between_worn_shoes__name_0__obj_bag__physical_placement__person_first,evidence_from_proximity_paraphrase,between_worn_shoes,object_subject,person_first
between_feet__name_0__obj_bag__physical_placement__person_first,between_worn_shoes__name_0__obj_bag__physical_placement__person_first,feet_vs_between_worn_shoes,between_worn_shoes,object_subject,person_first
between_owned_shoes__name_0__obj_bag__physical_placement__person_first,between_worn_shoes__name_0__obj_bag__physical_placement__person_first,make_shoes_wearing_explicit,between_worn_shoes,object_subject,person_first
shared_control__name_0__obj_bag__direct_label__object_first,between_worn_shoes__name_0__obj_bag__physical_placement__object_first,evidence_from_direct_label,between_worn_shoes,object_subject,object_first
shared_control__name_0__obj_bag__proximity_paraphrase__object_first,between_worn_shoes__name_0__obj_bag__physical_placement__object_first,evidence_from_proximity_paraphrase,between_worn_shoes,object_subject,object_first
between_worn_shoes__name_0__obj_bag__physical_placement__person_first,between_worn_shoes__name_0__obj_bag__physical_placement__object_first,target_order,between_worn_shoes,object_subject,object_first
between_feet__name_0__obj_bag__physical_placement__object_first,between_worn_shoes__name_0__obj_bag__physical_placement__object_first,feet_vs_between_worn_shoes,between_worn_shoes,object_subject,object_first
between_owned_shoes__name_0__obj_bag__physical_placement__object_first,between_worn_shoes__name_0__obj_bag__physical_placement__object_first,make_shoes_wearing_explicit,between_worn_shoes,object_subject,object_first
shared_control__name_0__obj_bag__direct_label__person_first,between_worn_shoes__name_0__obj_bag__physical_placement_fronted__person_first,evidence_from_direct_label,between_worn_shoes,fronted_location,person_first
shared_control__name_0__obj_bag__proximity_paraphrase__person_first,between_worn_shoes__name_0__obj_bag__physical_placement_fronted__person_first,evidence_from_proximity_paraphrase,between_worn_shoes,fronted_location,person_first
between_worn_shoes__name_0__obj_bag__physical_placement__person_first,between_worn_shoes__name_0__obj_bag__physical_placement_fronted__person_first,context_order,between_worn_shoes,fronted_location,person_first
between_feet__name_0__obj_bag__physical_placement_fronted__person_first,between_worn_shoes__name_0__obj_bag__physical_placement_fronted__person_first,feet_vs_between_worn_shoes,between_worn_shoes,fronted_location,person_first
between_owned_shoes__name_0__obj_bag__physical_placement_fronted__person_first,between_worn_shoes__name_0__obj_bag__physical_placement_fronted__person_first,make_shoes_wearing_explicit,between_worn_shoes,fronted_location,person_first
shared_control__name_0__obj_bag__direct_label__object_first,between_worn_shoes__name_0__obj_bag__physical_placement_fronted__object_first,evidence_from_direct_label,between_worn_shoes,fronted_location,object_first
shared_control__name_0__obj_bag__proximity_paraphrase__object_first,between_worn_shoes__name_0__obj_bag__physical_placement_fronted__object_first,evidence_from_proximity_paraphrase,between_worn_shoes,fronted_location,object_first
between_worn_shoes__name_0__obj_bag__physical_placement__object_first,between_worn_shoes__name_0__obj_bag__physical_placement_fronted__object_first,context_order,between_worn_shoes,fronted_location,object_first
between_worn_shoes__name_0__obj_bag__physical_placement_fronted__person_first,between_worn_shoes__name_0__obj_bag__physical_placement_fronted__object_first,target_order,between_worn_shoes,fronted_location,object_first
between_feet__name_0__obj_bag__physical_placement_fronted__object_first,between_worn_shoes__name_0__obj_bag__physical_placement_fronted__object_first,feet_vs_between_worn_shoes,between_worn_shoes,fronted_location,object_first
between_owned_shoes__name_0__obj_bag__physical_placement_fronted__object_first,between_worn_shoes__name_0__obj_bag__physical_placement_fronted__object_first,make_shoes_wearing_explicit,between_worn_shoes,fronted_location,object_first
shared_control__name_0__obj_bag__direct_label__person_first,between_worn_shoes__name_0__obj_bag__physical_placement_person_subject__person_first,evidence_from_direct_label,between_worn_shoes,person_subject,person_first
shared_control__name_0__obj_bag__proximity_paraphrase__person_first,between_worn_shoes__name_0__obj_bag__physical_placement_person_subject__person_first,evidence_from_proximity_paraphrase,between_worn_shoes,person_subject,person_first
between_worn_shoes__name_0__obj_bag__physical_placement__person_first,between_worn_shoes__name_0__obj_bag__physical_placement_person_subject__person_first,context_order,between_worn_shoes,person_subject,person_first
between_feet__name_0__obj_bag__physical_placement_person_subject__person_first,between_worn_shoes__name_0__obj_bag__physical_placement_person_subject__person_first,feet_vs_between_worn_shoes,between_worn_shoes,person_subject,person_first
between_owned_shoes__name_0__obj_bag__physical_placement_person_subject__person_first,between_worn_shoes__name_0__obj_bag__physical_placement_person_subject__person_first,make_shoes_wearing_explicit,between_worn_shoes,person_subject,person_first
shared_control__name_0__obj_bag__direct_label__object_first,between_worn_shoes__name_0__obj_bag__physical_placement_person_subject__object_first,evidence_from_direct_label,between_worn_shoes,person_subject,object_first
shared_control__name_0__obj_bag__proximity_paraphrase__object_first,between_worn_shoes__name_0__obj_bag__physical_placement_person_subject__object_first,evidence_from_proximity_paraphrase,between_worn_shoes,person_subject,object_first
between_worn_shoes__name_0__obj_bag__physical_placement__object_first,between_worn_shoes__name_0__obj_bag__physical_placement_person_subject__object_first,context_order,between_worn_shoes,person_subject,object_first
between_worn_shoes__name_0__obj_bag__physical_placement_person_subject__person_first,between_worn_shoes__name_0__obj_bag__physical_placement_person_subject__object_first,target_order,between_worn_shoes,person_subject,object_first
between_feet__name_0__obj_bag__physical_placement_person_subject__object_first,between_worn_shoes__name_0__obj_bag__physical_placement_person_subject__object_first,feet_vs_between_worn_shoes,between_worn_shoes,person_subject,object_first
between_owned_shoes__name_0__obj_bag__physical_placement_person_subject__object_first,between_worn_shoes__name_0__obj_bag__physical_placement_person_subject__object_first,make_shoes_wearing_explicit,between_worn_shoes,person_subject,object_first
shared_control__name_0__obj_book__direct_label__person_first,between_worn_shoes__name_0__obj_book__physical_placement__person_first,evidence_from_direct_label,between_worn_shoes,object_subject,person_first
shared_control__name_0__obj_book__proximity_paraphrase__person_first,between_worn_shoes__name_0__obj_book__physical_placement__person_first,evidence_from_proximity_paraphrase,between_worn_shoes,object_subject,person_first
between_feet__name_0__obj_book__physical_placement__person_first,between_worn_shoes__name_0__obj_book__physical_placement__person_first,feet_vs_between_worn_shoes,between_worn_shoes,object_subject,person_first
between_owned_shoes__name_0__obj_book__physical_placement__person_first,between_worn_shoes__name_0__obj_book__physical_placement__person_first,make_shoes_wearing_explicit,between_worn_shoes,object_subject,person_first
shared_control__name_0__obj_book__direct_label__object_first,between_worn_shoes__name_0__obj_book__physical_placement__object_first,evidence_from_direct_label,between_worn_shoes,object_subject,object_first
shared_control__name_0__obj_book__proximity_paraphrase__object_first,between_worn_shoes__name_0__obj_book__physical_placement__object_first,evidence_from_proximity_paraphrase,between_worn_shoes,object_subject,object_first
between_worn_shoes__name_0__obj_book__physical_placement__person_first,between_worn_shoes__name_0__obj_book__physical_placement__object_first,target_order,between_worn_shoes,object_subject,object_first
between_feet__name_0__obj_book__physical_placement__object_first,between_worn_shoes__name_0__obj_book__physical_placement__object_first,feet_vs_between_worn_shoes,between_worn_shoes,object_subject,object_first
between_owned_shoes__name_0__obj_book__physical_placement__object_first,between_worn_shoes__name_0__obj_book__physical_placement__object_first,make_shoes_wearing_explicit,between_worn_shoes,object_subject,object_first
shared_control__name_0__obj_book__direct_label__person_first,between_worn_shoes__name_0__obj_book__physical_placement_fronted__person_first,evidence_from_direct_label,between_worn_shoes,fronted_location,person_first
shared_control__name_0__obj_book__proximity_paraphrase__person_first,between_worn_shoes__name_0__obj_book__physical_placement_fronted__person_first,evidence_from_proximity_paraphrase,between_worn_shoes,fronted_location,person_first
between_worn_shoes__name_0__obj_book__physical_placement__person_first,between_worn_shoes__name_0__obj_book__physical_placement_fronted__person_first,context_order,between_worn_shoes,fronted_location,person_first
between_feet__name_0__obj_book__physical_placement_fronted__person_first,between_worn_shoes__name_0__obj_book__physical_placement_fronted__person_first,feet_vs_between_worn_shoes,between_worn_shoes,fronted_location,person_first
between_owned_shoes__name_0__obj_book__physical_placement_fronted__person_first,between_worn_shoes__name_0__obj_book__physical_placement_fronted__person_first,make_shoes_wearing_explicit,between_worn_shoes,fronted_location,person_first
shared_control__name_0__obj_book__direct_label__object_first,between_worn_shoes__name_0__obj_book__physical_placement_fronted__object_first,evidence_from_direct_label,between_worn_shoes,fronted_location,object_first
shared_control__name_0__obj_book__proximity_paraphrase__object_first,between_worn_shoes__name_0__obj_book__physical_placement_fronted__object_first,evidence_from_proximity_paraphrase,between_worn_shoes,fronted_location,object_first
between_worn_shoes__name_0__obj_book__physical_placement__object_first,between_worn_shoes__name_0__obj_book__physical_placement_fronted__object_first,context_order,between_worn_shoes,fronted_location,object_first
between_worn_shoes__name_0__obj_book__physical_placement_fronted__person_first,between_worn_shoes__name_0__obj_book__physical_placement_fronted__object_first,target_order,between_worn_shoes,fronted_location,object_first
between_feet__name_0__obj_book__physical_placement_fronted__object_first,between_worn_shoes__name_0__obj_book__physical_placement_fronted__object_first,feet_vs_between_worn_shoes,between_worn_shoes,fronted_location,object_first
between_owned_shoes__name_0__obj_book__physical_placement_fronted__object_first,between_worn_shoes__name_0__obj_book__physical_placement_fronted__object_first,make_shoes_wearing_explicit,between_worn_shoes,fronted_location,object_first
shared_control__name_0__obj_book__direct_label__person_first,between_worn_shoes__name_0__obj_book__physical_placement_person_subject__person_first,evidence_from_direct_label,between_worn_shoes,person_subject,person_first
shared_control__name_0__obj_book__proximity_paraphrase__person_first,between_worn_shoes__name_0__obj_book__physical_placement_person_subject__person_first,evidence_from_proximity_paraphrase,between_worn_shoes,person_subject,person_first
between_worn_shoes__name_0__obj_book__physical_placement__person_first,between_worn_shoes__name_0__obj_book__physical_placement_person_subject__person_first,context_order,between_worn_shoes,person_subject,person_first
between_feet__name_0__obj_book__physical_placement_person_subject__person_first,between_worn_shoes__name_0__obj_book__physical_placement_person_subject__person_first,feet_vs_between_worn_shoes,between_worn_shoes,person_subject,person_first
between_owned_shoes__name_0__obj_book__physical_placement_person_subject__person_first,between_worn_shoes__name_0__obj_book__physical_placement_person_subject__person_first,make_shoes_wearing_explicit,between_worn_shoes,person_subject,person_first
shared_control__name_0__obj_book__direct_label__object_first,between_worn_shoes__name_0__obj_book__physical_placement_person_subject__object_first,evidence_from_direct_label,between_worn_shoes,person_subject,object_first
shared_control__name_0__obj_book__proximity_paraphrase__object_first,between_worn_shoes__name_0__obj_book__physical_placement_person_subject__object_first,evidence_from_proximity_paraphrase,between_worn_shoes,person_subject,object_first
between_worn_shoes__name_0__obj_book__physical_placement__object_first,between_worn_shoes__name_0__obj_book__physical_placement_person_subject__object_first,context_order,between_worn_shoes,person_subject,object_first
between_worn_shoes__name_0__obj_book__physical_placement_person_subject__person_first,between_worn_shoes__name_0__obj_book__physical_placement_person_subject__object_first,target_order,between_worn_shoes,person_subject,object_first
between_feet__name_0__obj_book__physical_placement_person_subject__object_first,between_worn_shoes__name_0__obj_book__physical_placement_person_subject__object_first,feet_vs_between_worn_shoes,between_worn_shoes,person_subject,object_first
between_owned_shoes__name_0__obj_book__physical_placement_person_subject__object_first,between_worn_shoes__name_0__obj_book__physical_placement_person_subject__object_first,make_shoes_wearing_explicit,between_worn_shoes,person_subject,object_first
shared_control__name_0__obj_cone__direct_label__person_first,between_worn_shoes__name_0__obj_cone__physical_placement__person_first,evidence_from_direct_label,between_worn_shoes,object_subject,person_first
shared_control__name_0__obj_cone__proximity_paraphrase__person_first,between_worn_shoes__name_0__obj_cone__physical_placement__person_first,evidence_from_proximity_paraphrase,between_worn_shoes,object_subject,person_first
between_feet__name_0__obj_cone__physical_placement__person_first,between_worn_shoes__name_0__obj_cone__physical_placement__person_first,feet_vs_between_worn_shoes,between_worn_shoes,object_subject,person_first
between_owned_shoes__name_0__obj_cone__physical_placement__person_first,between_worn_shoes__name_0__obj_cone__physical_placement__person_first,make_shoes_wearing_explicit,between_worn_shoes,object_subject,person_first
shared_control__name_0__obj_cone__direct_label__object_first,between_worn_shoes__name_0__obj_cone__physical_placement__object_first,evidence_from_direct_label,between_worn_shoes,object_subject,object_first
shared_control__name_0__obj_cone__proximity_paraphrase__object_first,between_worn_shoes__name_0__obj_cone__physical_placement__object_first,evidence_from_proximity_paraphrase,between_worn_shoes,object_subject,object_first
between_worn_shoes__name_0__obj_cone__physical_placement__person_first,between_worn_shoes__name_0__obj_cone__physical_placement__object_first,target_order,between_worn_shoes,object_subject,object_first
between_feet__name_0__obj_cone__physical_placement__object_first,between_worn_shoes__name_0__obj_cone__physical_placement__object_first,feet_vs_between_worn_shoes,between_worn_shoes,object_subject,object_first
between_owned_shoes__name_0__obj_cone__physical_placement__object_first,between_worn_shoes__name_0__obj_cone__physical_placement__object_first,make_shoes_wearing_explicit,between_worn_shoes,object_subject,object_first
shared_control__name_0__obj_cone__direct_label__person_first,between_worn_shoes__name_0__obj_cone__physical_placement_fronted__person_first,evidence_from_direct_label,between_worn_shoes,fronted_location,person_first
shared_control__name_0__obj_cone__proximity_paraphrase__person_first,between_worn_shoes__name_0__obj_cone__physical_placement_fronted__person_first,evidence_from_proximity_paraphrase,between_worn_shoes,fronted_location,person_first
between_worn_shoes__name_0__obj_cone__physical_placement__person_first,between_worn_shoes__name_0__obj_cone__physical_placement_fronted__person_first,context_order,between_worn_shoes,fronted_location,person_first
between_feet__name_0__obj_cone__physical_placement_fronted__person_first,between_worn_shoes__name_0__obj_cone__physical_placement_fronted__person_first,feet_vs_between_worn_shoes,between_worn_shoes,fronted_location,person_first
between_owned_shoes__name_0__obj_cone__physical_placement_fronted__person_first,between_worn_shoes__name_0__obj_cone__physical_placement_fronted__person_first,make_shoes_wearing_explicit,between_worn_shoes,fronted_location,person_first
shared_control__name_0__obj_cone__direct_label__object_first,between_worn_shoes__name_0__obj_cone__physical_placement_fronted__object_first,evidence_from_direct_label,between_worn_shoes,fronted_location,object_first
shared_control__name_0__obj_cone__proximity_paraphrase__object_first,between_worn_shoes__name_0__obj_cone__physical_placement_fronted__object_first,evidence_from_proximity_paraphrase,between_worn_shoes,fronted_location,object_first
between_worn_shoes__name_0__obj_cone__physical_placement__object_first,between_worn_shoes__name_0__obj_cone__physical_placement_fronted__object_first,context_order,between_worn_shoes,fronted_location,object_first
between_worn_shoes__name_0__obj_cone__physical_placement_fronted__person_first,between_worn_shoes__name_0__obj_cone__physical_placement_fronted__object_first,target_order,between_worn_shoes,fronted_location,object_first
between_feet__name_0__obj_cone__physical_placement_fronted__object_first,between_worn_shoes__name_0__obj_cone__physical_placement_fronted__object_first,feet_vs_between_worn_shoes,between_worn_shoes,fronted_location,object_first
between_owned_shoes__name_0__obj_cone__physical_placement_fronted__object_first,between_worn_shoes__name_0__obj_cone__physical_placement_fronted__object_first,make_shoes_wearing_explicit,between_worn_shoes,fronted_location,object_first
shared_control__name_0__obj_cone__direct_label__person_first,between_worn_shoes__name_0__obj_cone__physical_placement_person_subject__person_first,evidence_from_direct_label,between_worn_shoes,person_subject,person_first
shared_control__name_0__obj_cone__proximity_paraphrase__person_first,between_worn_shoes__name_0__obj_cone__physical_placement_person_subject__person_first,evidence_from_proximity_paraphrase,between_worn_shoes,person_subject,person_first
between_worn_shoes__name_0__obj_cone__physical_placement__person_first,between_worn_shoes__name_0__obj_cone__physical_placement_person_subject__person_first,context_order,between_worn_shoes,person_subject,person_first
between_feet__name_0__obj_cone__physical_placement_person_subject__person_first,between_worn_shoes__name_0__obj_cone__physical_placement_person_subject__person_first,feet_vs_between_worn_shoes,between_worn_shoes,person_subject,person_first
between_owned_shoes__name_0__obj_cone__physical_placement_person_subject__person_first,between_worn_shoes__name_0__obj_cone__physical_placement_person_subject__person_first,make_shoes_wearing_explicit,between_worn_shoes,person_subject,person_first
shared_control__name_0__obj_cone__direct_label__object_first,between_worn_shoes__name_0__obj_cone__physical_placement_person_subject__object_first,evidence_from_direct_label,between_worn_shoes,person_subject,object_first
shared_control__name_0__obj_cone__proximity_paraphrase__object_first,between_worn_shoes__name_0__obj_cone__physical_placement_person_subject__object_first,evidence_from_proximity_paraphrase,between_worn_shoes,person_subject,object_first
between_worn_shoes__name_0__obj_cone__physical_placement__object_first,between_worn_shoes__name_0__obj_cone__physical_placement_person_subject__object_first,context_order,between_worn_shoes,person_subject,object_first
between_worn_shoes__name_0__obj_cone__physical_placement_person_subject__person_first,between_worn_shoes__name_0__obj_cone__physical_placement_person_subject__object_first,target_order,between_worn_shoes,person_subject,object_first
between_feet__name_0__obj_cone__physical_placement_person_subject__object_first,between_worn_shoes__name_0__obj_cone__physical_placement_person_subject__object_first,feet_vs_between_worn_shoes,between_worn_shoes,person_subject,object_first
between_owned_shoes__name_0__obj_cone__physical_placement_person_subject__object_first,between_worn_shoes__name_0__obj_cone__physical_placement_person_subject__object_first,make_shoes_wearing_explicit,between_worn_shoes,person_subject,object_first
shared_control__name_1__obj_ball__direct_label__person_first,between_worn_shoes__name_1__obj_ball__physical_placement__person_first,evidence_from_direct_label,between_worn_shoes,object_subject,person_first
shared_control__name_1__obj_ball__proximity_paraphrase__person_first,between_worn_shoes__name_1__obj_ball__physical_placement__person_first,evidence_from_proximity_paraphrase,between_worn_shoes,object_subject,person_first
between_feet__name_1__obj_ball__physical_placement__person_first,between_worn_shoes__name_1__obj_ball__physical_placement__person_first,feet_vs_between_worn_shoes,between_worn_shoes,object_subject,person_first
between_owned_shoes__name_1__obj_ball__physical_placement__person_first,between_worn_shoes__name_1__obj_ball__physical_placement__person_first,make_shoes_wearing_explicit,between_worn_shoes,object_subject,person_first
shared_control__name_1__obj_ball__direct_label__object_first,between_worn_shoes__name_1__obj_ball__physical_placement__object_first,evidence_from_direct_label,between_worn_shoes,object_subject,object_first
shared_control__name_1__obj_ball__proximity_paraphrase__object_first,between_worn_shoes__name_1__obj_ball__physical_placement__object_first,evidence_from_proximity_paraphrase,between_worn_shoes,object_subject,object_first
between_worn_shoes__name_1__obj_ball__physical_placement__person_first,between_worn_shoes__name_1__obj_ball__physical_placement__object_first,target_order,between_worn_shoes,object_subject,object_first
between_feet__name_1__obj_ball__physical_placement__object_first,between_worn_shoes__name_1__obj_ball__physical_placement__object_first,feet_vs_between_worn_shoes,between_worn_shoes,object_subject,object_first
between_owned_shoes__name_1__obj_ball__physical_placement__object_first,between_worn_shoes__name_1__obj_ball__physical_placement__object_first,make_shoes_wearing_explicit,between_worn_shoes,object_subject,object_first
shared_control__name_1__obj_ball__direct_label__person_first,between_worn_shoes__name_1__obj_ball__physical_placement_fronted__person_first,evidence_from_direct_label,between_worn_shoes,fronted_location,person_first
shared_control__name_1__obj_ball__proximity_paraphrase__person_first,between_worn_shoes__name_1__obj_ball__physical_placement_fronted__person_first,evidence_from_proximity_paraphrase,between_worn_shoes,fronted_location,person_first
between_worn_shoes__name_1__obj_ball__physical_placement__person_first,between_worn_shoes__name_1__obj_ball__physical_placement_fronted__person_first,context_order,between_worn_shoes,fronted_location,person_first
between_feet__name_1__obj_ball__physical_placement_fronted__person_first,between_worn_shoes__name_1__obj_ball__physical_placement_fronted__person_first,feet_vs_between_worn_shoes,between_worn_shoes,fronted_location,person_first
between_owned_shoes__name_1__obj_ball__physical_placement_fronted__person_first,between_worn_shoes__name_1__obj_ball__physical_placement_fronted__person_first,make_shoes_wearing_explicit,between_worn_shoes,fronted_location,person_first
shared_control__name_1__obj_ball__direct_label__object_first,between_worn_shoes__name_1__obj_ball__physical_placement_fronted__object_first,evidence_from_direct_label,between_worn_shoes,fronted_location,object_first
shared_control__name_1__obj_ball__proximity_paraphrase__object_first,between_worn_shoes__name_1__obj_ball__physical_placement_fronted__object_first,evidence_from_proximity_paraphrase,between_worn_shoes,fronted_location,object_first
between_worn_shoes__name_1__obj_ball__physical_placement__object_first,between_worn_shoes__name_1__obj_ball__physical_placement_fronted__object_first,context_order,between_worn_shoes,fronted_location,object_first
between_worn_shoes__name_1__obj_ball__physical_placement_fronted__person_first,between_worn_shoes__name_1__obj_ball__physical_placement_fronted__object_first,target_order,between_worn_shoes,fronted_location,object_first
between_feet__name_1__obj_ball__physical_placement_fronted__object_first,between_worn_shoes__name_1__obj_ball__physical_placement_fronted__object_first,feet_vs_between_worn_shoes,between_worn_shoes,fronted_location,object_first
between_owned_shoes__name_1__obj_ball__physical_placement_fronted__object_first,between_worn_shoes__name_1__obj_ball__physical_placement_fronted__object_first,make_shoes_wearing_explicit,between_worn_shoes,fronted_location,object_first
shared_control__name_1__obj_ball__direct_label__person_first,between_worn_shoes__name_1__obj_ball__physical_placement_person_subject__person_first,evidence_from_direct_label,between_worn_shoes,person_subject,person_first
shared_control__name_1__obj_ball__proximity_paraphrase__person_first,between_worn_shoes__name_1__obj_ball__physical_placement_person_subject__person_first,evidence_from_proximity_paraphrase,between_worn_shoes,person_subject,person_first
between_worn_shoes__name_1__obj_ball__physical_placement__person_first,between_worn_shoes__name_1__obj_ball__physical_placement_person_subject__person_first,context_order,between_worn_shoes,person_subject,person_first
between_feet__name_1__obj_ball__physical_placement_person_subject__person_first,between_worn_shoes__name_1__obj_ball__physical_placement_person_subject__person_first,feet_vs_between_worn_shoes,between_worn_shoes,person_subject,person_first
between_owned_shoes__name_1__obj_ball__physical_placement_person_subject__person_first,between_worn_shoes__name_1__obj_ball__physical_placement_person_subject__person_first,make_shoes_wearing_explicit,between_worn_shoes,person_subject,person_first
shared_control__name_1__obj_ball__direct_label__object_first,between_worn_shoes__name_1__obj_ball__physical_placement_person_subject__object_first,evidence_from_direct_label,between_worn_shoes,person_subject,object_first
shared_control__name_1__obj_ball__proximity_paraphrase__object_first,between_worn_shoes__name_1__obj_ball__physical_placement_person_subject__object_first,evidence_from_proximity_paraphrase,between_worn_shoes,person_subject,object_first
between_worn_shoes__name_1__obj_ball__physical_placement__object_first,between_worn_shoes__name_1__obj_ball__physical_placement_person_subject__object_first,context_order,between_worn_shoes,person_subject,object_first
between_worn_shoes__name_1__obj_ball__physical_placement_person_subject__person_first,between_worn_shoes__name_1__obj_ball__physical_placement_person_subject__object_first,target_order,between_worn_shoes,person_subject,object_first
between_feet__name_1__obj_ball__physical_placement_person_subject__object_first,between_worn_shoes__name_1__obj_ball__physical_placement_person_subject__object_first,feet_vs_between_worn_shoes,between_worn_shoes,person_subject,object_first
between_owned_shoes__name_1__obj_ball__physical_placement_person_subject__object_first,between_worn_shoes__name_1__obj_ball__physical_placement_person_subject__object_first,make_shoes_wearing_explicit,between_worn_shoes,person_subject,object_first
shared_control__name_1__obj_bag__direct_label__person_first,between_worn_shoes__name_1__obj_bag__physical_placement__person_first,evidence_from_direct_label,between_worn_shoes,object_subject,person_first
shared_control__name_1__obj_bag__proximity_paraphrase__person_first,between_worn_shoes__name_1__obj_bag__physical_placement__person_first,evidence_from_proximity_paraphrase,between_worn_shoes,object_subject,person_first
between_feet__name_1__obj_bag__physical_placement__person_first,between_worn_shoes__name_1__obj_bag__physical_placement__person_first,feet_vs_between_worn_shoes,between_worn_shoes,object_subject,person_first
between_owned_shoes__name_1__obj_bag__physical_placement__person_first,between_worn_shoes__name_1__obj_bag__physical_placement__person_first,make_shoes_wearing_explicit,between_worn_shoes,object_subject,person_first
shared_control__name_1__obj_bag__direct_label__object_first,between_worn_shoes__name_1__obj_bag__physical_placement__object_first,evidence_from_direct_label,between_worn_shoes,object_subject,object_first
shared_control__name_1__obj_bag__proximity_paraphrase__object_first,between_worn_shoes__name_1__obj_bag__physical_placement__object_first,evidence_from_proximity_paraphrase,between_worn_shoes,object_subject,object_first
between_worn_shoes__name_1__obj_bag__physical_placement__person_first,between_worn_shoes__name_1__obj_bag__physical_placement__object_first,target_order,between_worn_shoes,object_subject,object_first
between_feet__name_1__obj_bag__physical_placement__object_first,between_worn_shoes__name_1__obj_bag__physical_placement__object_first,feet_vs_between_worn_shoes,between_worn_shoes,object_subject,object_first
between_owned_shoes__name_1__obj_bag__physical_placement__object_first,between_worn_shoes__name_1__obj_bag__physical_placement__object_first,make_shoes_wearing_explicit,between_worn_shoes,object_subject,object_first
shared_control__name_1__obj_bag__direct_label__person_first,between_worn_shoes__name_1__obj_bag__physical_placement_fronted__person_first,evidence_from_direct_label,between_worn_shoes,fronted_location,person_first
shared_control__name_1__obj_bag__proximity_paraphrase__person_first,between_worn_shoes__name_1__obj_bag__physical_placement_fronted__person_first,evidence_from_proximity_paraphrase,between_worn_shoes,fronted_location,person_first
between_worn_shoes__name_1__obj_bag__physical_placement__person_first,between_worn_shoes__name_1__obj_bag__physical_placement_fronted__person_first,context_order,between_worn_shoes,fronted_location,person_first
between_feet__name_1__obj_bag__physical_placement_fronted__person_first,between_worn_shoes__name_1__obj_bag__physical_placement_fronted__person_first,feet_vs_between_worn_shoes,between_worn_shoes,fronted_location,person_first
between_owned_shoes__name_1__obj_bag__physical_placement_fronted__person_first,between_worn_shoes__name_1__obj_bag__physical_placement_fronted__person_first,make_shoes_wearing_explicit,between_worn_shoes,fronted_location,person_first
shared_control__name_1__obj_bag__direct_label__object_first,between_worn_shoes__name_1__obj_bag__physical_placement_fronted__object_first,evidence_from_direct_label,between_worn_shoes,fronted_location,object_first
shared_control__name_1__obj_bag__proximity_paraphrase__object_first,between_worn_shoes__name_1__obj_bag__physical_placement_fronted__object_first,evidence_from_proximity_paraphrase,between_worn_shoes,fronted_location,object_first
between_worn_shoes__name_1__obj_bag__physical_placement__object_first,between_worn_shoes__name_1__obj_bag__physical_placement_fronted__object_first,context_order,between_worn_shoes,fronted_location,object_first
between_worn_shoes__name_1__obj_bag__physical_placement_fronted__person_first,between_worn_shoes__name_1__obj_bag__physical_placement_fronted__object_first,target_order,between_worn_shoes,fronted_location,object_first
between_feet__name_1__obj_bag__physical_placement_fronted__object_first,between_worn_shoes__name_1__obj_bag__physical_placement_fronted__object_first,feet_vs_between_worn_shoes,between_worn_shoes,fronted_location,object_first
between_owned_shoes__name_1__obj_bag__physical_placement_fronted__object_first,between_worn_shoes__name_1__obj_bag__physical_placement_fronted__object_first,make_shoes_wearing_explicit,between_worn_shoes,fronted_location,object_first
shared_control__name_1__obj_bag__direct_label__person_first,between_worn_shoes__name_1__obj_bag__physical_placement_person_subject__person_first,evidence_from_direct_label,between_worn_shoes,person_subject,person_first
shared_control__name_1__obj_bag__proximity_paraphrase__person_first,between_worn_shoes__name_1__obj_bag__physical_placement_person_subject__person_first,evidence_from_proximity_paraphrase,between_worn_shoes,person_subject,person_first
between_worn_shoes__name_1__obj_bag__physical_placement__person_first,between_worn_shoes__name_1__obj_bag__physical_placement_person_subject__person_first,context_order,between_worn_shoes,person_subject,person_first
between_feet__name_1__obj_bag__physical_placement_person_subject__person_first,between_worn_shoes__name_1__obj_bag__physical_placement_person_subject__person_first,feet_vs_between_worn_shoes,between_worn_shoes,person_subject,person_first
between_owned_shoes__name_1__obj_bag__physical_placement_person_subject__person_first,between_worn_shoes__name_1__obj_bag__physical_placement_person_subject__person_first,make_shoes_wearing_explicit,between_worn_shoes,person_subject,person_first
shared_control__name_1__obj_bag__direct_label__object_first,between_worn_shoes__name_1__obj_bag__physical_placement_person_subject__object_first,evidence_from_direct_label,between_worn_shoes,person_subject,object_first
shared_control__name_1__obj_bag__proximity_paraphrase__object_first,between_worn_shoes__name_1__obj_bag__physical_placement_person_subject__object_first,evidence_from_proximity_paraphrase,between_worn_shoes,person_subject,object_first
between_worn_shoes__name_1__obj_bag__physical_placement__object_first,between_worn_shoes__name_1__obj_bag__physical_placement_person_subject__object_first,context_order,between_worn_shoes,person_subject,object_first
between_worn_shoes__name_1__obj_bag__physical_placement_person_subject__person_first,between_worn_shoes__name_1__obj_bag__physical_placement_person_subject__object_first,target_order,between_worn_shoes,person_subject,object_first
between_feet__name_1__obj_bag__physical_placement_person_subject__object_first,between_worn_shoes__name_1__obj_bag__physical_placement_person_subject__object_first,feet_vs_between_worn_shoes,between_worn_shoes,person_subject,object_first
between_owned_shoes__name_1__obj_bag__physical_placement_person_subject__object_first,between_worn_shoes__name_1__obj_bag__physical_placement_person_subject__object_first,make_shoes_wearing_explicit,between_worn_shoes,person_subject,object_first
shared_control__name_1__obj_book__direct_label__person_first,between_worn_shoes__name_1__obj_book__physical_placement__person_first,evidence_from_direct_label,between_worn_shoes,object_subject,person_first
shared_control__name_1__obj_book__proximity_paraphrase__person_first,between_worn_shoes__name_1__obj_book__physical_placement__person_first,evidence_from_proximity_paraphrase,between_worn_shoes,object_subject,person_first
between_feet__name_1__obj_book__physical_placement__person_first,between_worn_shoes__name_1__obj_book__physical_placement__person_first,feet_vs_between_worn_shoes,between_worn_shoes,object_subject,person_first
between_owned_shoes__name_1__obj_book__physical_placement__person_first,between_worn_shoes__name_1__obj_book__physical_placement__person_first,make_shoes_wearing_explicit,between_worn_shoes,object_subject,person_first
shared_control__name_1__obj_book__direct_label__object_first,between_worn_shoes__name_1__obj_book__physical_placement__object_first,evidence_from_direct_label,between_worn_shoes,object_subject,object_first
shared_control__name_1__obj_book__proximity_paraphrase__object_first,between_worn_shoes__name_1__obj_book__physical_placement__object_first,evidence_from_proximity_paraphrase,between_worn_shoes,object_subject,object_first
between_worn_shoes__name_1__obj_book__physical_placement__person_first,between_worn_shoes__name_1__obj_book__physical_placement__object_first,target_order,between_worn_shoes,object_subject,object_first
between_feet__name_1__obj_book__physical_placement__object_first,between_worn_shoes__name_1__obj_book__physical_placement__object_first,feet_vs_between_worn_shoes,between_worn_shoes,object_subject,object_first
between_owned_shoes__name_1__obj_book__physical_placement__object_first,between_worn_shoes__name_1__obj_book__physical_placement__object_first,make_shoes_wearing_explicit,between_worn_shoes,object_subject,object_first
shared_control__name_1__obj_book__direct_label__person_first,between_worn_shoes__name_1__obj_book__physical_placement_fronted__person_first,evidence_from_direct_label,between_worn_shoes,fronted_location,person_first
shared_control__name_1__obj_book__proximity_paraphrase__person_first,between_worn_shoes__name_1__obj_book__physical_placement_fronted__person_first,evidence_from_proximity_paraphrase,between_worn_shoes,fronted_location,person_first
between_worn_shoes__name_1__obj_book__physical_placement__person_first,between_worn_shoes__name_1__obj_book__physical_placement_fronted__person_first,context_order,between_worn_shoes,fronted_location,person_first
between_feet__name_1__obj_book__physical_placement_fronted__person_first,between_worn_shoes__name_1__obj_book__physical_placement_fronted__person_first,feet_vs_between_worn_shoes,between_worn_shoes,fronted_location,person_first
between_owned_shoes__name_1__obj_book__physical_placement_fronted__person_first,between_worn_shoes__name_1__obj_book__physical_placement_fronted__person_first,make_shoes_wearing_explicit,between_worn_shoes,fronted_location,person_first
shared_control__name_1__obj_book__direct_label__object_first,between_worn_shoes__name_1__obj_book__physical_placement_fronted__object_first,evidence_from_direct_label,between_worn_shoes,fronted_location,object_first
shared_control__name_1__obj_book__proximity_paraphrase__object_first,between_worn_shoes__name_1__obj_book__physical_placement_fronted__object_first,evidence_from_proximity_paraphrase,between_worn_shoes,fronted_location,object_first
between_worn_shoes__name_1__obj_book__physical_placement__object_first,between_worn_shoes__name_1__obj_book__physical_placement_fronted__object_first,context_order,between_worn_shoes,fronted_location,object_first
between_worn_shoes__name_1__obj_book__physical_placement_fronted__person_first,between_worn_shoes__name_1__obj_book__physical_placement_fronted__object_first,target_order,between_worn_shoes,fronted_location,object_first
between_feet__name_1__obj_book__physical_placement_fronted__object_first,between_worn_shoes__name_1__obj_book__physical_placement_fronted__object_first,feet_vs_between_worn_shoes,between_worn_shoes,fronted_location,object_first
between_owned_shoes__name_1__obj_book__physical_placement_fronted__object_first,between_worn_shoes__name_1__obj_book__physical_placement_fronted__object_first,make_shoes_wearing_explicit,between_worn_shoes,fronted_location,object_first
shared_control__name_1__obj_book__direct_label__person_first,between_worn_shoes__name_1__obj_book__physical_placement_person_subject__person_first,evidence_from_direct_label,between_worn_shoes,person_subject,person_first
shared_control__name_1__obj_book__proximity_paraphrase__person_first,between_worn_shoes__name_1__obj_book__physical_placement_person_subject__person_first,evidence_from_proximity_paraphrase,between_worn_shoes,person_subject,person_first
between_worn_shoes__name_1__obj_book__physical_placement__person_first,between_worn_shoes__name_1__obj_book__physical_placement_person_subject__person_first,context_order,between_worn_shoes,person_subject,person_first
between_feet__name_1__obj_book__physical_placement_person_subject__person_first,between_worn_shoes__name_1__obj_book__physical_placement_person_subject__person_first,feet_vs_between_worn_shoes,between_worn_shoes,person_subject,person_first
between_owned_shoes__name_1__obj_book__physical_placement_person_subject__person_first,between_worn_shoes__name_1__obj_book__physical_placement_person_subject__person_first,make_shoes_wearing_explicit,between_worn_shoes,person_subject,person_first
shared_control__name_1__obj_book__direct_label__object_first,between_worn_shoes__name_1__obj_book__physical_placement_person_subject__object_first,evidence_from_direct_label,between_worn_shoes,person_subject,object_first
shared_control__name_1__obj_book__proximity_paraphrase__object_first,between_worn_shoes__name_1__obj_book__physical_placement_person_subject__object_first,evidence_from_proximity_paraphrase,between_worn_shoes,person_subject,object_first
between_worn_shoes__name_1__obj_book__physical_placement__object_first,between_worn_shoes__name_1__obj_book__physical_placement_person_subject__object_first,context_order,between_worn_shoes,person_subject,object_first
between_worn_shoes__name_1__obj_book__physical_placement_person_subject__person_first,between_worn_shoes__name_1__obj_book__physical_placement_person_subject__object_first,target_order,between_worn_shoes,person_subject,object_first
between_feet__name_1__obj_book__physical_placement_person_subject__object_first,between_worn_shoes__name_1__obj_book__physical_placement_person_subject__object_first,feet_vs_between_worn_shoes,between_worn_shoes,person_subject,object_first
between_owned_shoes__name_1__obj_book__physical_placement_person_subject__object_first,between_worn_shoes__name_1__obj_book__physical_placement_person_subject__object_first,make_shoes_wearing_explicit,between_worn_shoes,person_subject,object_first
shared_control__name_1__obj_cone__direct_label__person_first,between_worn_shoes__name_1__obj_cone__physical_placement__person_first,evidence_from_direct_label,between_worn_shoes,object_subject,person_first
shared_control__name_1__obj_cone__proximity_paraphrase__person_first,between_worn_shoes__name_1__obj_cone__physical_placement__person_first,evidence_from_proximity_paraphrase,between_worn_shoes,object_subject,person_first
between_feet__name_1__obj_cone__physical_placement__person_first,between_worn_shoes__name_1__obj_cone__physical_placement__person_first,feet_vs_between_worn_shoes,between_worn_shoes,object_subject,person_first
between_owned_shoes__name_1__obj_cone__physical_placement__person_first,between_worn_shoes__name_1__obj_cone__physical_placement__person_first,make_shoes_wearing_explicit,between_worn_shoes,object_subject,person_first
shared_control__name_1__obj_cone__direct_label__object_first,between_worn_shoes__name_1__obj_cone__physical_placement__object_first,evidence_from_direct_label,between_worn_shoes,object_subject,object_first
shared_control__name_1__obj_cone__proximity_paraphrase__object_first,between_worn_shoes__name_1__obj_cone__physical_placement__object_first,evidence_from_proximity_paraphrase,between_worn_shoes,object_subject,object_first
between_worn_shoes__name_1__obj_cone__physical_placement__person_first,between_worn_shoes__name_1__obj_cone__physical_placement__object_first,target_order,between_worn_shoes,object_subject,object_first
between_feet__name_1__obj_cone__physical_placement__object_first,between_worn_shoes__name_1__obj_cone__physical_placement__object_first,feet_vs_between_worn_shoes,between_worn_shoes,object_subject,object_first
between_owned_shoes__name_1__obj_cone__physical_placement__object_first,between_worn_shoes__name_1__obj_cone__physical_placement__object_first,make_shoes_wearing_explicit,between_worn_shoes,object_subject,object_first
shared_control__name_1__obj_cone__direct_label__person_first,between_worn_shoes__name_1__obj_cone__physical_placement_fronted__person_first,evidence_from_direct_label,between_worn_shoes,fronted_location,person_first
shared_control__name_1__obj_cone__proximity_paraphrase__person_first,between_worn_shoes__name_1__obj_cone__physical_placement_fronted__person_first,evidence_from_proximity_paraphrase,between_worn_shoes,fronted_location,person_first
between_worn_shoes__name_1__obj_cone__physical_placement__person_first,between_worn_shoes__name_1__obj_cone__physical_placement_fronted__person_first,context_order,between_worn_shoes,fronted_location,person_first
between_feet__name_1__obj_cone__physical_placement_fronted__person_first,between_worn_shoes__name_1__obj_cone__physical_placement_fronted__person_first,feet_vs_between_worn_shoes,between_worn_shoes,fronted_location,person_first
between_owned_shoes__name_1__obj_cone__physical_placement_fronted__person_first,between_worn_shoes__name_1__obj_cone__physical_placement_fronted__person_first,make_shoes_wearing_explicit,between_worn_shoes,fronted_location,person_first
shared_control__name_1__obj_cone__direct_label__object_first,between_worn_shoes__name_1__obj_cone__physical_placement_fronted__object_first,evidence_from_direct_label,between_worn_shoes,fronted_location,object_first
shared_control__name_1__obj_cone__proximity_paraphrase__object_first,between_worn_shoes__name_1__obj_cone__physical_placement_fronted__object_first,evidence_from_proximity_paraphrase,between_worn_shoes,fronted_location,object_first
between_worn_shoes__name_1__obj_cone__physical_placement__object_first,between_worn_shoes__name_1__obj_cone__physical_placement_fronted__object_first,context_order,between_worn_shoes,fronted_location,object_first
between_worn_shoes__name_1__obj_cone__physical_placement_fronted__person_first,between_worn_shoes__name_1__obj_cone__physical_placement_fronted__object_first,target_order,between_worn_shoes,fronted_location,object_first
between_feet__name_1__obj_cone__physical_placement_fronted__object_first,between_worn_shoes__name_1__obj_cone__physical_placement_fronted__object_first,feet_vs_between_worn_shoes,between_worn_shoes,fronted_location,object_first
between_owned_shoes__name_1__obj_cone__physical_placement_fronted__object_first,between_worn_shoes__name_1__obj_cone__physical_placement_fronted__object_first,make_shoes_wearing_explicit,between_worn_shoes,fronted_location,object_first
shared_control__name_1__obj_cone__direct_label__person_first,between_worn_shoes__name_1__obj_cone__physical_placement_person_subject__person_first,evidence_from_direct_label,between_worn_shoes,person_subject,person_first
shared_control__name_1__obj_cone__proximity_paraphrase__person_first,between_worn_shoes__name_1__obj_cone__physical_placement_person_subject__person_first,evidence_from_proximity_paraphrase,between_worn_shoes,person_subject,person_first
between_worn_shoes__name_1__obj_cone__physical_placement__person_first,between_worn_shoes__name_1__obj_cone__physical_placement_person_subject__person_first,context_order,between_worn_shoes,person_subject,person_first
between_feet__name_1__obj_cone__physical_placement_person_subject__person_first,between_worn_shoes__name_1__obj_cone__physical_placement_person_subject__person_first,feet_vs_between_worn_shoes,between_worn_shoes,person_subject,person_first
between_owned_shoes__name_1__obj_cone__physical_placement_person_subject__person_first,between_worn_shoes__name_1__obj_cone__physical_placement_person_subject__person_first,make_shoes_wearing_explicit,between_worn_shoes,person_subject,person_first
shared_control__name_1__obj_cone__direct_label__object_first,between_worn_shoes__name_1__obj_cone__physical_placement_person_subject__object_first,evidence_from_direct_label,between_worn_shoes,person_subject,object_first
shared_control__name_1__obj_cone__proximity_paraphrase__object_first,between_worn_shoes__name_1__obj_cone__physical_placement_person_subject__object_first,evidence_from_proximity_paraphrase,between_worn_shoes,person_subject,object_first
between_worn_shoes__name_1__obj_cone__physical_placement__object_first,between_worn_shoes__name_1__obj_cone__physical_placement_person_subject__object_first,context_order,between_worn_shoes,person_subject,object_first
between_worn_shoes__name_1__obj_cone__physical_placement_person_subject__person_first,between_worn_shoes__name_1__obj_cone__physical_placement_person_subject__object_first,target_order,between_worn_shoes,person_subject,object_first
between_feet__name_1__obj_cone__physical_placement_person_subject__object_first,between_worn_shoes__name_1__obj_cone__physical_placement_person_subject__object_first,feet_vs_between_worn_shoes,between_worn_shoes,person_subject,object_first
between_owned_shoes__name_1__obj_cone__physical_placement_person_subject__object_first,between_worn_shoes__name_1__obj_cone__physical_placement_person_subject__object_first,make_shoes_wearing_explicit,between_worn_shoes,person_subject,object_first
shared_control__name_2__obj_ball__direct_label__person_first,between_worn_shoes__name_2__obj_ball__physical_placement__person_first,evidence_from_direct_label,between_worn_shoes,object_subject,person_first
shared_control__name_2__obj_ball__proximity_paraphrase__person_first,between_worn_shoes__name_2__obj_ball__physical_placement__person_first,evidence_from_proximity_paraphrase,between_worn_shoes,object_subject,person_first
between_feet__name_2__obj_ball__physical_placement__person_first,between_worn_shoes__name_2__obj_ball__physical_placement__person_first,feet_vs_between_worn_shoes,between_worn_shoes,object_subject,person_first
between_owned_shoes__name_2__obj_ball__physical_placement__person_first,between_worn_shoes__name_2__obj_ball__physical_placement__person_first,make_shoes_wearing_explicit,between_worn_shoes,object_subject,person_first
shared_control__name_2__obj_ball__direct_label__object_first,between_worn_shoes__name_2__obj_ball__physical_placement__object_first,evidence_from_direct_label,between_worn_shoes,object_subject,object_first
shared_control__name_2__obj_ball__proximity_paraphrase__object_first,between_worn_shoes__name_2__obj_ball__physical_placement__object_first,evidence_from_proximity_paraphrase,between_worn_shoes,object_subject,object_first
between_worn_shoes__name_2__obj_ball__physical_placement__person_first,between_worn_shoes__name_2__obj_ball__physical_placement__object_first,target_order,between_worn_shoes,object_subject,object_first
between_feet__name_2__obj_ball__physical_placement__object_first,between_worn_shoes__name_2__obj_ball__physical_placement__object_first,feet_vs_between_worn_shoes,between_worn_shoes,object_subject,object_first
between_owned_shoes__name_2__obj_ball__physical_placement__object_first,between_worn_shoes__name_2__obj_ball__physical_placement__object_first,make_shoes_wearing_explicit,between_worn_shoes,object_subject,object_first
shared_control__name_2__obj_ball__direct_label__person_first,between_worn_shoes__name_2__obj_ball__physical_placement_fronted__person_first,evidence_from_direct_label,between_worn_shoes,fronted_location,person_first
shared_control__name_2__obj_ball__proximity_paraphrase__person_first,between_worn_shoes__name_2__obj_ball__physical_placement_fronted__person_first,evidence_from_proximity_paraphrase,between_worn_shoes,fronted_location,person_first
between_worn_shoes__name_2__obj_ball__physical_placement__person_first,between_worn_shoes__name_2__obj_ball__physical_placement_fronted__person_first,context_order,between_worn_shoes,fronted_location,person_first
between_feet__name_2__obj_ball__physical_placement_fronted__person_first,between_worn_shoes__name_2__obj_ball__physical_placement_fronted__person_first,feet_vs_between_worn_shoes,between_worn_shoes,fronted_location,person_first
between_owned_shoes__name_2__obj_ball__physical_placement_fronted__person_first,between_worn_shoes__name_2__obj_ball__physical_placement_fronted__person_first,make_shoes_wearing_explicit,between_worn_shoes,fronted_location,person_first
shared_control__name_2__obj_ball__direct_label__object_first,between_worn_shoes__name_2__obj_ball__physical_placement_fronted__object_first,evidence_from_direct_label,between_worn_shoes,fronted_location,object_first
shared_control__name_2__obj_ball__proximity_paraphrase__object_first,between_worn_shoes__name_2__obj_ball__physical_placement_fronted__object_first,evidence_from_proximity_paraphrase,between_worn_shoes,fronted_location,object_first
between_worn_shoes__name_2__obj_ball__physical_placement__object_first,between_worn_shoes__name_2__obj_ball__physical_placement_fronted__object_first,context_order,between_worn_shoes,fronted_location,object_first
between_worn_shoes__name_2__obj_ball__physical_placement_fronted__person_first,between_worn_shoes__name_2__obj_ball__physical_placement_fronted__object_first,target_order,between_worn_shoes,fronted_location,object_first
between_feet__name_2__obj_ball__physical_placement_fronted__object_first,between_worn_shoes__name_2__obj_ball__physical_placement_fronted__object_first,feet_vs_between_worn_shoes,between_worn_shoes,fronted_location,object_first
between_owned_shoes__name_2__obj_ball__physical_placement_fronted__object_first,between_worn_shoes__name_2__obj_ball__physical_placement_fronted__object_first,make_shoes_wearing_explicit,between_worn_shoes,fronted_location,object_first
shared_control__name_2__obj_ball__direct_label__person_first,between_worn_shoes__name_2__obj_ball__physical_placement_person_subject__person_first,evidence_from_direct_label,between_worn_shoes,person_subject,person_first
shared_control__name_2__obj_ball__proximity_paraphrase__person_first,between_worn_shoes__name_2__obj_ball__physical_placement_person_subject__person_first,evidence_from_proximity_paraphrase,between_worn_shoes,person_subject,person_first
between_worn_shoes__name_2__obj_ball__physical_placement__person_first,between_worn_shoes__name_2__obj_ball__physical_placement_person_subject__person_first,context_order,between_worn_shoes,person_subject,person_first
between_feet__name_2__obj_ball__physical_placement_person_subject__person_first,between_worn_shoes__name_2__obj_ball__physical_placement_person_subject__person_first,feet_vs_between_worn_shoes,between_worn_shoes,person_subject,person_first
between_owned_shoes__name_2__obj_ball__physical_placement_person_subject__person_first,between_worn_shoes__name_2__obj_ball__physical_placement_person_subject__person_first,make_shoes_wearing_explicit,between_worn_shoes,person_subject,person_first
shared_control__name_2__obj_ball__direct_label__object_first,between_worn_shoes__name_2__obj_ball__physical_placement_person_subject__object_first,evidence_from_direct_label,between_worn_shoes,person_subject,object_first
shared_control__name_2__obj_ball__proximity_paraphrase__object_first,between_worn_shoes__name_2__obj_ball__physical_placement_person_subject__object_first,evidence_from_proximity_paraphrase,between_worn_shoes,person_subject,object_first
between_worn_shoes__name_2__obj_ball__physical_placement__object_first,between_worn_shoes__name_2__obj_ball__physical_placement_person_subject__object_first,context_order,between_worn_shoes,person_subject,object_first
between_worn_shoes__name_2__obj_ball__physical_placement_person_subject__person_first,between_worn_shoes__name_2__obj_ball__physical_placement_person_subject__object_first,target_order,between_worn_shoes,person_subject,object_first
between_feet__name_2__obj_ball__physical_placement_person_subject__object_first,between_worn_shoes__name_2__obj_ball__physical_placement_person_subject__object_first,feet_vs_between_worn_shoes,between_worn_shoes,person_subject,object_first
between_owned_shoes__name_2__obj_ball__physical_placement_person_subject__object_first,between_worn_shoes__name_2__obj_ball__physical_placement_person_subject__object_first,make_shoes_wearing_explicit,between_worn_shoes,person_subject,object_first
shared_control__name_2__obj_bag__direct_label__person_first,between_worn_shoes__name_2__obj_bag__physical_placement__person_first,evidence_from_direct_label,between_worn_shoes,object_subject,person_first
shared_control__name_2__obj_bag__proximity_paraphrase__person_first,between_worn_shoes__name_2__obj_bag__physical_placement__person_first,evidence_from_proximity_paraphrase,between_worn_shoes,object_subject,person_first
between_feet__name_2__obj_bag__physical_placement__person_first,between_worn_shoes__name_2__obj_bag__physical_placement__person_first,feet_vs_between_worn_shoes,between_worn_shoes,object_subject,person_first
between_owned_shoes__name_2__obj_bag__physical_placement__person_first,between_worn_shoes__name_2__obj_bag__physical_placement__person_first,make_shoes_wearing_explicit,between_worn_shoes,object_subject,person_first
shared_control__name_2__obj_bag__direct_label__object_first,between_worn_shoes__name_2__obj_bag__physical_placement__object_first,evidence_from_direct_label,between_worn_shoes,object_subject,object_first
shared_control__name_2__obj_bag__proximity_paraphrase__object_first,between_worn_shoes__name_2__obj_bag__physical_placement__object_first,evidence_from_proximity_paraphrase,between_worn_shoes,object_subject,object_first
between_worn_shoes__name_2__obj_bag__physical_placement__person_first,between_worn_shoes__name_2__obj_bag__physical_placement__object_first,target_order,between_worn_shoes,object_subject,object_first
between_feet__name_2__obj_bag__physical_placement__object_first,between_worn_shoes__name_2__obj_bag__physical_placement__object_first,feet_vs_between_worn_shoes,between_worn_shoes,object_subject,object_first
between_owned_shoes__name_2__obj_bag__physical_placement__object_first,between_worn_shoes__name_2__obj_bag__physical_placement__object_first,make_shoes_wearing_explicit,between_worn_shoes,object_subject,object_first
shared_control__name_2__obj_bag__direct_label__person_first,between_worn_shoes__name_2__obj_bag__physical_placement_fronted__person_first,evidence_from_direct_label,between_worn_shoes,fronted_location,person_first
shared_control__name_2__obj_bag__proximity_paraphrase__person_first,between_worn_shoes__name_2__obj_bag__physical_placement_fronted__person_first,evidence_from_proximity_paraphrase,between_worn_shoes,fronted_location,person_first
between_worn_shoes__name_2__obj_bag__physical_placement__person_first,between_worn_shoes__name_2__obj_bag__physical_placement_fronted__person_first,context_order,between_worn_shoes,fronted_location,person_first
between_feet__name_2__obj_bag__physical_placement_fronted__person_first,between_worn_shoes__name_2__obj_bag__physical_placement_fronted__person_first,feet_vs_between_worn_shoes,between_worn_shoes,fronted_location,person_first
between_owned_shoes__name_2__obj_bag__physical_placement_fronted__person_first,between_worn_shoes__name_2__obj_bag__physical_placement_fronted__person_first,make_shoes_wearing_explicit,between_worn_shoes,fronted_location,person_first
shared_control__name_2__obj_bag__direct_label__object_first,between_worn_shoes__name_2__obj_bag__physical_placement_fronted__object_first,evidence_from_direct_label,between_worn_shoes,fronted_location,object_first
shared_control__name_2__obj_bag__proximity_paraphrase__object_first,between_worn_shoes__name_2__obj_bag__physical_placement_fronted__object_first,evidence_from_proximity_paraphrase,between_worn_shoes,fronted_location,object_first
between_worn_shoes__name_2__obj_bag__physical_placement__object_first,between_worn_shoes__name_2__obj_bag__physical_placement_fronted__object_first,context_order,between_worn_shoes,fronted_location,object_first
between_worn_shoes__name_2__obj_bag__physical_placement_fronted__person_first,between_worn_shoes__name_2__obj_bag__physical_placement_fronted__object_first,target_order,between_worn_shoes,fronted_location,object_first
between_feet__name_2__obj_bag__physical_placement_fronted__object_first,between_worn_shoes__name_2__obj_bag__physical_placement_fronted__object_first,feet_vs_between_worn_shoes,between_worn_shoes,fronted_location,object_first
between_owned_shoes__name_2__obj_bag__physical_placement_fronted__object_first,between_worn_shoes__name_2__obj_bag__physical_placement_fronted__object_first,make_shoes_wearing_explicit,between_worn_shoes,fronted_location,object_first
shared_control__name_2__obj_bag__direct_label__person_first,between_worn_shoes__name_2__obj_bag__physical_placement_person_subject__person_first,evidence_from_direct_label,between_worn_shoes,person_subject,person_first
shared_control__name_2__obj_bag__proximity_paraphrase__person_first,between_worn_shoes__name_2__obj_bag__physical_placement_person_subject__person_first,evidence_from_proximity_paraphrase,between_worn_shoes,person_subject,person_first
between_worn_shoes__name_2__obj_bag__physical_placement__person_first,between_worn_shoes__name_2__obj_bag__physical_placement_person_subject__person_first,context_order,between_worn_shoes,person_subject,person_first
between_feet__name_2__obj_bag__physical_placement_person_subject__person_first,between_worn_shoes__name_2__obj_bag__physical_placement_person_subject__person_first,feet_vs_between_worn_shoes,between_worn_shoes,person_subject,person_first
between_owned_shoes__name_2__obj_bag__physical_placement_person_subject__person_first,between_worn_shoes__name_2__obj_bag__physical_placement_person_subject__person_first,make_shoes_wearing_explicit,between_worn_shoes,person_subject,person_first
shared_control__name_2__obj_bag__direct_label__object_first,between_worn_shoes__name_2__obj_bag__physical_placement_person_subject__object_first,evidence_from_direct_label,between_worn_shoes,person_subject,object_first
shared_control__name_2__obj_bag__proximity_paraphrase__object_first,between_worn_shoes__name_2__obj_bag__physical_placement_person_subject__object_first,evidence_from_proximity_paraphrase,between_worn_shoes,person_subject,object_first
between_worn_shoes__name_2__obj_bag__physical_placement__object_first,between_worn_shoes__name_2__obj_bag__physical_placement_person_subject__object_first,context_order,between_worn_shoes,person_subject,object_first
between_worn_shoes__name_2__obj_bag__physical_placement_person_subject__person_first,between_worn_shoes__name_2__obj_bag__physical_placement_person_subject__object_first,target_order,between_worn_shoes,person_subject,object_first
between_feet__name_2__obj_bag__physical_placement_person_subject__object_first,between_worn_shoes__name_2__obj_bag__physical_placement_person_subject__object_first,feet_vs_between_worn_shoes,between_worn_shoes,person_subject,object_first
between_owned_shoes__name_2__obj_bag__physical_placement_person_subject__object_first,between_worn_shoes__name_2__obj_bag__physical_placement_person_subject__object_first,make_shoes_wearing_explicit,between_worn_shoes,person_subject,object_first
shared_control__name_2__obj_book__direct_label__person_first,between_worn_shoes__name_2__obj_book__physical_placement__person_first,evidence_from_direct_label,between_worn_shoes,object_subject,person_first
shared_control__name_2__obj_book__proximity_paraphrase__person_first,between_worn_shoes__name_2__obj_book__physical_placement__person_first,evidence_from_proximity_paraphrase,between_worn_shoes,object_subject,person_first
between_feet__name_2__obj_book__physical_placement__person_first,between_worn_shoes__name_2__obj_book__physical_placement__person_first,feet_vs_between_worn_shoes,between_worn_shoes,object_subject,person_first
between_owned_shoes__name_2__obj_book__physical_placement__person_first,between_worn_shoes__name_2__obj_book__physical_placement__person_first,make_shoes_wearing_explicit,between_worn_shoes,object_subject,person_first
shared_control__name_2__obj_book__direct_label__object_first,between_worn_shoes__name_2__obj_book__physical_placement__object_first,evidence_from_direct_label,between_worn_shoes,object_subject,object_first
shared_control__name_2__obj_book__proximity_paraphrase__object_first,between_worn_shoes__name_2__obj_book__physical_placement__object_first,evidence_from_proximity_paraphrase,between_worn_shoes,object_subject,object_first
between_worn_shoes__name_2__obj_book__physical_placement__person_first,between_worn_shoes__name_2__obj_book__physical_placement__object_first,target_order,between_worn_shoes,object_subject,object_first
between_feet__name_2__obj_book__physical_placement__object_first,between_worn_shoes__name_2__obj_book__physical_placement__object_first,feet_vs_between_worn_shoes,between_worn_shoes,object_subject,object_first
between_owned_shoes__name_2__obj_book__physical_placement__object_first,between_worn_shoes__name_2__obj_book__physical_placement__object_first,make_shoes_wearing_explicit,between_worn_shoes,object_subject,object_first
shared_control__name_2__obj_book__direct_label__person_first,between_worn_shoes__name_2__obj_book__physical_placement_fronted__person_first,evidence_from_direct_label,between_worn_shoes,fronted_location,person_first
shared_control__name_2__obj_book__proximity_paraphrase__person_first,between_worn_shoes__name_2__obj_book__physical_placement_fronted__person_first,evidence_from_proximity_paraphrase,between_worn_shoes,fronted_location,person_first
between_worn_shoes__name_2__obj_book__physical_placement__person_first,between_worn_shoes__name_2__obj_book__physical_placement_fronted__person_first,context_order,between_worn_shoes,fronted_location,person_first
between_feet__name_2__obj_book__physical_placement_fronted__person_first,between_worn_shoes__name_2__obj_book__physical_placement_fronted__person_first,feet_vs_between_worn_shoes,between_worn_shoes,fronted_location,person_first
between_owned_shoes__name_2__obj_book__physical_placement_fronted__person_first,between_worn_shoes__name_2__obj_book__physical_placement_fronted__person_first,make_shoes_wearing_explicit,between_worn_shoes,fronted_location,person_first
shared_control__name_2__obj_book__direct_label__object_first,between_worn_shoes__name_2__obj_book__physical_placement_fronted__object_first,evidence_from_direct_label,between_worn_shoes,fronted_location,object_first
shared_control__name_2__obj_book__proximity_paraphrase__object_first,between_worn_shoes__name_2__obj_book__physical_placement_fronted__object_first,evidence_from_proximity_paraphrase,between_worn_shoes,fronted_location,object_first
between_worn_shoes__name_2__obj_book__physical_placement__object_first,between_worn_shoes__name_2__obj_book__physical_placement_fronted__object_first,context_order,between_worn_shoes,fronted_location,object_first
between_worn_shoes__name_2__obj_book__physical_placement_fronted__person_first,between_worn_shoes__name_2__obj_book__physical_placement_fronted__object_first,target_order,between_worn_shoes,fronted_location,object_first
between_feet__name_2__obj_book__physical_placement_fronted__object_first,between_worn_shoes__name_2__obj_book__physical_placement_fronted__object_first,feet_vs_between_worn_shoes,between_worn_shoes,fronted_location,object_first
between_owned_shoes__name_2__obj_book__physical_placement_fronted__object_first,between_worn_shoes__name_2__obj_book__physical_placement_fronted__object_first,make_shoes_wearing_explicit,between_worn_shoes,fronted_location,object_first
shared_control__name_2__obj_book__direct_label__person_first,between_worn_shoes__name_2__obj_book__physical_placement_person_subject__person_first,evidence_from_direct_label,between_worn_shoes,person_subject,person_first
shared_control__name_2__obj_book__proximity_paraphrase__person_first,between_worn_shoes__name_2__obj_book__physical_placement_person_subject__person_first,evidence_from_proximity_paraphrase,between_worn_shoes,person_subject,person_first
between_worn_shoes__name_2__obj_book__physical_placement__person_first,between_worn_shoes__name_2__obj_book__physical_placement_person_subject__person_first,context_order,between_worn_shoes,person_subject,person_first
between_feet__name_2__obj_book__physical_placement_person_subject__person_first,between_worn_shoes__name_2__obj_book__physical_placement_person_subject__person_first,feet_vs_between_worn_shoes,between_worn_shoes,person_subject,person_first
between_owned_shoes__name_2__obj_book__physical_placement_person_subject__person_first,between_worn_shoes__name_2__obj_book__physical_placement_person_subject__person_first,make_shoes_wearing_explicit,between_worn_shoes,person_subject,person_first
shared_control__name_2__obj_book__direct_label__object_first,between_worn_shoes__name_2__obj_book__physical_placement_person_subject__object_first,evidence_from_direct_label,between_worn_shoes,person_subject,object_first
shared_control__name_2__obj_book__proximity_paraphrase__object_first,between_worn_shoes__name_2__obj_book__physical_placement_person_subject__object_first,evidence_from_proximity_paraphrase,between_worn_shoes,person_subject,object_first
between_worn_shoes__name_2__obj_book__physical_placement__object_first,between_worn_shoes__name_2__obj_book__physical_placement_person_subject__object_first,context_order,between_worn_shoes,person_subject,object_first
between_worn_shoes__name_2__obj_book__physical_placement_person_subject__person_first,between_worn_shoes__name_2__obj_book__physical_placement_person_subject__object_first,target_order,between_worn_shoes,person_subject,object_first
between_feet__name_2__obj_book__physical_placement_person_subject__object_first,between_worn_shoes__name_2__obj_book__physical_placement_person_subject__object_first,feet_vs_between_worn_shoes,between_worn_shoes,person_subject,object_first
between_owned_shoes__name_2__obj_book__physical_placement_person_subject__object_first,between_worn_shoes__name_2__obj_book__physical_placement_person_subject__object_first,make_shoes_wearing_explicit,between_worn_shoes,person_subject,object_first
shared_control__name_2__obj_cone__direct_label__person_first,between_worn_shoes__name_2__obj_cone__physical_placement__person_first,evidence_from_direct_label,between_worn_shoes,object_subject,person_first
shared_control__name_2__obj_cone__proximity_paraphrase__person_first,between_worn_shoes__name_2__obj_cone__physical_placement__person_first,evidence_from_proximity_paraphrase,between_worn_shoes,object_subject,person_first
between_feet__name_2__obj_cone__physical_placement__person_first,between_worn_shoes__name_2__obj_cone__physical_placement__person_first,feet_vs_between_worn_shoes,between_worn_shoes,object_subject,person_first
between_owned_shoes__name_2__obj_cone__physical_placement__person_first,between_worn_shoes__name_2__obj_cone__physical_placement__person_first,make_shoes_wearing_explicit,between_worn_shoes,object_subject,person_first
shared_control__name_2__obj_cone__direct_label__object_first,between_worn_shoes__name_2__obj_cone__physical_placement__object_first,evidence_from_direct_label,between_worn_shoes,object_subject,object_first
shared_control__name_2__obj_cone__proximity_paraphrase__object_first,between_worn_shoes__name_2__obj_cone__physical_placement__object_first,evidence_from_proximity_paraphrase,between_worn_shoes,object_subject,object_first
between_worn_shoes__name_2__obj_cone__physical_placement__person_first,between_worn_shoes__name_2__obj_cone__physical_placement__object_first,target_order,between_worn_shoes,object_subject,object_first
between_feet__name_2__obj_cone__physical_placement__object_first,between_worn_shoes__name_2__obj_cone__physical_placement__object_first,feet_vs_between_worn_shoes,between_worn_shoes,object_subject,object_first
between_owned_shoes__name_2__obj_cone__physical_placement__object_first,between_worn_shoes__name_2__obj_cone__physical_placement__object_first,make_shoes_wearing_explicit,between_worn_shoes,object_subject,object_first
shared_control__name_2__obj_cone__direct_label__person_first,between_worn_shoes__name_2__obj_cone__physical_placement_fronted__person_first,evidence_from_direct_label,between_worn_shoes,fronted_location,person_first
shared_control__name_2__obj_cone__proximity_paraphrase__person_first,between_worn_shoes__name_2__obj_cone__physical_placement_fronted__person_first,evidence_from_proximity_paraphrase,between_worn_shoes,fronted_location,person_first
between_worn_shoes__name_2__obj_cone__physical_placement__person_first,between_worn_shoes__name_2__obj_cone__physical_placement_fronted__person_first,context_order,between_worn_shoes,fronted_location,person_first
between_feet__name_2__obj_cone__physical_placement_fronted__person_first,between_worn_shoes__name_2__obj_cone__physical_placement_fronted__person_first,feet_vs_between_worn_shoes,between_worn_shoes,fronted_location,person_first
between_owned_shoes__name_2__obj_cone__physical_placement_fronted__person_first,between_worn_shoes__name_2__obj_cone__physical_placement_fronted__person_first,make_shoes_wearing_explicit,between_worn_shoes,fronted_location,person_first
shared_control__name_2__obj_cone__direct_label__object_first,between_worn_shoes__name_2__obj_cone__physical_placement_fronted__object_first,evidence_from_direct_label,between_worn_shoes,fronted_location,object_first
shared_control__name_2__obj_cone__proximity_paraphrase__object_first,between_worn_shoes__name_2__obj_cone__physical_placement_fronted__object_first,evidence_from_proximity_paraphrase,between_worn_shoes,fronted_location,object_first
between_worn_shoes__name_2__obj_cone__physical_placement__object_first,between_worn_shoes__name_2__obj_cone__physical_placement_fronted__object_first,context_order,between_worn_shoes,fronted_location,object_first
between_worn_shoes__name_2__obj_cone__physical_placement_fronted__person_first,between_worn_shoes__name_2__obj_cone__physical_placement_fronted__object_first,target_order,between_worn_shoes,fronted_location,object_first
between_feet__name_2__obj_cone__physical_placement_fronted__object_first,between_worn_shoes__name_2__obj_cone__physical_placement_fronted__object_first,feet_vs_between_worn_shoes,between_worn_shoes,fronted_location,object_first
between_owned_shoes__name_2__obj_cone__physical_placement_fronted__object_first,between_worn_shoes__name_2__obj_cone__physical_placement_fronted__object_first,make_shoes_wearing_explicit,between_worn_shoes,fronted_location,object_first
shared_control__name_2__obj_cone__direct_label__person_first,between_worn_shoes__name_2__obj_cone__physical_placement_person_subject__person_first,evidence_from_direct_label,between_worn_shoes,person_subject,person_first
shared_control__name_2__obj_cone__proximity_paraphrase__person_first,between_worn_shoes__name_2__obj_cone__physical_placement_person_subject__person_first,evidence_from_proximity_paraphrase,between_worn_shoes,person_subject,person_first
between_worn_shoes__name_2__obj_cone__physical_placement__person_first,between_worn_shoes__name_2__obj_cone__physical_placement_person_subject__person_first,context_order,between_worn_shoes,person_subject,person_first
between_feet__name_2__obj_cone__physical_placement_person_subject__person_first,between_worn_shoes__name_2__obj_cone__physical_placement_person_subject__person_first,feet_vs_between_worn_shoes,between_worn_shoes,person_subject,person_first
between_owned_shoes__name_2__obj_cone__physical_placement_person_subject__person_first,between_worn_shoes__name_2__obj_cone__physical_placement_person_subject__person_first,make_shoes_wearing_explicit,between_worn_shoes,person_subject,person_first
shared_control__name_2__obj_cone__direct_label__object_first,between_worn_shoes__name_2__obj_cone__physical_placement_person_subject__object_first,evidence_from_direct_label,between_worn_shoes,person_subject,object_first
shared_control__name_2__obj_cone__proximity_paraphrase__object_first,between_worn_shoes__name_2__obj_cone__physical_placement_person_subject__object_first,evidence_from_proximity_paraphrase,between_worn_shoes,person_subject,object_first
between_worn_shoes__name_2__obj_cone__physical_placement__object_first,between_worn_shoes__name_2__obj_cone__physical_placement_person_subject__object_first,context_order,between_worn_shoes,person_subject,object_first
between_worn_shoes__name_2__obj_cone__physical_placement_person_subject__person_first,between_worn_shoes__name_2__obj_cone__physical_placement_person_subject__object_first,target_order,between_worn_shoes,person_subject,object_first
between_feet__name_2__obj_cone__physical_placement_person_subject__object_first,between_worn_shoes__name_2__obj_cone__physical_placement_person_subject__object_first,feet_vs_between_worn_shoes,between_worn_shoes,person_subject,object_first
between_owned_shoes__name_2__obj_cone__physical_placement_person_subject__object_first,between_worn_shoes__name_2__obj_cone__physical_placement_person_subject__object_first,make_shoes_wearing_explicit,between_worn_shoes,person_subject,object_first
shared_control__name_3__obj_ball__direct_label__person_first,between_worn_shoes__name_3__obj_ball__physical_placement__person_first,evidence_from_direct_label,between_worn_shoes,object_subject,person_first
shared_control__name_3__obj_ball__proximity_paraphrase__person_first,between_worn_shoes__name_3__obj_ball__physical_placement__person_first,evidence_from_proximity_paraphrase,between_worn_shoes,object_subject,person_first
between_feet__name_3__obj_ball__physical_placement__person_first,between_worn_shoes__name_3__obj_ball__physical_placement__person_first,feet_vs_between_worn_shoes,between_worn_shoes,object_subject,person_first
between_owned_shoes__name_3__obj_ball__physical_placement__person_first,between_worn_shoes__name_3__obj_ball__physical_placement__person_first,make_shoes_wearing_explicit,between_worn_shoes,object_subject,person_first
shared_control__name_3__obj_ball__direct_label__object_first,between_worn_shoes__name_3__obj_ball__physical_placement__object_first,evidence_from_direct_label,between_worn_shoes,object_subject,object_first
shared_control__name_3__obj_ball__proximity_paraphrase__object_first,between_worn_shoes__name_3__obj_ball__physical_placement__object_first,evidence_from_proximity_paraphrase,between_worn_shoes,object_subject,object_first
between_worn_shoes__name_3__obj_ball__physical_placement__person_first,between_worn_shoes__name_3__obj_ball__physical_placement__object_first,target_order,between_worn_shoes,object_subject,object_first
between_feet__name_3__obj_ball__physical_placement__object_first,between_worn_shoes__name_3__obj_ball__physical_placement__object_first,feet_vs_between_worn_shoes,between_worn_shoes,object_subject,object_first
between_owned_shoes__name_3__obj_ball__physical_placement__object_first,between_worn_shoes__name_3__obj_ball__physical_placement__object_first,make_shoes_wearing_explicit,between_worn_shoes,object_subject,object_first
shared_control__name_3__obj_ball__direct_label__person_first,between_worn_shoes__name_3__obj_ball__physical_placement_fronted__person_first,evidence_from_direct_label,between_worn_shoes,fronted_location,person_first
shared_control__name_3__obj_ball__proximity_paraphrase__person_first,between_worn_shoes__name_3__obj_ball__physical_placement_fronted__person_first,evidence_from_proximity_paraphrase,between_worn_shoes,fronted_location,person_first
between_worn_shoes__name_3__obj_ball__physical_placement__person_first,between_worn_shoes__name_3__obj_ball__physical_placement_fronted__person_first,context_order,between_worn_shoes,fronted_location,person_first
between_feet__name_3__obj_ball__physical_placement_fronted__person_first,between_worn_shoes__name_3__obj_ball__physical_placement_fronted__person_first,feet_vs_between_worn_shoes,between_worn_shoes,fronted_location,person_first
between_owned_shoes__name_3__obj_ball__physical_placement_fronted__person_first,between_worn_shoes__name_3__obj_ball__physical_placement_fronted__person_first,make_shoes_wearing_explicit,between_worn_shoes,fronted_location,person_first
shared_control__name_3__obj_ball__direct_label__object_first,between_worn_shoes__name_3__obj_ball__physical_placement_fronted__object_first,evidence_from_direct_label,between_worn_shoes,fronted_location,object_first
shared_control__name_3__obj_ball__proximity_paraphrase__object_first,between_worn_shoes__name_3__obj_ball__physical_placement_fronted__object_first,evidence_from_proximity_paraphrase,between_worn_shoes,fronted_location,object_first
between_worn_shoes__name_3__obj_ball__physical_placement__object_first,between_worn_shoes__name_3__obj_ball__physical_placement_fronted__object_first,context_order,between_worn_shoes,fronted_location,object_first
between_worn_shoes__name_3__obj_ball__physical_placement_fronted__person_first,between_worn_shoes__name_3__obj_ball__physical_placement_fronted__object_first,target_order,between_worn_shoes,fronted_location,object_first
between_feet__name_3__obj_ball__physical_placement_fronted__object_first,between_worn_shoes__name_3__obj_ball__physical_placement_fronted__object_first,feet_vs_between_worn_shoes,between_worn_shoes,fronted_location,object_first
between_owned_shoes__name_3__obj_ball__physical_placement_fronted__object_first,between_worn_shoes__name_3__obj_ball__physical_placement_fronted__object_first,make_shoes_wearing_explicit,between_worn_shoes,fronted_location,object_first
shared_control__name_3__obj_ball__direct_label__person_first,between_worn_shoes__name_3__obj_ball__physical_placement_person_subject__person_first,evidence_from_direct_label,between_worn_shoes,person_subject,person_first
shared_control__name_3__obj_ball__proximity_paraphrase__person_first,between_worn_shoes__name_3__obj_ball__physical_placement_person_subject__person_first,evidence_from_proximity_paraphrase,between_worn_shoes,person_subject,person_first
between_worn_shoes__name_3__obj_ball__physical_placement__person_first,between_worn_shoes__name_3__obj_ball__physical_placement_person_subject__person_first,context_order,between_worn_shoes,person_subject,person_first
between_feet__name_3__obj_ball__physical_placement_person_subject__person_first,between_worn_shoes__name_3__obj_ball__physical_placement_person_subject__person_first,feet_vs_between_worn_shoes,between_worn_shoes,person_subject,person_first
between_owned_shoes__name_3__obj_ball__physical_placement_person_subject__person_first,between_worn_shoes__name_3__obj_ball__physical_placement_person_subject__person_first,make_shoes_wearing_explicit,between_worn_shoes,person_subject,person_first
shared_control__name_3__obj_ball__direct_label__object_first,between_worn_shoes__name_3__obj_ball__physical_placement_person_subject__object_first,evidence_from_direct_label,between_worn_shoes,person_subject,object_first
shared_control__name_3__obj_ball__proximity_paraphrase__object_first,between_worn_shoes__name_3__obj_ball__physical_placement_person_subject__object_first,evidence_from_proximity_paraphrase,between_worn_shoes,person_subject,object_first
between_worn_shoes__name_3__obj_ball__physical_placement__object_first,between_worn_shoes__name_3__obj_ball__physical_placement_person_subject__object_first,context_order,between_worn_shoes,person_subject,object_first
between_worn_shoes__name_3__obj_ball__physical_placement_person_subject__person_first,between_worn_shoes__name_3__obj_ball__physical_placement_person_subject__object_first,target_order,between_worn_shoes,person_subject,object_first
between_feet__name_3__obj_ball__physical_placement_person_subject__object_first,between_worn_shoes__name_3__obj_ball__physical_placement_person_subject__object_first,feet_vs_between_worn_shoes,between_worn_shoes,person_subject,object_first
between_owned_shoes__name_3__obj_ball__physical_placement_person_subject__object_first,between_worn_shoes__name_3__obj_ball__physical_placement_person_subject__object_first,make_shoes_wearing_explicit,between_worn_shoes,person_subject,object_first
shared_control__name_3__obj_bag__direct_label__person_first,between_worn_shoes__name_3__obj_bag__physical_placement__person_first,evidence_from_direct_label,between_worn_shoes,object_subject,person_first
shared_control__name_3__obj_bag__proximity_paraphrase__person_first,between_worn_shoes__name_3__obj_bag__physical_placement__person_first,evidence_from_proximity_paraphrase,between_worn_shoes,object_subject,person_first
between_feet__name_3__obj_bag__physical_placement__person_first,between_worn_shoes__name_3__obj_bag__physical_placement__person_first,feet_vs_between_worn_shoes,between_worn_shoes,object_subject,person_first
between_owned_shoes__name_3__obj_bag__physical_placement__person_first,between_worn_shoes__name_3__obj_bag__physical_placement__person_first,make_shoes_wearing_explicit,between_worn_shoes,object_subject,person_first
shared_control__name_3__obj_bag__direct_label__object_first,between_worn_shoes__name_3__obj_bag__physical_placement__object_first,evidence_from_direct_label,between_worn_shoes,object_subject,object_first
shared_control__name_3__obj_bag__proximity_paraphrase__object_first,between_worn_shoes__name_3__obj_bag__physical_placement__object_first,evidence_from_proximity_paraphrase,between_worn_shoes,object_subject,object_first
between_worn_shoes__name_3__obj_bag__physical_placement__person_first,between_worn_shoes__name_3__obj_bag__physical_placement__object_first,target_order,between_worn_shoes,object_subject,object_first
between_feet__name_3__obj_bag__physical_placement__object_first,between_worn_shoes__name_3__obj_bag__physical_placement__object_first,feet_vs_between_worn_shoes,between_worn_shoes,object_subject,object_first
between_owned_shoes__name_3__obj_bag__physical_placement__object_first,between_worn_shoes__name_3__obj_bag__physical_placement__object_first,make_shoes_wearing_explicit,between_worn_shoes,object_subject,object_first
shared_control__name_3__obj_bag__direct_label__person_first,between_worn_shoes__name_3__obj_bag__physical_placement_fronted__person_first,evidence_from_direct_label,between_worn_shoes,fronted_location,person_first
shared_control__name_3__obj_bag__proximity_paraphrase__person_first,between_worn_shoes__name_3__obj_bag__physical_placement_fronted__person_first,evidence_from_proximity_paraphrase,between_worn_shoes,fronted_location,person_first
between_worn_shoes__name_3__obj_bag__physical_placement__person_first,between_worn_shoes__name_3__obj_bag__physical_placement_fronted__person_first,context_order,between_worn_shoes,fronted_location,person_first
between_feet__name_3__obj_bag__physical_placement_fronted__person_first,between_worn_shoes__name_3__obj_bag__physical_placement_fronted__person_first,feet_vs_between_worn_shoes,between_worn_shoes,fronted_location,person_first
between_owned_shoes__name_3__obj_bag__physical_placement_fronted__person_first,between_worn_shoes__name_3__obj_bag__physical_placement_fronted__person_first,make_shoes_wearing_explicit,between_worn_shoes,fronted_location,person_first
shared_control__name_3__obj_bag__direct_label__object_first,between_worn_shoes__name_3__obj_bag__physical_placement_fronted__object_first,evidence_from_direct_label,between_worn_shoes,fronted_location,object_first
shared_control__name_3__obj_bag__proximity_paraphrase__object_first,between_worn_shoes__name_3__obj_bag__physical_placement_fronted__object_first,evidence_from_proximity_paraphrase,between_worn_shoes,fronted_location,object_first
between_worn_shoes__name_3__obj_bag__physical_placement__object_first,between_worn_shoes__name_3__obj_bag__physical_placement_fronted__object_first,context_order,between_worn_shoes,fronted_location,object_first
between_worn_shoes__name_3__obj_bag__physical_placement_fronted__person_first,between_worn_shoes__name_3__obj_bag__physical_placement_fronted__object_first,target_order,between_worn_shoes,fronted_location,object_first
between_feet__name_3__obj_bag__physical_placement_fronted__object_first,between_worn_shoes__name_3__obj_bag__physical_placement_fronted__object_first,feet_vs_between_worn_shoes,between_worn_shoes,fronted_location,object_first
between_owned_shoes__name_3__obj_bag__physical_placement_fronted__object_first,between_worn_shoes__name_3__obj_bag__physical_placement_fronted__object_first,make_shoes_wearing_explicit,between_worn_shoes,fronted_location,object_first
shared_control__name_3__obj_bag__direct_label__person_first,between_worn_shoes__name_3__obj_bag__physical_placement_person_subject__person_first,evidence_from_direct_label,between_worn_shoes,person_subject,person_first
shared_control__name_3__obj_bag__proximity_paraphrase__person_first,between_worn_shoes__name_3__obj_bag__physical_placement_person_subject__person_first,evidence_from_proximity_paraphrase,between_worn_shoes,person_subject,person_first
between_worn_shoes__name_3__obj_bag__physical_placement__person_first,between_worn_shoes__name_3__obj_bag__physical_placement_person_subject__person_first,context_order,between_worn_shoes,person_subject,person_first
between_feet__name_3__obj_bag__physical_placement_person_subject__person_first,between_worn_shoes__name_3__obj_bag__physical_placement_person_subject__person_first,feet_vs_between_worn_shoes,between_worn_shoes,person_subject,person_first
between_owned_shoes__name_3__obj_bag__physical_placement_person_subject__person_first,between_worn_shoes__name_3__obj_bag__physical_placement_person_subject__person_first,make_shoes_wearing_explicit,between_worn_shoes,person_subject,person_first
shared_control__name_3__obj_bag__direct_label__object_first,between_worn_shoes__name_3__obj_bag__physical_placement_person_subject__object_first,evidence_from_direct_label,between_worn_shoes,person_subject,object_first
shared_control__name_3__obj_bag__proximity_paraphrase__object_first,between_worn_shoes__name_3__obj_bag__physical_placement_person_subject__object_first,evidence_from_proximity_paraphrase,between_worn_shoes,person_subject,object_first
between_worn_shoes__name_3__obj_bag__physical_placement__object_first,between_worn_shoes__name_3__obj_bag__physical_placement_person_subject__object_first,context_order,between_worn_shoes,person_subject,object_first
between_worn_shoes__name_3__obj_bag__physical_placement_person_subject__person_first,between_worn_shoes__name_3__obj_bag__physical_placement_person_subject__object_first,target_order,between_worn_shoes,person_subject,object_first
between_feet__name_3__obj_bag__physical_placement_person_subject__object_first,between_worn_shoes__name_3__obj_bag__physical_placement_person_subject__object_first,feet_vs_between_worn_shoes,between_worn_shoes,person_subject,object_first
between_owned_shoes__name_3__obj_bag__physical_placement_person_subject__object_first,between_worn_shoes__name_3__obj_bag__physical_placement_person_subject__object_first,make_shoes_wearing_explicit,between_worn_shoes,person_subject,object_first
shared_control__name_3__obj_book__direct_label__person_first,between_worn_shoes__name_3__obj_book__physical_placement__person_first,evidence_from_direct_label,between_worn_shoes,object_subject,person_first
shared_control__name_3__obj_book__proximity_paraphrase__person_first,between_worn_shoes__name_3__obj_book__physical_placement__person_first,evidence_from_proximity_paraphrase,between_worn_shoes,object_subject,person_first
between_feet__name_3__obj_book__physical_placement__person_first,between_worn_shoes__name_3__obj_book__physical_placement__person_first,feet_vs_between_worn_shoes,between_worn_shoes,object_subject,person_first
between_owned_shoes__name_3__obj_book__physical_placement__person_first,between_worn_shoes__name_3__obj_book__physical_placement__person_first,make_shoes_wearing_explicit,between_worn_shoes,object_subject,person_first
shared_control__name_3__obj_book__direct_label__object_first,between_worn_shoes__name_3__obj_book__physical_placement__object_first,evidence_from_direct_label,between_worn_shoes,object_subject,object_first
shared_control__name_3__obj_book__proximity_paraphrase__object_first,between_worn_shoes__name_3__obj_book__physical_placement__object_first,evidence_from_proximity_paraphrase,between_worn_shoes,object_subject,object_first
between_worn_shoes__name_3__obj_book__physical_placement__person_first,between_worn_shoes__name_3__obj_book__physical_placement__object_first,target_order,between_worn_shoes,object_subject,object_first
between_feet__name_3__obj_book__physical_placement__object_first,between_worn_shoes__name_3__obj_book__physical_placement__object_first,feet_vs_between_worn_shoes,between_worn_shoes,object_subject,object_first
between_owned_shoes__name_3__obj_book__physical_placement__object_first,between_worn_shoes__name_3__obj_book__physical_placement__object_first,make_shoes_wearing_explicit,between_worn_shoes,object_subject,object_first
shared_control__name_3__obj_book__direct_label__person_first,between_worn_shoes__name_3__obj_book__physical_placement_fronted__person_first,evidence_from_direct_label,between_worn_shoes,fronted_location,person_first
shared_control__name_3__obj_book__proximity_paraphrase__person_first,between_worn_shoes__name_3__obj_book__physical_placement_fronted__person_first,evidence_from_proximity_paraphrase,between_worn_shoes,fronted_location,person_first
between_worn_shoes__name_3__obj_book__physical_placement__person_first,between_worn_shoes__name_3__obj_book__physical_placement_fronted__person_first,context_order,between_worn_shoes,fronted_location,person_first
between_feet__name_3__obj_book__physical_placement_fronted__person_first,between_worn_shoes__name_3__obj_book__physical_placement_fronted__person_first,feet_vs_between_worn_shoes,between_worn_shoes,fronted_location,person_first
between_owned_shoes__name_3__obj_book__physical_placement_fronted__person_first,between_worn_shoes__name_3__obj_book__physical_placement_fronted__person_first,make_shoes_wearing_explicit,between_worn_shoes,fronted_location,person_first
shared_control__name_3__obj_book__direct_label__object_first,between_worn_shoes__name_3__obj_book__physical_placement_fronted__object_first,evidence_from_direct_label,between_worn_shoes,fronted_location,object_first
shared_control__name_3__obj_book__proximity_paraphrase__object_first,between_worn_shoes__name_3__obj_book__physical_placement_fronted__object_first,evidence_from_proximity_paraphrase,between_worn_shoes,fronted_location,object_first
between_worn_shoes__name_3__obj_book__physical_placement__object_first,between_worn_shoes__name_3__obj_book__physical_placement_fronted__object_first,context_order,between_worn_shoes,fronted_location,object_first
between_worn_shoes__name_3__obj_book__physical_placement_fronted__person_first,between_worn_shoes__name_3__obj_book__physical_placement_fronted__object_first,target_order,between_worn_shoes,fronted_location,object_first
between_feet__name_3__obj_book__physical_placement_fronted__object_first,between_worn_shoes__name_3__obj_book__physical_placement_fronted__object_first,feet_vs_between_worn_shoes,between_worn_shoes,fronted_location,object_first
between_owned_shoes__name_3__obj_book__physical_placement_fronted__object_first,between_worn_shoes__name_3__obj_book__physical_placement_fronted__object_first,make_shoes_wearing_explicit,between_worn_shoes,fronted_location,object_first
shared_control__name_3__obj_book__direct_label__person_first,between_worn_shoes__name_3__obj_book__physical_placement_person_subject__person_first,evidence_from_direct_label,between_worn_shoes,person_subject,person_first
shared_control__name_3__obj_book__proximity_paraphrase__person_first,between_worn_shoes__name_3__obj_book__physical_placement_person_subject__person_first,evidence_from_proximity_paraphrase,between_worn_shoes,person_subject,person_first
between_worn_shoes__name_3__obj_book__physical_placement__person_first,between_worn_shoes__name_3__obj_book__physical_placement_person_subject__person_first,context_order,between_worn_shoes,person_subject,person_first
between_feet__name_3__obj_book__physical_placement_person_subject__person_first,between_worn_shoes__name_3__obj_book__physical_placement_person_subject__person_first,feet_vs_between_worn_shoes,between_worn_shoes,person_subject,person_first
between_owned_shoes__name_3__obj_book__physical_placement_person_subject__person_first,between_worn_shoes__name_3__obj_book__physical_placement_person_subject__person_first,make_shoes_wearing_explicit,between_worn_shoes,person_subject,person_first
shared_control__name_3__obj_book__direct_label__object_first,between_worn_shoes__name_3__obj_book__physical_placement_person_subject__object_first,evidence_from_direct_label,between_worn_shoes,person_subject,object_first
shared_control__name_3__obj_book__proximity_paraphrase__object_first,between_worn_shoes__name_3__obj_book__physical_placement_person_subject__object_first,evidence_from_proximity_paraphrase,between_worn_shoes,person_subject,object_first
between_worn_shoes__name_3__obj_book__physical_placement__object_first,between_worn_shoes__name_3__obj_book__physical_placement_person_subject__object_first,context_order,between_worn_shoes,person_subject,object_first
between_worn_shoes__name_3__obj_book__physical_placement_person_subject__person_first,between_worn_shoes__name_3__obj_book__physical_placement_person_subject__object_first,target_order,between_worn_shoes,person_subject,object_first
between_feet__name_3__obj_book__physical_placement_person_subject__object_first,between_worn_shoes__name_3__obj_book__physical_placement_person_subject__object_first,feet_vs_between_worn_shoes,between_worn_shoes,person_subject,object_first
between_owned_shoes__name_3__obj_book__physical_placement_person_subject__object_first,between_worn_shoes__name_3__obj_book__physical_placement_person_subject__object_first,make_shoes_wearing_explicit,between_worn_shoes,person_subject,object_first
shared_control__name_3__obj_cone__direct_label__person_first,between_worn_shoes__name_3__obj_cone__physical_placement__person_first,evidence_from_direct_label,between_worn_shoes,object_subject,person_first
shared_control__name_3__obj_cone__proximity_paraphrase__person_first,between_worn_shoes__name_3__obj_cone__physical_placement__person_first,evidence_from_proximity_paraphrase,between_worn_shoes,object_subject,person_first
between_feet__name_3__obj_cone__physical_placement__person_first,between_worn_shoes__name_3__obj_cone__physical_placement__person_first,feet_vs_between_worn_shoes,between_worn_shoes,object_subject,person_first
between_owned_shoes__name_3__obj_cone__physical_placement__person_first,between_worn_shoes__name_3__obj_cone__physical_placement__person_first,make_shoes_wearing_explicit,between_worn_shoes,object_subject,person_first
shared_control__name_3__obj_cone__direct_label__object_first,between_worn_shoes__name_3__obj_cone__physical_placement__object_first,evidence_from_direct_label,between_worn_shoes,object_subject,object_first
shared_control__name_3__obj_cone__proximity_paraphrase__object_first,between_worn_shoes__name_3__obj_cone__physical_placement__object_first,evidence_from_proximity_paraphrase,between_worn_shoes,object_subject,object_first
between_worn_shoes__name_3__obj_cone__physical_placement__person_first,between_worn_shoes__name_3__obj_cone__physical_placement__object_first,target_order,between_worn_shoes,object_subject,object_first
between_feet__name_3__obj_cone__physical_placement__object_first,between_worn_shoes__name_3__obj_cone__physical_placement__object_first,feet_vs_between_worn_shoes,between_worn_shoes,object_subject,object_first
between_owned_shoes__name_3__obj_cone__physical_placement__object_first,between_worn_shoes__name_3__obj_cone__physical_placement__object_first,make_shoes_wearing_explicit,between_worn_shoes,object_subject,object_first
shared_control__name_3__obj_cone__direct_label__person_first,between_worn_shoes__name_3__obj_cone__physical_placement_fronted__person_first,evidence_from_direct_label,between_worn_shoes,fronted_location,person_first
shared_control__name_3__obj_cone__proximity_paraphrase__person_first,between_worn_shoes__name_3__obj_cone__physical_placement_fronted__person_first,evidence_from_proximity_paraphrase,between_worn_shoes,fronted_location,person_first
between_worn_shoes__name_3__obj_cone__physical_placement__person_first,between_worn_shoes__name_3__obj_cone__physical_placement_fronted__person_first,context_order,between_worn_shoes,fronted_location,person_first
between_feet__name_3__obj_cone__physical_placement_fronted__person_first,between_worn_shoes__name_3__obj_cone__physical_placement_fronted__person_first,feet_vs_between_worn_shoes,between_worn_shoes,fronted_location,person_first
between_owned_shoes__name_3__obj_cone__physical_placement_fronted__person_first,between_worn_shoes__name_3__obj_cone__physical_placement_fronted__person_first,make_shoes_wearing_explicit,between_worn_shoes,fronted_location,person_first
shared_control__name_3__obj_cone__direct_label__object_first,between_worn_shoes__name_3__obj_cone__physical_placement_fronted__object_first,evidence_from_direct_label,between_worn_shoes,fronted_location,object_first
shared_control__name_3__obj_cone__proximity_paraphrase__object_first,between_worn_shoes__name_3__obj_cone__physical_placement_fronted__object_first,evidence_from_proximity_paraphrase,between_worn_shoes,fronted_location,object_first
between_worn_shoes__name_3__obj_cone__physical_placement__object_first,between_worn_shoes__name_3__obj_cone__physical_placement_fronted__object_first,context_order,between_worn_shoes,fronted_location,object_first
between_worn_shoes__name_3__obj_cone__physical_placement_fronted__person_first,between_worn_shoes__name_3__obj_cone__physical_placement_fronted__object_first,target_order,between_worn_shoes,fronted_location,object_first
between_feet__name_3__obj_cone__physical_placement_fronted__object_first,between_worn_shoes__name_3__obj_cone__physical_placement_fronted__object_first,feet_vs_between_worn_shoes,between_worn_shoes,fronted_location,object_first
between_owned_shoes__name_3__obj_cone__physical_placement_fronted__object_first,between_worn_shoes__name_3__obj_cone__physical_placement_fronted__object_first,make_shoes_wearing_explicit,between_worn_shoes,fronted_location,object_first
shared_control__name_3__obj_cone__direct_label__person_first,between_worn_shoes__name_3__obj_cone__physical_placement_person_subject__person_first,evidence_from_direct_label,between_worn_shoes,person_subject,person_first
shared_control__name_3__obj_cone__proximity_paraphrase__person_first,between_worn_shoes__name_3__obj_cone__physical_placement_person_subject__person_first,evidence_from_proximity_paraphrase,between_worn_shoes,person_subject,person_first
between_worn_shoes__name_3__obj_cone__physical_placement__person_first,between_worn_shoes__name_3__obj_cone__physical_placement_person_subject__person_first,context_order,between_worn_shoes,person_subject,person_first
between_feet__name_3__obj_cone__physical_placement_person_subject__person_first,between_worn_shoes__name_3__obj_cone__physical_placement_person_subject__person_first,feet_vs_between_worn_shoes,between_worn_shoes,person_subject,person_first
between_owned_shoes__name_3__obj_cone__physical_placement_person_subject__person_first,between_worn_shoes__name_3__obj_cone__physical_placement_person_subject__person_first,make_shoes_wearing_explicit,between_worn_shoes,person_subject,person_first
shared_control__name_3__obj_cone__direct_label__object_first,between_worn_shoes__name_3__obj_cone__physical_placement_person_subject__object_first,evidence_from_direct_label,between_worn_shoes,person_subject,object_first
shared_control__name_3__obj_cone__proximity_paraphrase__object_first,between_worn_shoes__name_3__obj_cone__physical_placement_person_subject__object_first,evidence_from_proximity_paraphrase,between_worn_shoes,person_subject,object_first
between_worn_shoes__name_3__obj_cone__physical_placement__object_first,between_worn_shoes__name_3__obj_cone__physical_placement_person_subject__object_first,context_order,between_worn_shoes,person_subject,object_first
between_worn_shoes__name_3__obj_cone__physical_placement_person_subject__person_first,between_worn_shoes__name_3__obj_cone__physical_placement_person_subject__object_first,target_order,between_worn_shoes,person_subject,object_first
between_feet__name_3__obj_cone__physical_placement_person_subject__object_first,between_worn_shoes__name_3__obj_cone__physical_placement_person_subject__object_first,feet_vs_between_worn_shoes,between_worn_shoes,person_subject,object_first
between_owned_shoes__name_3__obj_cone__physical_placement_person_subject__object_first,between_worn_shoes__name_3__obj_cone__physical_placement_person_subject__object_first,make_shoes_wearing_explicit,between_worn_shoes,person_subject,object_first
